Price,Close,High,Low,Open,Volume
Ticker,MU,MU,MU,MU,MU
Date,,,,,
1984-06-01,1.3515222072601318,1.3634825121360217,1.3515222072601318,1.3515222072601318,7340000
1984-06-04,1.3515222072601318,1.3634825121360217,1.3515222072601318,1.3515222072601318,4067000
1984-06-05,1.3395617008209229,1.3515221189785656,1.3395617008209229,1.3515221189785656,2089000
1984-06-06,1.4113237857818604,1.4352445047145053,1.4113237857818604,1.4113237857818604,1894000
1984-06-07,1.5668084621429443,1.5787687632968992,1.5668084621429443,1.5668084621429443,2078000
1984-06-08,1.6624915599822998,1.6864123937594175,1.6624915599822998,1.6624915599822998,2227000
1984-06-11,1.5548484325408936,1.578769154844307,1.5548484325408936,1.578769154844307,1219000
1984-06-12,1.542887806892395,1.5548482234673382,1.542887806892395,1.5548482234673382,670000
1984-06-13,1.6146501302719116,1.6266105472324548,1.6146501302719116,1.6146501302719116,1339000
1984-06-14,1.5668084621429443,1.590729178513827,1.5668084621429443,1.590729178513827,680000
1984-06-15,1.6146501302719116,1.6266105472324548,1.6146501302719116,1.6146501302719116,704000
1984-06-18,1.6624915599822998,1.6744519768708586,1.6624915599822998,1.6624915599822998,480000
1984-06-19,1.7820955514907837,1.794055970250993,1.7820955514907837,1.7820955514907837,1581000
1984-06-20,1.9734615087509155,1.9854219271564253,1.9734615087509155,1.9734615087509155,2273000
1984-06-21,1.9495404958724976,1.973461330523173,1.9495404958724976,1.973461330523173,2039000
1984-06-22,2.1648268699645996,2.1767872847850325,2.1648268699645996,2.1648268699645996,1199000
1984-06-25,2.140906810760498,2.1528672298850635,2.140906810760498,2.1528672298850635,1579000
1984-06-26,2.2007083892822266,2.212668806836269,2.2007083892822266,2.2007083892822266,1040000
1984-06-27,2.140906810760498,2.1528672298850635,2.140906810760498,2.1528672298850635,1046000
1984-06-28,2.2485499382019043,2.2605103563241915,2.2485499382019043,2.2485499382019043,563000
1984-06-29,2.4279561042785645,2.4518769462238534,2.4279561042785645,2.4279561042785645,1019000
1984-07-02,2.3681530952453613,2.3920739257532726,2.3681530952453613,2.3920739257532726,940000
1984-07-03,2.4159951210021973,2.439915726995438,2.4159951210021973,2.4159951210021973,339000
1984-07-05,2.5355992317199707,2.5475594225232587,2.5355992317199707,2.5355992317199707,1428000
1984-07-06,2.5116779804229736,2.523638397383517,2.5116779804229736,2.523638397383517,728000
1984-07-09,2.463836669921875,2.487757276971491,2.463836669921875,2.487757276971491,963000
1984-07-10,2.4040353298187256,2.41599574999216,2.4040353298187256,2.41599574999216,1938000
1984-07-11,2.2963922023773193,2.308352395455257,2.2963922023773193,2.308352395455257,980000
1984-07-12,2.2365899085998535,2.2365899085998535,2.2365899085998535,2.2365899085998535,1021000
1984-07-13,2.260509967803955,2.2724703838705715,2.260509967803955,2.260509967803955,223000
1984-07-16,2.1648268699645996,2.188747471479527,2.1648268699645996,2.188747471479527,473000
1984-07-17,2.2365899085998535,2.248550099453849,2.2365899085998535,2.2365899085998535,350000
1984-07-18,2.2246294021606445,2.248550011054238,2.2246294021606445,2.2365898206704453,150000
1984-07-19,1.997382402420044,2.0093425930400097,1.997382402420044,2.0093425930400097,761000
1984-07-20,1.817976474761963,1.85385761265827,1.817976474761963,1.85385761265827,723000
1984-07-23,1.8777787685394287,1.8897391886318469,1.8777787685394287,1.8777787685394287,580000
1984-07-24,1.8418973684310913,1.865818205318589,1.8418973684310913,1.865818205318589,321000
1984-07-25,1.9734615087509155,1.9973823455619353,1.9734615087509155,1.9734615087509155,649000
1984-07-26,2.0571835041046143,2.0691436902832567,2.0571835041046143,2.0571835041046143,674000
1984-07-27,2.0332629680633545,2.0452233840889193,2.0332629680633545,2.0452233840889193,330000
1984-07-30,2.0213029384613037,2.0452237750855105,2.0213029384613037,2.033263356773407,156000
1984-07-31,1.997382402420044,2.0213030117859887,1.997382402420044,2.0213030117859887,242000
1984-08-01,2.2485499382019043,2.2605103563241915,2.2485499382019043,2.2485499382019043,843000
1984-08-02,2.3681530952453613,2.380113510499317,2.3681530952453613,2.3681530952453613,756000
1984-08-03,2.2365899085998535,2.248550099453849,2.2365899085998535,2.248550099453849,1030000
1984-08-06,2.1887478828430176,2.212668716979677,2.1887478828430176,2.212668716979677,1028000
1984-08-07,2.272470235824585,2.272470235824585,2.12894570862739,2.1887475569385635,628000
1984-08-08,2.2485499382019043,2.3322726369319122,2.2485499382019043,2.2724707744464783,662000
1984-08-09,2.451876401901245,2.4638368202186474,2.2365897846920255,2.248549974883423,798000
1984-08-10,2.5595195293426514,2.619321388570872,2.4757970632987356,2.4757970632987356,1352000
1984-08-13,2.5355992317199707,2.559519841452564,2.475797365199462,2.559519841452564,801000
1984-08-14,2.463836669921875,2.5595195543723204,2.439915834746268,2.5355989473227045,403000
1984-08-15,2.463836669921875,2.487757276971491,2.451876252334072,2.463836669921875,220000
1984-08-16,2.6552023887634277,2.703043825976307,2.463836411785943,2.463836411785943,1096000
1984-08-17,2.5834407806396484,2.667163260176538,2.559519941842808,2.6552030689041435,439000
1984-08-20,2.6552023887634277,2.679122993306884,2.5595192862117018,2.583440118881125,350000
1984-08-21,2.8944103717803955,2.9183309810248708,2.691083938509289,2.691083938509289,1271000
1984-08-22,2.9900929927825928,3.01401382797525,2.9422515505232694,2.9422515505232694,2068000
1984-08-23,3.1575374603271484,3.2053788920648745,2.990092335182137,2.990092335182137,2025000
1984-08-24,3.253221035003662,3.3130228905873618,3.157537929194157,3.157537929194157,1916000
1984-08-27,3.121657609939575,3.2651819587795625,3.121657609939575,3.25322176747075,956000
1984-08-28,3.145577907562256,3.1694987440507765,3.014013991253404,3.121657299199739,1345000
1984-08-29,3.07381534576416,3.1814586359001495,3.014013492563503,3.1455773871041757,1546000
1984-08-30,2.954212188720703,3.0738159173632256,2.894410324399442,3.0738159173632256,1008000
1984-08-31,2.9900929927825928,2.9900929927825928,2.918330715330612,2.954211968119598,384000
1984-09-04,3.2412610054016113,3.2651816136166105,3.002053554495603,3.002053554495603,1132000
1984-09-05,3.336944341659546,3.336944341659546,3.1575387294399357,3.2412614397261668,1808000
1984-09-06,3.5402708053588867,3.600072676300334,3.3369443529075524,3.3369443529075524,3009000
1984-09-07,3.5881118774414062,3.6598741606154364,3.5522308499173962,3.5522308499173962,2191000
1984-09-10,3.5043885707855225,3.600071674542631,3.432626528125154,3.5881112580572463,1856000
1984-09-11,3.5881118774414062,3.6239929049654167,3.5163495942673766,3.5163495942673766,1121000
1984-09-12,3.576151132583618,3.6000719675009623,3.5043888559575747,3.5881115500422904,1148000
1984-09-13,3.600071668624878,3.647913106361806,3.5641904192277045,3.576150835693429,735000
1984-09-14,3.8273191452026367,3.875160817018468,3.6120325345353876,3.6120325345353876,2282000
1984-09-17,3.8632001876831055,3.8751608338149035,3.7555568818829133,3.8273191617917077,842000
1984-09-18,3.8273191452026367,3.863200170938512,3.803398309294721,3.863200170938512,778000
1984-09-19,3.600071668624878,3.8392788573095182,3.588111252159153,3.8273186689697636,1219000
1984-09-20,3.623993158340454,3.7196762853042773,3.540270678888888,3.6000725476940176,2045000
1984-09-21,3.6598734855651855,3.7077149228150246,3.6120320483153465,3.6239922365333306,622000
1984-09-24,3.492428779602051,3.659873945062205,3.468507943910888,3.659873945062205,1535000
1984-09-25,3.4087064266204834,3.4804687128061182,3.2771422733011555,3.4804687128061182,2800000
1984-09-26,2.667163133621216,3.4326272012869774,2.6312821052545146,3.4087063636251664,9405000
1984-09-27,2.5714797973632812,2.679123092092828,2.4399156690822905,2.667162675317106,3114000
1984-09-28,2.5475597381591797,2.6312824529113215,2.5236391254628856,2.571480578981519,1056000
1984-10-01,2.6312813758850098,2.858528358177161,2.535598508012299,2.547558695401924,1713000
1984-10-02,2.3801138401031494,2.7748062293859492,2.356193234408602,2.631281682714753,2352000
1984-10-03,2.4279561042785645,2.53559966490631,2.3442336137221638,2.380114648514042,2133000
1984-10-04,2.499717950820923,2.5236387884488036,2.4399160848772357,2.4399160848772357,523000
1984-10-05,2.6312813758850098,2.7030436408525182,2.4997172614655687,2.4997172614655687,1567000
1984-10-08,2.6552023887634277,2.679122993306884,2.583440118881125,2.6312815560940046,842000
1984-10-09,2.5355992317199707,2.7389254410140897,2.439916108411547,2.6552029647609876,3885000
1984-10-10,2.5355992317199707,2.5355992317199707,2.3681538229617334,2.5355992317199707,1454000
1984-10-11,2.4399161338806152,2.583440706278424,2.3920746857900186,2.5355992581878275,1131000
1984-10-12,2.487757682800293,2.511678521878115,2.4518766523095885,2.4518766523095885,380000
1984-10-15,2.5595195293426514,2.583440364284335,2.4638366458278935,2.4877572526435885,556000
1984-10-16,2.5834407806396484,2.607361391310463,2.547559522444388,2.559519941842808,310000
1984-10-17,2.5834407806396484,2.5834407806396484,2.5355993311719933,2.5834407806396484,333000
1984-10-18,2.738924980163574,2.750885397080424,2.5595194107887638,2.583440244622463,419000
1984-10-19,2.7987265586853027,2.882449240662922,2.7867661429562207,2.7867661429562207,886000
1984-10-22,2.8585293292999268,2.882450168457662,2.774806848499913,2.7987274595316185,298000
1984-10-23,2.8824493885040283,2.906369993063127,2.8346079512598634,2.858528555818962,587000
1984-10-24,2.8704898357391357,2.9063708674354602,2.8465689958575617,2.8824502556799225,252000
1984-10-25,2.7150044441223145,2.870489183653132,2.6671627752273084,2.870489183653132,1202000
1984-10-26,2.5834407806396484,2.6791236795749582,2.559519941842808,2.6791236795749582,523000
1984-10-29,2.5834407806396484,2.607361391310463,2.559519941842808,2.5834407806396484,283000
1984-10-30,2.5595195293426514,2.619321388570872,2.5595195293426514,2.583440364284335,503000
1984-10-31,2.5714797973632812,2.6073608195644717,2.5355987751620908,2.559519380587559,560000
1984-11-01,2.475797176361084,2.5714800642453968,2.4159953144018886,2.5714800642453968,532000
1984-11-02,2.4279561042785645,2.499718401988376,2.3920750694866864,2.4757977881691424,758000
1984-11-05,2.463836669921875,2.4997176945592945,2.3801139749332423,2.427955417158465,369000
1984-11-06,2.5714797973632812,2.6073608195644717,2.511677941610647,2.511677941610647,1223000
1984-11-07,2.5355992317199707,2.571480260381869,2.5116783938613603,2.571480260381869,494000
1984-11-08,2.5475597381591797,2.5475597381591797,2.511678705051716,2.5355995458740552,334000
1984-11-09,2.5595195293426514,2.583440364284335,2.5355989225269564,2.5475591118718093,1236000
1984-11-12,2.5595195293426514,2.5595195293426514,2.5236385050561143,2.5595195293426514,81000
1984-11-13,2.3920743465423584,2.559519505175126,2.3561933225946174,2.559519505175126,1025000
1984-11-14,2.451876401901245,2.4638368202186474,2.3681537018054346,2.392074538440239,524000
1984-11-15,2.487757682800293,2.499718102339204,2.4279558132317662,2.4518766523095885,317000
1984-11-16,2.4040353298187256,2.4877578147806867,2.392074909645291,2.4877578147806867,374000
1984-11-19,2.3561928272247314,2.4040342584721195,2.332271997538068,2.4040342584721195,764000
1984-11-20,2.3801138401031494,2.392074257013412,2.3322724005880766,2.356193234408602,400000
1984-11-21,2.4399161338806152,2.4399161338806152,2.356193656753576,2.380114266735865,251000
1984-11-23,2.5116779804229736,2.53559881434406,2.451876123746236,2.451876123746236,456000
1984-11-26,2.5236384868621826,2.5236384868621826,2.4877572347083396,2.5116780694775684,181000
1984-11-27,2.6312813758850098,2.6432417914005866,2.5116776769811455,2.5236380924967223,602000
1984-11-28,2.6791234016418457,2.762846100619342,2.655202793452563,2.655202793452563,804000
1984-11-29,2.5595195293426514,2.667162830328251,2.5595195293426514,2.667162830328251,665000
1984-11-30,2.6791234016418457,2.6791234016418457,2.5714800944750666,2.5714800944750666,864000
1984-12-03,2.607360601425171,2.715004115274927,2.5834399980009692,2.6791228679496895,620000
1984-12-04,2.6312813758850098,2.655202206916163,2.607360544853856,2.607360544853856,154000
1984-12-05,2.6552023887634277,2.6552023887634277,2.619321139759293,2.6312815560940046,175000
1984-12-06,2.810687780380249,2.8226481995389863,2.6432425965359916,2.655203015694729,1383000
1984-12-07,2.7508859634399414,2.8346086709689584,2.7508859634399414,2.810687832210375,296000
1984-12-10,2.7150044441223145,2.750885467667585,2.6432421689057892,2.750885467667585,977000
1984-12-11,2.7150044441223145,2.726964633220082,2.6910836096748114,2.7150044441223145,281000
1984-12-12,2.7030444145202637,2.715004833459162,2.6671631577035684,2.715004833459162,680000
1984-12-13,2.6312813758850098,2.7030436408525182,2.607360544853856,2.7030436408525182,1027000
1984-12-14,2.607360601425171,2.6432418487504084,2.607360601425171,2.6312814329753293,996000
1984-12-17,2.6312813758850098,2.655202206916163,2.607360544853856,2.607360544853856,907000
1984-12-18,2.5475597381591797,2.667163486018785,2.5355995458740552,2.6312824529113215,2354000
1984-12-19,2.643242120742798,2.7150043946517295,2.5834402638396847,2.5834402638396847,5255000
1984-12-20,2.5475597381591797,2.6312824529113215,2.5236391254628856,2.6312824529113215,1515000
1984-12-21,2.595400810241699,2.6073609997178244,2.5475591398332322,2.5475591398332322,5658000
1984-12-24,2.667163133621216,2.667163133621216,2.583440658056908,2.5954010768878133,800000
1984-12-26,2.7150044441223145,2.7150044441223145,2.6791231924510597,2.6791231924510597,705000
1984-12-27,2.6910834312438965,2.703043847674619,2.6671625983824523,2.703043847674619,2618000
1984-12-28,2.6312813758850098,2.691083225336942,2.5954003574642313,2.691083225336942,1835000
1984-12-31,2.607360601425171,2.6432418487504084,2.5834399980009692,2.6312814329753293,807000
1985-01-02,2.595400810241699,2.6432422525241748,2.5834403926395826,2.6073609997178244,1174000
1985-01-03,2.5355992317199707,2.595401098240479,2.5236388127906655,2.595401098240479,632000
1985-01-04,2.4399161338806152,2.5355992581878275,2.404035104844173,2.5355992581878275,632000
1985-01-07,2.3442327976226807,2.404034653540984,2.320311964004969,2.404034653540984,2348000
1985-01-08,2.1648268699645996,2.320311578252414,2.1528664551441667,2.320311578252414,1680000
1985-01-09,2.0691440105438232,2.1528666955084255,1.913659284896378,2.1528666955084255,4255000
1985-01-10,2.1050260066986084,2.1528674601887037,2.0571845532085127,2.069144745486503,1155000
1985-01-11,2.0930652618408203,2.1289462893648308,2.0571842343168103,2.105025680390827,1275000
1985-01-14,2.2963922023773193,2.3203128166592553,2.069144883879539,2.0930657262875347,1505000
1985-01-15,2.3442327976226807,2.463836509459287,2.320311964004969,2.320311964004969,2465000
1985-01-16,2.284430980682373,2.3801138605338523,2.248549729643583,2.3442328376210426,882000
1985-01-17,2.2007083892822266,2.2844310840345354,2.2007083892822266,2.2844310840345354,594000
1985-01-18,2.2246294021606445,2.248550011054238,2.128946282208246,2.2007085651410425,819000
1985-01-21,2.3561928272247314,2.3561928272247314,2.22462872019996,2.22462872019996,1093000
1985-01-22,2.4279561042785645,2.4518769462238534,2.380114648514042,2.380114648514042,1703000
1985-01-23,2.3920743465423584,2.439915787848008,2.380113929184449,2.427955370490099,698000
1985-01-24,2.332272529602051,2.4159952244791874,2.332272529602051,2.392074389335437,1049000
1985-01-25,2.3561928272247314,2.3561928272247314,2.3203115826947363,2.332271997538068,267000
1985-01-28,2.3442327976226807,2.368153403114416,2.3442327976226807,2.3561932144315367,274000
1985-01-29,2.272470235824585,2.3442324994231822,2.2485494052497366,2.3442324994231822,405000
1985-01-30,2.320312023162842,2.451876155162618,2.2963914170612347,2.2963914170612347,6518000
1985-01-31,2.2963922023773193,2.344233659067251,2.2963922023773193,2.3203128166592553,751000
1985-02-01,2.260509967803955,2.2963912160038045,2.2365893637966843,2.2963912160038045,641000
1985-02-04,2.260509967803955,2.260509967803955,2.164827095522947,2.260509967803955,1337000
1985-02-05,2.2963922023773193,2.344233659067251,2.2605109387653255,2.2605109387653255,1456000
1985-02-06,2.284430980682373,2.3442328376210426,2.284430980682373,2.2963913976953028,1280000
1985-02-07,2.272470235824585,2.296391066399433,2.23658921808826,2.284430651112009,1022000
1985-02-08,2.2485499382019043,2.2844311925687655,2.2485499382019043,2.2724707744464783,1617000
1985-02-11,2.176788568496704,2.260511065361302,2.1648281466228836,2.2485506434874813,1810000
1985-02-12,2.11698579788208,2.1887478427247458,2.0452235249134376,2.1767876540016196,1732000
1985-02-13,2.0691440105438232,2.128945863196835,2.0093421578908113,2.1169856751670038,2045000
1985-02-14,1.6026897430419922,2.069144188148291,1.578769022740155,2.069144188148291,6033000
1985-02-15,1.626610517501831,1.686412373085531,1.5907293813390135,1.602689684017961,3566000
1985-02-19,1.4232842922210693,1.6385710215986518,1.363482429286352,1.626610717449509,2845000
1985-02-20,1.4591654539108276,1.4950465950035126,1.4232843128181427,1.4232843128181427,3375000
1985-02-21,1.471125841140747,1.471125841140747,1.4472051189398814,1.4591654230088138,1003000
1985-02-22,1.4591654539108276,1.4711258722960572,1.4591654539108276,1.4711258722960572,253000
1985-02-25,1.1840765476226807,1.4591650718969018,1.1242746994788488,1.4591650718969018,3868000
1985-02-26,1.0405522584915161,1.1481956663745614,0.9687901006324728,1.1481956663745614,6271000
1985-02-27,0.9927111268043518,1.0285922738576219,0.9568299797510819,1.0285922738576219,2349000
1985-02-28,1.1123147010803223,1.1362354240369197,0.9807505537245298,0.9927109722343307,3072000
1985-03-01,1.2438788414001465,1.2797599859538653,1.1242751022630935,1.1242751022630935,3756000
1985-03-04,1.2079975605010986,1.267799417673173,1.1481957033290242,1.2438785835539508,1641000
1985-03-05,1.1960371732711792,1.243878614576829,1.18407675591327,1.2079975906290883,1116000
1985-03-06,1.1242749691009521,1.1960372497086729,1.0764335247378056,1.1960372497086729,1365000
1985-03-07,1.1123147010803223,1.124275005527119,1.0883939781237248,1.124275005527119,341000
1985-03-08,1.088394284248352,1.1242753217437407,1.0644734405007112,1.1123150139329567,481000
1985-03-11,1.088394284248352,1.1003545920591362,1.052513132689927,1.088394284248352,489000
1985-03-12,1.064473271369934,1.0764336913434014,1.052512965459485,1.0764336913434014,545000
1985-03-13,1.0046712160110474,1.0644730768227286,0.9568297729869013,1.0644730768227286,585000
1985-03-14,1.0046712160110474,1.028592051586118,0.9807504944989743,1.0046712160110474,571000
1985-03-15,1.0405522584915161,1.0644729777778639,1.0046711225305012,1.0046711225305012,1407000
1985-03-18,1.2558389902114868,1.26779940717203,1.064473003220731,1.064473003220731,2602000
1985-03-19,1.160156011581421,1.315640863745795,1.160156011581421,1.2558390063028042,3283000
1985-03-20,1.0764334201812744,1.1721164136766522,1.0525127003231773,1.1601559967161088,1638000
1985-03-21,1.1123147010803223,1.1123147010803223,1.0525128366573264,1.0764335596139238,1046000
1985-03-22,1.0525130033493042,1.1242751835844476,1.0525130033493042,1.1123148772434348,738000
1985-03-25,1.1481961011886597,1.1721168295336255,1.0525130737457664,1.0525130737457664,1606000
1985-03-26,1.1840765476226807,1.267799226274424,1.1721162464316983,1.1721162464316983,3306000
1985-03-27,1.1721163988113403,1.20799753517492,1.1481956792566166,1.184076701557208,2289000
1985-03-28,1.1362351179122925,1.1721162497115911,1.1242747026248683,1.1721162497115911,348000
1985-03-29,1.1003541946411133,1.1481957507942893,1.0883938911500657,1.1362353332402464,1205000
1985-04-01,1.0285917520523071,1.124274610237017,1.0166313377477363,1.1003538956908394,1886000
1985-04-02,1.0405522584915161,1.0644729777778639,1.0285919558798358,1.0285919558798358,1283000
1985-04-03,1.1242749691009521,1.1362353872232391,1.0405523844339453,1.0405523844339453,6302000
1985-04-04,1.160156011581421,1.184076731746019,1.1242748743030284,1.1242748743030284,4288000
1985-04-08,1.1481961011886597,1.1960375578785913,1.112314951639696,1.1601564083296276,1910000
1985-04-09,1.064473271369934,1.1362355630847014,1.052512965459485,1.1362355630847014,1664000
1985-04-10,1.1242749691009521,1.1242749691009521,1.0525128025562323,1.0644731066155186,3294000
1985-04-11,1.1362351179122925,1.1721162497115911,1.1003539861129938,1.1242747026248683,5792000
1985-04-12,1.1242749691009521,1.1362353872232391,1.1003542469193788,1.1362353872232391,805000
1985-04-15,1.1362351179122925,1.1362351179122925,1.1123144014004178,1.1242747026248683,556000
1985-04-16,1.1481961011886597,1.1840771366745935,1.1362356799846618,1.1362356799846618,958000
1985-04-17,1.2438788414001465,1.2558392609390574,1.1481959413409153,1.1481959413409153,2504000
1985-04-18,1.3036803007125854,1.3276011322627437,1.2558388657382253,1.2558388657382253,6597000
1985-04-19,1.3634825944900513,1.375443014151356,1.2438788541290637,1.3036807243095576,4438000
1985-04-22,1.3395617008209229,1.363482423073207,1.3156409785686387,1.363482423073207,2446000
1985-04-23,1.3754429817199707,1.3874034010992624,1.3156411129495371,1.3395618376451082,1284000
1985-04-24,1.3276011943817139,1.387403047929305,1.2917200594405625,1.3754426315945931,1690000
1985-04-25,1.2438788414001465,1.327601550046495,1.2199581163853388,1.327601550046495,3726000
1985-04-26,1.0764334201812744,1.26779940717203,1.0525127003231773,1.2438785732509434,4424000
1985-04-29,1.0525130033493042,1.0525130033493042,0.9807507090511384,1.0525130033493042,2563000
1985-04-30,1.0285917520523071,1.064472766840091,1.0046709234431654,1.0525124665984846,1749000
1985-05-01,0.9927111268043518,1.0285922738576219,0.9807507064322545,1.0285922738576219,767000
1985-05-02,0.9927111268043518,1.0166318534855245,0.9807507064322545,0.9927111268043518,611000
1985-05-03,0.980750560760498,0.9927109793561038,0.9687902562278975,0.9927109793561038,731000
1985-05-06,0.8731071949005127,0.9807504992587549,0.837226055426766,0.9807504992587549,2906000
1985-05-07,0.8372259736061096,0.8731071095732545,0.8252656139608925,0.8731071095732545,1339000
1985-05-08,0.8133052587509155,0.8252656184613567,0.7415429864252807,0.8252656184613567,4090000
1985-05-09,0.8372259736061096,0.8491863332513268,0.8013448376389647,0.8133052543156752,1479000
1985-05-10,0.9329090714454651,0.9448694324575352,0.8372260692859046,0.8372260692859046,2933000
1985-05-13,0.8850677013397217,0.944869572281169,0.8850677013397217,0.9329092094991812,796000
1985-05-14,0.8133052587509155,0.9089881934659391,0.8013448420089805,0.8850674740450566,1757000
1985-05-15,0.8133052587509155,0.8252656184613567,0.7893844822985393,0.8133052587509155,1428000
1985-05-16,0.8133052587509155,0.8133052587509155,0.7893844822985393,0.8133052587509155,503000
1985-05-17,0.9089882373809814,0.9089882373809814,0.8013448807235568,0.8133052980433235,3623000
1985-05-20,0.8970279693603516,0.9448694724658708,0.8970279693603516,0.9089883308788558,2125000
1985-05-21,0.8611468076705933,0.9089883096592931,0.8372260851919938,0.8970279484199934,973000
1985-05-22,0.8611468076705933,0.8611468076705933,0.8372260851919938,0.8611468076705933,474000
1985-05-23,0.8731071949005127,0.8970279165286779,0.8611467770549311,0.8611467770549311,788000
1985-05-24,0.8850677013397217,0.8970280641217094,0.8731073385577338,0.8731073385577338,675000
1985-05-28,0.8491864800453186,0.8970279839277668,0.8491864800453186,0.8850676222150305,749000
1985-05-29,0.8252657055854797,0.8491864275316967,0.8133053446123714,0.8491864275316967,569000
1985-05-30,0.7893843650817871,0.8252654959165668,0.7774240071473556,0.8252654959165668,1486000
1985-05-31,0.7893843650817871,0.8013447230162186,0.7654636492129241,0.7893843650817871,925000
1985-06-03,0.7415431141853333,0.7774242565300928,0.7176223906431627,0.7774242565300928,1673000
1985-06-04,0.7415431141853333,0.7535035329879222,0.7056620288720773,0.7415431141853333,2016000
1985-06-05,0.6697808504104614,0.7176223519465302,0.6458601281581773,0.7176223519465302,1459000
1985-06-06,0.7176224589347839,0.7295828218440619,0.6697809502661631,0.6697809502661631,1185000
1985-06-07,0.5740980505943298,0.7176225347271548,0.5740980505943298,0.7176225347271548,2311000
1985-06-10,0.6219394207000732,0.657820565253792,0.5740979706704576,0.5740979706704576,2782000
1985-06-11,0.6099790334701538,0.645860176569606,0.5860583094248556,0.621939395492803,2131000
1985-06-12,0.5860581994056702,0.6099789189603938,0.5621374228194524,0.6099789189603938,1710000
1985-06-13,0.5860581994056702,0.598018559183032,0.5740978396283083,0.5860581994056702,2855000
1985-06-14,0.6338998079299927,0.6338998079299927,0.5860583033072849,0.5860583033072849,2328000
1985-06-17,0.6099790334701538,0.6338998145469569,0.5860583094248556,0.6338998145469569,757000
1985-06-18,0.6219394207000732,0.6219394207000732,0.5980186956852654,0.6099790581926694,1011000
1985-06-19,0.6338998079299927,0.6458601698277935,0.6099790271028868,0.6219393890006876,1385000
1985-06-20,0.7176224589347839,0.7295828218440619,0.6099790786882645,0.6338998615383293,1898000
1985-06-21,0.7893843650817871,0.8372258538509983,0.69370144457485,0.7176221604437129,5709000
1985-06-24,0.7654640674591064,0.8013451608676717,0.7295829170190248,0.78938479639815,1624000
1985-06-25,0.8013448715209961,0.8013448715209961,0.7654637910682401,0.7654637910682401,1222000
1985-06-26,0.7535035014152527,0.8013449464949821,0.7415430831138192,0.8013449464949821,940000
1985-06-27,0.7774242162704468,0.7893845774221535,0.7535034939670333,0.7535034939670333,906000
1985-06-28,0.8491864800453186,0.8850676222150305,0.7654638910246616,0.7774242527373979,2179000
1985-07-01,0.9089882373809814,0.9089882373809814,0.8372260186198639,0.8491863789081341,1221000
1985-07-02,0.8491864800453186,0.9209487073532393,0.8372261183325823,0.908988345640503,1409000
1985-07-03,0.8372259736061096,0.8491863332513268,0.7893844779937476,0.8491863332513268,1019000
1985-07-05,0.8252657055854797,0.8372260665585882,0.8133053446123714,0.8372260665585882,366000
1985-07-08,0.8611468076705933,0.8611468076705933,0.8133053627133945,0.8252657239526942,673000
1985-07-09,0.8372259736061096,0.8611466928965439,0.8252656139608925,0.8611466928965439,732000
1985-07-10,0.8731071949005127,0.8731071949005127,0.8252656946126834,0.837226055426766,534000
1985-07-11,0.9089882373809814,0.9209485976692516,0.873107156516171,0.873107156516171,1044000
1985-07-12,0.9209486842155457,0.9448694640715415,0.8970279613910517,0.9089883228032987,1435000
1985-07-15,0.8970279693603516,0.92094869239736,0.8970279693603516,0.92094869239736,556000
1985-07-16,0.9568297863006592,0.9568297863006592,0.897027924656868,0.897027924656868,854000
1985-07-17,0.9568297863006592,0.9927109260995337,0.9209486465017847,0.9568297863006592,3229000
1985-07-18,0.9209486842155457,0.9568298254837885,0.8970279613910517,0.9568298254837885,939000
1985-07-19,0.9089882373809814,0.9209485976692516,0.8850675168044411,0.9209485976692516,715000
1985-07-22,0.8731071949005127,0.920948638156843,0.8611467770549311,0.9089882773427604,1264000
1985-07-23,0.8970279693603516,0.9089883308788558,0.8731072463233431,0.8731072463233431,764000
1985-07-24,0.8611468076705933,0.8970279484199934,0.8611468076705933,0.8970279484199934,1127000
1985-07-25,0.8731071949005127,0.8850675557145953,0.8491864162408486,0.8611467770549311,871000
1985-07-26,0.8611468076705933,0.8850675871806937,0.8491864464312936,0.873107225941394,366000
1985-07-29,0.8133052587509155,0.8731071143346154,0.8133052587509155,0.8611466975926804,450000
1985-07-30,0.7774242162704468,0.8372260790604812,0.7774242162704468,0.8133053567570676,585000
1985-07-31,0.7654640674591064,0.7774244319286282,0.7056621880799812,0.7774244319286282,1524000
1985-08-01,0.8252657055854797,0.8372260665585882,0.7535034827153293,0.7654638436884378,893000
1985-08-02,0.8611468076705933,0.8970279484199934,0.8133053627133945,0.8252657239526942,1400000
1985-08-05,0.8850677013397217,0.8970280641217094,0.8372261931802621,0.8611469187442377,1034000
1985-08-06,0.8611468076705933,0.9089883096592931,0.8611468076705933,0.8850675871806937,1231000
1985-08-07,0.8611468076705933,0.873107225941394,0.8491864464312936,0.8611468076705933,808000
1985-08-08,0.8252657055854797,0.8611467885048051,0.7893845656346546,0.8611467885048051,994000
1985-08-09,0.8611468076705933,0.8611468076705933,0.8133053627133945,0.8252657239526942,401000
1985-08-12,0.8611468076705933,0.8611468076705933,0.8372260851919938,0.8611468076705933,195000
1985-08-13,0.8611468076705933,0.873107225941394,0.8491864464312936,0.8611468076705933,1041000
1985-08-14,0.8491864800453186,0.8611468417580548,0.8372261183325823,0.8611468417580548,299000
1985-08-15,0.8252657055854797,0.8491864275316967,0.8013449266077631,0.8491864275316967,400000
1985-08-16,0.8133052587509155,0.8252656184613567,0.7774241225880981,0.8252656184613567,771000
1985-08-19,0.8013448715209961,0.8133052887034106,0.7893845113700775,0.8133052887034106,346000
1985-08-20,0.8013448715209961,0.8013448715209961,0.7654637910682401,0.8013448715209961,1155000
1985-08-21,0.8372259736061096,0.8372259736061096,0.7893844779937476,0.8013448376389647,1662000
1985-08-22,0.8252657055854797,0.8372260665585882,0.8133053446123714,0.8372260665585882,1196000
1985-08-23,0.8252657055854797,0.8252657055854797,0.8133053446123714,0.8252657055854797,894000
1985-08-26,0.8013448715209961,0.8252656488543293,0.7893845113700775,0.8252656488543293,539000
1985-08-27,0.7893843650817871,0.8133051379821353,0.7774240071473556,0.8013447230162186,769000
1985-08-28,0.7295827269554138,0.7774242294018265,0.7056620042479583,0.7774242294018265,1026000
1985-08-29,0.7056618928909302,0.729582611823575,0.6937015334246078,0.729582611823575,1209000
1985-08-30,0.7056618928909302,0.7176222523572526,0.681741116926793,0.7056618928909302,362000
1985-09-03,0.7295827269554138,0.7295827269554138,0.7056620042479583,0.7056620042479583,1137000
1985-09-04,0.7415431141853333,0.7774242565300928,0.7176223906431627,0.729582752414248,1206000
1985-09-05,0.7295827269554138,0.7415430883091416,0.717622365601686,0.7415430883091416,322000
1985-09-06,0.7056618928909302,0.7176222523572526,0.6697807574604706,0.7176222523572526,1274000
1985-09-09,0.6937015056610107,0.717622223636291,0.6697807306542402,0.7056618646486509,1735000
1985-09-10,0.6817412972450256,0.7056620795361277,0.6817412972450256,0.6937017169063305,568000
1985-09-11,0.7056618928909302,0.729582611823575,0.681741116926793,0.681741116926793,636000
1985-09-12,0.6937015056610107,0.729582582623931,0.6937015056610107,0.7056618646486509,628000
1985-09-13,0.7056618928909302,0.7176222523572526,0.6937015334246078,0.6937015334246078,409000
1985-09-16,0.7056618928909302,0.7056618928909302,0.6937015334246078,0.7056618928909302,283000
1985-09-17,0.6697808504104614,0.7056619908203882,0.6578204892843194,0.7056619908203882,711000
1985-09-18,0.6817412972450256,0.7056620795361277,0.6578205719854312,0.6697809346152284,444000
1985-09-19,0.7176224589347839,0.7295828218440619,0.6937017331162281,0.6937017331162281,3206000
1985-09-20,0.7176224589347839,0.7415431847533398,0.705662096025506,0.7176224589347839,507000
1985-09-23,0.7176224589347839,0.7535036046941267,0.7176224589347839,0.7176224589347839,677000
1985-09-24,0.7056618928909302,0.729582611823575,0.7056618928909302,0.7176222523572526,701000
1985-09-25,0.7056618928909302,0.7176222523572526,0.6937015334246078,0.7056618928909302,406000
1985-09-26,0.6697808504104614,0.6937016296942461,0.6697808504104614,0.6937016296942461,230000
1985-09-30,0.6697808504104614,0.6937016296942461,0.6338997670320352,0.6697808504104614,731000
1985-10-01,0.6219394207000732,0.6817412902685998,0.6099790581926694,0.6697809277611959,1641000
1985-10-02,0.6219394207000732,0.6458602027463881,0.5980186956852654,0.6219394207000732,3510000
1985-10-03,0.6099790334701538,0.6338998145469569,0.5980186714475046,0.621939395492803,652000
1985-10-04,0.6099790334701538,0.6099790334701538,0.5860583094248556,0.6099790334701538,355000
1985-10-07,0.5860581994056702,0.6099789189603938,0.5621374228194524,0.6099789189603938,697000
1985-10-08,0.5740980505943298,0.5860584147668128,0.5142961727004003,0.5860584147668128,539000
1985-10-09,0.5262565016746521,0.5980187389413066,0.5142961383021282,0.5740980121962589,3174000
1985-10-10,0.46645453572273254,0.5262563978145829,0.4186130346429523,0.5262563978145829,3926000
1985-10-11,0.44253385066986084,0.47841496753157836,0.3946923425104013,0.4664546047495906,3537000
1985-10-14,0.490375280380249,0.490375280380249,0.4425338056080852,0.4425338056080852,1104000
1985-10-15,0.4784148931503296,0.5023356149952463,0.46645453222787125,0.4903752540727879,1809000
1985-10-16,0.490375280380249,0.490375280380249,0.46645455725204277,0.4784149188161459,1148000
1985-10-17,0.4784148931503296,0.5023356149952463,0.4784148931503296,0.4903752540727879,1187000
1985-10-18,0.44253385066986084,0.4903753303135661,0.4305734593721188,0.47841496753157836,1176000
1985-10-21,0.3827320337295532,0.44253391310867846,0.37077164074427327,0.44253391310867846,2643000
1985-10-22,0.3827320337295532,0.394692398199075,0.37077164074427327,0.3827320337295532,846000
1985-10-23,0.40665262937545776,0.4305733487963402,0.37077149321264036,0.3827318814388284,2056000
1985-10-24,0.4544941186904907,0.4664545074945092,0.41861300930993195,0.41861300930993195,937000
1985-10-25,0.46645453572273254,0.46645453572273254,0.4544941461949125,0.4544941461949125,985000
1985-10-28,0.43057340383529663,0.46645454458469676,0.43057340383529663,0.46645454458469676,1555000
1985-10-29,0.43057340383529663,0.44253379359034684,0.40665268135669724,0.43057340383529663,595000
1985-10-30,0.4186129868030548,0.43057334644827194,0.4186129868030548,0.43057334644827194,394000
1985-10-31,0.43057340383529663,0.43057340383529663,0.40665268135669724,0.4186130425959969,10604000
1985-11-01,0.4544941186904907,0.4664545074945092,0.43057336959820214,0.43057336959820214,2463000
1985-11-04,0.44253385066986084,0.4664546047495906,0.4305734593721188,0.4544942134518486,573000
1985-11-05,0.4544941186904907,0.4664545074945092,0.43057336959820214,0.44253375840222053,662000
1985-11-06,0.46645453572273254,0.46645453572273254,0.4425337851828424,0.4544941461949125,976000
1985-11-07,0.5382167100906372,0.5501770700196857,0.4544941050400553,0.4664544934848512,6013000
1985-11-08,0.5860581994056702,0.6099789189603938,0.5382167032647288,0.5382167032647288,3256000
1985-11-11,0.5980185866355896,0.609978946962002,0.5740978659827647,0.5860582263091771,841000
1985-11-12,0.6219394207000732,0.6458602027463881,0.5980186956852654,0.5980186956852654,1482000
1985-11-13,0.5740980505943298,0.6219395072842615,0.5740980505943298,0.6219395072842615,991000
1985-11-14,0.5860581994056702,0.5860581994056702,0.5621374228194524,0.5740978396283083,1343000
1985-11-15,0.5740980505943298,0.5980187789392957,0.5740980505943298,0.5860584147668128,1043000
1985-11-18,0.5860581994056702,0.6099789189603938,0.5740978396283083,0.5740978396283083,633000
1985-11-19,0.6937015056610107,0.7056618646486509,0.586058160709269,0.586058160709269,2332000
1985-11-20,0.6578203439712524,0.6937014764550068,0.6338996270030748,0.6937014764550068,8229000
1985-11-21,0.6458601951599121,0.6578205575268258,0.6219394133945783,0.6578205575268258,2296000
1985-11-22,0.6817412972450256,0.6937017169063305,0.6338998467258368,0.6458602093556339,3007000
1985-11-25,0.6697808504104614,0.6817412115366035,0.6458601281581773,0.6817412115366035,1034000
1985-11-26,0.6817412972450256,0.6937017169063305,0.6578205719854312,0.6697809346152284,1368000
1985-11-27,0.7654640674591064,0.7654640674591064,0.6697810376398995,0.6817414021094212,4107000
1985-11-29,0.8491864800453186,0.8611468417580548,0.7535035293119254,0.7654638910246616,4113000
1985-12-02,0.7893843650817871,0.8611465697198614,0.7654636492129241,0.8491862117854299,3343000
1985-12-03,0.8013448715209961,0.8252656488543293,0.7654637910682401,0.7893845113700775,1537000
1985-12-04,0.9089882373809814,0.9209485976692516,0.8013448807235568,0.8013448807235568,4720000
1985-12-05,0.8970279693603516,0.9448694724658708,0.8970279693603516,0.9089883308788558,9788000
1985-12-06,0.8133052587509155,0.9089881934659391,0.7893844822985393,0.8970278337554978,3830000
1985-12-09,0.8731071949005127,0.8731071949005127,0.8133053337986009,0.8133053337986009,1496000
1985-12-10,0.9089882373809814,0.9209485976692516,0.8611467391964043,0.873107156516171,2112000
1985-12-11,0.8850677013397217,0.9209487896856849,0.8731073385577338,0.9089884269036972,1700000
1985-12-12,0.8611468076705933,0.8970279484199934,0.8491864464312936,0.8850675871806937,1028000
1985-12-13,0.9089882373809814,0.9209485976692516,0.8491863789081341,0.8611467391964043,1664000
1985-12-16,0.8611468076705933,0.9448694504086933,0.8491864464312936,0.9089883096592931,2353000
1985-12-17,0.7774242162704468,0.8850675806988088,0.76546385511874,0.8611468013638947,2074000
1985-12-18,0.7056618928909302,0.7893844661866793,0.6937015334246078,0.777424106720357,2020000
1985-12-19,0.7535035014152527,0.7654638626851851,0.6817412197326563,0.7056619993040222,6387000
1985-12-20,0.7415431141853333,0.7654638947590076,0.7176223906431627,0.7535035329879222,8887000
1985-12-23,0.7893843650817871,0.7893843650817871,0.7295825183781444,0.7415428763125759,1503000
1985-12-24,0.7893843650817871,0.8133051379821353,0.7774240071473556,0.7893843650817871,1840000
1985-12-26,0.8013448715209961,0.8013448715209961,0.7774241512191588,0.7893845113700775,723000
1985-12-27,0.8013448715209961,0.8013448715209961,0.7774241512191588,0.8013448715209961,710000
1985-12-30,0.7774242162704468,0.8013449385738602,0.7535034939670333,0.8013449385738602,1498000
1985-12-31,0.8133052587509155,0.8252656184613567,0.7774241225880981,0.7774241225880981,1588000
1986-01-02,0.8133052587509155,0.8372259781717979,0.8013448420089805,0.8133052587509155,2525000
1986-01-03,0.8133052587509155,0.8133052587509155,0.7893844822985393,0.8133052587509155,631000
1986-01-06,0.8013448715209961,0.8133052887034106,0.7774241512191588,0.8133052887034106,2575000
1986-01-07,0.8252657055854797,0.8372260665585882,0.7654638436884378,0.8013449266077631,4613000
1986-01-08,0.8013448715209961,0.8372260090052479,0.8013448715209961,0.8252656488543293,2755000
1986-01-09,0.7654640674591064,0.81330558236871,0.7415432814885465,0.8013451608676717,1734000
1986-01-10,0.7774242162704468,0.7893845774221535,0.7535034939670333,0.76546385511874,2784000
1986-01-13,0.7893843650817871,0.7893843650817871,0.7654636492129241,0.7774240071473556,818000
1986-01-14,0.8013448715209961,0.8252656488543293,0.7893845113700775,0.7893845113700775,2879000
1986-01-15,0.8372259736061096,0.8491863332513268,0.8013448376389647,0.8013448376389647,1902000
1986-01-16,0.8491864800453186,0.8491864800453186,0.8252657566198461,0.8372261183325823,937000
1986-01-17,0.7893843650817871,0.8372258538509983,0.7774240071473556,0.8372258538509983,2514000
1986-01-20,0.7893843650817871,0.7893843650817871,0.7535032912784926,0.7893843650817871,1058000
1986-01-21,0.7774242162704468,0.7893845774221535,0.7535034939670333,0.7893845774221535,995000
1986-01-22,0.7893843650817871,0.8252654959165668,0.7535032912784926,0.7774240071473556,3787000
1986-01-23,0.7893843650817871,0.8013447230162186,0.7654636492129241,0.7893843650817871,1202000
1986-01-24,0.8372259736061096,0.8372259736061096,0.7893844779937476,0.7893844779937476,1439000
1986-01-27,0.9089882373809814,0.9089882373809814,0.8252656583315937,0.8372260186198639,3893000
1986-01-28,0.9568297863006592,0.9807505081455758,0.8731072028119513,0.9089882855793263,7044000
1986-01-29,1.0166314840316772,1.0764333360335405,0.992710766043528,0.992710766043528,409000
1986-01-30,1.1003541946411133,1.1003541946411133,1.0046711963977566,1.0166316139517995,5711000
1986-01-31,1.1242749691009521,1.1481958053455261,1.1003542469193788,1.1003542469193788,7243000
1986-02-03,0.9927111268043518,1.1003544539011396,0.9568299797510819,1.1003544539011396,10865000
1986-02-04,1.064473271369934,1.064473271369934,0.9927110937181849,0.9927110937181849,3970000
1986-02-05,1.1003541946411133,1.1242749156862035,1.0525127525509326,1.0644730560419802,8953000
1986-02-06,1.0764334201812744,1.1003541400393715,1.064473003220731,1.1003541400393715,1275000
1986-02-07,1.0405522584915161,1.0764333944525313,1.0166315392051684,1.0764333944525313,1610000
1986-02-10,1.0525130033493042,1.064473309690317,1.0285922766042563,1.040552582945269,1528000
1986-02-11,1.088394284248352,1.1003545920591362,1.0405527108161066,1.052513132689927,2292000
1986-02-12,1.0525130033493042,1.1003544568393997,1.0525130033493042,1.088394150498387,4442000
1986-02-13,1.0166314840316772,1.0644729200079757,0.9807503500179631,1.0525126180453914,2110000
1986-02-14,1.0166314840316772,1.028591900057242,1.0046710680061124,1.0166314840316772,3323000
1986-02-18,1.0046712160110474,1.028592051586118,1.0046712160110474,1.0166316337985826,723000
1986-02-19,0.9568297863006592,1.0046712299904925,0.9329090644557425,1.0046712299904925,7541000
1986-02-20,0.9927111268043518,1.0046714331134272,0.9568299797510819,0.9568299797510819,1381000
1986-02-21,1.0285917520523071,1.0285917520523071,0.9927106232015589,0.9927106232015589,1194000
1986-02-24,1.0166314840316772,1.028591900057242,1.0046710680061124,1.028591900057242,228000
1986-02-25,1.0046712160110474,1.0166316337985826,0.9927109122865097,1.0166316337985826,1997000
1986-02-26,1.0405522584915161,1.0405522584915161,1.0046711225305012,1.0046711225305012,976000
1986-02-27,1.0405522584915161,1.0525126751661835,1.0285919558798358,1.0405522584915161,796000
1986-02-28,1.1003541946411133,1.1003541946411133,1.0405523349968897,1.0405523349968897,5550000
1986-03-03,1.0285917520523071,1.1003538956908394,1.0046709234431654,1.1003538956908394,1506000
1986-03-04,1.0166314840316772,1.0525126180453914,1.0166314840316772,1.028591900057242,731000
1986-03-05,1.0285917520523071,1.0285917520523071,0.9927106232015589,1.0166313377477363,1069000
1986-03-06,1.0166314840316772,1.0405522020198263,1.0166314840316772,1.028591900057242,773000
1986-03-07,0.9927111268043518,1.040552580166697,0.9927111268043518,1.0166318534855245,1004000
1986-03-10,1.0046712160110474,1.0046712160110474,0.9807504944989743,0.9927109122865097,1898000
1986-03-11,1.088394284248352,1.1123150139329567,0.9927112514468975,1.0046715592576816,4434000
1986-03-12,1.1960371732711792,1.243878614576829,1.0764334559440611,1.0883938733019705,8408000
1986-03-13,1.2558389902114868,1.26779940717203,1.1601559967161088,1.1960371335347493,3996000
1986-03-14,1.1960371732711792,1.2677994492926472,1.1601560352604452,1.2558390319347381,3071000
1986-03-17,1.2677996158599854,1.279759920726282,1.136235463889663,1.1960373304101717,5230000
1986-03-18,1.2917203903198242,1.3156411150536516,1.2558392461875765,1.2677996655859967,3625000
1986-03-19,1.2079975605010986,1.2917201377294045,1.2079975605010986,1.2917201377294045,1360000
1986-03-20,1.2199580669403076,1.243878790985606,1.1840769238408555,1.2079977619491633,1369000
1986-03-21,1.1840765476226807,1.2199576793215745,1.1601558311777427,1.2199576793215745,696000
1986-03-24,1.1840765476226807,1.1840765476226807,1.1481955299867603,1.1840765476226807,861000
1986-03-25,1.160156011581421,1.184076731746019,1.1481957085306174,1.184076731746019,687000
1986-03-26,1.1123147010803223,1.160156146993517,1.1123147010803223,1.160156146993517,1451000
1986-03-27,1.1721163988113403,1.196037118366064,1.1123145428930372,1.1123145428930372,1022000
1986-03-31,1.1362351179122925,1.1960369662234658,1.1362351179122925,1.1721162497115911,11159000
1986-04-01,1.1242749691009521,1.1601561094048125,1.1003542469193788,1.1362353872232391,1545000
1986-04-02,1.0764334201812744,1.1242748598974686,1.0764334201812744,1.1242748598974686,983000
1986-04-03,1.1362351179122925,1.1362351179122925,1.064472854313695,1.0764332696011192,2349000
1986-04-04,1.1481961011886597,1.1721168295336255,1.100354530435698,1.1362356799846618,1785000
1986-04-07,1.160156011581421,1.184076731746019,1.136235291416823,1.1481957085306174,1435000
1986-04-08,1.2438788414001465,1.2558392609390574,1.160156246816812,1.160156246816812,1776000
1986-04-09,1.2438788414001465,1.2917204054927762,1.2438788414001465,1.2438788414001465,5230000
1986-04-10,1.2917203903198242,1.3036806956552316,1.2079977967199216,1.2438788267891565,3029000
1986-04-11,1.3276011943817139,1.3634822152598816,1.3036803617122905,1.3036803617122905,3574000
1986-04-14,1.3276011943817139,1.339561496653442,1.3156407780470023,1.3276011943817139,749000
1986-04-15,1.3036803007125854,1.3395614339748447,1.2917199990004846,1.3276011322627437,1357000
1986-04-16,1.3036803007125854,1.3276011322627437,1.3036803007125854,1.3036803007125854,1717000
1986-04-17,1.3993632793426514,1.3993632793426514,1.2797595783037414,1.3036802956989277,4759000
1986-04-18,1.3754429817199707,1.3874034010992624,1.363482562340679,1.3874034010992624,5968000
1986-04-21,1.3515222072601318,1.37544293107492,1.3276014834453436,1.37544293107492,1137000
1986-04-22,1.3395617008209229,1.363482423073207,1.3276013967262814,1.3515221189785656,3856000
1986-04-23,1.3515222072601318,1.37544293107492,1.3276014834453436,1.3395617883212334,4402000
1986-04-24,1.4950464963912964,1.507006913987625,1.363482359083664,1.363482359083664,4884000
1986-04-25,1.5548484325408936,1.6385710176343415,1.5070069879340666,1.5070069879340666,10797000
1986-04-28,1.542887806892395,1.614650078216082,1.5309275043804378,1.5548482234673382,3504000
1986-04-29,1.5189669132232666,1.5668084599613923,1.459165065347839,1.5428876295608431,4004000
1986-04-30,1.3874030113220215,1.5189670172175531,1.375442595302891,1.5189670172175531,2417000
1986-05-01,1.4113237857818604,1.4352445047145053,1.351521931418756,1.3874030668492157,3208000
1986-05-02,1.3634825944900513,1.4113241590722554,1.3156411439708624,1.4113241590722554,2767000
1986-05-05,1.4591654539108276,1.4591654539108276,1.3634824490180022,1.3634824490180022,1459000
1986-05-06,1.4352449178695679,1.4950467894474664,1.411324192051012,1.4591656436881237,2629000
1986-05-07,1.3754429817199707,1.447205269869696,1.3754429817199707,1.4352448504904043,1332000
1986-05-08,1.3754429817199707,1.4113241257948335,1.327601532328829,1.3754429817199707,1255000
1986-05-09,1.4113237857818604,1.4352445047145053,1.3754426503514008,1.3754426503514008,992000
1986-05-12,1.4352449178695679,1.4472053378103547,1.399363772110225,1.411324192051012,1158000
1986-05-13,1.3754429817199707,1.4232844311111126,1.363482562340679,1.4232844311111126,668000
1986-05-14,1.2558389902114868,1.3634822866044183,1.2438785732509434,1.3634822866044183,1815000
1986-05-15,1.2677996158599854,1.291720339655587,1.2319184731350785,1.2558391969306801,2493000
1986-05-16,1.2797597646713257,1.2797597646713257,1.2438786263217942,1.2677994612634782,718000
1986-05-19,1.2438788414001465,1.2917204054927762,1.2438788414001465,1.2797599859538653,915000
1986-05-20,1.3036803007125854,1.3036803007125854,1.2558388657382253,1.2558388657382253,1571000
1986-05-21,1.3276011943817139,1.339561496653442,1.3036803617122905,1.3036803617122905,2300000
1986-05-22,1.3276011943817139,1.3276011943817139,1.3156407780470023,1.3276011943817139,419000
1986-05-23,1.2558389902114868,1.3276012638487675,1.2558389902114868,1.3276012638487675,1863000
1986-05-27,1.2079975605010986,1.267799417673173,1.2079975605010986,1.2558390006135618,1720000
1986-05-28,1.1362351179122925,1.2199576827353402,1.0764332696011192,1.2079973815108898,13017000
1986-05-29,1.1721163988113403,1.184076701557208,1.124274845638905,1.1362352624477607,3836000
1986-05-30,1.1960371732711792,1.243878614576829,1.1601560352604452,1.1721164526183543,2866000
1986-06-02,1.1481961011886597,1.2079979790825892,1.124275258780664,1.1960375578785913,1353000
1986-06-03,1.1362351179122925,1.1481955331997165,1.1242747026248683,1.1481955331997165,1884000
1986-06-04,1.0405522584915161,1.136235249699894,1.0166315392051684,1.136235249699894,3058000
1986-06-05,1.0525130033493042,1.064473309690317,1.0285922766042563,1.040552582945269,2657000
1986-06-06,0.9568297863006592,1.0644730916342837,0.9568297863006592,1.052512787743325,2827000
1986-06-09,0.8850677013397217,0.9568299350631567,0.8611469187442377,0.9568299350631567,6886000
1986-06-10,0.9209486842155457,0.9329091026592945,0.8611468201228089,0.8850675999788047,2444000
1986-06-11,0.9687901735305786,0.9927108946168779,0.885067535665536,0.9209486172949848,2043000
1986-06-12,0.9089882373809814,0.9687901528853254,0.8970278770927113,0.9687901528853254,1678000
1986-06-13,0.8731071949005127,0.920948638156843,0.8731071949005127,0.9089882773427604,781000
1986-06-16,0.8133052587509155,0.8731071143346154,0.8013448420089805,0.8731071143346154,2370000
1986-06-17,0.8013448715209961,0.8731071464894997,0.8013448715209961,0.8133052887034106,1913000
1986-06-18,0.7654640674591064,0.81330558236871,0.7295829170190248,0.8013451608676717,4633000
1986-06-19,0.8133052587509155,0.8372259781717979,0.7415429864252807,0.7654637628776568,3063000
1986-06-20,0.8491864800453186,0.8731072605022944,0.8133053949071098,0.8133053949071098,2864000
1986-06-23,0.7893843650817871,0.8491862117854299,0.7893843650817871,0.8491862117854299,918000
1986-06-24,0.8372259736061096,0.8372259736061096,0.7893844779937476,0.7893844779937476,1175000
1986-06-25,0.8372259736061096,0.8731071095732545,0.8252656139608925,0.8372259736061096,1978000
1986-06-26,0.7893843650817871,0.8491862117854299,0.7774240071473556,0.8372258538509983,1338000
1986-06-27,0.8013448715209961,0.8252656488543293,0.7654637910682401,0.7893845113700775,4692000
1986-06-30,0.8970279693603516,0.8970279693603516,0.7774242401123047,0.8013449631493131,3717000
1986-07-01,0.9089882373809814,0.9329090149890183,0.8850675168044411,0.8970278770927113,2013000
1986-07-02,0.8970279693603516,0.92094869239736,0.8850676078418473,0.9089883308788558,787000
1986-07-03,0.8970279693603516,0.8970279693603516,0.8850676078418473,0.8970279693603516,1763000
1986-07-07,0.7893843650817871,0.8970277005546411,0.7893843650817871,0.8970277005546411,1661000
1986-07-08,0.7774242162704468,0.7774242162704468,0.741543075783826,0.7774242162704468,1487000
1986-07-09,0.7893843650817871,0.7893843650817871,0.7535032912784926,0.7774240071473556,1318000
1986-07-10,0.7774242162704468,0.7893845774221535,0.76546385511874,0.7893845774221535,843000
1986-07-11,0.7654640674591064,0.78938479639815,0.7535037029895847,0.7774244319286282,988000
1986-07-14,0.6817412972450256,0.7535035870868243,0.6817412972450256,0.7535035870868243,1750000
1986-07-15,0.6817412972450256,0.6937017169063305,0.6458602093556339,0.6817412972450256,1369000
1986-07-16,0.7056618928909302,0.729582611823575,0.6697807574604706,0.681741116926793,959000
1986-07-17,0.7056618928909302,0.7176222523572526,0.6937015334246078,0.7056618928909302,346000
1986-07-18,0.7176224589347839,0.7176224589347839,0.6937017331162281,0.705662096025506,424000
1986-07-21,0.6937015056610107,0.717622223636291,0.6817410896418803,0.717622223636291,563000
1986-07-22,0.6697808504104614,0.6937016296942461,0.6458601281581773,0.6937016296942461,1817000
1986-07-23,0.6578203439712524,0.6697807024553413,0.6458599854871636,0.6697807024553413,364000
1986-07-24,0.6578203439712524,0.6578203439712524,0.621939211487498,0.6578203439712524,1005000
1986-07-25,0.7295827269554138,0.7415430883091416,0.63389977909409,0.6578205018015456,3375000
1986-07-28,0.6817412972450256,0.7295828047957221,0.6578205719854312,0.7295828047957221,1418000
1986-07-29,0.6817412972450256,0.717622442165925,0.6578205719854312,0.6817412972450256,1329000
1986-07-30,0.6817412972450256,0.7056620795361277,0.6697809346152284,0.6817412972450256,2226000
1986-07-31,0.7654640674591064,0.7774244319286282,0.6817414021094212,0.6817414021094212,4908000
1986-08-01,0.7176224589347839,0.7893846934219605,0.6937017331162281,0.7654639676034046,4415000
1986-08-04,0.6578203439712524,0.7176221934231845,0.621939211487498,0.7176221934231845,1574000
1986-08-05,0.5980185866355896,0.6458600849727361,0.5740978659827647,0.6458600849727361,1774000
1986-08-06,0.6338998079299927,0.6697808936233953,0.6099790271028868,0.6099790271028868,9546000
1986-08-07,0.6817412972450256,0.6937017169063305,0.6338998467258368,0.6338998467258368,5377000
1986-08-08,0.8013448715209961,0.8252656488543293,0.6817411559488178,0.6817411559488178,14367000
1986-08-11,0.8252657055854797,0.8611467885048051,0.8013449266077631,0.8013449266077631,5051000
1986-08-12,0.7893843650817871,0.8252654959165668,0.7654636492129241,0.8252654959165668,2201000
1986-08-13,0.8252657055854797,0.8372260665585882,0.7893845656346546,0.7893845656346546,3643000
1986-08-14,0.8133052587509155,0.8252656184613567,0.8133052587509155,0.8252656184613567,2881000
1986-08-15,0.8013448715209961,0.8252656488543293,0.7893845113700775,0.8133052887034106,1047000
1986-08-18,0.7654640674591064,0.81330558236871,0.7535037029895847,0.8013451608676717,597000
1986-08-19,0.8372259736061096,0.8372259736061096,0.7654637587033132,0.7654637587033132,4552000
1986-08-20,0.8850677013397217,0.8970280641217094,0.8133054676162865,0.8372261931802621,1837000
1986-08-21,0.8611468076705933,0.8970279484199934,0.8491864464312936,0.8850675871806937,1470000
1986-08-22,0.8970279693603516,0.9329091109473666,0.8491864662548324,0.8611468277733366,5184000
1986-08-25,0.9089882373809814,0.9209485976692516,0.873107156516171,0.8970278770927113,595000
1986-08-26,0.9448695182800293,0.9568298803784591,0.8970280128548054,0.908988374953235,2539000
1986-08-27,0.9329090714454651,0.9687902115131753,0.9209486534018951,0.9448694324575352,1667000
1986-08-28,0.9568297863006592,0.968790204254617,0.9329090644557425,0.9329090644557425,3247000
1986-08-29,0.9687901735305786,0.9927108946168779,0.9448693954127817,0.9568297559559313,1323000
1986-09-02,0.9448695182800293,0.9927110237052533,0.9329091561815996,0.9687902995083939,5688000
1986-09-03,0.9329090714454651,0.9448694324575352,0.908988292389825,0.9448694324575352,1927000
1986-09-04,0.9448695182800293,0.9687902995083939,0.9329091561815996,0.9329091561815996,2047000
1986-09-05,0.9089882373809814,0.9568297355655587,0.9089882373809814,0.9448693752772885,2236000
1986-09-08,0.8611468076705933,0.9209486708985928,0.8372260851919938,0.9089883096592931,2303000
1986-09-09,0.8970279693603516,0.8970279693603516,0.8611468277733366,0.8611468277733366,1869000
1986-09-10,0.8133052587509155,0.8970278337554978,0.8133052587509155,0.8970278337554978,4275000
1986-09-11,0.7893843650817871,0.8252654959165668,0.7654636492129241,0.8133051379821353,2444000
1986-09-12,0.7535035014152527,0.7893845852250497,0.7176223605739545,0.7893845852250497,3691000
1986-09-15,0.8133052587509155,0.8133052587509155,0.7415429864252807,0.7535034031672156,1680000
1986-09-16,0.8252657055854797,0.8252657055854797,0.7893845656346546,0.8133053446123714,1628000
1986-09-17,0.8013448715209961,0.8252656488543293,0.7893845113700775,0.8252656488543293,182000
1986-09-18,0.7893843650817871,0.8133051379821353,0.7893843650817871,0.8013447230162186,756000
1986-09-19,0.7774242162704468,0.7893845774221535,0.76546385511874,0.7893845774221535,878000
1986-09-22,0.8611468076705933,0.8611468076705933,0.789384583203294,0.789384583203294,2347000
1986-09-23,0.8850677013397217,0.8970280641217094,0.8611469187442377,0.8611469187442377,1133000
1986-09-24,0.9209486842155457,0.9687902439275373,0.8731072385665577,0.8850675999788047,1786000
1986-09-25,0.9089882373809814,0.9209485976692516,0.873107156516171,0.9209485976692516,1179000
1986-09-26,0.8850677013397217,0.9089884269036972,0.8731073385577338,0.9089884269036972,620000
1986-09-29,0.8491864800453186,0.8731072605022944,0.7893846144501341,0.8731072605022944,1774000
1986-09-30,0.8372259736061096,0.8611466928965439,0.8252656139608925,0.8491863332513268,532000
1986-10-01,0.8491864800453186,0.8611468417580548,0.8372261183325823,0.8372261183325823,649000
1986-10-02,0.8013448715209961,0.8372260090052479,0.7893845113700775,0.8372260090052479,1539000
1986-10-03,0.8611468076705933,0.8611468076705933,0.8013449444425937,0.8013449444425937,1858000
1986-10-06,0.8252657055854797,0.8611467885048051,0.8252657055854797,0.8611467885048051,290000
1986-10-07,0.7893843650817871,0.8372258538509983,0.7893843650817871,0.8252654959165668,598000
1986-10-08,0.7774242162704468,0.7893845774221535,0.7535034939670333,0.7893845774221535,2831000
1986-10-09,0.7535035014152527,0.7774242239551173,0.7535035014152527,0.7774242239551173,432000
1986-10-10,0.7295827269554138,0.753503506694371,0.6697808631552733,0.753503506694371,1982000
1986-10-13,0.7176224589347839,0.7295828218440619,0.6937017331162281,0.7295828218440619,561000
1986-10-14,0.6937015056610107,0.7056618646486509,0.6697807306542402,0.7056618646486509,744000
1986-10-15,0.7176224589347839,0.7295828218440619,0.6817413131754411,0.6937017331162281,1456000
1986-10-16,0.7295827269554138,0.753503506694371,0.717622365601686,0.717622365601686,546000
1986-10-17,0.7295827269554138,0.7295827269554138,0.717622365601686,0.7295827269554138,882000
1986-10-20,0.7176224589347839,0.7295828218440619,0.705662096025506,0.7295828218440619,469000
1986-10-21,0.7176224589347839,0.7295828218440619,0.705662096025506,0.7176224589347839,197000
1986-10-22,0.7176224589347839,0.7176224589347839,0.705662096025506,0.7176224589347839,431000
1986-10-23,0.7415431141853333,0.7535035329879222,0.693701667100992,0.7176223906431627,4446000
1986-10-24,0.7654640674591064,0.7774244319286282,0.7535037029895847,0.7535037029895847,960000
1986-10-27,0.7774242162704468,0.7774242162704468,0.76546385511874,0.76546385511874,552000
1986-10-28,0.7295827269554138,0.7774242294018265,0.7295827269554138,0.7774242294018265,1024000
1986-10-29,0.7056618928909302,0.729582611823575,0.6937015334246078,0.729582611823575,602000
1986-10-30,0.6697808504104614,0.7176223519465302,0.6578204892843194,0.7056619908203882,1132000
1986-10-31,0.6817412972450256,0.6937017169063305,0.6578205719854312,0.6697809346152284,1027000
1986-11-03,0.6697808504104614,0.6937016296942461,0.6578204892843194,0.6817412115366035,418000
1986-11-04,0.7176224589347839,0.7295828218440619,0.6458602244476073,0.6697809502661631,4195000
1986-11-05,0.7176224589347839,0.7295828218440619,0.6937017331162281,0.7176224589347839,1545000
1986-11-06,0.7056618928909302,0.7176222523572526,0.681741116926793,0.7176222523572526,1591000
1986-11-07,0.7176224589347839,0.7176224589347839,0.6937017331162281,0.705662096025506,432000
1986-11-10,0.6697808504104614,0.7176223519465302,0.6458601281581773,0.7176223519465302,1414000
1986-11-11,0.6458601951599121,0.6697809198937396,0.5740979639269232,0.6697809198937396,3387000
1986-11-12,0.5262565016746521,0.6458602494629134,0.5023357178980931,0.6458602494629134,8226000
1986-11-13,0.46645453572273254,0.5262563978145829,0.4305733956550224,0.5262563978145829,6594000
1986-11-14,0.39469218254089355,0.4784147736291419,0.37077143815628794,0.4664544156947104,11585000
1986-11-17,0.4544941186904907,0.4664545074945092,0.3827318999293731,0.3946922602176433,3067000
1986-11-18,0.4186129868030548,0.45449409425445303,0.3946922389968738,0.45449409425445303,1903000
1986-11-19,0.4186129868030548,0.43057334644827194,0.3946922389968738,0.4186129868030548,1151000
1986-11-20,0.43057340383529663,0.44253379359034684,0.4186130425959969,0.4186130425959969,1333000
1986-11-21,0.4544941186904907,0.4544941186904907,0.43057336959820214,0.43057336959820214,1611000
1986-11-24,0.4544941186904907,0.4664545074945092,0.43057336959820214,0.4544941186904907,1420000
1986-11-25,0.4784148931503296,0.4784148931503296,0.45449414278966316,0.45449414278966316,3096000
1986-11-26,0.4784148931503296,0.5023356149952463,0.46645453222787125,0.4784148931503296,1435000
1986-11-28,0.46645453572273254,0.49037525774687274,0.4544941461949125,0.47841489673480264,663000
1986-12-01,0.44253385066986084,0.4664546047495906,0.38273197972841355,0.4664546047495906,5823000
1986-12-02,0.44253385066986084,0.4544942134518486,0.4305734593721188,0.44253385066986084,692000
1986-12-03,0.3827320337295532,0.4544942775782002,0.3827320337295532,0.44253391310867846,1711000
1986-12-04,0.3827320337295532,0.406652791184355,0.3827320337295532,0.3827320337295532,2527000
1986-12-05,0.3707715570926666,0.3946923091505891,0.35881119532158134,0.3827319473795038,2812000
1986-12-08,0.3348904252052307,0.3588111759732651,0.32293006407908864,0.3588111759732651,1772000
1986-12-09,0.3707715570926666,0.3707715570926666,0.3229300814925735,0.33489044326365885,1574000
1986-12-10,0.3707715570926666,0.3707715570926666,0.35881119532158134,0.3707715570926666,673000
1986-12-11,0.39469218254089355,0.40665256899106766,0.3588110802218564,0.37077143815628794,1282000
1986-12-12,0.3827320337295532,0.394692398199075,0.37077164074427327,0.394692398199075,572000
1986-12-15,0.39469218254089355,0.39469218254089355,0.37077143815628794,0.38273182460646205,1055000
1986-12-16,0.4186129868030548,0.4186129868030548,0.3827318793516566,0.3946922389968738,1922000
1986-12-17,0.4186129868030548,0.4186129868030548,0.3946922389968738,0.4186129868030548,947000
1986-12-18,0.40665262937545776,0.41861298908589895,0.3827318814388284,0.41861298908589895,1211000
1986-12-19,0.39469218254089355,0.40665256899106766,0.38273182460646205,0.40665256899106766,1200000
1986-12-22,0.3827320337295532,0.394692398199075,0.37077164074427327,0.394692398199075,1459000
1986-12-23,0.3827320337295532,0.394692398199075,0.37077164074427327,0.3827320337295532,1334000
1986-12-24,0.40665262937545776,0.40665262937545776,0.37077149321264036,0.3827318814388284,3941000
1986-12-26,0.44253385066986084,0.44253385066986084,0.40665273380814326,0.40665273380814326,1417000
1986-12-29,0.43057340383529663,0.46645454458469676,0.43057340383529663,0.44253379359034684,1312000
1986-12-30,0.43057340383529663,0.44253379359034684,0.4186130425959969,0.43057340383529663,904000
1986-12-31,0.43057340383529663,0.44253379359034684,0.4186130425959969,0.43057340383529663,3973000
1987-01-02,0.4544941186904907,0.4544941186904907,0.43057336959820214,0.43057336959820214,574000
1987-01-05,0.44253385066986084,0.4544942134518486,0.4186130965901311,0.4544942134518486,656000
1987-01-06,0.4186129868030548,0.45449409425445303,0.4066526271578376,0.44253373460923584,819000
1987-01-07,0.4186129868030548,0.4186129868030548,0.3827318793516566,0.4186129868030548,1139000
1987-01-08,0.4784148931503296,0.4903752540727879,0.40665267058408006,0.4186130315065384,2639000
1987-01-09,0.46645453572273254,0.47841489673480264,0.4425337851828424,0.47841489673480264,714000
1987-01-12,0.4186129868030548,0.46645448241541687,0.4066526271578376,0.46645448241541687,2572000
1987-01-13,0.46645453572273254,0.46645453572273254,0.40665267363088226,0.4186130346429523,2077000
1987-01-14,0.5023356080055237,0.5262563865490955,0.47841488649345065,0.47841488649345065,4796000
1987-01-15,0.5621374845504761,0.5860582637635497,0.5023356220650425,0.5023356220650425,6913000
1987-01-16,0.5621374845504761,0.5860582637635497,0.5382167623689028,0.5621374845504761,3152000
1987-01-19,0.5382167100906372,0.5621374299487343,0.5142959902325401,0.5621374299487343,1779000
1987-01-20,0.5262565016746521,0.5501772284196998,0.5142961383021282,0.5382168650471759,779000
1987-01-21,0.46645453572273254,0.5262563978145829,0.4425337851828424,0.5262563978145829,1758000
1987-01-22,0.490375280380249,0.490375280380249,0.4425338056080852,0.46645455725204277,718000
1987-01-23,0.490375280380249,0.5023356419443522,0.46645455725204277,0.490375280380249,1193000
1987-01-26,0.4784148931503296,0.4784148931503296,0.4425337818672048,0.4784148931503296,685000
1987-01-27,0.5023356080055237,0.5501771080611685,0.46645452573741414,0.47841488649345065,3366000
1987-01-28,0.5382167100906372,0.5382167100906372,0.5023355732719967,0.5023355732719967,1506000
1987-01-29,0.5262565016746521,0.5740980121962589,0.5262565016746521,0.5382168650471759,2047000
1987-01-30,0.5382167100906372,0.5501770700196857,0.5023355732719967,0.5262563501615887,1339000
1987-02-02,0.6099790334701538,0.621939395492803,0.526256442280105,0.5382168043027542,3358000
1987-02-03,0.6697808504104614,0.7056619908203882,0.6458601281581773,0.6458601281581773,5056000
1987-02-04,0.6697808504104614,0.6937016296942461,0.6338997670320352,0.6697808504104614,2195000
1987-02-05,0.6817412972450256,0.6817412972450256,0.6578205719854312,0.6697809346152284,2028000
1987-02-06,0.6817412972450256,0.7056620795361277,0.6697809346152284,0.6817412972450256,1307000
1987-02-09,0.6578203439712524,0.6817410609394301,0.6458599854871636,0.6817410609394301,1767000
1987-02-10,0.6458601951599121,0.6578205575268258,0.6338998327929983,0.6578205575268258,1978000
1987-02-11,0.6937015056610107,0.6937015056610107,0.64586001267896,0.64586001267896,1371000
1987-02-12,0.6697808504104614,0.7056619908203882,0.6338997670320352,0.6937016296942461,2875000
1987-02-13,0.6697808504104614,0.6817412115366035,0.6458601281581773,0.6697808504104614,1121000
1987-02-17,0.6937015056610107,0.7056618646486509,0.6697807306542402,0.6697807306542402,1323000
1987-02-18,0.6697808504104614,0.7056619908203882,0.6578204892843194,0.6937016296942461,1685000
1987-02-19,0.6697808504104614,0.6817412115366035,0.6578204892843194,0.6697808504104614,2624000
1987-02-20,0.6578203439712524,0.6697807024553413,0.6578203439712524,0.6697807024553413,912000
1987-02-23,0.6099790334701538,0.6697809006149044,0.5980186714475046,0.6578205385922552,1592000
1987-02-24,0.6099790334701538,0.6099790334701538,0.5980186714475046,0.6099790334701538,437000
1987-02-25,0.5980185866355896,0.609978946962002,0.5860582263091771,0.609978946962002,4093000
1987-02-26,0.6578203439712524,0.6697807024553413,0.6099788530034091,0.6099788530034091,1438000
1987-02-27,0.6458601951599121,0.6937017016590734,0.6458601951599121,0.6578205575268258,1402000
1987-03-02,0.6219394207000732,0.657820565253792,0.5980186956852654,0.6458602027463881,1884000
1987-03-03,0.6099790334701538,0.621939395492803,0.5860583094248556,0.621939395492803,1107000
1987-03-04,0.6099790334701538,0.621939395492803,0.5980186714475046,0.6099790334701538,1879000
1987-03-05,0.6578203439712524,0.6578203439712524,0.6099788530034091,0.6099788530034091,5703000
1987-03-06,0.7415431141853333,0.7654638947590076,0.6338998012140618,0.6578205247562324,12992000
1987-03-09,0.7056618928909302,0.7415429712898973,0.6937015334246078,0.7415429712898973,2546000
1987-03-10,0.7056618928909302,0.7176222523572526,0.681741116926793,0.7056618928909302,1661000
1987-03-11,0.7056618928909302,0.7176222523572526,0.6937015334246078,0.7056618928909302,2893000
1987-03-12,0.6937015056610107,0.7056618646486509,0.6697807306542402,0.7056618646486509,540000
1987-03-13,0.6578203439712524,0.7056618349390956,0.6458599854871636,0.6937014764550068,837000
1987-03-16,0.5980185866355896,0.6458600849727361,0.550177088298443,0.6458600849727361,3190000
1987-03-17,0.5980185866355896,0.5980185866355896,0.5621374486248555,0.5980185866355896,3435000
1987-03-18,0.6099790334701538,0.6338998145469569,0.5860583094248556,0.5980186714475046,3619000
1987-03-19,0.5980185866355896,0.609978946962002,0.5980185866355896,0.609978946962002,487000
1987-03-20,0.5860581994056702,0.598018559183032,0.5621374228194524,0.598018559183032,4395000
1987-03-23,0.5860581994056702,0.598018559183032,0.5621374228194524,0.5860581994056702,3885000
1987-03-24,0.6458601951599121,0.6697809198937396,0.5740979639269232,0.586058326293837,4733000
1987-03-25,0.6817412972450256,0.7056620795361277,0.6697809346152284,0.6697809346152284,4406000
1987-03-26,0.6458601951599121,0.6817412822606532,0.6219394133945783,0.6817412822606532,2838000
1987-03-27,0.6697808504104614,0.6817412115366035,0.6458601281581773,0.6458601281581773,1913000
1987-03-30,0.6817412972450256,0.6937017169063305,0.6219394270645319,0.6697809346152284,3472000
1987-03-31,0.7415431141853333,0.7654638947590076,0.6697808865273177,0.6817412482984031,5451000
1987-04-01,0.8731071949005127,0.9089882773427604,0.7176223332229423,0.7415430548511075,14177000
1987-04-02,0.8850677013397217,0.944869572281169,0.8372261931802621,0.8731073385577338,8934000
1987-04-03,0.9448695182800293,0.9807506045753185,0.873107288657946,0.8850676507563756,10654000
1987-04-06,0.9089882373809814,0.9687901528853254,0.8850675168044411,0.9448693752772885,5015000
1987-04-07,0.8731071949005127,0.920948638156843,0.8491864162408486,0.9089882773427604,2512000
1987-04-08,0.8372259736061096,0.8731071095732545,0.8133052543156752,0.8731071095732545,3274000
1987-04-09,0.8491864800453186,0.8611468417580548,0.8252657566198461,0.8372261183325823,5279000
1987-04-10,0.9329090714454651,0.9687902115131753,0.8372260692859046,0.8491864302979747,6057000
1987-04-13,0.8731071949005127,0.9329090560024246,0.8611467770549311,0.9329090560024246,2089000
1987-04-14,0.8491864800453186,0.8731072605022944,0.8252657566198461,0.8731072605022944,1533000
1987-04-15,0.9209486842155457,0.9209486842155457,0.8491864587105619,0.8491864587105619,3766000
1987-04-16,0.8970279693603516,0.9448694724658708,0.8970279693603516,0.92094869239736,1751000
1987-04-20,0.980750560760498,1.0046712838887044,0.9089883343443766,0.9089883343443766,12314000
1987-04-21,0.9448695182800293,0.9807506045753185,0.9329091561815996,0.9807506045753185,2525000
1987-04-22,0.9209486842155457,0.9448694640715415,0.8970279613910517,0.9448694640715415,1966000
1987-04-23,0.8970279693603516,0.9329091109473666,0.8850676078418473,0.92094869239736,1657000
1987-04-24,0.8731071949005127,0.8970279165286779,0.837226055426766,0.8970279165286779,3858000
1987-04-27,0.8731071949005127,0.8850675557145953,0.837226055426766,0.8731071949005127,1794000
1987-04-28,0.9209486842155457,0.9329091026592945,0.8850675999788047,0.8850675999788047,1598000
1987-04-29,0.9329090714454651,0.9568297934696053,0.9209486534018951,0.9209486534018951,2343000
1987-04-30,0.9927111268043518,1.0166318534855245,0.9329092530699092,0.9329092530699092,10597000
1987-05-01,0.9927111268043518,0.9927111268043518,0.9687904001231792,0.9927111268043518,3949000
1987-05-04,0.980750560760498,0.9927109793561038,0.9568298376322918,0.9927109793561038,1171000
1987-05-05,1.064473271369934,1.0883941113168687,0.9687903678342685,0.9807506737447176,4379000
1987-05-06,1.0405522584915161,1.0883938111271985,0.9807504032441533,1.0644729777778639,3686000
1987-05-07,1.1123147010803223,1.1481958425467207,1.0405524181475256,1.0405524181475256,5621000
1987-05-08,1.1242749691009521,1.1242749691009521,1.0764335247378056,1.1123146650416658,3164000
1987-05-11,1.064473271369934,1.124275143111234,1.064473271369934,1.124275143111234,2578000
1987-05-12,1.0285917520523071,1.076433181144662,1.0046709234431654,1.064472766840091,1734000
1987-05-13,1.0525130033493042,1.0764337300943518,1.040552582945269,1.040552582945269,1735000
1987-05-14,1.1242749691009521,1.1721165275270995,1.0285920803746589,1.0525128025562323,5073000
1987-05-15,1.1003541946411133,1.1481957507942893,1.0764334735960228,1.1242749156862035,3227000
1987-05-18,1.0285917520523071,1.0883935954492328,1.0285917520523071,1.0883935954492328,2472000
1987-05-19,1.088394284248352,1.1242753217437407,1.0405527108161066,1.0405527108161066,5983000
1987-05-20,1.088394284248352,1.1123150139329567,1.052513132689927,1.088394284248352,2804000
1987-05-21,1.1123147010803223,1.1481958425467207,1.1003542825705213,1.1003542825705213,1856000
1987-05-22,1.1123147010803223,1.124275005527119,1.0883939781237248,1.1123147010803223,923000
1987-05-26,1.1242749691009521,1.1362353872232391,1.1003542469193788,1.1123146650416658,876000
1987-05-27,1.1721163988113403,1.20799753517492,1.1003541260841811,1.124274845638905,6246000
1987-05-28,1.1960371732711792,1.2079975906290883,1.1601560352604452,1.1721164526183543,3092000
1987-05-29,1.1960371732711792,1.243878614576829,1.18407675591327,1.1960371732711792,1990000
1987-06-01,1.1840765476226807,1.2199576793215745,1.1362351147328045,1.1960369628766363,983000
1987-06-02,1.1242749691009521,1.1840768315863859,1.1003542469193788,1.1840768315863859,1833000
1987-06-03,1.1123147010803223,1.160156146993517,1.1003542825705213,1.124275005527119,2396000
1987-06-04,1.1242749691009521,1.1242749691009521,1.1123146650416658,1.1123146650416658,1847000
1987-06-05,1.1123147010803223,1.124275005527119,1.1003542825705213,1.124275005527119,3430000
1987-06-08,1.1481961011886597,1.1601564083296276,1.0405526525417685,1.112314951639696,3456000
1987-06-09,1.1960371732711792,1.219957893924004,1.1481957319655294,1.1481957319655294,4341000
1987-06-10,1.1960371732711792,1.219957893924004,1.1721164526183543,1.1960371732711792,2528000
1987-06-11,1.1721163988113403,1.196037118366064,1.1481956792566166,1.196037118366064,781000
1987-06-12,1.2199580669403076,1.243878790985606,1.1721166188497112,1.1721166188497112,7226000
1987-06-15,1.2199580669403076,1.243878790985606,1.2079977619491633,1.2199580669403076,2226000
1987-06-16,1.2199580669403076,1.243878790985606,1.2079977619491633,1.2199580669403076,1161000
1987-06-17,1.2917203903198242,1.3156411150536516,1.1840769579230814,1.219958102055329,4445000
1987-06-18,1.2438788414001465,1.303680710968673,1.18407697183162,1.2917204054927762,4935000
1987-06-19,1.2677996158599854,1.291720339655587,1.2079977493394767,1.2438787780013751,2850000
1987-06-22,1.2797597646713257,1.327601320491699,1.2558390437926363,1.2677994612634782,2755000
1987-06-23,1.1960371732711792,1.2917201699454721,1.1960371732711792,1.279759752587563,5165000
1987-06-24,1.160156011581421,1.2079975659736082,1.1481957085306174,1.1960371488598136,2937000
1987-06-25,1.088394284248352,1.1721168951759862,1.0764338623745315,1.1601564733021656,7322000
1987-06-26,1.0285917520523071,1.0883935954492328,1.0046709234431654,1.0883935954492328,5748000
1987-06-29,1.088394284248352,1.1123150139329567,1.016631981131502,1.0285924030053226,4243000
1987-06-30,1.0405522584915161,1.1123145304135462,1.0285919558798358,1.0883938111271985,3164000
1987-07-01,1.0166314840316772,1.0525126180453914,0.992710766043528,1.0405522020198263,2840000
1987-07-02,0.9927111268043518,1.0166318534855245,0.9807507064322545,1.0166318534855245,2112000
1987-07-06,0.980750560760498,1.0285921210799158,0.980750560760498,0.9927109793561038,4150000
1987-07-07,1.0166314840316772,1.028591900057242,0.9807503500179631,0.9807503500179631,2648000
1987-07-08,1.0405522584915161,1.0405522584915161,1.0166315392051684,1.0166315392051684,3236000
1987-07-09,1.0285917520523071,1.0405520522939138,1.0166313377477363,1.0405520522939138,424000
1987-07-10,1.0166314840316772,1.0405522020198263,1.0046710680061124,1.028591900057242,369000
1987-07-13,1.0046712160110474,1.0166316337985826,0.9927109122865097,1.0166316337985826,888000
1987-07-14,1.0525130033493042,1.0764337300943518,0.9927111294551735,1.0046714357961861,6826000
1987-07-15,1.088394284248352,1.1123150139329567,1.0285924030053226,1.052513132689927,1529000
1987-07-16,1.2079975605010986,1.219957863497719,1.0644730120377277,1.0883938461569498,1651000
1987-07-17,1.2438788414001465,1.2917204054927762,1.2079978109094418,1.2079978109094418,7772000
1987-07-20,1.160156011581421,1.2558390063028042,1.160156011581421,1.2438785891890096,900000
1987-07-21,1.1481961011886597,1.231918707427555,1.124275258780664,1.1601564083296276,2636000
1987-07-22,1.1481961011886597,1.1721168295336255,1.124275258780664,1.1481961011886597,678000
1987-07-23,1.1362351179122925,1.1481955331997165,1.0883936848885432,1.1481955331997165,1501000
1987-07-24,1.160156011581421,1.1721164286952155,1.1242748743030284,1.136235291416823,1015000
1987-07-27,1.1481961011886597,1.1481961011886597,1.124275258780664,1.1481961011886597,495000
1987-07-28,1.0525130033493042,1.1481960243925178,1.040552582945269,1.1481960243925178,2551000
1987-07-29,1.0525130033493042,1.0764337300943518,1.0525130033493042,1.0525130033493042,726000
1987-07-30,1.1003541946411133,1.112314612195156,1.0525127525509326,1.0525127525509326,1224000
1987-07-31,1.1481961011886597,1.1721168295336255,1.100354530435698,1.100354530435698,1377000
1987-08-03,1.1721163988113403,1.1721163988113403,1.1362352624477607,1.1481956792566166,735000
1987-08-04,1.1362351179122925,1.160155834424167,1.1242747026248683,1.160155834424167,350000
1987-08-05,1.1481961011886597,1.1601564083296276,1.1362356799846618,1.1362356799846618,1160000
1987-08-06,1.2199580669403076,1.2319184859944616,1.1123147517049607,1.1481958948044129,2986000
1987-08-07,1.1721163988113403,1.2438785574755113,1.1601559820024845,1.2199578379207876,1834000
1987-08-10,1.160156011581421,1.160156011581421,1.1003541541384303,1.160156011581421,1071000
1987-08-11,1.2079975605010986,1.2319182805573303,1.1481957033290242,1.1601560063256449,5798000
1987-08-12,1.160156011581421,1.2079975659736082,1.160156011581421,1.2079975659736082,1002000
1987-08-13,1.160156011581421,1.184076731746019,1.136235291416823,1.160156011581421,1171000
1987-08-14,1.1123147010803223,1.160156146993517,1.1003542825705213,1.160156146993517,2762000
1987-08-17,1.1003541946411133,1.112314612195156,1.0883938911500657,1.112314612195156,574000
1987-08-18,1.088394284248352,1.1123150139329567,1.052513132689927,1.1003545920591362,1863000
1987-08-19,1.1242749691009521,1.1242749691009521,1.0883939428600926,1.0883939428600926,909000
1987-08-20,1.1960371732711792,1.1960371732711792,1.1123145939547954,1.124274897249711,2534000
1987-08-21,1.1721163988113403,1.196037118366064,1.1481956792566166,1.196037118366064,1964000
1987-08-24,1.1481961011886597,1.1840771366745935,1.1481961011886597,1.1721168295336255,1017000
1987-08-25,1.160156011581421,1.2199578690244117,1.136235291416823,1.1481957085306174,1686000
1987-08-26,1.1840765476226807,1.1840765476226807,1.1601558311777427,1.1601558311777427,1691000
1987-08-27,1.1721163988113403,1.184076701557208,1.1601559820024845,1.184076701557208,578000
1987-08-28,1.1481961011886597,1.1721168295336255,1.112314951639696,1.1721168295336255,1980000
1987-08-31,1.1481961011886597,1.1481961011886597,1.124275258780664,1.1481961011886597,545000
1987-09-01,1.1721163988113403,1.2199578379207876,1.1362352624477607,1.1481956792566166,2656000
1987-09-02,1.1242749691009521,1.1721165275270995,1.1242749691009521,1.1721165275270995,1145000
1987-09-03,1.1362351179122925,1.160155834424167,1.1123144014004178,1.1242747026248683,763000
1987-09-04,1.1123147010803223,1.1362354240369197,1.1123147010803223,1.1362354240369197,820000
1987-09-08,1.0764334201812744,1.1123145569999147,1.040552283362634,1.1123145569999147,1190000
1987-09-09,1.1242749691009521,1.1242749691009521,1.0644731066155186,1.0764335247378056,825000
1987-09-10,1.1840765476226807,1.1840765476226807,1.1481955299867603,1.1481955299867603,2604000
1987-09-11,1.1721163988113403,1.2199578379207876,1.1601559820024845,1.184076701557208,5935000
1987-09-14,1.1721163988113403,1.196037118366064,1.1601559820024845,1.1721163988113403,2366000
1987-09-15,1.1721163988113403,1.196037118366064,1.1481956792566166,1.1721163988113403,2640000
1987-09-16,1.1721163988113403,1.184076701557208,1.1601559820024845,1.1721163988113403,679000
1987-09-17,1.1721163988113403,1.184076701557208,1.1362352624477607,1.1721163988113403,1925000
1987-09-18,1.2438788414001465,1.2558392609390574,1.1721166663557232,1.1721166663557232,5715000
1987-09-21,1.2319183349609375,1.3036804982987715,1.219957917373134,1.2438786384857454,6594000
1987-09-22,1.3156406879425049,1.3276011034580815,1.231918121522395,1.231918121522395,11613000
1987-09-23,1.3515222072601318,1.3634825121360217,1.3156410645064451,1.3156410645064451,7271000
1987-09-24,1.3634825944900513,1.3634825944900513,1.3276015636321672,1.3515222888917617,8245000
1987-09-25,1.3754429817199707,1.3874034010992624,1.3395618376451082,1.363482562340679,3244000
1987-09-28,1.3156406879425049,1.3874029529100136,1.2917199709743272,1.3754425373944368,4175000
1987-09-29,1.3036803007125854,1.3276011322627437,1.2797595832254054,1.3156407164876647,471000
1987-09-30,1.2917203903198242,1.3156411150536516,1.279759970921404,1.3036806956552316,3727000
1987-10-01,1.4232842922210693,1.4352447104332133,1.2917202622024924,1.2917202622024924,6520000
1987-10-02,1.5189669132232666,1.5428876295608431,1.4232839338099879,1.4232839338099879,7348000
1987-10-05,1.530928134918213,1.530928134918213,1.4711262555390876,1.5189677134171746,6841000
1987-10-06,1.4472051858901978,1.5309277744978855,1.4472051858901978,1.5309277744978855,3044000
1987-10-07,1.4950464963912964,1.4950464963912964,1.3993634978096543,1.4472050541319732,5721000
1987-10-08,1.471125841140747,1.542888007743344,1.471125841140747,1.4950465633416126,2356000
1987-10-09,1.4950464963912964,1.507006913987625,1.4711257752616347,1.4711257752616347,1799000
1987-10-12,1.4472051858901978,1.4950466325051603,1.3634824832195038,1.4950466325051603,4057000
1987-10-13,1.4352449178695679,1.4830863695066796,1.4232844979287809,1.4472053378103547,1798000
1987-10-14,1.4113237857818604,1.4352445047145053,1.3993633692840455,1.4352445047145053,2743000
1987-10-15,1.3395617008209229,1.4113239816407763,1.3276013967262814,1.4113239816407763,3495000
1987-10-16,1.2319183349609375,1.3395616369991863,1.2079976138483262,1.3395616369991863,6117000
1987-10-19,0.9209486842155457,1.2199580046792295,0.8970279613910517,1.2199580046792295,3702000
1987-10-20,0.7056618928909302,0.9209485343792104,0.6458600385278258,0.9209485343792104,10289000
1987-10-21,0.8731071949005127,0.8970279165286779,0.7176223332229423,0.7176223332229423,8822000
1987-10-22,0.7535035014152527,0.8731072281775785,0.6817412197326563,0.8731072281775785,10717000
1987-10-23,0.6937015056610107,0.7415429416115712,0.6817410896418803,0.7415429416115712,3596000
1987-10-26,0.5621374845504761,0.6817412095213434,0.5142960401873294,0.6817412095213434,3781000
1987-10-27,0.5860581994056702,0.6578204151013352,0.5621374228194524,0.5621374228194524,3997000
1987-10-28,0.6937015056610107,0.6937015056610107,0.5740978017216289,0.586058160709269,5382000
1987-10-29,0.7893843650817871,0.8252654959165668,0.6817410296089331,0.69370144457485,5553000
1987-10-30,0.8252657055854797,0.8611467885048051,0.7774242046615462,0.7893845656346546,3482000
1987-11-02,0.8611468076705933,0.8850675871806937,0.8013449444425937,0.8252657239526942,2405000
1987-11-03,0.7535035014152527,0.8611468098761449,0.7056619993040222,0.8611468098761449,4441000
1987-11-04,0.7893843650817871,0.8013447230162186,0.7176221604437129,0.7535032912784926,2113000
1987-11-05,0.8133052587509155,0.8491863378822392,0.8013448420089805,0.8013448420089805,2410000
1987-11-06,0.7654640674591064,0.8252659468382317,0.7415432814885465,0.81330558236871,4027000
1987-11-09,0.7176224589347839,0.7535036046941267,0.6937017331162281,0.7535036046941267,2037000
1987-11-10,0.6697808504104614,0.7176223519465302,0.6578204892843194,0.7176223519465302,5036000
1987-11-11,0.7176224589347839,0.7415431847533398,0.6697809502661631,0.6697809502661631,1563000
1987-11-12,0.7654640674591064,0.8013451608676717,0.7535037029895847,0.7535037029895847,1573000
1987-11-13,0.8372259736061096,0.8372259736061096,0.7176222630909511,0.7654637587033132,2280000
1987-11-16,0.8491864800453186,0.8970279839277668,0.8252657566198461,0.8372261183325823,2652000
1987-11-17,0.8133052587509155,0.8611466975926804,0.7893844822985393,0.8491863378822392,2095000
1987-11-18,0.8133052587509155,0.8372259781717979,0.8013448420089805,0.8133052587509155,2497000
1987-11-19,0.8013448715209961,0.8372260090052479,0.8013448715209961,0.8133052887034106,3120000
1987-11-20,0.7535035014152527,0.8133053647964156,0.7535035014152527,0.8013449464949821,2696000
1987-11-23,0.7893843650817871,0.8252654959165668,0.7535032912784926,0.7535032912784926,2004000
1987-11-24,0.8133052587509155,0.8491863378822392,0.8013448420089805,0.8013448420089805,1650000
1987-11-25,0.8252657055854797,0.8491864275316967,0.8013449266077631,0.8133053446123714,2751000
1987-11-27,0.8133052587509155,0.8372259781717979,0.8013448420089805,0.8252656184613567,1653000
1987-11-30,0.7893843650817871,0.8013447230162186,0.69370144457485,0.8013447230162186,3449000
1987-12-01,0.8133052587509155,0.8252656184613567,0.7893844822985393,0.7893844822985393,878000
1987-12-02,0.8252657055854797,0.8252657055854797,0.7774242046615462,0.8133053446123714,1222000
1987-12-03,0.7654640674591064,0.8372263113077535,0.7535037029895847,0.8252659468382317,1654000
1987-12-04,0.7535035014152527,0.7893845852250497,0.7415430831138192,0.7654638626851851,2118000
1987-12-07,0.8133052587509155,0.8372259781717979,0.7535034031672156,0.7535034031672156,5405000
1987-12-08,0.9209486842155457,0.9209486842155457,0.8252657358860679,0.8252657358860679,6795000
1987-12-09,0.9687901735305786,0.9927108946168779,0.9209486172949848,0.9209486172949848,3711000
1987-12-10,0.9568297863006592,1.0166316479444504,0.8850675637344096,0.968790204254617,2881000
1987-12-11,1.1123147010803223,1.1123147010803223,0.9568298307679324,0.9568298307679324,3132000
1987-12-14,1.1481961011886597,1.1601564083296276,1.100354530435698,1.112314951639696,5898000
1987-12-15,1.1481961011886597,1.1960375578785913,1.1362356799846618,1.1481961011886597,4550000
1987-12-16,1.2319183349609375,1.2438786384857454,1.1123146153348853,1.1481957540353,5141000
1987-12-17,1.3036803007125854,1.3156407164876647,1.2319181482510453,1.2319181482510453,7474000
1987-12-18,1.3036803007125854,1.3276011322627437,1.2797595832254054,1.3036803007125854,5469000
1987-12-21,1.3395617008209229,1.363482423073207,1.3156409785686387,1.3156409785686387,4422000
1987-12-22,1.2558389902114868,1.3276012638487675,1.2199578533928463,1.3276012638487675,3784000
1987-12-23,1.3515222072601318,1.3874033500138183,1.2558391979379704,1.2558391979379704,5445000
1987-12-24,1.4472051858901978,1.4472051858901978,1.3634824832195038,1.3634824832195038,2937000
1987-12-28,1.3874030113220215,1.4232840312534516,1.3634821792837606,1.4232840312534516,3941000
1987-12-29,1.4352449178695679,1.4472053378103547,1.3874034662324561,1.3874034662324561,6197000
1987-12-30,1.3993632793426514,1.4711255455911885,1.387402977676547,1.43524441246692,4328000
1987-12-31,1.4113237857818604,1.4232840882166902,1.351521931418756,1.3993633692840455,2774000
1988-01-04,1.3874030113220215,1.435244447272582,1.375442595302891,1.4113237292973018,2559000
1988-01-05,1.4232842922210693,1.4591654327945,1.3874032657106403,1.3874032657106403,6836000
1988-01-06,1.4950464963912964,1.4950464963912964,1.4232842189393158,1.4232842189393158,4730000
1988-01-07,1.4472051858901978,1.4830862138199168,1.435244767204954,1.4830862138199168,2175000
1988-01-08,1.2917203903198242,1.4591655775196293,1.279759970921404,1.447205272184222,4230000
1988-01-11,1.3156406879425049,1.3276011034580815,1.243878422974996,1.2917199709743272,5026000
1988-01-12,1.2438788414001465,1.327601550046495,1.18407697183162,1.315641130507584,3753000
1988-01-13,1.3395617008209229,1.3515221189785656,1.2079976714018597,1.2438786977487855,5300000
1988-01-14,1.4113237857818604,1.4232840882166902,1.3395615149209412,1.3395615149209412,7619000
1988-01-15,1.4232842922210693,1.5070069915800746,1.4113239880719268,1.4113239880719268,6537000
1988-01-18,1.4232842922210693,1.4352447104332133,1.3874032657106403,1.4232842922210693,3902000
1988-01-19,1.4352449178695679,1.4591656436881237,1.3874034662324561,1.4232844979287809,6602000
1988-01-20,1.2797597646713257,1.4113239005986091,1.2797597646713257,1.4113239005986091,5636000
1988-01-21,1.2917203903198242,1.3156411150536516,1.219958102055329,1.279759970921404,6855000
1988-01-22,1.3036803007125854,1.3515218497499237,1.2797595832254054,1.2917199990004846,3274000
1988-01-25,1.3276011943817139,1.3634822152598816,1.2917200594405625,1.3036803617122905,4525000
1988-01-26,1.2677996158599854,1.3515222061760956,1.2677996158599854,1.3276014823804938,2730000
1988-01-27,1.2438788414001465,1.303680710968673,1.2319185359242497,1.2677996804779685,3080000
1988-01-28,1.2917203903198242,1.2917203903198242,1.2558392461875765,1.2558392461875765,1309000
1988-01-29,1.3515222072601318,1.3515222072601318,1.291720340691657,1.291720340691657,3179000
1988-02-01,1.2917203903198242,1.3634825645213065,1.2917203903198242,1.3515222591858993,2282000
1988-02-02,1.2558389902114868,1.303680429927681,1.2199578533928463,1.291720127030127,2492000
1988-02-03,1.2319183349609375,1.2917201947739636,1.1960371962605227,1.2558390560735488,4042000
1988-02-04,1.1960371732711792,1.219957893924004,1.1481957319655294,1.219957893924004,4041000
1988-02-05,1.2677996158599854,1.279759920726282,1.1960373304101717,1.1960373304101717,3067000
1988-02-08,1.2797597646713257,1.327601320491699,1.219957905443105,1.2677994612634782,2310000
1988-02-09,1.3276011943817139,1.339561496653442,1.2917200594405625,1.2917200594405625,3107000
1988-02-10,1.3754429817199707,1.3993637064155415,1.327601532328829,1.327601532328829,5304000
1988-02-11,1.3874030113220215,1.3874030113220215,1.3515218773276108,1.375442595302891,2407000
1988-02-12,1.4352449178695679,1.4352449178695679,1.3754430462916691,1.3874034662324561,5611000
1988-02-16,1.4830862283706665,1.4830862283706665,1.4232843624837364,1.4352447812863254,4044000
1988-02-17,1.5189669132232666,1.5668084599613923,1.4711254805481135,1.4830857816854155,9213000
1988-02-18,1.5548484325408936,1.5907295730275144,1.483086151567652,1.5189672920542727,7828000
1988-02-19,1.638570785522461,1.6505312020114145,1.554848212288741,1.554848212288741,7977000
1988-02-22,1.7820955514907837,1.8060163890112024,1.626610791986103,1.6385710966833056,11778000
1988-02-23,1.7462143898010254,1.8060162509029374,1.674452110853532,1.7820954152117743,8295000
1988-02-24,1.710332989692688,1.7581744256585472,1.6744518556868033,1.7462141236985729,5204000
1988-02-25,1.7462143898010254,1.8060162509029374,1.7222935541098623,1.7222935541098623,8074000
1988-02-26,1.8538576364517212,1.889738774808547,1.770135056327791,1.770135056327791,7037000
1988-02-29,1.8418973684310913,1.889738928143083,1.8179766456065973,1.8538577868748403,8043000
1988-03-01,1.806016445159912,1.841897474430061,1.7820956068957992,1.841897474430061,4345000
1988-03-02,1.8299367427825928,1.8538574614075123,1.7940556078137215,1.8060160241576733,4243000
1988-03-03,1.8538576364517212,1.8777783573352735,1.8179764980948956,1.8299369155681688,3138000
1988-03-04,2.0213029384613037,2.033263356773407,1.8060163213474625,1.8538577664698712,7467000
1988-03-07,2.0811045169830322,2.140906372230395,1.9615008064883066,2.0213026617356693,8577000
1988-03-08,2.0930652618408203,2.140906707914837,2.081104843290814,2.081104843290814,8350000
1988-03-09,2.0571835041046143,2.0930645188923984,2.0332626754954726,2.0930645188923984,5400000
1988-03-10,1.8658181428909302,2.0930651732147614,1.8538577248473602,2.057184147210051,11211000
1988-03-11,1.8538576364517212,1.901699078218826,1.7222935004976916,1.8658180539249947,9490000
1988-03-14,2.0093424320220947,2.0452236853847006,1.8658181029496566,1.8658181029496566,9085000
1988-03-15,2.0332629680633545,2.093064820065218,1.9495402840103613,2.0093421360122248,11512000
1988-03-16,2.0332629680633545,2.093064820065218,1.9375800961107577,2.0332629680633545,9554000
1988-03-17,2.0093424320220947,2.0452236853847006,1.9734614067854839,2.033263267597165,6297000
1988-03-18,1.8897390365600586,2.0811049441979446,1.8418974741033296,2.009342657544356,13483000
1988-03-21,1.8897390365600586,1.8897390365600586,1.81797674990647,1.8897390365600586,5163000
1988-03-22,1.8897390365600586,1.973461628280572,1.829937169036405,1.8897390365600586,5870000
1988-03-23,2.0093424320220947,2.0930651284088464,1.9854218245730193,1.9854218245730193,17311000
1988-03-24,1.9016990661621094,1.9973821772156797,1.8658180420957629,1.9973821772156797,11140000
1988-03-25,1.8897390365600586,1.9375805990167878,1.8538578932332643,1.9016993416269832,9213000
1988-03-28,1.8418973684310913,1.865818205318589,1.7701351999576094,1.865818205318589,7640000
1988-03-29,1.7820955514907837,1.9136597016010592,1.7701352467935811,1.841897417165817,3330000
1988-03-30,1.6624915599822998,1.8060161063930502,1.6505312571567299,1.7820952726159325,8875000
1988-03-31,1.710332989692688,1.7222932916526625,1.626610419720944,1.6624914396638482,8048000
1988-04-04,1.7222936153411865,1.782095478569186,1.6864125886547885,1.7103333111333878,4018000
1988-04-05,1.7462143898010254,1.7701351114291906,1.7103332503272788,1.7222935541098623,4319000
1988-04-06,1.7222936153411865,1.794055896839987,1.7222936153411865,1.746214451882788,8337000
1988-04-07,1.7701354026794434,1.7820957084299227,1.710333531737996,1.7222938374884753,10683000
1988-04-08,1.8538576364517212,1.889738774808547,1.770135056327791,1.770135056327791,6793000
1988-04-11,1.961501121520996,2.009342567777409,1.865818229008171,1.865818229008171,11953000
1988-04-12,1.997382402420044,2.0213030117859887,1.9495407274361283,1.9615011461821072,5493000
1988-04-13,1.9734615087509155,2.0213029542469485,1.889738922101356,1.9973823455619353,5022000
1988-04-14,1.7940559387207031,1.961501114042767,1.7940559387207031,1.961501114042767,10378000
1988-04-15,1.8538576364517212,1.889738774808547,1.7462143354442385,1.7940557772113432,7389000
1988-04-18,1.8777787685394287,1.8777787685394287,1.806016590173978,1.8538580424176117,3219000
1988-04-19,1.8777787685394287,1.9495409469048794,1.8777787685394287,1.8777787685394287,3959000
1988-04-20,1.8777787685394287,1.9136599147536637,1.8538580424176117,1.8777787685394287,3860000
1988-04-21,1.817976474761963,1.9136594711311175,1.746214313032342,1.8777783332348104,5788000
1988-04-22,1.8538576364517212,1.8777783573352735,1.7940557772113432,1.8179764980948956,2622000
1988-04-25,1.9375803470611572,1.9734613716591083,1.8777783732509161,1.8777783732509161,5422000
1988-04-26,1.9375803470611572,1.9734613716591083,1.9136595119118627,1.9375803470611572,3058000
1988-04-27,1.9854222536087036,1.9854222536087036,1.889739232820991,1.9375808002463584,3292000
1988-04-28,1.961501121520996,1.9973823773078132,1.937580512455795,1.9854219587122075,3500000
1988-04-29,1.9256200790405273,1.97346152492875,1.9016992420334118,1.9615011064251922,3034000
1988-05-02,1.9734615087509155,1.9734615087509155,1.9136596448493726,1.9256200632548826,3215000
1988-05-03,1.997382402420044,2.0213030117859887,1.9734615649280862,1.9734615649280862,3363000
1988-05-04,2.0093424320220947,2.069144292833776,1.937580381548873,1.9973822423605545,7955000
1988-05-05,2.0571835041046143,2.0571835041046143,1.9854212464031178,2.009341846886331,2813000
1988-05-06,2.2126684188842773,2.2246288343412743,2.045223286864171,2.057183702321168,16287000
1988-05-09,2.176788568496704,2.2246300278659135,2.152867724749063,2.212669605992093,7368000
1988-05-10,2.11698579788208,2.212668676422952,2.0691441304856673,2.1767876540016196,7418000
1988-05-11,2.0811045169830322,2.105025350332367,2.0213026617356693,2.105025350332367,7119000
1988-05-12,2.0930652618408203,2.1289462893648308,2.081104843290814,2.081104843290814,4246000
1988-05-13,2.128946542739868,2.16482780266027,2.116986350892437,2.116986350892437,6218000
1988-05-16,2.1648268699645996,2.1648268699645996,2.081104194347507,2.1289456255033006,3821000
1988-05-17,2.0930652618408203,2.200708572538861,2.081104843290814,2.1648275450148504,5449000
1988-05-18,1.961501121520996,2.069144432629427,1.9016992566689779,2.069144432629427,8654000
1988-05-19,2.0213029384613037,2.0452237750855105,1.9256200482164865,1.9615010750267916,4853000
1988-05-20,2.0811045169830322,2.0930649336576996,1.913659367915611,2.0213026617356693,15279000
1988-05-23,2.0332629680633545,2.1289458400159513,1.997381948112621,2.0811044040396527,7792000
1988-05-24,2.0811045169830322,2.105025350332367,1.9854216398376412,2.0332630784103367,5804000
1988-05-25,2.0691440105438232,2.128945863196835,2.057183822513992,2.081104426699618,14104000
1988-05-26,2.0691440105438232,2.081104426699618,2.0332629902024015,2.0691440105438232,5304000
1988-05-27,1.961501121520996,2.0811048512250325,1.961501121520996,2.069144432629427,11627000
1988-05-31,2.0452239513397217,2.0691445618993645,1.9375806335062677,1.9615012440659105,10124000
1988-06-01,2.11698579788208,2.1409064034543097,2.057183941762541,2.057183941762541,10327000
1988-06-02,2.1648268699645996,2.2246287159408262,2.116985438808806,2.116985438808806,10032000
1988-06-03,2.0930652618408203,2.176787963564857,2.069144424740807,2.1648275450148504,11278000
1988-06-06,2.152866840362549,2.152866840362549,2.0691441497647247,2.093064983685811,7841000
1988-06-07,2.2126684188842773,2.2365892497982713,2.140906154268246,2.152866569725243,13372000
1988-06-08,2.320312023162842,2.344232857390431,2.212668725390655,2.212668725390655,19318000
1988-06-09,2.2963922023773193,2.332273237863253,2.2844317811733212,2.3203128166592553,8423000
1988-06-10,2.3442327976226807,2.380113819923272,2.296391358513233,2.296391358513233,8570000
1988-06-13,2.3801138401031494,2.404034673923675,2.3322724005880766,2.3442328174983396,9996000
1988-06-14,2.4040353298187256,2.4877578147806867,2.392074909645291,2.392074909645291,9727000
1988-06-15,2.3801138401031494,2.404034673923675,2.320311983677814,2.404034673923675,7264000
1988-06-16,2.4399161338806152,2.4518765529347695,2.356193656753576,2.380114266735865,7223000
1988-06-17,2.3561928272247314,2.4518756897195075,2.3203115826947363,2.4399152748761757,8200000
1988-06-20,2.284430980682373,2.3561932546339723,2.248549729643583,2.3561932546339723,7749000
1988-06-21,2.2485499382019043,2.320312218809625,2.2007084938387576,2.2844311925687655,12284000
1988-06-22,2.2365899085998535,2.3322728041879253,2.2126690706398264,2.248550099453849,12111000
1988-06-23,2.1050260066986084,2.236590174890905,2.093065586294573,2.236590174890905,16848000
1988-06-24,2.0811045169830322,2.1289459555557277,2.045223495085004,2.105025350332367,14000000
1988-06-27,2.140906810760498,2.1767880681341945,2.069144524139125,2.0811049432636906,10717000
1988-06-28,2.2007083892822266,2.224629224390312,2.1289461120839603,2.140906529638003,8060000
1988-06-29,2.152866840362549,2.212668697039286,2.140906423402005,2.200708280078743,5494000
1988-06-30,2.11698579788208,2.1767876540016196,2.0930649641838737,2.1528668203034127,5032000
1988-07-01,2.0691440105438232,2.14090627935263,2.057183822513992,2.1169856751670038,4121000
1988-07-05,2.1887478828430176,2.2246291340480067,2.045223562401006,2.069144168411684,7962000
1988-07-06,2.1648268699645996,2.2485493174557543,2.1409060403237334,2.188747471479527,8517000
1988-07-07,2.2007083892822266,2.224629224390312,2.140906529638003,2.1648273647460887,6217000
1988-07-08,2.1887478828430176,2.212668716979677,2.1648272768323396,2.2007082999113474,4896000
1988-07-11,2.284430980682373,2.3322724206081125,2.1887478727049134,2.1887478727049134,17009000
1988-07-12,2.2246294021606445,2.248550011054238,2.1887481466312417,2.248550011054238,15436000
1988-07-13,2.2126684188842773,2.2605098525863148,2.176787400639237,2.2246288343412743,6799000
1988-07-14,2.1050260066986084,2.236590174890905,2.1050260066986084,2.2126693340828347,7433000
1988-07-15,2.0452239513397217,2.140906849830342,2.033263531996888,2.1050258199278655,7937000
1988-07-18,1.9136595726013184,2.021302877934943,1.865818128911485,2.021302877934943,21951000
1988-07-19,1.8897390365600586,1.925620179886853,1.7820956065796758,1.9136597607569181,21800000
1988-07-20,1.8777787685394287,1.9375807549385,1.8179768962033767,1.8897391886318469,13890000
1988-07-21,1.7940559387207031,1.877778526381735,1.7820955201706967,1.877778526381735,6648000
1988-07-22,1.7701354026794434,1.806016548056915,1.6864128061740205,1.7940561282434189,17235000
1988-07-25,1.7581748962402344,1.7940560398498333,1.746214591079042,1.7701353154644377,8164000
1988-07-26,1.7581748962402344,1.78209562062563,1.7342541718548388,1.7581748962402344,4709000
1988-07-27,1.6864123344421387,1.7701349075282553,1.662491501506404,1.7581744910603878,5070000
1988-07-28,1.7581748962402344,1.7701353154644377,1.6266108550890532,1.6864127230840478,22202000
1988-07-29,1.8538576364517212,1.8538576364517212,1.770135056327791,1.770135056327791,11485000
1988-08-01,1.8897390365600586,1.9016993416269832,1.8418974741033296,1.8538578932332643,5275000
1988-08-02,1.817976474761963,1.889738750554577,1.7940557541854225,1.889738750554577,6847000
1988-08-03,1.7701354026794434,1.8179768538073944,1.7462146771154676,1.8179768538073944,5387000
1988-08-04,1.7820955514907837,1.817976693708405,1.7701352467935811,1.7701352467935811,4116000
1988-08-05,1.7581748962402344,1.7940560398498333,1.746214591079042,1.78209562062563,2184000
1988-08-08,1.7581748962402344,1.78209562062563,1.7342541718548388,1.7581748962402344,3303000
1988-08-09,1.7222936153411865,1.7701351743613873,1.662491752113187,1.7581747560905867,5601000
1988-08-10,1.6505314111709595,1.7222935770096102,1.6385709931663512,1.7222935770096102,11045000
1988-08-11,1.6983729600906372,1.7103333788348767,1.6385710944954528,1.6505315132396923,6815000
1988-08-12,1.7222936153411865,1.746214451882788,1.6983728928625872,1.6983728928625872,3190000
1988-08-15,1.6983729600906372,1.770135244430061,1.686412655409404,1.7222936835161096,4300000
1988-08-16,1.710332989692688,1.7462141236985729,1.6744518556868033,1.6983725736697328,5846000
1988-08-17,1.710332989692688,1.7462141236985729,1.6864122717097583,1.710332989692688,2723000
1988-08-18,1.638570785522461,1.7103330563302122,1.6026896501185852,1.7103330563302122,10269000
1988-08-19,1.6026897430419922,1.6624916008280815,1.5907294399225693,1.638570880526244,6386000
1988-08-22,1.4830862283706665,1.602689960144527,1.4711259236310847,1.602689960144527,8859000
1988-08-23,1.4591654539108276,1.507007013388742,1.3993635901106871,1.4830861766182832,17380000
1988-08-24,1.5907294750213623,1.6266106132973166,1.471125756810177,1.471125756810177,17456000
1988-08-25,1.6026897430419922,1.6505312977086586,1.5428878852559031,1.5907294399225693,9837000
1988-08-26,1.6624915599822998,1.6744519768708586,1.6026897036654835,1.6026897036654835,3801000
1988-08-29,1.7222936153411865,1.7342540336119872,1.6505314479053883,1.662491752113187,5035000
1988-08-30,1.6864123344421387,1.734253772187638,1.662491501506404,1.7222933557197708,3390000
1988-08-31,1.638570785522461,1.7342537752451344,1.6146500666075387,1.6864123374152902,5307000
1988-09-01,1.6026897430419922,1.6266105774068211,1.5548483024383175,1.6266105774068211,5223000
1988-09-02,1.6983729600906372,1.7103333788348767,1.6026899523257407,1.6026899523257407,6520000
1988-09-06,1.6505314111709595,1.6744521331171764,1.6146502712201345,1.6744521331171764,3884000
1988-09-07,1.5787687301635742,1.6744517077019967,1.5428875993287945,1.6505309918331337,5754000
1988-09-08,1.6146501302719116,1.6146501302719116,1.5428878566346307,1.5787689934532712,7404000
1988-09-09,1.6983729600906372,1.7222936835161096,1.5548485054747958,1.6146503710699802,11719000
1988-09-12,1.638570785522461,1.7103330563302122,1.6266104830964923,1.6983726398412586,3093000
1988-09-13,1.638570785522461,1.6505312020114145,1.5787689312036632,1.638570785522461,3207000
1988-09-14,1.6624915599822998,1.6983726965849875,1.626610537442601,1.638570840268171,5072000
1988-09-15,1.638570785522461,1.6983726398412586,1.6266104830964923,1.662491504437383,5515000
1988-09-16,1.6744519472122192,1.6983726665026535,1.61465009195464,1.6385708112450743,5056000
1988-09-19,1.7581748962402344,1.7701353154644377,1.6385711602502455,1.6744523038598444,5693000
1988-09-20,1.817976474761963,1.8418971953385033,1.7342538957125753,1.7581746162891156,10323000
1988-09-21,1.817976474761963,1.85385761265827,1.8060161715051892,1.817976474761963,4257000
1988-09-22,1.7820955514907837,1.841897417165817,1.7581748280333718,1.817976693708405,5662000
1988-09-23,1.8299367427825928,1.8538574614075123,1.770134889188802,1.78209519146977,10333000
1988-09-26,1.817976474761963,1.9016990538113507,1.7701350336088821,1.8299368920817296,12944000
1988-09-27,1.8299367427825928,1.8538574614075123,1.8060160241576733,1.817976326438641,9458000
1988-09-28,1.9136595726013184,1.9136595726013184,1.8179765711586526,1.8299369891126105,17873000
1988-09-29,1.997382402420044,2.0332634305319677,1.9016992805782258,1.9136596993242048,14287000
1988-09-30,2.0093424320220947,2.0930651284088464,1.9854218245730193,1.9973822423605545,16688000
1988-10-03,1.9734615087509155,1.9973823455619353,1.8658181993533396,1.9973823455619353,14729000
1988-10-04,1.9375803470611572,2.0811046735789525,1.9136595119118627,1.9734613716591083,24344000
1988-10-05,1.961501121520996,1.9973823773078132,1.9016992566689779,1.937580512455795,15934000
1988-10-06,1.9734615087509155,2.0093425358414385,1.9256200632548826,1.9615010903454055,3686000
1988-10-07,1.8897390365600586,1.9854220474105067,1.8658183123631993,1.973461628280572,11260000
1988-10-10,1.8658181428909302,1.9016991688956406,1.8060162807990798,1.8897388649150704,7092000
1988-10-11,1.9375803470611572,1.961500954084461,1.8418972345899696,1.8658180697392643,8709000
1988-10-12,1.8777787685394287,1.9375807549385,1.8658184625100298,1.9375807549385,4274000
1988-10-13,1.8897390365600586,1.925620179886853,1.8538578932332643,1.8777786174301239,2684000
1988-10-14,1.997382402420044,2.0093425930400097,1.9256201180701837,1.9256201180701837,14197000
1988-10-17,1.9734615087509155,2.0093425358414385,1.9615010903454055,1.9973823455619353,5664000
1988-10-18,1.9854222536087036,1.9973826739808012,1.925620379874261,1.9734618332366063,2804000
1988-10-19,1.9854222536087036,2.0213032865989518,1.9734618332366063,1.9854222536087036,7092000
1988-10-20,2.0691440105438232,2.0930648428554135,1.99738196986098,1.99738196986098,8516000
1988-10-21,1.961501121520996,2.069144432629427,1.9256200938601893,2.069144432629427,15503000
1988-10-24,1.9256200790405273,1.97346152492875,1.9136596605369696,1.9615011064251922,10226000
1988-10-25,1.9136595726013184,1.9495405983371938,1.9016991546473605,1.9256199905552762,5748000
1988-10-26,1.8658181428909302,1.9256200049827805,1.82993700282322,1.9136595869392106,5172000
1988-10-27,1.8418973684310913,1.865818205318589,1.7820955043383546,1.865818205318589,9567000
1988-10-28,1.7940559387207031,1.8538578033447266,1.7581747971336883,1.84189738479472,8556000
1988-10-31,1.817976474761963,1.817976474761963,1.746214313032342,1.7940557541854225,5785000
1988-11-01,1.806016445159912,1.841897474430061,1.7940560260278555,1.8179767502289583,3986000
1988-11-02,1.7342537641525269,1.8060160345012735,1.6864123266286855,1.8060160345012735,6906000
1988-11-03,1.6864123344421387,1.734253772187638,1.6266104802287717,1.734253772187638,13176000
1988-11-04,1.6864123344421387,1.7103330533148884,1.6505311991015215,1.6864123344421387,8223000
1988-11-07,1.6744519472122192,1.68641236388893,1.650531227921785,1.68641236388893,2792000
1988-11-08,1.7342537641525269,1.7581744829144477,1.6864123266286855,1.6864123266286855,2729000
1988-11-09,1.7462143898010254,1.7581746935836091,1.6983728324816971,1.734253971955444,4625000
1988-11-10,1.710332989692688,1.7581744256585472,1.6983725736697328,1.7462141236985729,2509000
1988-11-11,1.6505314111709595,1.7103332730680014,1.6266106892247427,1.7103332730680014,4414000
1988-11-14,1.6624915599822998,1.6864123937594175,1.638570840268171,1.6505312571567299,3114000
1988-11-15,1.5907294750213623,1.674452054956593,1.5787690575750462,1.662491637510277,5019000
1988-11-16,1.6146501302719116,1.6266105472324548,1.5907294104138145,1.5907294104138145,4550000
1988-11-17,1.626610517501831,1.6505312369227134,1.6146501007598961,1.6146501007598961,3273000
1988-11-18,1.5668084621429443,1.6266103101016371,1.5548480469260164,1.6266103101016371,6270000
1988-11-21,1.4950464963912964,1.5189672175209579,1.4711257752616347,1.5189672175209579,7985000
1988-11-22,1.4472051858901978,1.4950466325051603,1.4113240438974726,1.4950466325051603,9255000
1988-11-23,1.5189669132232666,1.5309273284235412,1.4472047642105372,1.4472047642105372,3840000
1988-11-25,1.4950464963912964,1.507006913987625,1.459165357665306,1.507006913987625,1613000
1988-11-28,1.4472051858901978,1.5309277744978855,1.435244767204954,1.4950466325051603,4890000
1988-11-29,1.4472051858901978,1.4591654905124354,1.3874033205899914,1.4472051858901978,16306000
1988-11-30,1.4830862283706665,1.5070070659758443,1.4352447812863254,1.4472052000889142,5641000
1988-12-01,1.5189669132232666,1.5787687610986942,1.4711254805481135,1.4830857816854155,4203000
1988-12-02,1.5668084621429443,1.6026894796677817,1.5309273305551339,1.5309273305551339,6334000
1988-12-05,1.4950464963912964,1.6026897985062714,1.4950464963912964,1.5668087738432768,4748000
1988-12-06,1.4830862283706665,1.518967370715426,1.4472052000889142,1.4950466471732555,4943000
1988-12-07,1.471125841140747,1.4950465633416126,1.4591654230088138,1.4830861452096795,2853000
1988-12-08,1.471125841140747,1.4950465633416126,1.4591654230088138,1.471125841140747,1830000
1988-12-09,1.4352449178695679,1.4711260636289105,1.411324192051012,1.4711260636289105,7381000
1988-12-12,1.4232842922210693,1.4472051286453573,1.3874032657106403,1.4352447104332133,5488000
1988-12-13,1.4352449178695679,1.4472053378103547,1.399363772110225,1.4232844979287809,6571000
1988-12-14,1.4232842922210693,1.5070069915800746,1.4232842922210693,1.4352447104332133,13527000
1988-12-15,1.4950464963912964,1.5189672175209579,1.4352446365356446,1.4352446365356446,12290000
1988-12-16,1.5189669132232666,1.5548480447611177,1.4830857816854155,1.49504619688569,5157000
1988-12-19,1.5668084621429443,1.590729178513827,1.5309273305551339,1.5309273305551339,7181000
1988-12-20,1.5070070028305054,1.590729588751533,1.495046584529072,1.5668088662116684,3938000
1988-12-21,1.4950464963912964,1.5189672175209579,1.4830860787949678,1.507006913987625,2059000
1988-12-22,1.4830862283706665,1.5070070659758443,1.4711259236310847,1.4950466471732555,2547000
1988-12-23,1.5070070028305054,1.5189673070689367,1.4830861662276384,1.4830861662276384,2962000
1988-12-27,1.4830862283706665,1.518967370715426,1.4830862283706665,1.5070070659758443,1890000
1988-12-28,1.4830862283706665,1.4950466471732555,1.459165504828496,1.4830862283706665,4035000
1988-12-29,1.530928134918213,1.5428884423562181,1.4711262555390876,1.483086562977093,4311000
1988-12-30,1.5070070028305054,1.5548484479102347,1.4830861662276384,1.5309277253703701,4948000
1989-01-03,1.5070070028305054,1.5070070028305054,1.4711258619892071,1.5070070028305054,3370000
1989-01-04,1.5668084621429443,1.5787687632968992,1.4950461989673236,1.5070066141842513,4891000
1989-01-05,1.6026897430419922,1.6266105774068211,1.5548483024383175,1.566808719620732,4689000
1989-01-06,1.6026897430419922,1.6744520180104958,1.5907294399225693,1.6026897430419922,6467000
1989-01-09,1.5668084621429443,1.6146498948847094,1.5309273305551339,1.6026894796677817,3423000
1989-01-10,1.542887806892395,1.5548482234673382,1.5309275043804378,1.5548482234673382,2512000
1989-01-11,1.542887806892395,1.5548482234673382,1.5189670878054948,1.542887806892395,2383000
1989-01-12,1.5787687301635742,1.590729145129491,1.5428875993287945,1.5428875993287945,4054000
1989-01-13,1.5668084621429443,1.590729178513827,1.5548480469260164,1.5787687632968992,1190000
1989-01-16,1.5189669132232666,1.5668084599613923,1.5070066120859646,1.5668084599613923,3259000
1989-01-17,1.4472051858901978,1.5070070511904041,1.4232843485197104,1.5070070511904041,6499000
1989-01-18,1.4591654539108276,1.4711258722960572,1.3993635901106871,1.4472051495886016,5002000
1989-01-19,1.4830862283706665,1.5070070659758443,1.4711259236310847,1.4711259236310847,4155000
1989-01-20,1.4950464963912964,1.5189672175209579,1.4830860787949678,1.4830860787949678,2483000
1989-01-23,1.4830862283706665,1.5070070659758443,1.4711259236310847,1.4950466471732555,2333000
1989-01-24,1.5189669132232666,1.5548480447611177,1.4711254805481135,1.4830857816854155,3027000
1989-01-25,1.5548484325408936,1.5548484325408936,1.5070069879340666,1.5189672920542727,3078000
1989-01-26,1.5787687301635742,1.6026894460324372,1.5428875993287945,1.5548480142947112,8940000
1989-01-27,1.6026897430419922,1.6026897430419922,1.5548483024383175,1.578769022740155,5722000
1989-01-30,1.6864123344421387,1.698372636847021,1.5907293448881548,1.6026896472930372,11688000
1989-01-31,1.7342537641525269,1.7462141805649793,1.6864123266286855,1.6864123266286855,10682000
1989-02-01,1.6864123344421387,1.7462141886555054,1.6744519179742714,1.734253772187638,3874000
1989-02-02,1.6744519472122192,1.6983726665026535,1.650531227921785,1.68641236388893,3531000
1989-02-03,1.6864123344421387,1.698372636847021,1.6505311991015215,1.6744519179742714,2374000
1989-02-06,1.6864123344421387,1.7103330533148884,1.6744519179742714,1.6864123344421387,1354000
1989-02-07,1.710332989692688,1.7462141236985729,1.6744518556868033,1.6864122717097583,3990000
1989-02-08,1.6864123344421387,1.7462141886555054,1.6744519179742714,1.7103330533148884,3624000
1989-02-09,1.710332989692688,1.7222932916526625,1.6505311377038736,1.6864122717097583,4252000
1989-02-10,1.7701354026794434,1.8179768538073944,1.6864128061740205,1.710333531737996,8078000
1989-02-13,1.817976474761963,1.85385761265827,1.746214313032342,1.7701350336088821,7799000
1989-02-14,1.7701354026794434,1.853857999184866,1.7581749828659472,1.8179768538073944,5647000
1989-02-15,1.7701354026794434,1.7701354026794434,1.7342542573019715,1.7701354026794434,2635000
1989-02-16,1.7581748962402344,1.78209562062563,1.7342541718548388,1.7701353154644377,3728000
1989-02-17,1.8538576364517212,1.8538576364517212,1.7581746388545174,1.7581746388545174,9010000
1989-02-21,1.8777787685394287,1.9016994946612455,1.8418976223251935,1.8538580424176117,6523000
1989-02-22,1.9016990661621094,1.9136594835595542,1.8658180420957629,1.8777783454302137,8050000
1989-02-23,1.9256200790405273,1.9375804975440851,1.8897389375928584,1.9016992420334118,5690000
1989-02-24,1.9256200790405273,1.9375804975440851,1.865818214648747,1.9256200790405273,5755000
1989-02-27,1.9256200790405273,1.9495406879216344,1.9016992420334118,1.9256200790405273,3229000
1989-02-28,1.8658181428909302,1.9375804230263507,1.8538577248473602,1.9256200049827805,8277000
1989-03-01,1.806016445159912,1.8897390368952767,1.7940560260278555,1.8658183126941739,6826000
1989-03-02,1.8658181428909302,1.8777784468715004,1.78209544471194,1.8060162807990798,5575000
1989-03-03,1.8658181428909302,1.8897388649150704,1.8538577248473602,1.8658181428909302,3672000
1989-03-06,1.8418973684310913,1.889738928143083,1.8418973684310913,1.865818205318589,1282000
1989-03-07,1.7940559387207031,1.8538578033447266,1.7701352156836947,1.84189738479472,2704000
1989-03-08,1.817976474761963,1.85385761265827,1.782095336865656,1.7940557541854225,3804000
1989-03-09,1.806016445159912,1.8299371693610147,1.7940560260278555,1.8179767502289583,2870000
1989-03-10,1.7820955514907837,1.817976693708405,1.7820955514907837,1.8060163890112024,2617000
1989-03-13,1.7462143898010254,1.7701351114291906,1.7103332503272788,1.7701351114291906,3353000
1989-03-14,1.7581748962402344,1.7701353154644377,1.7342541718548388,1.746214591079042,3546000
1989-03-15,1.7342537641525269,1.7701348993269002,1.7222933477400744,1.7581744829144477,3088000
1989-03-16,1.7222936153411865,1.746214451882788,1.6983728928625872,1.7342540336119872,3515000
1989-03-17,1.6744519472122192,1.7103330831793642,1.650531227921785,1.7103330831793642,2839000
1989-03-20,1.6744519472122192,1.6983726665026535,1.650531227921785,1.6744519472122192,2433000
1989-03-21,1.6983729600906372,1.7103333788348767,1.6744522366651646,1.6744522366651646,4093000
1989-03-22,1.6864123344421387,1.7222933557197708,1.6744519179742714,1.698372636847021,1822000
1989-03-23,1.710332989692688,1.7222932916526625,1.6744518556868033,1.6864122717097583,2449000
1989-03-27,1.7701354026794434,1.7940561282434189,1.7222938374884753,1.7222938374884753,3034000
1989-03-28,1.806016445159912,1.8299371693610147,1.7940560260278555,1.7940560260278555,2124000
1989-03-29,1.7940559387207031,1.8179766617577116,1.7701352156836947,1.8060163572707097,1714000
1989-03-30,1.806016445159912,1.806016445159912,1.770135301826753,1.7940560260278555,1990000
1989-03-31,1.8538576364517212,1.8777783573352735,1.7940557772113432,1.8060161946846165,2664000
1989-04-03,1.8658181428909302,1.8897388649150704,1.82993700282322,1.8538577248473602,2201000
1989-04-04,1.806016445159912,1.8538578935621175,1.7940560260278555,1.8538578935621175,1467000
1989-04-05,1.7940559387207031,1.8299370803077182,1.7701352156836947,1.8060163572707097,2036000
1989-04-06,1.7701354026794434,1.7820957084299227,1.7462146771154676,1.7820957084299227,1392000
1989-04-07,1.7701354026794434,1.8179768538073944,1.7581749828659472,1.7701354026794434,2051000
1989-04-10,1.6983729600906372,1.7940559678555337,1.686412655409404,1.770135244430061,1796000
1989-04-11,1.7342537641525269,1.7462141805649793,1.710333045390606,1.710333045390606,2188000
1989-04-12,1.7462143898010254,1.7940558330573557,1.734253971955444,1.734253971955444,1248000
1989-04-13,1.7222936153411865,1.7701351743613873,1.7222936153411865,1.746214451882788,1728000
1989-04-14,1.7820955514907837,1.794055970250993,1.7462145233361692,1.7462145233361692,2091000
1989-04-17,1.806016445159912,1.8179767502289583,1.770135301826753,1.7820956068957992,1137000
1989-04-18,1.8418973684310913,1.865818205318589,1.8179766456065973,1.8179766456065973,4134000
1989-04-19,1.8418973684310913,1.8418973684310913,1.8060163412258523,1.8418973684310913,1856000
1989-04-20,1.817976474761963,1.8418971953385033,1.7701350336088821,1.8418971953385033,2313000
1989-04-21,1.8897390365600586,1.9136597607569181,1.8060164448395455,1.81797674990647,3974000
1989-04-24,1.9256200790405273,1.97346152492875,1.8897389375928584,1.8897389375928584,5308000
1989-04-25,1.9136595726013184,1.9615010162911517,1.9016991546473605,1.9256199905552762,6161000
1989-04-26,1.8658181428909302,1.9256200049827805,1.8418973068037903,1.9136595869392106,2685000
1989-04-27,1.961501121520996,1.9734615401166018,1.865818229008171,1.865818229008171,17500000
1989-04-28,2.0332629680633545,2.0332629680633545,1.9495402840103613,1.9615007000359261,20584000
1989-05-01,2.128946542739868,2.1528673826868028,2.009342799257268,2.0332636392042027,21237000
1989-05-02,2.176788568496704,2.188748762244452,2.1289468810014225,2.1289468810014225,17819000
1989-05-03,2.140906810760498,2.2246295165064365,2.105025781512822,2.1767880681341945,15170000
1989-05-04,2.176788568496704,2.188748762244452,2.1289468810014225,2.140907302875243,6518000
1989-05-05,2.176788568496704,2.2485506434874813,2.1648281466228836,2.176788568496704,12579000
1989-05-08,2.2126684188842773,2.2246288343412743,2.152866569725243,2.176787400639237,5304000
1989-05-09,2.176788568496704,2.212669605992093,2.1648281466228836,2.212669605992093,4691000
1989-05-10,2.152866840362549,2.212668697039286,2.1050254006463547,2.176787674283635,3289000
1989-05-11,2.2007083892822266,2.2007083892822266,2.1289461120839603,2.1528669471920456,3702000
1989-05-12,2.320312023162842,2.3322724402766366,2.2246291425044498,2.2246291425044498,11837000
1989-05-15,2.3801138401031494,2.4159950908339374,2.3322724005880766,2.3322724005880766,8312000
1989-05-16,2.260509967803955,2.3561930682109247,2.2365893637966843,2.344232652144308,13135000
1989-05-17,2.320312023162842,2.3801138806058324,2.260510165719851,2.2844309999474404,8472000
1989-05-18,2.308351755142212,2.344233008801115,2.296391565381908,2.344233008801115,4793000
1989-05-19,2.308351755142212,2.380114034334021,2.308351755142212,2.320312173028513,6997000
1989-05-22,2.4040353298187256,2.4279559420395542,2.320312616730724,2.332273036904159,9037000
1989-05-23,2.4040353298187256,2.4279559420395542,2.3801144894718567,2.41599574999216,9791000
1989-05-24,2.3801138401031494,2.404034673923675,2.356193234408602,2.392074257013412,3297000
1989-05-25,2.308351755142212,2.404034870106623,2.284431147495607,2.36815361644772,4443000
1989-05-26,2.3801138401031494,2.392074257013412,2.2844309610730043,2.3083515667675516,4433000
1989-05-30,2.320312023162842,2.4040347148334216,2.3083516060490474,2.392074297719627,2760000
1989-05-31,2.3442327976226807,2.368153403114416,2.308351547196113,2.320311964004969,2776000
1989-06-01,2.3920743465423584,2.4040347639002673,2.3442329052367086,2.3442329052367086,2789000
1989-06-02,2.332272529602051,2.4040348069073123,2.3203121120301757,2.392074389335437,3971000
1989-06-05,2.2485499382019043,2.344233055054199,2.2485499382019043,2.3322726369319122,3879000
1989-06-06,2.2007083892822266,2.272470666480493,2.1767877823001314,2.236589641944355,6526000
1989-06-07,2.2365899085998535,2.248550099453849,2.2126690706398264,2.22462948961984,4446000
1989-06-08,2.308351755142212,2.344233008801115,2.2365897040764,2.2365897040764,5568000
1989-06-09,2.4040353298187256,2.41599574999216,2.284431584336461,2.284431584336461,9041000
1989-06-12,2.4399161338806152,2.4638369719889233,2.404035104844173,2.4159955238983266,7035000
1989-06-13,2.3681530952453613,2.3920739257532726,2.3322720776094408,2.380113510499317,3244000
1989-06-14,2.3561928272247314,2.4159946733154514,2.3442324123813996,2.3920738436287876,2005000
1989-06-15,2.2365899085998535,2.3801142519819614,2.22462948961984,2.3801142519819614,5796000
1989-06-16,2.2126684188842773,2.284430683500309,2.152866569725243,2.1887475879702833,5289000
1989-06-19,2.140906810760498,2.212669097381871,2.093065362388256,2.212669097381871,9343000
1989-06-20,2.0093424320220947,2.164827407008063,2.0093424320220947,2.1409065714329927,4833000
1989-06-21,2.0452239513397217,2.1050258199278655,1.9854220827515778,1.9973825020944116,4722000
1989-06-22,2.0452239513397217,2.081104981242198,2.021303112654054,2.0452239513397217,1517000
1989-06-23,2.11698579788208,2.1289459866052063,2.0811045473347702,2.0811045473347702,4204000
1989-06-26,2.128946542739868,2.1528673826868028,2.116986350892437,2.128946542739868,3200000
1989-06-27,2.0452239513397217,2.176788107858843,2.033263531996888,2.140906849830342,3489000
1989-06-28,1.9136595726013184,2.009342459980985,1.9016991546473605,1.9973822701530253,11655000
1989-06-29,1.7940559387207031,1.91365966796875,1.7701352156836947,1.9016992494187435,12001000
1989-06-30,1.7701354026794434,1.7940561282434189,1.6744523863605243,1.7701354026794434,9602000
1989-07-03,1.7701354026794434,1.7820957084299227,1.7222938374884753,1.7701354026794434,2115000
1989-07-05,1.7581748962402344,1.78209562062563,1.746214591079042,1.78209562062563,5376000
1989-07-06,1.7462143898010254,1.7701351114291906,1.6983728324816971,1.7581746935836091,7211000
1989-07-07,1.7581748962402344,1.78209562062563,1.746214591079042,1.746214591079042,3835000
1989-07-10,1.7701354026794434,1.8179768538073944,1.7581749828659472,1.7701354026794434,4259000
1989-07-11,1.6983729600906372,1.7940559678555337,1.686412655409404,1.782095549111294,3131000
1989-07-12,1.6983729600906372,1.7222936835161096,1.6505315132396923,1.686412655409404,2793000
1989-07-13,1.6864123344421387,1.734253772187638,1.662491501506404,1.698372636847021,5907000
1989-07-14,1.5787687301635742,1.7103328385367764,1.5309272984258482,1.7103328385367764,11989000
1989-07-17,1.4472051858901978,1.5428880791201232,1.4113240438974726,1.5428880791201232,26337000
1989-07-18,1.3634825944900513,1.423284464670545,1.2917204187112679,1.423284464670545,16071000
1989-07-19,1.4472051858901978,1.4591654905124354,1.3754429019047476,1.399363625212229,10937000
1989-07-20,1.4591654539108276,1.5189673177109682,1.4472051495886016,1.4472051495886016,8357000
1989-07-21,1.4232842922210693,1.471125851006644,1.4232842922210693,1.471125851006644,2484000
1989-07-24,1.4232842922210693,1.4352447104332133,1.375442847498496,1.4113239880719268,2244000
1989-07-25,1.3993632793426514,1.4711255455911885,1.387402977676547,1.43524441246692,3010000
1989-07-26,1.3754429817199707,1.4113241257948335,1.3395618376451082,1.4113241257948335,5529000
1989-07-27,1.3993632793426514,1.4113236950717334,1.3395614288231963,1.387402977676547,2731000
1989-07-28,1.3754429817199707,1.3993637064155415,1.3515222570243999,1.3993637064155415,2795000
1989-07-31,1.2797597646713257,1.3874031797199198,1.2558390437926363,1.375442762249078,7105000
1989-08-01,1.3515222072601318,1.3634825121360217,1.207997750308394,1.291720340691657,15397000
1989-08-02,1.4232842922210693,1.4352447104332133,1.3156409845637789,1.327601402775923,4630000
1989-08-03,1.471125841140747,1.4830861452096795,1.423284282676015,1.435244700807948,3687000
1989-08-04,1.542887806892395,1.5548482234673382,1.4352445139698506,1.4472049305447938,6314000
1989-08-07,1.4232842922210693,1.5787691586639345,1.4113239880719268,1.5668088545147918,6811000
1989-08-08,1.4232842922210693,1.4352447104332133,1.3993635698597828,1.4352447104332133,2030000
1989-08-09,1.3874030113220215,1.4113237292973018,1.3634821792837606,1.3993633132781713,3914000
1989-08-10,1.3874030113220215,1.4113237292973018,1.3634821792837606,1.3874030113220215,1910000
1989-08-11,1.4113237857818604,1.4352445047145053,1.3874030668492157,1.4113237857818604,1908000
1989-08-14,1.3874030113220215,1.3993633132781713,1.375442595302891,1.3993633132781713,1824000
1989-08-15,1.3874030113220215,1.3993633132781713,1.3515218773276108,1.3874030113220215,2281000
1989-08-16,1.3754429817199707,1.4352448504904043,1.363482562340679,1.3874034010992624,2884000
1989-08-17,1.3754429817199707,1.3874034010992624,1.3395618376451082,1.3874034010992624,3051000
1989-08-18,1.3754429817199707,1.3874034010992624,1.363482562340679,1.3754429817199707,2258000
1989-08-21,1.3515222072601318,1.3874033500138183,1.3395617883212334,1.3874033500138183,2702000
1989-08-22,1.3515222072601318,1.37544293107492,1.3395617883212334,1.3395617883212334,1898000
1989-08-23,1.4113237857818604,1.4352445047145053,1.363482233853586,1.3754426503514008,2873000
1989-08-24,1.3395617008209229,1.423284285735418,1.2677995340640704,1.4113239816407763,13287000
1989-08-25,1.3395617008209229,1.363482423073207,1.2917202563163546,1.3036805604109962,5137000
1989-08-28,1.4113237857818604,1.4113237857818604,1.3156407959882963,1.3276012124861114,5835000
1989-08-29,1.3515222072601318,1.4113240738286066,1.3276014834453436,1.4113240738286066,6481000
1989-08-30,1.3634825944900513,1.3634825944900513,1.3276015636321672,1.3395618692304567,5599000
1989-08-31,1.3754429817199707,1.3993637064155415,1.3515222570243999,1.363482562340679,5014000
1989-09-01,1.3515222072601318,1.37544293107492,1.3156410645064451,1.37544293107492,5743000
1989-09-05,1.3634825944900513,1.3993637394109506,1.3395618692304567,1.3515222888917617,2086000
1989-09-06,1.3874030113220215,1.3993633132781713,1.3634821792837606,1.375442595302891,3452000
1989-09-07,1.3754429817199707,1.4352448504904043,1.363482562340679,1.3993637064155415,4337000
1989-09-08,1.3993632793426514,1.4113236950717334,1.3754425619474648,1.387402977676547,5527000
1989-09-11,1.4352449178695679,1.4591656436881237,1.411324192051012,1.411324192051012,5467000
1989-09-12,1.4232842922210693,1.471125851006644,1.4232842922210693,1.4352447104332133,4143000
1989-09-13,1.3634825944900513,1.4472053039931547,1.3634825944900513,1.423284464670545,6014000
1989-09-14,1.3515222072601318,1.37544293107492,1.3515222072601318,1.37544293107492,2343000
1989-09-15,1.3874030113220215,1.3993633132781713,1.3515218773276108,1.375442595302891,4895000
1989-09-18,1.3515222072601318,1.3874033500138183,1.3395617883212334,1.3874033500138183,3616000
1989-09-19,1.3276011943817139,1.3634822152598816,1.3036803617122905,1.3156407780470023,3593000
1989-09-20,1.2438788414001465,1.315641130507584,1.2079978109094418,1.303680710968673,26772000
1989-09-21,1.2438788414001465,1.2438788414001465,1.2199581163853388,1.2319185359242497,3864000
1989-09-22,1.2319183349609375,1.2438786384857454,1.219957917373134,1.219957917373134,3140000
1989-09-25,1.2677996158599854,1.291720339655587,1.1840769114808667,1.2079977493394767,5137000
1989-09-26,1.2438788414001465,1.2797599859538653,1.2319185359242497,1.2677996804779685,2117000
1989-09-27,1.2319183349609375,1.2558390560735488,1.1960371962605227,1.219957917373134,5485000
1989-09-28,1.2438788414001465,1.2558392609390574,1.2199581163853388,1.2319185359242497,2319000
1989-09-29,1.2438788414001465,1.2438788414001465,1.2199581163853388,1.2319185359242497,1288000
1989-10-02,1.2199580669403076,1.243878790985606,1.2199580669403076,1.2199580669403076,2269000
1989-10-03,1.2319183349609375,1.2438786384857454,1.2079976138483262,1.2319183349609375,2754000
1989-10-04,1.2079975605010986,1.2319182805573303,1.1960371434414876,1.2319182805573303,2461000
1989-10-05,1.2319183349609375,1.2438786384857454,1.1960371962605227,1.1960371962605227,3431000
1989-10-06,1.2319183349609375,1.2558390560735488,1.219957917373134,1.2558390560735488,2384000
1989-10-09,1.2079975605010986,1.2319182805573303,1.1840767263818763,1.2319182805573303,1293000
1989-10-10,1.1960371732711792,1.2319183112819132,1.1960371732711792,1.219957893924004,2447000
1989-10-11,1.1960371732711792,1.2079975906290883,1.1721164526183543,1.2079975906290883,3768000
1989-10-12,1.1721163988113403,1.196037118366064,1.1601559820024845,1.196037118366064,5483000
1989-10-13,1.1362351179122925,1.1840765509360416,1.1003539861129938,1.1840765509360416,4198000
1989-10-16,1.1481961011886597,1.1481961011886597,1.0405526525417685,1.100354530435698,9051000
1989-10-17,1.1242749691009521,1.1481958053455261,1.1003542469193788,1.1362353872232391,2798000
1989-10-18,1.1242749691009521,1.1481958053455261,1.0883939428600926,1.1123146650416658,2750000
1989-10-19,1.1242749691009521,1.1481958053455261,1.1242749691009521,1.1362353872232391,1920000
1989-10-20,1.1123147010803223,1.1362354240369197,1.1003542825705213,1.1362354240369197,1812000
1989-10-23,1.1003541946411133,1.1362353332402464,1.0883938911500657,1.1242749156862035,2529000
1989-10-24,1.088394284248352,1.1003545920591362,1.0764338623745315,1.088394284248352,1475000
1989-10-25,1.0764334201812744,1.1003541400393715,1.064473003220731,1.1003541400393715,1369000
1989-10-26,1.0405522584915161,1.0764333944525313,1.0285919558798358,1.0644729777778639,2175000
1989-10-27,0.9927111268043518,1.0644733068478698,0.9329092530699092,1.0525130005387944,4749000
1989-10-30,0.980750560760498,1.0046712838887044,0.9687902562278975,0.980750560760498,4022000
1989-10-31,1.0046712160110474,1.0166316337985826,0.9807504944989743,0.9807504944989743,3425000
1989-11-01,0.9927111268043518,1.040552580166697,0.9807507064322545,1.0046714331134272,3445000
1989-11-02,0.9687901735305786,0.9927108946168779,0.9568297559559313,0.9807504770422305,2519000
1989-11-03,0.9568297863006592,0.9927109260995337,0.9568297863006592,0.968790204254617,1832000
1989-11-06,0.9209486842155457,0.9687902439275373,0.9209486842155457,0.9568298254837885,2037000
1989-11-07,1.0046712160110474,1.0046712160110474,0.9448694122308647,0.9568297729869013,4240000
1989-11-08,1.0166314840316772,1.0883937520591056,0.992710766043528,1.0525126180453914,6161000
1989-11-09,1.088394284248352,1.1003545920591362,1.0285924030053226,1.0285924030053226,9666000
1989-11-10,1.160156011581421,1.2438785891890096,1.0883938510876268,1.0883938510876268,10968000
1989-11-13,1.1481961011886597,1.1960375578785913,1.1362356799846618,1.1840771366745935,3775000
1989-11-14,1.1003541946411133,1.1481957507942893,1.0883938911500657,1.1481957507942893,2993000
1989-11-15,1.1003541946411133,1.1242749156862035,1.0883938911500657,1.1003541946411133,903000
1989-11-16,1.064473271369934,1.124275143111234,1.0285922395755687,1.1123148372007852,6078000
1989-11-17,0.980750560760498,1.0405524256125163,0.9568298376322918,1.0285921210799158,4630000
1989-11-20,1.0046712160110474,1.0046712160110474,0.9687901907744365,0.9927109122865097,3741000
1989-11-21,0.9687901735305786,1.016631615703177,0.9329090348696322,1.0046711981285297,3274000
1989-11-22,0.980750560760498,0.9927109793561038,0.9568298376322918,0.9687902562278975,5386000
1989-11-24,0.9927111268043518,1.0046714331134272,0.9807507064322545,0.9927111268043518,1836000
1989-11-27,0.980750560760498,1.0046712838887044,0.9687902562278975,0.9927109793561038,3368000
1989-11-28,0.9687901735305786,0.9807504770422305,0.9448693954127817,0.9807504770422305,2348000
1989-11-29,0.9687901735305786,0.9687901735305786,0.9448693954127817,0.9448693954127817,2007000
1989-11-30,0.9568297863006592,0.968790204254617,0.9448694253782008,0.9568297863006592,1860000
1989-12-01,0.9209486842155457,0.9807505483082825,0.9209486842155457,0.9568298254837885,2139000
1989-12-04,0.9568297863006592,0.9807505081455758,0.9209486465017847,0.9448694253782008,3275000
1989-12-05,0.9687901735305786,0.9807504770422305,0.9448693954127817,0.9448693954127817,2921000
1989-12-06,0.9329090714454651,0.9687902115131753,0.9329090714454651,0.9568297934696053,2403000
1989-12-07,0.9329090714454651,0.9448694324575352,0.908988292389825,0.9448694324575352,3864000
1989-12-08,0.9568297863006592,0.9568297863006592,0.9329090644557425,0.9329090644557425,2872000
1989-12-11,0.9568297863006592,0.9568297863006592,0.9209486465017847,0.9329090644557425,3182000
1989-12-12,0.9568297863006592,0.968790204254617,0.9448694253782008,0.9568297863006592,2821000
1989-12-13,1.0046712160110474,1.0046712160110474,0.9448694122308647,0.9448694122308647,4235000
1989-12-14,0.9568297863006592,1.0046712299904925,0.9448694253782008,0.9807505081455758,9744000
1989-12-15,0.9209486842155457,0.9568298254837885,0.9089883228032987,0.9448694640715415,4707000
1989-12-18,0.9089882373809814,0.9448693752772885,0.8850675168044411,0.9209485976692516,6553000
1989-12-19,0.8970279693603516,0.9329091109473666,0.8970279693603516,0.9089883308788558,4196000
1989-12-20,0.9209486842155457,0.9209486842155457,0.8970279613910517,0.9089883228032987,2102000
1989-12-21,0.9448695182800293,0.9568298803784591,0.8970280128548054,0.908988374953235,5770000
1989-12-22,0.9687901735305786,0.9807504770422305,0.9448693954127817,0.9448693954127817,4630000
1989-12-26,0.980750560760498,0.9927109793561038,0.9568298376322918,0.9687902562278975,1444000
1989-12-27,0.980750560760498,1.0285921210799158,0.9687902562278975,0.980750560760498,4454000
1989-12-28,0.9448695182800293,0.9807506045753185,0.9329091561815996,0.9687902995083939,1887000
1989-12-29,0.9329090714454651,0.9448694324575352,0.9209486534018951,0.9329090714454651,3530000
1990-01-02,0.9568297863006592,0.9568297863006592,0.9089882855793263,0.9209486465017847,1589000
1990-01-03,0.980750560760498,0.9927109793561038,0.9448694760681886,0.9448694760681886,2963000
1990-01-04,0.9687901735305786,0.9927108946168779,0.9329090348696322,0.9927108946168779,1426000
1990-01-05,0.9448695182800293,0.9807506045753185,0.9448695182800293,0.9687902995083939,1507000
1990-01-08,0.9329090714454651,0.9687902115131753,0.9329090714454651,0.9448694324575352,1270000
1990-01-09,0.9568297863006592,0.9807505081455758,0.9568297863006592,0.9568297863006592,3547000
1990-01-10,0.9448695182800293,0.9687902995083939,0.9209487370516648,0.9448695182800293,1494000
1990-01-11,0.9209486842155457,0.9448694640715415,0.9209486842155457,0.9329091026592945,904000
1990-01-12,0.8970279693603516,0.92094869239736,0.8731072463233431,0.8970279693603516,2284000
1990-01-15,0.8611468076705933,0.9209486708985928,0.8491864464312936,0.9209486708985928,2210000
1990-01-16,0.8731071949005127,0.8970279165286779,0.837226055426766,0.8491864162408486,1711000
1990-01-17,0.8611468076705933,0.873107225941394,0.8491864464312936,0.8611468076705933,1241000
1990-01-18,0.8731071949005127,0.8731071949005127,0.837226055426766,0.8611467770549311,1294000
1990-01-19,0.8731071949005127,0.8850675557145953,0.8611467770549311,0.8611467770549311,862000
1990-01-22,0.8013448715209961,0.8731071464894997,0.8013448715209961,0.8731071464894997,3784000
1990-01-23,0.7535035014152527,0.8133053647964156,0.7415430831138192,0.8133053647964156,4398000
1990-01-24,0.7774242162704468,0.7774242162704468,0.6937016311769989,0.7295827146321192,5765000
1990-01-25,0.7654640674591064,0.8013451608676717,0.7535037029895847,0.78938479639815,2959000
1990-01-26,0.7654640674591064,0.7774244319286282,0.7415432814885465,0.7535037029895847,1821000
1990-01-29,0.7415431141853333,0.7893846183011782,0.729582752414248,0.7654638947590076,2950000
1990-01-30,0.6817412972450256,0.7415431674255194,0.6697809346152284,0.7415431674255194,4804000
1990-01-31,0.7415431141853333,0.7535035329879222,0.6817412482984031,0.693701667100992,3430000
1990-02-01,0.8013448715209961,0.8133052887034106,0.7295826535839883,0.7535034309173215,3213000
1990-02-02,0.8611468076705933,0.873107225941394,0.8013449444425937,0.8013449444425937,3274000
1990-02-05,0.8850677013397217,0.9209487896856849,0.8491865559622499,0.8491865559622499,2589000
1990-02-06,0.8372259736061096,0.8850674692184717,0.8133052543156752,0.8731071095732545,1703000
1990-02-07,0.8611468076705933,0.873107225941394,0.8133053627133945,0.8133053627133945,2239000
1990-02-08,0.8491864800453186,0.8611468417580548,0.8372261183325823,0.8491864800453186,1508000
1990-02-09,0.8252657055854797,0.8611467885048051,0.8252657055854797,0.8491864275316967,2870000
1990-02-12,0.8252657055854797,0.8491864275316967,0.8133053446123714,0.8491864275316967,1518000
1990-02-13,0.8850677013397217,0.8970280641217094,0.8133054676162865,0.8133054676162865,4628000
1990-02-14,0.9209486842155457,0.9448694640715415,0.8850675999788047,0.8970279613910517,2649000
1990-02-15,0.9927111268043518,0.9927111268043518,0.9089884693572255,0.9209488326978119,2893000
1990-02-16,0.980750560760498,1.0046712838887044,0.9687902562278975,0.9927109793561038,3141000
1990-02-20,0.9448695182800293,0.9807506045753185,0.9448695182800293,0.9687902995083939,1377000
1990-02-21,0.980750560760498,1.0046712838887044,0.9089883343443766,0.9329091145040855,3578000
1990-02-22,1.064473271369934,1.064473271369934,0.9927110937181849,0.9927110937181849,7995000
1990-02-23,1.088394284248352,1.1003545920591362,1.0285924030053226,1.0405527108161066,5384000
1990-02-26,1.2438788414001465,1.2438788414001465,1.064473232694567,1.0764336522334779,7004000
1990-02-27,1.1960371732711792,1.279759752587563,1.1601560352604452,1.2677994492926472,7627000
1990-02-28,1.160156011581421,1.1960371488598136,1.136235291416823,1.1721164286952155,2533000
1990-03-01,1.160156011581421,1.160156011581421,1.1123145712522249,1.136235291416823,3895000
1990-03-02,1.1840765476226807,1.2079973781305922,1.1481955299867603,1.1601558311777427,2590000
1990-03-05,1.2079975605010986,1.2319182805573303,1.1840767263818763,1.1960371434414876,1997000
1990-03-06,1.2319183349609375,1.2319183349609375,1.1960371962605227,1.2079976138483262,2669000
1990-03-07,1.2079975605010986,1.2438785835539508,1.2079975605010986,1.219957863497719,1974000
1990-03-08,1.2079975605010986,1.2319182805573303,1.172116423385256,1.2079975605010986,2350000
1990-03-09,1.2438788414001465,1.2917204054927762,1.2319185359242497,1.2438788414001465,5547000
1990-03-12,1.2558389902114868,1.26779940717203,1.2319182703533897,1.2438785732509434,1620000
1990-03-13,1.2319183349609375,1.2797597771861602,1.219957917373134,1.2319183349609375,2468000
1990-03-14,1.2677996158599854,1.2677996158599854,1.2079977493394767,1.2558391969306801,2594000
1990-03-15,1.2199580669403076,1.243878790985606,1.1721166188497112,1.1960373428950093,4591000
1990-03-16,1.2677996158599854,1.279759920726282,1.2199580542057735,1.2199580542057735,8199000
1990-03-19,1.2558389902114868,1.26779940717203,1.2438785732509434,1.26779940717203,3112000
1990-03-20,1.2319183349609375,1.2677994736613523,1.2079976138483262,1.2558390560735488,1983000
1990-03-21,1.1960371732711792,1.219957893924004,1.18407675591327,1.219957893924004,2331000
1990-03-22,1.1721163988113403,1.20799753517492,1.1601559820024845,1.184076701557208,5140000
1990-03-23,1.160156011581421,1.184076731746019,1.136235291416823,1.1721164286952155,2565000
1990-03-26,1.1840765476226807,1.1960369628766363,1.1601558311777427,1.1721162464316983,2694000
1990-03-27,1.160156011581421,1.184076731746019,1.1481957085306174,1.160156011581421,811000
1990-03-28,1.2079975605010986,1.219957863497719,1.1481957033290242,1.1481957033290242,3341000
1990-03-29,1.1960371732711792,1.2079975906290883,1.1721164526183543,1.1960371732711792,2421000
1990-03-30,1.1721163988113403,1.184076701557208,1.1481956792566166,1.184076701557208,1625000
1990-04-02,1.088394284248352,1.1601564733021656,1.0644734405007112,1.1481961654913817,3281000
1990-04-03,1.1362351179122925,1.1481955331997165,1.0883936848885432,1.1003539861129938,1888000
1990-04-04,1.1003541946411133,1.1481957507942893,1.1003541946411133,1.1481957507942893,891000
1990-04-05,1.0764334201812744,1.1123145569999147,1.0764334201812744,1.1003541400393715,1112000
1990-04-06,1.064473271369934,1.0883941113168687,1.052512965459485,1.0883941113168687,1142000
1990-04-09,1.088394284248352,1.1123150139329567,1.0644734405007112,1.0644734405007112,1251000
1990-04-10,1.1242749691009521,1.1362353872232391,1.0883939428600926,1.1003542469193788,1911000
1990-04-11,1.1362351179122925,1.160155834424167,1.1242747026248683,1.1242747026248683,2392000
1990-04-12,1.1481961011886597,1.1840771366745935,1.1362356799846618,1.1601564083296276,2505000
1990-04-16,1.160156011581421,1.184076731746019,1.1481957085306174,1.1721164286952155,2949000
1990-04-17,1.1362351179122925,1.160155834424167,1.1123144014004178,1.160155834424167,1136000
1990-04-18,1.1003541946411133,1.1481957507942893,1.1003541946411133,1.1242749156862035,1072000
1990-04-19,1.1242749691009521,1.1362353872232391,1.0883939428600926,1.1003542469193788,1777000
1990-04-20,1.1481961011886597,1.1960375578785913,1.124275258780664,1.1601564083296276,4740000
1990-04-23,1.1123147010803223,1.1481958425467207,1.1123147010803223,1.1362354240369197,1230000
1990-04-24,1.1123147010803223,1.1481958425467207,1.1123147010803223,1.124275005527119,1300000
1990-04-25,1.088394284248352,1.1362357436175612,1.052513132689927,1.1362357436175612,3447000
1990-04-26,1.1481961011886597,1.1601564083296276,1.0883942232947301,1.0883942232947301,3693000
1990-04-27,1.1481961011886597,1.1721168295336255,1.100354530435698,1.1362356799846618,4420000
1990-04-30,1.1721163988113403,1.184076701557208,1.1362352624477607,1.1601559820024845,2494000
1990-05-01,1.1960371732711792,1.219957893924004,1.1601560352604452,1.1721164526183543,6020000
1990-05-02,1.2558389902114868,1.2558389902114868,1.1840767165742059,1.2199578533928463,4982000
1990-05-03,1.2438788414001465,1.2917204054927762,1.2319185359242497,1.2438788414001465,8149000
1990-05-04,1.2677996158599854,1.279759920726282,1.2319184731350785,1.2677996158599854,8757000
1990-05-07,1.2917203903198242,1.3156411150536516,1.2677996655859967,1.279759970921404,6900000
1990-05-08,1.3276011943817139,1.3515219129881535,1.2677993408341228,1.2917200594405625,7354000
1990-05-09,1.3036803007125854,1.3395614339748447,1.2797595832254054,1.3276011322627437,2872000
1990-05-10,1.3276011943817139,1.3276011943817139,1.3036803617122905,1.3036803617122905,3988000
1990-05-11,1.3754429817199707,1.3754429817199707,1.327601532328829,1.3515222570243999,8804000
1990-05-14,1.3754429817199707,1.3993637064155415,1.3515222570243999,1.3874034010992624,7964000
1990-05-15,1.4113237857818604,1.4232840882166902,1.3395615149209412,1.351521931418756,10338000
1990-05-16,1.471125841140747,1.471125841140747,1.3993635604751493,1.4113239786070826,12742000
1990-05-17,1.530928134918213,1.5668092853582947,1.4711262555390876,1.4950469844781311,13272000
1990-05-18,1.542887806892395,1.5668086400422814,1.4950463687185944,1.5189670878054948,6768000
1990-05-21,1.471125841140747,1.554848425875277,1.471125841140747,1.554848425875277,6758000
1990-05-22,1.4472051858901978,1.5189673558126418,1.399363625212229,1.4950466325051603,9574000
1990-05-23,1.3993632793426514,1.43524441246692,1.3754425619474648,1.4232839967378377,6284000
1990-05-24,1.3395617008209229,1.423284285735418,1.3036805604109962,1.4113239816407763,10373000
1990-05-25,1.3036803007125854,1.3395614339748447,1.2677992815133043,1.3276011322627437,8810000
1990-05-29,1.3515222072601318,1.3634825121360217,1.2797599217527587,1.2797599217527587,5827000
1990-05-30,1.3395617008209229,1.3874032593884922,1.3276013967262814,1.3874032593884922,3639000
1990-05-31,1.2917203903198242,1.3276015344520717,1.2677996655859967,1.3276015344520717,4119000
1990-06-01,1.3395617008209229,1.3395617008209229,1.2319183936541438,1.3036805604109962,7807000
1990-06-04,1.3276011943817139,1.339561496653442,1.2677993408341228,1.339561496653442,2480000
1990-06-05,1.3156406879425049,1.3395614049106825,1.303680272426928,1.3276011034580815,5501000
1990-06-06,1.3634825944900513,1.387403433812661,1.3156411439708624,1.3276015636321672,2959000
1990-06-07,1.3634825944900513,1.375443014151356,1.3395618692304567,1.375443014151356,899000
1990-06-08,1.3276011943817139,1.3634822152598816,1.3156407780470023,1.3515219129881535,1311000
1990-06-11,1.3515222072601318,1.3634825121360217,1.303680645567547,1.303680645567547,3630000
1990-06-12,1.3515222072601318,1.37544293107492,1.3276014834453436,1.3515222072601318,3215000
1990-06-13,1.3754429817199707,1.3874034010992624,1.327601532328829,1.3515222570243999,4508000
1990-06-14,1.3395617008209229,1.3754428412308497,1.3276013967262814,1.3754428412308497,3335000
1990-06-15,1.3276011943817139,1.3515219129881535,1.2677993408341228,1.3276011943817139,6384000
1990-06-18,1.2797597646713257,1.327601320491699,1.2677994612634782,1.3156409030208571,3784000
1990-06-19,1.2797597646713257,1.2917201821421676,1.2558390437926363,1.2677994612634782,2725000
1990-06-20,1.2319183349609375,1.2917201947739636,1.1960371962605227,1.2917201947739636,5767000
1990-06-21,1.2319183349609375,1.2677994736613523,1.219957917373134,1.2438786384857454,3362000
1990-06-22,1.2199580669403076,1.25583921003976,1.2199580669403076,1.2319184859944616,2985000
1990-06-25,1.1721163988113403,1.2319182547296434,1.1481956792566166,1.2199578379207876,4296000
1990-06-26,1.1481961011886597,1.2079979790825892,1.1362356799846618,1.1960375578785913,3523000
1990-06-27,1.1721163988113403,1.184076701557208,1.124274845638905,1.1362352624477607,2053000
1990-06-28,1.2079975605010986,1.2079975605010986,1.1362352862694132,1.1601560063256449,3186000
1990-06-29,1.2677996158599854,1.2677996158599854,1.2199580542057735,1.2199580542057735,5666000
1990-07-02,1.3634825944900513,1.375443014151356,1.2677996934516735,1.2677996934516735,6512000
1990-07-03,1.3156406879425049,1.3634821218788602,1.303680272426928,1.3515218204262591,2300000
1990-07-05,1.2558389902114868,1.3156408468882241,1.2319182703533897,1.303680429927681,3315000
1990-07-06,1.2917203903198242,1.2917203903198242,1.2319185214537491,1.2438788267891565,1970000
1990-07-09,1.2677996158599854,1.291720339655587,1.2558391969306801,1.291720339655587,1507000
1990-07-10,1.2319183349609375,1.2677994736613523,1.2319183349609375,1.2677994736613523,1753000
1990-07-11,1.2558389902114868,1.2558389902114868,1.2319182703533897,1.2319182703533897,1720000
1990-07-12,1.2199580669403076,1.25583921003976,1.1960373428950093,1.25583921003976,1916000
1990-07-13,1.1960371732711792,1.219957893924004,1.1721164526183543,1.219957893924004,3673000
1990-07-16,1.1960371732711792,1.2079975906290883,1.1601560352604452,1.18407675591327,2652000
1990-07-17,1.1721163988113403,1.196037118366064,1.1481956792566166,1.1721163988113403,1344000
1990-07-18,1.1481961011886597,1.1721168295336255,1.1362356799846618,1.1601564083296276,2039000
1990-07-19,1.1481961011886597,1.1601564083296276,1.124275258780664,1.1481961011886597,1040000
1990-07-20,1.0525130033493042,1.1601563307335303,1.0285922766042563,1.1481960243925178,4425000
1990-07-23,1.0166314840316772,1.0405522020198263,0.992710766043528,1.028591900057242,4365000
1990-07-24,1.0764334201812744,1.1003541400393715,0.9927108436464398,1.0525127003231773,3809000
1990-07-25,1.1123147010803223,1.1362354240369197,1.0764335596139238,1.1003542825705213,3150000
1990-07-26,1.1123147010803223,1.124275005527119,1.0883939781237248,1.1123147010803223,1696000
1990-07-27,1.1003541946411133,1.112314612195156,1.0764334735960228,1.0883938911500657,626000
1990-07-30,1.064473271369934,1.0883941113168687,1.0405525454860176,1.0764336913434014,2351000
1990-07-31,1.0764334201812744,1.1123145569999147,1.064473003220731,1.1003541400393715,1008000
1990-08-01,1.064473271369934,1.1123148372007852,1.064473271369934,1.1003544172273176,1262000
1990-08-02,1.0166314840316772,1.0644729200079757,1.0166314840316772,1.0525126180453914,1743000
1990-08-03,0.9687901735305786,1.0285920332778244,0.9209486172949848,1.016631615703177,3314000
1990-08-06,0.8970279693603516,0.956829833984375,0.8850676078418473,0.956829833984375,2883000
1990-08-07,0.8372259736061096,0.9209485481541232,0.8252656139608925,0.9209485481541232,4310000
1990-08-08,0.8970279693603516,0.9089883308788558,0.825265743217824,0.8491864662548324,3095000
1990-08-09,0.8970279693603516,0.9329091109473666,0.8850676078418473,0.8970279693603516,2519000
1990-08-10,0.8731071949005127,0.8970279165286779,0.837226055426766,0.8970279165286779,2561000
1990-08-13,0.8731071949005127,0.9089882773427604,0.8611467770549311,0.8611467770549311,2236000
1990-08-14,0.8731071949005127,0.8970279165286779,0.8611467770549311,0.8850675557145953,2112000
1990-08-15,0.8731071949005127,0.8970279165286779,0.8611467770549311,0.8850675557145953,1132000
1990-08-16,0.8491864800453186,0.8731072605022944,0.8491864800453186,0.8611468417580548,1005000
1990-08-17,0.8372259736061096,0.8611466928965439,0.8252656139608925,0.8372259736061096,2190000
1990-08-20,0.8252657055854797,0.8491864275316967,0.8133053446123714,0.8372260665585882,1187000
1990-08-21,0.8133052587509155,0.8252656184613567,0.7893844822985393,0.8252656184613567,2221000
1990-08-22,0.7893843650817871,0.8491862117854299,0.7774240071473556,0.8252654959165668,2708000
1990-08-23,0.7295827269554138,0.7654638680480988,0.7295827269554138,0.753503506694371,3907000
1990-08-24,0.7654640674591064,0.7774244319286282,0.7415432814885465,0.7415432814885465,3662000
1990-08-27,0.8372259736061096,0.8491863332513268,0.7654637587033132,0.7774241183485303,2959000
1990-08-28,0.8970279693603516,0.9448694724658708,0.825265743217824,0.825265743217824,4311000
1990-08-29,0.8611468076705933,0.8970279484199934,0.8372260851919938,0.8970279484199934,1889000
1990-08-30,0.8491864800453186,0.8731072605022944,0.8491864800453186,0.8611468417580548,656000
1990-08-31,0.8611468076705933,0.873107225941394,0.8252657239526942,0.873107225941394,1083000
1990-09-04,0.8372259736061096,0.8611466928965439,0.8252656139608925,0.8611466928965439,2056000
1990-09-05,0.8252657055854797,0.8372260665585882,0.8133053446123714,0.8372260665585882,1829000
1990-09-06,0.8252657055854797,0.8491864275316967,0.8133053446123714,0.8372260665585882,1492000
1990-09-07,0.8731071949005127,0.8731071949005127,0.837226055426766,0.837226055426766,812000
1990-09-10,0.8611468076705933,0.8850675871806937,0.8491864464312936,0.873107225941394,1675000
1990-09-11,0.8731071949005127,0.8731071949005127,0.8491864162408486,0.8491864162408486,2359000
1990-09-12,0.8611468076705933,0.8970279484199934,0.8491864464312936,0.8850675871806937,773000
1990-09-13,0.8372259736061096,0.8731071095732545,0.8252656139608925,0.8611466928965439,765000
1990-09-14,0.8133052587509155,0.8252656184613567,0.8013448420089805,0.8252656184613567,1746000
1990-09-17,0.8013448715209961,0.8133052887034106,0.7893845113700775,0.8133052887034106,527000
1990-09-18,0.7774242162704468,0.8013449385738602,0.7774242162704468,0.8013449385738602,727000
1990-09-19,0.7774242162704468,0.8013449385738602,0.76546385511874,0.8013449385738602,384000
1990-09-20,0.7535035014152527,0.7774242239551173,0.7415430831138192,0.7654638626851851,1605000
1990-09-21,0.7415431141853333,0.7535035329879222,0.7176223906431627,0.7415431141853333,1493000
1990-09-24,0.7056618928909302,0.7415429712898973,0.6697807574604706,0.7415429712898973,2660000
1990-09-25,0.7893843650817871,0.7893843650817871,0.69370144457485,0.7056618025092813,2896000
1990-09-26,0.8133052587509155,0.8252656184613567,0.7654637628776568,0.8013448420089805,5152000
1990-09-27,0.7774242162704468,0.8611468013638947,0.76546385511874,0.8372260790604812,4042000
1990-09-28,0.7893843650817871,0.8013447230162186,0.7535032912784926,0.7654636492129241,1391000
1990-10-01,0.7774242162704468,0.8013449385738602,0.7774242162704468,0.8013449385738602,1499000
1990-10-02,0.7774242162704468,0.8013449385738602,0.7774242162704468,0.7893845774221535,2043000
1990-10-03,0.7654640674591064,0.7774244319286282,0.7415432814885465,0.7774244319286282,649000
1990-10-04,0.7176224589347839,0.7415431847533398,0.705662096025506,0.7415431847533398,1803000
1990-10-05,0.7176224589347839,0.7295828218440619,0.6817413131754411,0.6937017331162281,1748000
1990-10-08,0.7295827269554138,0.7415430883091416,0.717622365601686,0.7415430883091416,513000
1990-10-09,0.6937015056610107,0.729582582623931,0.6937015056610107,0.717622223636291,782000
1990-10-10,0.7176224589347839,0.7415431847533398,0.6817413131754411,0.6937017331162281,1229000
1990-10-11,0.7295827269554138,0.7415430883091416,0.6937016428942305,0.7415430883091416,1207000
1990-10-12,0.7056618928909302,0.7415429712898973,0.7056618928909302,0.729582611823575,1530000
1990-10-15,0.7176224589347839,0.7295828218440619,0.6937017331162281,0.7176224589347839,1242000
1990-10-16,0.6817412972450256,0.717622442165925,0.6697809346152284,0.717622442165925,1644000
1990-10-17,0.7056618928909302,0.729582611823575,0.6578203979941482,0.6578203979941482,1669000
1990-10-18,0.7774242162704468,0.7893845774221535,0.7056619923287056,0.7176223534804125,5504000
1990-10-19,0.8013448715209961,0.8133052887034106,0.7654637910682401,0.7654637910682401,1873000
1990-10-22,0.7893843650817871,0.8013447230162186,0.7654636492129241,0.7893843650817871,913000
1990-10-23,0.7774242162704468,0.7893845774221535,0.76546385511874,0.7774242162704468,482000
1990-10-24,0.7535035014152527,0.7774242239551173,0.7535035014152527,0.7654638626851851,282000
1990-10-25,0.7415431141853333,0.7774242565300928,0.729582752414248,0.7774242565300928,663000
1990-10-26,0.7176224589347839,0.7535036046941267,0.7176224589347839,0.7295828218440619,1272000
1990-10-29,0.7415431141853333,0.7535035329879222,0.7176223906431627,0.7176223906431627,845000
1990-10-30,0.7535035014152527,0.7654638626851851,0.7295827218438868,0.7415430831138192,864000
1990-10-31,0.7535035014152527,0.7774242239551173,0.7415430831138192,0.7654638626851851,424000
1990-11-01,0.7654640674591064,0.7654640674591064,0.7415432814885465,0.7415432814885465,1587000
1990-11-02,0.7893843650817871,0.8133051379821353,0.7535032912784926,0.7535032912784926,1631000
1990-11-05,0.8013448715209961,0.8013448715209961,0.7774241512191588,0.8013448715209961,714000
1990-11-06,0.7415431141853333,0.8013449800722635,0.7415431141853333,0.7893846183011782,1103000
1990-11-07,0.7056618928909302,0.7415429712898973,0.681741116926793,0.7415429712898973,1908000
1990-11-08,0.7056618928909302,0.7176222523572526,0.6458600385278258,0.6578203979941482,3888000
1990-11-09,0.7056618928909302,0.7176222523572526,0.6937015334246078,0.7056618928909302,882000
1990-11-12,0.7176224589347839,0.7415431847533398,0.7176224589347839,0.7176224589347839,697000
1990-11-13,0.8252657055854797,0.8491864275316967,0.7295827037376126,0.7415430647107211,7942000
1990-11-14,0.9209486842155457,0.9329091026592945,0.8133053744738209,0.8252657358860679,5870000
1990-11-15,0.8970279693603516,0.9329091109473666,0.8731072463233431,0.8970279693603516,3460000
1990-11-16,0.8611468076705933,0.9089883096592931,0.8491864464312936,0.873107225941394,2386000
1990-11-19,0.8491864800453186,0.8731072605022944,0.8372261183325823,0.8611468417580548,913000
1990-11-20,0.8491864800453186,0.8611468417580548,0.8372261183325823,0.8491864800453186,2344000
1990-11-21,0.8970279693603516,0.8970279693603516,0.8611468277733366,0.8731072463233431,4876000
1990-11-23,0.9927111268043518,0.9927111268043518,0.8850677426760529,0.8970281060166393,4942000
1990-11-26,0.9927111268043518,0.9927111268043518,0.9448696164104955,0.9807507064322545,3683000
1990-11-27,0.9568297863006592,0.9927109260995337,0.9448694253782008,0.968790204254617,3511000
1990-11-28,0.9568297863006592,0.968790204254617,0.9329090644557425,0.9448694253782008,1060000
1990-11-29,0.9209486842155457,0.9568298254837885,0.9089883228032987,0.9448694640715415,1789000
1990-11-30,0.9448695182800293,0.9448695182800293,0.908988374953235,0.9209487370516648,954000
1990-12-03,0.9927111268043518,0.9927111268043518,0.9448696164104955,0.9568299797510819,1039000
1990-12-04,1.0764334201812744,1.1003541400393715,0.9927108436464398,0.9927108436464398,4386000
1990-12-05,1.1123147010803223,1.124275005527119,1.0764335596139238,1.1003542825705213,2842000
1990-12-06,1.0405522584915161,1.1481956663745614,1.0405522584915161,1.136235249699894,2646000
1990-12-07,1.0046712160110474,1.052512773098191,0.9927109122865097,1.028592051586118,750000
1990-12-10,1.0525130033493042,1.064473309690317,1.0046714357961861,1.0046714357961861,1163000
1990-12-11,0.9687901735305786,1.016631615703177,0.9687901735305786,0.9927108946168779,1467000
1990-12-12,0.980750560760498,1.0046712838887044,0.980750560760498,0.980750560760498,2022000
1990-12-13,0.9448695182800293,0.9927110237052533,0.9448695182800293,0.9927110237052533,1078000
1990-12-14,0.8850677013397217,0.9329092094991812,0.8731073385577338,0.8970280641217094,2343000
1990-12-17,0.8731071949005127,0.8970279165286779,0.8611467770549311,0.8850675557145953,761000
1990-12-18,0.9209486842155457,0.9448694640715415,0.8611468201228089,0.8611468201228089,779000
1990-12-19,1.0166314840316772,1.0166314840316772,0.9329089140416646,0.9448692730357392,2437000
1990-12-20,1.0764334201812744,1.1003541400393715,0.9687901237883427,0.9927108436464398,2423000
1990-12-21,1.0285917520523071,1.0883935954492328,1.0285917520523071,1.0525124665984846,1292000
1990-12-24,0.9927111268043518,1.0285922738576219,0.9687904001231792,1.0046714331134272,542000
1990-12-26,1.0166314840316772,1.0166314840316772,0.9687900480553788,0.9687900480553788,691000
1990-12-27,0.9927111268043518,0.9927111268043518,0.9807507064322545,0.9927111268043518,929000
1990-12-28,0.980750560760498,0.9927109793561038,0.9687902562278975,0.980750560760498,1128000
1990-12-31,0.9687901735305786,0.9687901735305786,0.9448693954127817,0.9687901735305786,1252000
1991-01-02,0.9448695182800293,0.9687902995083939,0.9448695182800293,0.9568298803784591,609000
1991-01-03,0.9448695182800293,0.9687902995083939,0.9448695182800293,0.9448695182800293,1028000
1991-01-04,0.9448695182800293,0.9568298803784591,0.9209487370516648,0.9329091561815996,859000
1991-01-07,0.9329090714454651,0.9568297934696053,0.9329090714454651,0.9448694324575352,1174000
1991-01-08,0.9448695182800293,0.9568298803784591,0.9209487370516648,0.9448695182800293,1765000
1991-01-09,0.9329090714454651,0.9448694324575352,0.908988292389825,0.9329090714454651,1409000
1991-01-10,0.980750560760498,0.980750560760498,0.9329091145040855,0.9329091145040855,1383000
1991-01-11,1.0285917520523071,1.064472766840091,0.980750208896988,0.980750208896988,3069000
1991-01-14,1.0046712160110474,1.0046712160110474,0.9687901907744365,0.9807504944989743,1785000
1991-01-15,1.0405522584915161,1.0525126751661835,1.0046711225305012,1.0166315392051684,1806000
1991-01-16,1.0764334201812744,1.0883938371418176,1.040552283362634,1.040552283362634,5231000
1991-01-17,1.088394284248352,1.1362357436175612,1.052513132689927,1.1242753217437407,3858000
1991-01-18,1.1123147010803223,1.1123147010803223,1.064473141104123,1.0883939781237248,2696000
1991-01-21,1.088394284248352,1.1003545920591362,1.0644734405007112,1.1003545920591362,1080000
1991-01-22,1.0285917520523071,1.0883935954492328,1.0285917520523071,1.076433181144662,3717000
1991-01-23,1.0285917520523071,1.0405520522939138,1.0166313377477363,1.0285917520523071,2067000
1991-01-24,1.064473271369934,1.1003544172273176,1.0285922395755687,1.0285922395755687,4674000
1991-01-25,1.1123147010803223,1.172116565503318,1.064473141104123,1.064473141104123,7050000
1991-01-28,1.1362351179122925,1.160155834424167,1.1242747026248683,1.1242747026248683,3576000
1991-01-29,1.1481961011886597,1.1721168295336255,1.112314951639696,1.1481961011886597,1713000
1991-01-30,1.160156011581421,1.2199578690244117,1.136235291416823,1.1721164286952155,3113000
1991-01-31,1.1840765476226807,1.1960369628766363,1.1721162464316983,1.1960369628766363,1002000
1991-02-01,1.2199580669403076,1.25583921003976,1.1481958948044129,1.1601561997955572,2696000
1991-02-04,1.2558389902114868,1.2558389902114868,1.1840767165742059,1.1840767165742059,4085000
1991-02-05,1.2677996158599854,1.3036806445218838,1.2438787780013751,1.2438787780013751,2440000
1991-02-06,1.2438788414001465,1.2917204054927762,1.2438788414001465,1.2677996804779685,3588000
1991-02-07,1.1003541946411133,1.2438786349746505,1.0883938911500657,1.2438786349746505,3983000
1991-02-08,1.1721163988113403,1.1721163988113403,1.1003541260841811,1.1003541260841811,1701000
1991-02-11,1.1721163988113403,1.196037118366064,1.1601559820024845,1.1721163988113403,1136000
1991-02-12,1.1960371732711792,1.219957893924004,1.1721164526183543,1.1721164526183543,1793000
1991-02-13,1.2319183349609375,1.2438786384857454,1.1960371962605227,1.2079976138483262,974000
1991-02-14,1.1721163988113403,1.2319182547296434,1.1601559820024845,1.2319182547296434,1529000
1991-02-15,1.2079975605010986,1.219957863497719,1.172116423385256,1.172116423385256,1338000
1991-02-19,1.2079975605010986,1.219957863497719,1.1960371434414876,1.2079975605010986,871000
1991-02-20,1.2199580669403076,1.25583921003976,1.1960373428950093,1.2079977619491633,1384000
1991-02-21,1.2558389902114868,1.279759710069584,1.2438785732509434,1.2438785732509434,1863000
1991-02-22,1.3156406879425049,1.3276011034580815,1.243878422974996,1.2558388384905728,4634000
1991-02-25,1.3874030113220215,1.3874030113220215,1.3276011593523305,1.3874030113220215,7311000
1991-02-26,1.4591654539108276,1.4711258722960572,1.3515221446957761,1.3634824490180022,7825000
1991-02-27,1.4232842922210693,1.471125851006644,1.4232842922210693,1.4352447104332133,3319000
1991-02-28,1.4830862283706665,1.4950466471732555,1.4352447812863254,1.4352447812863254,4507000
1991-03-01,1.471125841140747,1.4950465633416126,1.4591654230088138,1.471125841140747,4292000
1991-03-04,1.471125841140747,1.4830861452096795,1.4472051189398814,1.4830861452096795,2175000
1991-03-05,1.530928134918213,1.530928134918213,1.447205526600044,1.4711262555390876,10443000
1991-03-06,1.471125841140747,1.554848425875277,1.4591654230088138,1.542888007743344,3163000
1991-03-07,1.4950464963912964,1.507006913987625,1.3993634978096543,1.4711257752616347,5826000
1991-03-08,1.5668084621429443,1.590729178513827,1.5070066141842513,1.5070066141842513,11186000
1991-03-11,1.5548484325408936,1.5907295730275144,1.53092771023748,1.5548484325408936,9628000
1991-03-12,1.4472051858901978,1.5309277744978855,1.3874033205899914,1.5189673558126418,3229000
1991-03-13,1.5189669132232666,1.5309273284235412,1.4711254805481135,1.4830857816854155,6106000
1991-03-14,1.6026897430419922,1.6624916008280815,1.5189671649540657,1.5189671649540657,15583000
1991-03-15,1.6026897430419922,1.6146501602244068,1.566808719620732,1.6026897430419922,2482000
1991-03-18,1.6026897430419922,1.6266105774068211,1.578769022740155,1.5907294399225693,3198000
1991-03-19,1.5548484325408936,1.566808850724101,1.483086151567652,1.5548484325408936,4998000
1991-03-20,1.5548484325408936,1.5548484325408936,1.5189672920542727,1.5428880143576862,1700000
1991-03-21,1.5548484325408936,1.6146502953309279,1.5428880143576862,1.578769154844307,6039000
1991-03-22,1.530928134918213,1.5548488638572564,1.5070074059791694,1.5548488638572564,2156000
1991-03-25,1.4830862283706665,1.5309277895180151,1.4830862283706665,1.518967370715426,1614000
1991-03-26,1.5548484325408936,1.5548484325408936,1.4113239846574113,1.483086151567652,5273000
1991-03-27,1.5548484325408936,1.566808850724101,1.5189672920542727,1.5548484325408936,4353000
1991-03-28,1.5548484325408936,1.578769154844307,1.53092771023748,1.5428880143576862,1367000
1991-04-01,1.4950464963912964,1.5309276351172867,1.4830860787949678,1.5189672175209579,3886000
1991-04-02,1.5907294750213623,1.6026897784046843,1.483086060193499,1.4950464776398154,6943000
1991-04-03,1.5907294750213623,1.6146501958510004,1.5548483367454078,1.5787690575750462,3966000
1991-04-04,1.6624915599822998,1.6864123937594175,1.5548482642372259,1.6026897036654835,7658000
1991-04-05,1.638570785522461,1.7342537752451344,1.6146500666075387,1.6744519209263364,8521000
1991-04-08,1.5907294750213623,1.6385709166806386,1.5548483367454078,1.6385709166806386,1532000
1991-04-09,1.6026897430419922,1.6624916008280815,1.578769022740155,1.5907294399225693,2796000
1991-04-10,1.626610517501831,1.6505312369227134,1.5787689645970786,1.6146501007598961,7676000
1991-04-11,1.6983729600906372,1.6983729600906372,1.6266107898142197,1.6266107898142197,7195000
1991-04-12,1.7222936153411865,1.746214451882788,1.6983728928625872,1.7103333111333878,7157000
1991-04-15,1.6744519472122192,1.7103330831793642,1.650531227921785,1.7103330831793642,2301000
1991-04-16,1.7820955514907837,1.7820955514907837,1.6385710966833056,1.6624918201407175,20201000
1991-04-17,1.817976474761963,1.8299368920817296,1.782095336865656,1.817976474761963,16653000
1991-04-18,1.7462143898010254,1.8299369725311025,1.6983728324816971,1.8060162509029374,5725000
1991-04-19,1.6983729600906372,1.6983729600906372,1.6385710944954528,1.6744522366651646,3681000
1991-04-22,1.6146501302719116,1.6624915699881058,1.5787689934532712,1.6624915699881058,3581000
1991-04-23,1.6624915599822998,1.6624915599822998,1.6026897036654835,1.638570840268171,3344000
1991-04-24,1.6505314111709595,1.6744521331171764,1.6146502712201345,1.6624917151125682,1693000
1991-04-25,1.6146501302719116,1.6505312670905519,1.5787689934532712,1.6385708501300087,2702000
1991-04-26,1.6026897430419922,1.6146501602244068,1.566808719620732,1.578769022740155,3717000
1991-04-29,1.4591654539108276,1.6266107409890231,1.4472051495886016,1.6266107409890231,4975000
1991-04-30,1.4113237857818604,1.530927494508069,1.3156407959882963,1.4472049212123201,10283000
1991-05-01,1.471125841140747,1.4950465633416126,1.3515221160734179,1.3874032564062169,5451000
1991-05-02,1.4472051858901978,1.5189673558126418,1.4472051858901978,1.5070070511904041,1976000
1991-05-03,1.471125841140747,1.4830861452096795,1.435244700807948,1.4591654230088138,1368000
1991-05-06,1.4352449178695679,1.4591656436881237,1.4352449178695679,1.4472053378103547,1128000
1991-05-07,1.3874030113220215,1.459165165247862,1.3874030113220215,1.459165165247862,1648000
1991-05-08,1.3993632793426514,1.3993632793426514,1.31564071142801,1.3754425619474648,2807000
1991-05-09,1.530928134918213,1.530928134918213,1.447205526600044,1.4711262555390876,6045000
1991-05-10,1.4352449178695679,1.5428882410845781,1.4352449178695679,1.5428882410845781,2489000
1991-05-13,1.4232842922210693,1.4950465733679306,1.4113239880719268,1.4591654327945,1434000
1991-05-14,1.3874030113220215,1.435244447272582,1.3634821792837606,1.435244447272582,2030000
1991-05-15,1.2917203903198242,1.3874034033181468,1.2677996655859967,1.3874034033181468,6519000
1991-05-16,1.3276011943817139,1.3754426315945931,1.3156407780470023,1.3276011943817139,2457000
1991-05-17,1.3395617008209229,1.3395617008209229,1.3036805604109962,1.3276013967262814,1646000
1991-05-20,1.3156406879425049,1.3515218204262591,1.303680272426928,1.3395614049106825,1027000
1991-05-21,1.3634825944900513,1.4113241590722554,1.3036807243095576,1.3036807243095576,2259000
1991-05-22,1.4113237857818604,1.4830859425797946,1.3874030668492157,1.3993633692840455,2457000
1991-05-23,1.4113237857818604,1.4472049212123201,1.3874030668492157,1.4113237857818604,1357000
1991-05-24,1.4232842922210693,1.4352447104332133,1.3993635698597828,1.4232842922210693,940000
1991-05-28,1.4472051858901978,1.4472051858901978,1.399363625212229,1.4232843485197104,1115000
1991-05-29,1.4113237857818604,1.4472049212123201,1.3993633692840455,1.4472049212123201,2164000
1991-05-30,1.5189669132232666,1.5309273284235412,1.4352443490102624,1.4472047642105372,4692000
1991-05-31,1.5907294750213623,1.5907294750213623,1.5070068950861315,1.5070068950861315,3809000
1991-06-03,1.6146501302719116,1.6266105472324548,1.5668086905557175,1.5787689934532712,1837000
1991-06-04,1.638570785522461,1.6505312020114145,1.6026896501185852,1.638570785522461,2431000
1991-06-05,1.5907294750213623,1.650531334126955,1.5309276159157696,1.650531334126955,5541000
1991-06-06,1.5548484325408936,1.5907295730275144,1.5548484325408936,1.578769154844307,1487000
1991-06-07,1.4950464963912964,1.5428879386506196,1.4950464963912964,1.5189672175209579,2569000
1991-06-10,1.4472051858901978,1.4830862138199168,1.4232843485197104,1.4830862138199168,4034000
1991-06-11,1.4113237857818604,1.4352445047145053,1.363482233853586,1.4352445047145053,8770000
1991-06-12,1.3874030113220215,1.3874030113220215,1.29172002535792,1.3874030113220215,8424000
1991-06-13,1.4591654539108276,1.4591654539108276,1.3754428674032317,1.3754428674032317,5289000
1991-06-14,1.3395617008209229,1.447205122050703,1.3395617008209229,1.4113239816407763,5255000
1991-06-17,1.2917203903198242,1.3395618397874791,1.2917203903198242,1.3156411150536516,4027000
1991-06-18,1.2797597646713257,1.3156409030208571,1.2319183229139468,1.2797597646713257,6611000
1991-06-19,1.2558389902114868,1.26779940717203,1.2199578533928463,1.2558389902114868,2735000
1991-06-20,1.2438788414001465,1.2558392609390574,1.196037391370531,1.2438788414001465,3311000
1991-06-21,1.2558389902114868,1.26779940717203,1.2319182703533897,1.2558389902114868,2566000
1991-06-24,1.160156011581421,1.2438785891890096,1.160156011581421,1.2438785891890096,3988000
1991-06-25,1.1721163988113403,1.2199578379207876,1.1481956792566166,1.196037118366064,2554000
1991-06-26,1.1840765476226807,1.1960369628766363,1.1481955299867603,1.1721162464316983,1872000
1991-06-27,1.160156011581421,1.1960371488598136,1.1481957085306174,1.184076731746019,2181000
1991-06-28,1.1242749691009521,1.1601561094048125,1.1123146650416658,1.1601561094048125,2331000
1991-07-01,1.160156011581421,1.184076731746019,1.136235291416823,1.1721164286952155,2691000
1991-07-02,1.088394284248352,1.1601564733021656,1.0764338623745315,1.1601564733021656,6736000
1991-07-03,1.0764334201812744,1.0883938371418176,1.040552283362634,1.0883938371418176,5218000
1991-07-05,1.1123147010803223,1.1123147010803223,1.0764335596139238,1.0764335596139238,1192000
1991-07-08,1.1481961011886597,1.1481961011886597,1.0883942232947301,1.112314951639696,1734000
1991-07-09,1.1840765476226807,1.2199576793215745,1.1601558311777427,1.1721162464316983,7041000
1991-07-10,1.2079975605010986,1.2319182805573303,1.1960371434414876,1.2079975605010986,2636000
1991-07-11,1.1721163988113403,1.20799753517492,1.1601559820024845,1.196037118366064,3592000
1991-07-12,1.1840765476226807,1.1840765476226807,1.1721162464316983,1.1840765476226807,1648000
1991-07-15,1.2438788414001465,1.2438788414001465,1.196037391370531,1.196037391370531,4065000
1991-07-16,1.2319183349609375,1.2438786384857454,1.2079976138483262,1.2438786384857454,1814000
1991-07-17,1.2319183349609375,1.2319183349609375,1.2079976138483262,1.2079976138483262,1170000
1991-07-18,1.2319183349609375,1.2558390560735488,1.219957917373134,1.2319183349609375,1760000
1991-07-19,1.1840765476226807,1.2319180945755301,1.1840765476226807,1.2319180945755301,1737000
1991-07-22,1.1123147010803223,1.1840768699501145,1.1123147010803223,1.1840768699501145,1988000
1991-07-23,1.088394284248352,1.1003545920591362,1.0644734405007112,1.1003545920591362,2395000
1991-07-24,1.0764334201812744,1.1003541400393715,1.064473003220731,1.0883938371418176,1745000
1991-07-25,1.1362351179122925,1.1362351179122925,1.0883936848885432,1.0883936848885432,895000
1991-07-26,1.1362351179122925,1.1362351179122925,1.1123144014004178,1.1242747026248683,585000
1991-07-29,1.160156011581421,1.1721164286952155,1.1242748743030284,1.136235291416823,802000
1991-07-30,1.1721163988113403,1.196037118366064,1.1601559820024845,1.1601559820024845,1072000
1991-07-31,1.1840765476226807,1.2079973781305922,1.1840765476226807,1.1840765476226807,1184000
1991-08-01,1.2797597646713257,1.303680485550015,1.1960371845644155,1.1960371845644155,4734000
1991-08-02,1.2917203903198242,1.3156411150536516,1.279759970921404,1.2917203903198242,2613000
1991-08-05,1.3515222072601318,1.3634825121360217,1.291720340691657,1.291720340691657,2613000
1991-08-06,1.3515222072601318,1.3993636548897082,1.3515222072601318,1.3515222072601318,3279000
1991-08-07,1.3276011943817139,1.3754426315945931,1.3036803617122905,1.3634822152598816,2009000
1991-08-08,1.2438788414001465,1.303680710968673,1.2438788414001465,1.303680710968673,1807000
1991-08-09,1.2199580669403076,1.25583921003976,1.2199580669403076,1.2319184859944616,1299000
1991-08-12,1.2677996158599854,1.2677996158599854,1.2079977493394767,1.2079977493394767,1653000
1991-08-13,1.2677996158599854,1.3036806445218838,1.2558391969306801,1.2558391969306801,1351000
1991-08-14,1.2677996158599854,1.279759920726282,1.2438787780013751,1.2558391969306801,704000
1991-08-15,1.2319183349609375,1.2677994736613523,1.1960371962605227,1.2558390560735488,1223000
1991-08-16,1.2079975605010986,1.2319182805573303,1.1840767263818763,1.2319182805573303,736000
1991-08-19,1.1481961011886597,1.1601564083296276,1.0644733808867342,1.0764338020907323,4261000
1991-08-20,1.1721163988113403,1.184076701557208,1.1601559820024845,1.184076701557208,2120000
1991-08-21,1.2797597646713257,1.2797597646713257,1.2079976020352574,1.2079976020352574,4495000
1991-08-22,1.3036803007125854,1.3036803007125854,1.2438784499631461,1.2917199990004846,3334000
1991-08-23,1.3276011943817139,1.3515219129881535,1.3036803617122905,1.3036803617122905,2432000
1991-08-26,1.3634825944900513,1.3634825944900513,1.3156411439708624,1.3276015636321672,1063000
1991-08-27,1.3515222072601318,1.37544293107492,1.3276014834453436,1.3634825121360217,1222000
1991-08-28,1.3634825944900513,1.375443014151356,1.3395618692304567,1.3395618692304567,1242000
1991-08-29,1.3156406879425049,1.3754425373944368,1.3156406879425049,1.3634821218788602,1179000
1991-08-30,1.3515222072601318,1.3515222072601318,1.3156410645064451,1.3156410645064451,351000
1991-09-03,1.3156406879425049,1.3515218204262591,1.3156406879425049,1.3515218204262591,1664000
1991-09-04,1.2797597646713257,1.3156409030208571,1.2558390437926363,1.3156409030208571,1245000
1991-09-05,1.2917203903198242,1.2917203903198242,1.2558392461875765,1.2677996655859967,2197000
1991-09-06,1.3036803007125854,1.3036803007125854,1.2558388657382253,1.2917199990004846,1032000
1991-09-09,1.2917203903198242,1.3036806956552316,1.2558392461875765,1.2917203903198242,1623000
1991-09-10,1.2917203903198242,1.3156411150536516,1.2677996655859967,1.3036806956552316,1878000
1991-09-11,1.3395617008209229,1.3515221189785656,1.2917202563163546,1.3036805604109962,1850000
1991-09-12,1.3395617008209229,1.363482423073207,1.3156409785686387,1.3515221189785656,2293000
1991-09-13,1.2917203903198242,1.3515222591858993,1.2677996655859967,1.3515222591858993,2106000
1991-09-16,1.2677996158599854,1.3036806445218838,1.2677996158599854,1.3036806445218838,585000
1991-09-17,1.2917203903198242,1.2917203903198242,1.2677996655859967,1.2677996655859967,1129000
1991-09-18,1.3036803007125854,1.3156407164876647,1.2797595832254054,1.2797595832254054,999000
1991-09-19,1.3395617008209229,1.3754428412308497,1.3036805604109962,1.3036805604109962,3578000
1991-09-20,1.3515222072601318,1.3634825121360217,1.3276014834453436,1.3515222072601318,3393000
1991-09-23,1.3634825944900513,1.3634825944900513,1.3276015636321672,1.3515222888917617,3170000
1991-09-24,1.4950464963912964,1.507006913987625,1.3993634978096543,1.4352446365356446,17542000
1991-09-25,1.4352449178695679,1.5189675152660223,1.411324192051012,1.5070072093882534,12047000
1991-09-26,1.4232842922210693,1.4472051286453573,1.4113239880719268,1.4352447104332133,4295000
1991-09-27,1.3993632793426514,1.43524441246692,1.387402977676547,1.4232839967378377,4098000
1991-09-30,1.3874030113220215,1.4232840312534516,1.3874030113220215,1.3993633132781713,729000
1991-10-01,1.3515222072601318,1.3993636548897082,1.3395617883212334,1.3874033500138183,3155000
1991-10-02,1.3276011943817139,1.3276011943817139,1.3036803617122905,1.3276011943817139,2997000
1991-10-03,1.3395617008209229,1.3395617008209229,1.3036805604109962,1.3156409785686387,2044000
1991-10-04,1.3993632793426514,1.4232839967378377,1.3395614288231963,1.3395614288231963,3168000
1991-10-07,1.4232842922210693,1.4232842922210693,1.375442847498496,1.3874032657106403,1371000
1991-10-08,1.4113237857818604,1.4352445047145053,1.3993633692840455,1.4232840882166902,2143000
1991-10-09,1.4113237857818604,1.4113237857818604,1.3754426503514008,1.3993633692840455,1889000
1991-10-10,1.4472051858901978,1.4591654905124354,1.4113240438974726,1.4472051858901978,2371000
1991-10-11,1.471125841140747,1.4950465633416126,1.4472051189398814,1.471125841140747,1638000
1991-10-14,1.4830862283706665,1.5309277895180151,1.459165504828496,1.4711259236310847,4441000
1991-10-15,1.5787687301635742,1.5787687301635742,1.4830857526251517,1.4950461675910685,5799000
1991-10-16,1.638570785522461,1.6505312020114145,1.6026896501185852,1.6266104830964923,15162000
1991-10-17,1.5548484325408936,1.662491739937755,1.5548484325408936,1.6146502953309279,4942000
1991-10-18,1.530928134918213,1.5907300142973382,1.530928134918213,1.5668092853582947,1797000
1991-10-21,1.5548484325408936,1.5548484325408936,1.5070069879340666,1.5070069879340666,1776000
1991-10-22,1.638570785522461,1.6864123374152902,1.554848212288741,1.554848212288741,6769000
1991-10-23,1.6505314111709595,1.6864125511217847,1.6146502712201345,1.6744521331171764,5427000
1991-10-24,1.6146501302719116,1.674451986948649,1.5907294104138145,1.674451986948649,2294000
1991-10-25,1.5907294750213623,1.6146501958510004,1.5548483367454078,1.6146501958510004,1818000
1991-10-28,1.5668084621429443,1.5787687632968992,1.5548480469260164,1.5787687632968992,645000
1991-10-29,1.6505314111709595,1.6624917151125682,1.5668088273277005,1.5668088273277005,11404000
1991-10-30,1.710332989692688,1.7581744256585472,1.6744518556868033,1.6744518556868033,11608000
1991-10-31,1.6744519472122192,1.746214219146509,1.6385708112450743,1.7222933857930878,8843000
1991-11-01,1.6026897430419922,1.6744520180104958,1.578769022740155,1.6744520180104958,2935000
1991-11-04,1.6026897430419922,1.6266105774068211,1.5907294399225693,1.6146501602244068,1112000
1991-11-05,1.6146501302719116,1.6505312670905519,1.6026897133113682,1.6026897133113682,2831000
1991-11-06,1.6146501302719116,1.6385708501300087,1.6146501302719116,1.6266105472324548,1276000
1991-11-07,1.6026897430419922,1.638570880526244,1.578769022740155,1.6266105774068211,2886000
1991-11-08,1.6026897430419922,1.638570880526244,1.6026897430419922,1.638570880526244,1631000
1991-11-11,1.6026897430419922,1.6146501602244068,1.5907294399225693,1.6026897430419922,948000
1991-11-12,1.5668084621429443,1.6266103101016371,1.5428876317090887,1.6026894796677817,2655000
1991-11-13,1.6146501302719116,1.6266105472324548,1.554848273595174,1.554848273595174,3303000
1991-11-14,1.3874030113220215,1.5428877351928334,1.3874030113220215,1.5309274332366836,13878000
1991-11-15,1.2199580669403076,1.3874033633834146,1.2079977619491633,1.3874033633834146,17364000
1991-11-18,1.2438788414001465,1.2797599859538653,1.2319185359242497,1.2438788414001465,10024000
1991-11-19,1.2319183349609375,1.2319183349609375,1.1960371962605227,1.2319183349609375,8980000
1991-11-20,1.2199580669403076,1.243878790985606,1.1960373428950093,1.243878790985606,2635000
1991-11-21,1.2079975605010986,1.2319182805573303,1.1960371434414876,1.1960371434414876,1667000
1991-11-22,1.2007930278778076,1.2368168416174512,1.2007930278778076,1.2128010039632044,1356000
1991-11-25,1.2848482131958008,1.2968561864425874,1.2488244079719613,1.2728403544655342,4800000
1991-11-26,1.29685640335083,1.3328802145999024,1.2608325921017578,1.3088642640894947,3723000
1991-11-27,1.29685640335083,1.3208722393446986,1.2728405673569616,1.3088642640894947,1880000
1991-11-29,1.2728400230407715,1.2968558487645334,1.2728400230407715,1.2848478786444073,511000
1991-12-02,1.2488245964050293,1.2728405465223291,1.2248087608042666,1.2608325714636792,2740000
1991-12-03,1.2728400230407715,1.2848478786444073,1.2488240828005195,1.2608320529206454,2201000
1991-12-04,1.29685640335083,1.3088642640894947,1.2728405673569616,1.2848484280956263,1927000
1991-12-05,1.2728400230407715,1.2968558487645334,1.2728400230407715,1.2968558487645334,646000
1991-12-06,1.2488245964050293,1.2728405465223291,1.2488245964050293,1.2608325714636792,2969000
1991-12-09,1.2007930278778076,1.2728406553570948,1.1887850517924108,1.2488247031863011,2319000
1991-12-10,1.1887847185134888,1.2368164948726945,1.1647688875921434,1.1887847185134888,3475000
1991-12-11,1.2848482131958008,1.2848482131958008,1.2368165492416945,1.2608323812187476,1844000
1991-12-12,1.2848482131958008,1.308864045172854,1.2728403544655342,1.2968561864425874,1402000
1991-12-13,1.3208719491958618,1.332879921813339,1.2848481458599446,1.2968561184774217,2851000
1991-12-16,1.3809117078781128,1.3929196815793148,1.3328800421063534,1.356895874992233,3551000
1991-12-17,1.3208719491958618,1.3809115832502192,1.3088639765783847,1.3689036106327421,3205000
1991-12-18,1.2488245964050293,1.3208722177238545,1.2248087608042666,1.3208722177238545,2196000
1991-12-19,1.260832667350769,1.2848485047779508,1.2128009924964058,1.2248088539517237,2650000
1991-12-20,1.2488245964050293,1.284848407064442,1.2368167358629165,1.2728405465223291,3293000
1991-12-23,1.308863878250122,1.308863878250122,1.2368163915073616,1.2608322204216151,3303000
1991-12-24,1.3208719491958618,1.3689036106327421,1.3088639765783847,1.3088639765783847,1838000
1991-12-26,1.3448878526687622,1.3809116579534608,1.3328799939182094,1.3328799939182094,1649000
1991-12-27,1.3448878526687622,1.3568958259358352,1.3328799939182094,1.3448878526687622,1420000
1991-12-30,1.3568962812423706,1.3689041440221617,1.33288044116623,1.344888303946021,3950000
1991-12-31,1.3568962812423706,1.4289438014707927,1.3568962812423706,1.3689041440221617,5752000
1992-01-02,1.4169354438781738,1.4169354438781738,1.3568958073961879,1.3568958073961879,1498000
1992-01-03,1.4409511089324951,1.4529590806468682,1.3809114793936412,1.4169352800202546,3394000
1992-01-06,1.5370150804519653,1.5370150804519653,1.4529595923955823,1.4529595923955823,8459000
1992-01-07,1.6210702657699585,1.6210702657699585,1.5370147934111174,1.5370147934111174,6312000
1992-01-08,1.5610307455062866,1.6090624149460206,1.5490227708880866,1.5850465802261535,5318000
1992-01-09,1.5610307455062866,1.6090624149460206,1.5490227708880866,1.5730387201244866,4640000
1992-01-10,1.5490223169326782,1.609061943395441,1.5370144603500253,1.5730382591309828,2205000
1992-01-13,1.5370150804519653,1.5730388937665711,1.5009912671373595,1.5730388937665711,2414000
1992-01-14,1.5730386972427368,1.5970545316132645,1.5370148884286796,1.5370148884286796,4381000
1992-01-15,1.6691020727157593,1.6811100474326057,1.6090624281645949,1.6090624281645949,8624000
1992-01-16,1.6450860500335693,1.6931178289022226,1.6450860500335693,1.6811098555559292,4847000
1992-01-17,1.6570943593978882,1.66910222066256,1.5970547095248961,1.6570943593978882,4361000
1992-01-20,1.6330784559249878,1.6691021527702496,1.6330784559249878,1.6330784559249878,2530000
1992-01-21,1.5610307455062866,1.6330783641824207,1.5610307455062866,1.6330783641824207,3865000
1992-01-22,1.5970542430877686,1.5970542430877686,1.573038413055966,1.585046270813612,2920000
1992-01-23,1.5730386972427368,1.6090623915402629,1.5610307227992073,1.5970545316132645,2324000
1992-01-24,1.5970542430877686,1.6090621008454147,1.5610304407818094,1.5970542430877686,4038000
1992-01-27,1.6811096668243408,1.6811096668243408,1.609062063868123,1.609062063868123,5321000
1992-01-28,1.6931177377700806,1.7291414268369427,1.6570939341867037,1.6811097650701166,10929000
1992-01-29,1.753157615661621,1.8011892840976118,1.6691020241238412,1.6811099984911042,8758000
1992-01-30,1.7891814708709717,1.7891814708709717,1.669102174449657,1.7051259862793597,6247000
1992-01-31,1.7891814708709717,1.8131974217684674,1.765165634490017,1.8011894463197196,2851000
1992-02-03,1.873237133026123,1.8852449943624752,1.777173669752583,1.7891815310889352,7776000
1992-02-04,1.885244607925415,1.9212684135834082,1.885244607925415,1.9092604401919033,8876000
1992-02-05,2.017331600189209,2.0293395727327335,1.8732366167659948,1.8972524473365306,7887000
1992-02-06,1.8612290620803833,2.0533559788114255,1.849221086840991,2.0053243068869344,9044000
1992-02-07,1.849221110343933,1.8972528973954301,1.8011894378089766,1.8732370611279519,5953000
1992-02-10,1.9212684631347656,1.9212684631347656,1.8492208499606022,1.8612288236618042,3981000
1992-02-11,1.849221110343933,1.9212687336629084,1.849221110343933,1.9212687336629084,4532000
1992-02-12,2.0533556938171387,2.0533556938171387,1.8492208301794817,1.8492208301794817,9191000
1992-02-13,1.9933156967163086,2.1133949527952067,1.9933156967163086,2.0533553247557577,7227000
1992-02-14,2.0533556938171387,2.0893793855023506,1.9452843897284569,1.9813080814136688,3865000
1992-02-18,2.0653634071350098,2.1494187534864357,2.0533554350753724,2.0653634071350098,5075000
1992-02-19,1.9332762956619263,2.065363538663617,1.8972524917054185,2.0533555658392753,5581000
1992-02-20,1.9933156967163086,2.041347353341267,1.9572917824728362,1.9572917824728362,5732000
1992-02-21,2.005324125289917,2.0173318704088405,1.9693002028339743,1.993316151137936,2392000
1992-02-24,1.9212684631347656,1.993316076308929,1.9212684631347656,1.981308102607727,3643000
1992-02-25,1.9092603921890259,1.9092603921890259,1.8252049241113897,1.8972525336159456,6793000
1992-02-26,1.8972530364990234,1.9572925743114529,1.8972530364990234,1.9452848270721352,7654000
1992-02-27,1.8972530364990234,1.9332768507997202,1.8852450602266082,1.8852450602266082,3477000
1992-02-28,1.873237133026123,1.9092608315517239,1.8612291571732262,1.897252970215372,3069000
1992-03-02,1.849221110343933,1.8612290857359426,1.8252052740764548,1.849221110343933,5886000
1992-03-03,1.8972530364990234,1.9092608982548898,1.837213384170045,1.837213384170045,2303000
1992-03-04,1.873237133026123,1.9092608315517239,1.8612291571732262,1.873237133026123,1022000
1992-03-05,1.801189661026001,1.8612293163935345,1.7771738217822985,1.8612293163935345,2329000
1992-03-06,1.8131972551345825,1.82520511496326,1.7891813064441666,1.7891813064441666,2194000
1992-03-09,1.849221110343933,1.849221110343933,1.7771736015414983,1.7891814624169673,2430000
1992-03-10,1.7051258087158203,1.8492209265127222,1.681109974835758,1.8372130668309556,10493000
1992-03-11,1.5610307455062866,1.6931180082403547,1.5490227708880866,1.6931180082403547,8520000
1992-03-12,1.5370150804519653,1.6090625925646311,1.5129992430810768,1.5970547311374597,12515000
1992-03-13,1.5490223169326782,1.597054086812788,1.5490223169326782,1.5610302880318305,3213000
1992-03-16,1.525006651878357,1.561030454500911,1.525006651878357,1.561030454500911,2386000
1992-03-17,1.5610307455062866,1.5850465802261535,1.5370149107864195,1.5370149107864195,4601000
1992-03-18,1.5850462913513184,1.5970542637810643,1.5610304610083388,1.5730384334380847,2627000
1992-03-19,1.5610307455062866,1.6330783641824207,1.5610307455062866,1.5970545548443535,2957000
1992-03-20,1.5490223169326782,1.5850461157136357,1.525006489250873,1.5370144603500253,6764000
1992-03-23,1.5490223169326782,1.5850461157136357,1.5490223169326782,1.5850461157136357,2141000
1992-03-24,1.5970542430877686,1.5970542430877686,1.5490224685076528,1.5490224685076528,1942000
1992-03-25,1.6090624332427979,1.633078382752285,1.5850465982498447,1.5970545730045884,1717000
1992-03-26,1.5490223169326782,1.6330778855937456,1.5370144603500253,1.6210699144945933,3435000
1992-03-27,1.4889832735061646,1.537015062193923,1.4889832735061646,1.537015062193923,2552000
1992-03-30,1.4649673700332642,1.5009911812874712,1.4649673700332642,1.488983206030556,812000
1992-03-31,1.4889832735061646,1.512999225108316,1.4529595751360262,1.4529595751360262,1427000
1992-04-01,1.500990867614746,1.500990867614746,1.4769750366362133,1.4889828948672221,1349000
1992-04-02,1.4289436340332031,1.5009912603359468,1.404927796771137,1.488983284446641,3898000
1992-04-03,1.4049274921417236,1.452959270767705,1.4049274921417236,1.416935465427349,1292000
1992-04-06,1.4769752025604248,1.4769752025604248,1.404927587014442,1.4169355611109484,1222000
1992-04-07,1.392919659614563,1.5129989366669727,1.368903712590863,1.488982989643273,2860000
1992-04-08,1.4169354438781738,1.4169354438781738,1.308864029500688,1.3809116390856784,2793000
1992-04-09,1.4529591798782349,1.4889828684486186,1.4049274042568682,1.428943234809295,2467000
1992-04-10,1.4289436340332031,1.5009912603359468,1.404927796771137,1.4769754230738805,3449000
1992-04-13,1.3328800201416016,1.4169354911152787,1.320872046638281,1.404927517611958,5819000
1992-04-14,1.3689037561416626,1.3929197039294146,1.3568958967643128,1.3568958967643128,4347000
1992-04-15,1.392919659614563,1.4169354921217405,1.368903712590863,1.380911686102713,3155000
1992-04-16,1.4049274921417236,1.4289433241964542,1.380911660086993,1.3929196333726184,3199000
1992-04-20,1.3809117078781128,1.4049275407639925,1.3809117078781128,1.4049275407639925,1075000
1992-04-21,1.4049274921417236,1.4049274921417236,1.380911660086993,1.3929196333726184,996000
1992-04-22,1.3448878526687622,1.4049274899710866,1.3328799939182094,1.3929196312205339,2047000
1992-04-23,1.29685640335083,1.344888075338567,1.2728405673569616,1.344888075338567,3221000
1992-04-24,1.308863878250122,1.3208718499655014,1.2848480493358685,1.308863878250122,871000
1992-04-27,1.2728400230407715,1.2968558487645334,1.2728400230407715,1.2968558487645334,662000
1992-04-28,1.2728400230407715,1.2848478786444073,1.2368162271968834,1.2728400230407715,1994000
1992-04-29,1.3208719491958618,1.3208719491958618,1.2608323151415044,1.2608323151415044,1734000
1992-04-30,1.3809117078781128,1.3809117078781128,1.3208720684051514,1.3208720684051514,1872000
1992-05-01,1.3448878526687622,1.3809116579534608,1.3328799939182094,1.3568958259358352,686000
1992-05-04,1.3689037561416626,1.3689037561416626,1.3568958967643128,1.3568958967643128,3542000
1992-05-05,1.4049274921417236,1.416935465427349,1.3689036868013675,1.3689036868013675,1138000
1992-05-06,1.4169354438781738,1.452959248670669,1.404927470775169,1.4289433024646598,1079000
1992-05-07,1.4169354438781738,1.4289433024646598,1.404927470775169,1.4169354438781738,501000
1992-05-08,1.3809117078781128,1.4289433736498722,1.3809117078781128,1.4289433736498722,779000
1992-05-11,1.4049274921417236,1.416935465427349,1.3929196333726184,1.4049274921417236,552000
1992-05-12,1.392919659614563,1.4169354921217405,1.368903712590863,1.4169354921217405,1459000
1992-05-13,1.392919659614563,1.4169354921217405,1.368903712590863,1.392919659614563,5188000
1992-05-14,1.3689037561416626,1.4049275633067644,1.3689037561416626,1.3929197039294146,1310000
1992-05-15,1.3448878526687622,1.368903684686388,1.3448878526687622,1.368903684686388,701000
1992-05-18,1.3448878526687622,1.3568958259358352,1.3208720206511366,1.3568958259358352,929000
1992-05-19,1.3809117078781128,1.3809117078781128,1.3328800421063534,1.3328800421063534,1959000
1992-05-20,1.392919659614563,1.392919659614563,1.3568958535955356,1.380911686102713,986000
1992-05-21,1.3448878526687622,1.3809116579534608,1.3448878526687622,1.3809116579534608,837000
1992-05-22,1.3448878526687622,1.3568958259358352,1.3448878526687622,1.3568958259358352,429000
1992-05-26,1.3208719491958618,1.344887779914302,1.3208719491958618,1.332879921813339,285000
1992-05-27,1.3208719491958618,1.332879921813339,1.2968561184774217,1.2968561184774217,1154000
1992-05-28,1.4049274921417236,1.4049274921417236,1.3208720226919064,1.3208720226919064,2072000
1992-05-29,1.4289436340332031,1.4529595858118145,1.404927796771137,1.404927796771137,2825000
1992-06-01,1.4409511089324951,1.4409511089324951,1.4169352800202546,1.4409511089324951,2274000
1992-06-02,1.4289436340332031,1.488983284446641,1.4169357726604428,1.4409516099225088,2469000
1992-06-03,1.4649673700332642,1.4769753452901795,1.428943558779057,1.4409515340359724,5700000
1992-06-04,1.5370150804519653,1.5370150804519653,1.4649674538227537,1.4649674538227537,3950000
1992-06-05,1.525006651878357,1.525006651878357,1.4889828492558028,1.525006651878357,907000
1992-06-08,1.4649673700332642,1.525007017284763,1.4529595092928878,1.525007017284763,1231000
1992-06-09,1.4529591798782349,1.4649670378961919,1.440951207343765,1.4529591798782349,1117000
1992-06-10,1.4169354438781738,1.452959248670669,1.4169354438781738,1.4409512755676646,2900000
1992-06-11,1.4409511089324951,1.4409511089324951,1.3809114793936412,1.392919451108014,771000
1992-06-12,1.4529591798782349,1.4769750104306618,1.428943234809295,1.428943234809295,702000
1992-06-15,1.4529591798782349,1.4649670378961919,1.440951207343765,1.4649670378961919,406000
1992-06-16,1.4289436340332031,1.4529595858118145,1.4169357726604428,1.4409516099225088,454000
1992-06-17,1.3328800201416016,1.428943350102077,1.320872046638281,1.428943350102077,1618000
1992-06-18,1.3568962812423706,1.3689041440221617,1.3208724638698803,1.3208724638698803,736000
1992-06-19,1.2848482131958008,1.3448878503966935,1.2848482131958008,1.332879991666427,6736000
1992-06-22,1.2848482131958008,1.308864045172854,1.2848482131958008,1.2848482131958008,3561000
1992-06-23,1.3208719491958618,1.332879921813339,1.2968561184774217,1.2968561184774217,1557000
1992-06-24,1.29685640335083,1.3208722393446986,1.2728405673569616,1.3088642640894947,733000
1992-06-25,1.2728400230407715,1.2848478786444073,1.2728400230407715,1.2848478786444073,339000
1992-06-26,1.3689037561416626,1.3809117300355385,1.260832449162883,1.260832449162883,1999000
1992-06-29,1.4409511089324951,1.4529590806468682,1.3568956504814007,1.3809114793936412,4062000
1992-06-30,1.3689037561416626,1.4409513704718664,1.3568958967643128,1.4409513704718664,1180000
1992-07-01,1.4529591798782349,1.4529591798782349,1.3809115737044415,1.3809115737044415,989000
1992-07-02,1.3568962812423706,1.452959756063492,1.344888303946021,1.452959756063492,944000
1992-07-06,1.3809117078781128,1.3929196815793148,1.356895874992233,1.3689037341769108,797000
1992-07-07,1.3448878526687622,1.3809116579534608,1.3328799939182094,1.3809116579534608,365000
1992-07-08,1.3328800201416016,1.3448878791283998,1.320872046638281,1.3448878791283998,1060000
1992-07-09,1.3328800201416016,1.3689037116185185,1.3328800201416016,1.3328800201416016,456000
1992-07-10,1.3328800201416016,1.3448878791283998,1.320872046638281,1.3328800201416016,241000
1992-07-13,1.308863878250122,1.332879821680881,1.308863878250122,1.3208718499655014,718000
1992-07-14,1.3448878526687622,1.3809116579534608,1.3448878526687622,1.3568958259358352,2026000
1992-07-15,1.3568962812423706,1.3689041440221617,1.3568962812423706,1.3568962812423706,874000
1992-07-16,1.3328800201416016,1.3689037116185185,1.320872046638281,1.3689037116185185,941000
1992-07-17,1.3448878526687622,1.3448878526687622,1.3208720206511366,1.3328799939182094,1299000
1992-07-20,1.3448878526687622,1.3568958259358352,1.3208720206511366,1.3328799939182094,502000
1992-07-21,1.392919659614563,1.392919659614563,1.3448878800836856,1.3448878800836856,509000
1992-07-22,1.392919659614563,1.392919659614563,1.3568958535955356,1.368903712590863,1331000
1992-07-23,1.392919659614563,1.392919659614563,1.380911686102713,1.380911686102713,401000
1992-07-24,1.4409511089324951,1.4529590806468682,1.4049273083058818,1.4049273083058818,1754000
1992-07-27,1.4769752025604248,1.5129990103334163,1.4409513947874335,1.4409513947874335,1767000
1992-07-28,1.5610307455062866,1.5730387201244866,1.4889831268301523,1.4889831268301523,2729000
1992-07-29,1.5970542430877686,1.6090621008454147,1.573038413055966,1.585046270813612,3312000
1992-07-30,1.5370150804519653,1.6090625925646311,1.5250071045082483,1.6090625925646311,1935000
1992-07-31,1.5610307455062866,1.5730387201244866,1.5370149107864195,1.5370149107864195,923000
1992-08-03,1.525006651878357,1.525006651878357,1.4529591611497603,1.5009908216354915,3592000
1992-08-04,1.5370150804519653,1.5370150804519653,1.5129992430810768,1.5370150804519653,1122000
1992-08-05,1.5610307455062866,1.5610307455062866,1.5250069361682195,1.5370149107864195,2142000
1992-08-06,1.5490223169326782,1.5610302880318305,1.5370144603500253,1.5490223169326782,973000
1992-08-07,1.5370150804519653,1.5490229418791368,1.5370150804519653,1.5490229418791368,1158000
1992-08-10,1.512999176979065,1.5370150133007163,1.4889832261408729,1.5370150133007163,534000
1992-08-11,1.5370150804519653,1.5370150804519653,1.476975429766471,1.5129992430810768,1687000
1992-08-12,1.5370150804519653,1.5730388937665711,1.5250071045082483,1.5370150804519653,2643000
1992-08-13,1.5370150804519653,1.5490229418791368,1.5370150804519653,1.5370150804519653,1406000
1992-08-14,1.5730386972427368,1.5730386972427368,1.5490227483556778,1.5490227483556778,561000
1992-08-17,1.5370150804519653,1.5730388937665711,1.5370150804519653,1.5610309178228539,563000
1992-08-18,1.5370150804519653,1.5490229418791368,1.5129992430810768,1.5490229418791368,533000
1992-08-19,1.5370150804519653,1.5490229418791368,1.5250071045082483,1.5250071045082483,1676000
1992-08-20,1.512999176979065,1.5370150133007163,1.500991201559969,1.5370150133007163,691000
1992-08-21,1.500990867614746,1.537014671340803,1.4769750366362133,1.525006698593279,1058000
1992-08-24,1.4649673700332642,1.488983206030556,1.4529595092928878,1.488983206030556,967000
1992-08-25,1.4409511089324951,1.4649669378447356,1.4409511089324951,1.4529590806468682,716000
1992-08-26,1.4649673700332642,1.4769753452901795,1.428943558779057,1.4529595092928878,1552000
1992-08-27,1.4649673700332642,1.488983206030556,1.4649673700332642,1.4769753452901795,191000
1992-08-28,1.4649673700332642,1.4769753452901795,1.4409515340359724,1.4649673700332642,149000
1992-08-31,1.4649673700332642,1.4769753452901795,1.4529595092928878,1.4649673700332642,174000
1992-09-01,1.4889832735061646,1.5009912493072401,1.4529595751360262,1.4649674364205576,332000
1992-09-02,1.5490223169326782,1.5610302880318305,1.4769748338872628,1.4769748338872628,1090000
1992-09-03,1.4169354438781738,1.5250067437391412,1.404927470775169,1.5250067437391412,6229000
1992-09-04,1.4169354438781738,1.4409512755676646,1.3809116390856784,1.392919612188683,1709000
1992-09-08,1.392919659614563,1.428943351117068,1.380911686102713,1.4169354921217405,1176000
1992-09-09,1.4289436340332031,1.4409516099225088,1.3809119595090709,1.404927796771137,1680000
1992-09-10,1.4769752025604248,1.4889830621404032,1.4289434206909268,1.4409513947874335,3171000
1992-09-11,1.4649673700332642,1.488983206030556,1.4649673700332642,1.488983206030556,720000
1992-09-14,1.4769752025604248,1.4769752025604248,1.45295936888394,1.4769752025604248,372000
1992-09-15,1.4289436340332031,1.4649674471845748,1.4169357726604428,1.4649674471845748,562000
1992-09-16,1.392919659614563,1.4169354921217405,1.380911686102713,1.392919659614563,1089000
1992-09-17,1.392919659614563,1.4169354921217405,1.380911686102713,1.4049275186098904,704000
1992-09-18,1.4049274921417236,1.4049274921417236,1.380911660086993,1.380911660086993,422000
1992-09-21,1.4649673700332642,1.4769753452901795,1.392919862041389,1.392919862041389,611000
1992-09-22,1.4409511089324951,1.4649669378447356,1.4289431372181223,1.4529590806468682,579000
1992-09-23,1.4049274921417236,1.4409512974820795,1.4049274921417236,1.4409512974820795,555000
1992-09-24,1.4049274921417236,1.4049274921417236,1.3929196333726184,1.3929196333726184,571000
1992-09-25,1.392919659614563,1.4649671571360954,1.380911686102713,1.4409513246289178,1774000
1992-09-28,1.4169354438781738,1.4409512755676646,1.3809116390856784,1.392919612188683,1914000
1992-09-29,1.4769752025604248,1.4889830621404032,1.4409513947874335,1.4409513947874335,4579000
1992-09-30,1.5610307455062866,1.5730387201244866,1.4649672921102854,1.4649672921102854,4633000
1992-10-01,1.525006651878357,1.561030454500911,1.525006651878357,1.561030454500911,1580000
1992-10-02,1.525006651878357,1.561030454500911,1.51299879401518,1.5370146242580456,2424000
1992-10-05,1.6090624332427979,1.6090624332427979,1.5009911185162421,1.525006953509195,2954000
1992-10-06,1.6090624332427979,1.6570942177452381,1.5850465982498447,1.6210704079975415,3086000
1992-10-07,1.5490223169326782,1.609061943395441,1.5490223169326782,1.609061943395441,1620000
1992-10-08,1.5850462913513184,1.5970542637810643,1.5610304610083388,1.5730384334380847,1393000
1992-10-09,1.5610307455062866,1.5730387201244866,1.5370149107864195,1.5730387201244866,1340000
1992-10-12,1.5490223169326782,1.5490223169326782,1.5370144603500253,1.5490223169326782,1513000
1992-10-13,1.5610307455062866,1.5970545548443535,1.5250069361682195,1.5370149107864195,1950000
1992-10-14,1.5610307455062866,1.5730387201244866,1.5370149107864195,1.5610307455062866,1362000
1992-10-15,1.7051258087158203,1.7051258087158203,1.5490227167206225,1.5490227167206225,2951000
1992-10-16,1.7291418313980103,1.7291418313980103,1.6691021828839607,1.6811101583933874,2737000
1992-10-19,1.7891814708709717,1.7891814708709717,1.7171339617281076,1.7291418226603144,3185000
1992-10-20,1.6811096668243408,1.777173099260462,1.6811096668243408,1.777173099260462,1491000
1992-10-21,1.885244607925415,1.9092604401919033,1.6691018884939772,1.693117835276987,11163000
1992-10-22,1.837213397026062,1.9092609116150636,1.7771737442769524,1.9092609116150636,5372000
1992-10-23,1.849221110343933,1.8852449220034209,1.8252052740764548,1.8732370611279519,3674000
1992-10-26,1.8612290620803833,1.8612290620803833,1.8011894149165,1.8131973901558922,2083000
1992-10-27,1.8131972551345825,1.8492209491371456,1.8131972551345825,1.8492209491371456,1958000
1992-10-28,1.9092603921890259,1.9092603921890259,1.8011890924487106,1.8131970655383094,4146000
1992-10-29,1.8612290620803833,1.9212687092442666,1.8612290620803833,1.897252873282021,1128000
1992-10-30,1.8612290620803833,1.897252873282021,1.849221086840991,1.8852448980426288,2051000
1992-11-02,1.7891814708709717,1.8732370699791248,1.7771736099387647,1.8612290945303769,2605000
1992-11-03,1.7411497831344604,1.8252052670031609,1.7051259716145772,1.8252052670031609,3719000
1992-11-04,1.8131972551345825,1.8131972551345825,1.7411496380963953,1.7531576124416033,2990000
1992-11-05,1.7651654481887817,1.8011892562164158,1.753157588523923,1.7891812820350281,946000
1992-11-06,1.885244607925415,1.933276386974913,1.7531574732014685,1.7531574732014685,4244000
1992-11-09,1.9572925567626953,1.9693005329274489,1.8252053915331437,1.8972530194885702,5624000
1992-11-10,2.125403642654419,2.1374113890948525,1.9693004195648778,1.9813083950383936,9036000
1992-11-11,1.9572925567626953,2.1013878126735483,1.9572925567626953,2.1013878126735483,4985000
1992-11-12,2.005324125289917,2.0413478187128025,1.9212685352591081,1.993316151137936,7350000
1992-11-13,1.9933156967163086,2.0053236681307993,1.9692997538873271,2.0053236681307993,2213000
1992-11-16,1.9212684631347656,2.005324050010131,1.9092604894335636,1.969300128906525,1307000
1992-11-17,1.8612290620803833,1.9332766844836589,1.8372132261181378,1.9212687092442666,1727000
1992-11-18,1.8131972551345825,1.8612289234823536,1.8131972551345825,1.8492209491371456,2338000
1992-11-19,1.8131972551345825,1.8732368978275618,1.8131972551345825,1.8372130893084682,2508000
1992-11-20,1.8972530364990234,1.921268874527305,1.837213384170045,1.8492212459259116,2461000
1992-11-23,1.873237133026123,1.9212688074046207,1.8612291571732262,1.9212688074046207,793000
1992-11-24,1.9572925567626953,1.9693005329274489,1.8492212293461032,1.8492212293461032,2631000
1992-11-25,1.7891814708709717,1.9572924400541958,1.7771736099387647,1.933276718189782,3915000
1992-11-27,1.7819575071334839,1.8180782899126713,1.7699172079321537,1.7939976915100109,1827000
1992-11-30,1.8060380220413208,1.842158805447108,1.757877054050141,1.7699172386355333,1436000
1992-12-01,1.8903193473815918,1.902359644078042,1.806037614980778,1.818077911677228,2379000
1992-12-02,1.8662391901016235,1.8903196728153944,1.8662391901016235,1.8903196728153944,566000
1992-12-03,1.8541988134384155,1.8782794099653721,1.8301183317362533,1.866239111701894,1265000
1992-12-04,1.8662391901016235,1.8903196728153944,1.8541988913323386,1.8541988913323386,1133000
1992-12-07,1.8541988134384155,1.8782794099653721,1.8301183317362533,1.866239111701894,1452000
1992-12-08,1.8180781602859497,1.8541988256649753,1.7819573800821291,1.8301183438040267,2248000
1992-12-09,1.7578768730163574,1.818078134217948,1.7337962766758868,1.818078134217948,1576000
1992-12-10,1.6615548133850098,1.7699170363955312,1.6615548133850098,1.7699170363955312,4152000
1992-12-11,1.7217556238174438,1.7458360987665122,1.673594559094545,1.673594559094545,2946000
1992-12-14,1.6615548133850098,1.7217560739074755,1.637474332140982,1.7097157758730657,772000
1992-12-15,1.6374742984771729,1.6976755577619986,1.613393702903411,1.6615547792261454,2300000
1992-12-16,1.7939975261688232,1.7939975261688232,1.5652327810257465,1.6495145231929436,8107000
1992-12-17,1.7578768730163574,1.8421586157336254,1.709715795160209,1.7699170563617996,5643000
1992-12-18,1.7699168920516968,1.8060376683843402,1.7699168920516968,1.7939973713318649,944000
1992-12-21,1.8301182985305786,1.8421585965755978,1.7939975192203137,1.7939975192203137,1362000
1992-12-22,1.8541988134384155,1.866239111701894,1.818078148297569,1.8541988134384155,1388000
1992-12-23,1.7819575071334839,1.8541989578670557,1.7578770235556265,1.8541989578670557,952000
1992-12-24,1.7699168920516968,1.7819571891041721,1.757876709824004,1.7819571891041721,713000
1992-12-28,1.7819575071334839,1.7819575071334839,1.7578770235556265,1.7699172079321537,102000
1992-12-29,1.8060380220413208,1.8541989900325007,1.7699172386355333,1.7699172386355333,1069000
1992-12-30,1.7939975261688232,1.8180781223521303,1.7939975261688232,1.8060378242604767,349000
1992-12-31,1.8180781602859497,1.8421586421468985,1.806037861943078,1.806037861943078,1069000
1993-01-04,1.7458364963531494,1.8541987157141193,1.7458364963531494,1.8301182352811025,1250000
1993-01-05,1.9023600816726685,1.91440026631391,1.769917246845374,1.769917246845374,3017000
1993-01-06,2.022761821746826,2.058882707993808,1.9143996223049486,1.9264399177206093,8405000
1993-01-07,2.022761821746826,2.0709230034094688,1.998681460565039,2.022761821746826,5252000
1993-01-08,1.9986814260482788,2.0107217212560062,1.9505204748668987,1.9986814260482788,2189000
1993-01-11,2.08296275138855,2.095003044967284,1.97460056847894,1.986640862057674,3277000
1993-01-12,1.9866416454315186,2.070923504067237,1.9625610487785736,2.070923504067237,3964000
1993-01-13,1.9986814260482788,2.022761786814204,1.938480179659171,1.9866411308405512,5083000
1993-01-14,2.215406894683838,2.251527797809717,2.0227627669614083,2.034803068003368,14989000
1993-01-15,2.1552045345306396,2.275607025059162,2.131124174214651,2.2394863697604155,10114000
1993-01-18,2.107043981552124,2.1431646436617613,2.107043981552124,2.1311245760582618,2913000
1993-01-19,2.191326379776001,2.2154067506446444,2.1431651787394617,2.1431651787394617,2116000
1993-01-20,2.1190848350524902,2.203366478648269,2.08296393381176,2.179286107470745,2329000
1993-01-21,2.1552045345306396,2.1913254194789116,2.07092292895039,2.0950032892663786,3174000
1993-01-22,2.1431641578674316,2.203365400837298,2.0829629148975655,2.1552044523913083,3930000
1993-01-25,2.2274458408355713,2.2635664923406718,2.1552043081758687,2.1672446018940694,2905000
1993-01-26,2.191326379776001,2.2756080222906925,2.1552054789985964,2.2394873511629143,2395000
1993-01-27,2.1552045345306396,2.2033654848121436,2.107043584249136,2.1913254194789116,1886000
1993-01-28,2.107043981552124,2.1311245760582618,2.0709233194424868,2.1311245760582618,2136000
1993-01-29,2.13112473487854,2.1672453996800396,2.0950038404274545,2.0950038404274545,1119000
1993-02-01,2.2033658027648926,2.2154060994851035,2.1552048455336084,2.1672451422538193,3022000
1993-02-02,2.3358097076416016,2.347850010033244,2.215407143024512,2.215407143024512,7240000
1993-02-03,2.3237686157226562,2.3478492123242796,2.275607652168999,2.3358089140234677,5278000
1993-02-04,2.2274458408355713,2.3358080250003743,2.2274458408355713,2.299687373495274,4539000
1993-02-05,2.2394869327545166,2.311728491162646,2.2394869327545166,2.2515272307641356,2676000
1993-02-08,2.215406894683838,2.299688772327914,2.2033665936418783,2.2756081702439945,1861000
1993-02-09,2.215406894683838,2.2274471957257975,2.1792862212076005,2.215406894683838,3587000
1993-02-10,2.347848892211914,2.39600984919917,2.2756073419062512,2.2756073419062512,6255000
1993-02-11,2.3237686157226562,2.383969877577125,2.3237686157226562,2.3478492123242796,3920000
1993-02-12,2.2876479625701904,2.371929821472086,2.2756076642056926,2.3237686280140943,1425000
1993-02-16,2.215406894683838,2.239487496767757,2.082964042521565,2.239487496767757,3957000
1993-02-17,2.1792850494384766,2.2515265871973935,2.1552044603023317,2.191325344006549,2399000
1993-02-18,2.2515275478363037,2.299688517007481,2.20336634901551,2.2154066487207085,2720000
1993-02-19,2.408050298690796,2.408050298690796,2.2635671889095192,2.2635671889095192,3001000
1993-02-22,2.396009683609009,2.480291524749089,2.396009683609009,2.396009683609009,3237000
1993-02-23,2.347848892211914,2.43213073917678,2.335808595552711,2.39600984919917,2396000
1993-02-24,2.4200901985168457,2.4200901985168457,2.3117279988085317,2.3237680646042618,1338000
1993-02-25,2.4200901985168457,2.5043718073346306,2.408049903071581,2.4562108552031057,4356000
1993-02-26,2.359889030456543,2.432130575912777,2.3478487346055803,2.432130575912777,1415000
1993-03-01,2.359889030456543,2.396009688359889,2.3358084387546176,2.359889030456543,1282000
1993-03-02,2.4802918434143066,2.4802918434143066,2.3478490315993037,2.359889328973317,1768000
1993-03-03,2.4321303367614746,2.5164119401317215,2.4321303367614746,2.4682509911130777,1902000
1993-03-04,2.4682512283325195,2.4682512283325195,2.396009683036781,2.456210932508306,1225000
1993-03-05,2.4923319816589355,2.528452641825187,2.432130728282145,2.4682513884483965,1644000
1993-03-08,2.564573049545288,2.588653640385431,2.4562108500637114,2.468251145483783,2197000
1993-03-09,2.564573049545288,2.5766133449653594,2.5164120975145354,2.564573049545288,1242000
1993-03-10,2.540492534637451,2.5525328293290026,2.5043716505627978,2.540492534637451,1166000
1993-03-11,2.564573049545288,2.624774296996112,2.564573049545288,2.564573049545288,1862000
1993-03-12,2.68497633934021,2.6970166383248393,2.528453141488837,2.5525337394580956,3059000
1993-03-15,2.68497633934021,2.6970166383248393,2.6368153730512955,2.6488556720359244,3095000
1993-03-16,2.68497633934021,2.7451776046137537,2.672936270005183,2.709056937309468,2790000
1993-03-17,2.2996878623962402,2.468251321338208,2.2756072698404375,2.420090365876153,12549000
1993-03-18,2.2635672092437744,2.323768467251849,2.227446546298759,2.3117283993698936,3759000
1993-03-19,2.191326379776001,2.323768993677606,2.1792860795168663,2.2996886228089624,3429000
1993-03-22,2.2515275478363037,2.3117288167126793,2.155205379844333,2.1792859792547294,3647000
1993-03-23,2.275606870651245,2.287647164817026,2.2394862178034116,2.2394862178034116,2806000
1993-03-24,2.2635672092437744,2.2996881018383637,2.251527141361819,2.2635672092437744,1348000
1993-03-25,2.359889030456543,2.396009688359889,2.251526827096963,2.251526827096963,2996000
1993-03-26,2.3358097076416016,2.4441719698670483,2.3358097076416016,2.4080512923417885,2225000
1993-03-29,2.275606870651245,2.4321302355073793,2.2635665764854638,2.408049647175817,3518000
1993-03-30,2.275606870651245,2.3358081118306404,2.2394862178034116,2.2635665764854638,2483000
1993-03-31,2.275606870651245,2.3117277531485882,2.2635665764854638,2.2996874589828074,2474000
1993-04-01,2.167245388031006,2.2635673134169942,2.155205089945361,2.2635673134169942,2567000
1993-04-02,1.9143996238708496,2.1190839571559015,1.8541983763928382,2.1190839571559015,11485000
1993-04-05,1.9986814260482788,2.0107217212560062,1.9264398844514437,1.9505204748668987,7931000
1993-04-06,2.095004081726074,2.107044381263215,2.0588834127642643,2.0829637821889335,6235000
1993-04-07,2.070923089981079,2.095003452169507,2.0468424981431075,2.095003452169507,2459000
1993-04-08,2.1190848350524902,2.1311251354660667,2.0709238630478124,2.08296393381176,3016000
1993-04-12,2.13112473487854,2.203366064481539,2.119084436728178,2.13112473487854,2111000
1993-04-13,2.13112473487854,2.191325995980763,2.107044138577816,2.1552051015296776,4390000
1993-04-14,2.13112473487854,2.1431648033793156,2.107044138577816,2.119084436728178,1806000
1993-04-15,2.070923089981079,2.1431644061959068,2.070923089981079,2.1431644061959068,1267000
1993-04-16,1.9866416454315186,2.08296357274412,1.974601347105046,2.08296357274412,1062000
1993-04-19,1.9384803771972656,1.9866413332864197,1.8662388282387579,1.9866413332864197,3486000
1993-04-20,2.022761821746826,2.022761821746826,1.9505205085519306,1.9505205085519306,3785000
1993-04-21,2.13112473487854,2.13112473487854,2.034802579325231,2.058883175625955,4769000
1993-04-22,2.1792850494384766,2.191325344006549,2.1070435116795596,2.1311241008157045,2269000
1993-04-23,2.167245388031006,2.191325984202295,2.155205089945361,2.191325984202295,1836000
1993-04-26,2.095004081726074,2.191326248373589,2.070923712301405,2.191326248373589,3482000
1993-04-27,2.08296275138855,2.095003044967284,2.046842100301846,2.095003044967284,2287000
1993-04-28,2.070923089981079,2.095003452169507,2.058882794062093,2.095003452169507,1135000
1993-04-29,2.1190848350524902,2.1431652062300146,2.0950042342253368,2.0950042342253368,1748000
1993-04-30,2.215406894683838,2.2274471957257975,2.119084945647444,2.119084945647444,1551000
1993-05-03,2.2635672092437744,2.2756075067753043,2.2154062487672297,2.227446546298759,1390000
1993-05-04,2.3237686157226562,2.3478492123242796,2.275607652168999,2.2876479504698106,2459000
1993-05-05,2.347848892211914,2.408050145858373,2.347848892211914,2.347848892211914,3255000
1993-05-06,2.347848892211914,2.420090442517577,2.347848892211914,2.371929485530321,2278000
1993-05-07,2.396009683609009,2.4200902752631865,2.3478487299501953,2.3478487299501953,1074000
1993-05-10,2.4802918434143066,2.4802918434143066,2.3960099914457853,2.420090586193812,2226000
1993-05-11,2.4441704750061035,2.5043717204954117,2.3839692295167954,2.4802913600894043,3554000
1993-05-12,2.347848892211914,2.444170806186426,2.347848892211914,2.43213073917678,1617000
1993-05-13,2.3237686157226562,2.3719298089259024,2.275607652168999,2.3719298089259024,1503000
1993-05-14,2.3358097076416016,2.347850010033244,2.311729332507984,2.323769405249959,953000
1993-05-17,2.383969306945801,2.420090193202273,2.2996876983131003,2.335808354920039,1418000
1993-05-18,2.5043723583221436,2.5043723583221436,2.4080504328672863,2.4200907309615394,2220000
1993-05-19,2.540492534637451,2.5886534837541357,2.468250996137664,2.540492534637451,3258000
1993-05-20,2.624774217605591,2.6608951027732712,2.5645729719756503,2.5645729719756503,3069000
1993-05-21,2.7331366539001465,2.7572170144543975,2.588653571976529,2.636814522734559,4584000
1993-05-24,2.721097707748413,2.8294599580855926,2.721097707748413,2.7331380088191315,5044000
1993-05-25,2.7933385372161865,2.8414994989648283,2.709056681918878,2.733137277617989,5300000
1993-05-26,2.8294589519500732,2.8535395455286214,2.7812979944425376,2.7933382912318114,2603000
1993-05-27,2.85353946685791,2.9257807863027754,2.841499170400581,2.85353946685791,5713000
1993-05-28,2.8655803203582764,2.877620620121049,2.8294596507195755,2.841499950482348,2746000
1993-06-01,3.0100626945495605,3.0100626945495605,2.829458932876587,2.865579593351358,4734000
1993-06-02,2.9980220794677734,2.9980220794677734,2.9137404707603705,2.9859817840382776,2386000
1993-06-03,3.034144163131714,3.0582245338440965,2.9498622915143122,2.9739428918763195,2802000
1993-06-04,2.9859824180603027,3.094344870285135,2.9739423497238393,3.058223976326997,3372000
1993-06-07,2.877620220184326,3.010063039868455,2.8655799220949354,2.998022741779064,1983000
1993-06-08,3.106384515762329,3.106384515762329,2.853539440722028,2.853539440722028,4059000
1993-06-09,3.0702645778656006,3.190667110330918,3.0341439099858474,3.0823048770420534,6377000
1993-06-10,2.9980220794677734,3.0943442132542067,2.9980220794677734,3.046183031536223,2638000
1993-06-11,3.0582237243652344,3.0823043183533683,3.010062766038531,3.022103063032598,2431000
1993-06-14,3.166585683822632,3.2027065719053147,3.070263774901235,3.070263774901235,3005000
1993-06-15,3.3471896648406982,3.371270258547289,3.1665859009899506,3.1665859009899506,10012000
1993-06-16,3.4435112476348877,3.5277928525442466,3.4194306578610574,3.5277928525442466,14135000
1993-06-17,3.419431447982788,3.4435120433208772,3.3351498235986297,3.419431447982788,6245000
1993-06-18,3.262908458709717,3.4194316486437453,3.2508681603341167,3.4194316486437453,3578000
1993-06-21,3.262908458709717,3.299029124186926,3.2388278619585167,3.262908458709717,3138000
1993-06-22,3.383310556411743,3.4194312173328636,3.190666495650125,3.274948343998821,4111000
1993-06-23,3.395350694656372,3.467592013123892,3.371270102067498,3.371270102067498,4114000
1993-06-24,3.3592302799224854,3.383310875910293,3.2749486532643255,3.3471899819285817,5034000
1993-06-25,3.5277936458587646,3.5277936458587646,3.371270466079203,3.3833107636736868,2929000
1993-06-28,3.5639150142669678,3.612075981422682,3.5518747150656376,3.5879953830200217,5335000
1993-06-29,3.5518739223480225,3.624115471783317,3.5157532624551524,3.612075175269175,2429000
1993-06-30,3.5759544372558594,3.6120750963596358,3.4675920006454306,3.5398335485025334,3204000
1993-07-01,3.624115228652954,3.6481955904162073,3.5518736840641147,3.5639139797705113,4395000
1993-07-02,3.732478380203247,3.744518678972532,3.612075851809594,3.612075851809594,3615000
1993-07-06,3.672276735305786,3.8167598462596137,3.6602364377847048,3.7324779932616186,5174000
1993-07-07,3.816760540008545,3.8408409097780734,3.672277402792912,3.672277402792912,7872000
1993-07-08,3.961242437362671,4.033483753709474,3.792678753488013,3.816759345369977,10752000
1993-07-09,4.009403705596924,4.0455243686691365,3.889001189156781,3.961242974600357,6824000
1993-07-12,4.009403705596924,4.0334843007447825,3.9130817843046395,3.985323110449065,5994000
1993-07-13,4.153886795043945,4.17796739006345,3.985323089206561,4.021444211385392,7461000
1993-07-14,4.214087963104248,4.29836981422616,4.117766044378836,4.129806111982336,8119000
1993-07-15,4.129805564880371,4.322449836109505,4.081644841547395,4.20204733882845,9749000
1993-07-16,3.9853227138519287,4.153886403813269,3.9010413281703635,4.093685151584091,8000000
1993-07-19,3.7926788330078125,3.9612425204166875,3.660236034179217,3.9371619280298344,8885000
1993-07-20,4.1177659034729,4.141846497155023,3.7926790370120433,3.804719333853105,7559000
1993-07-21,4.069605350494385,4.202048406742233,4.069605350494385,4.093685947930283,6933000
1993-07-22,4.081645965576172,4.129806702171948,4.045524839005336,4.069605436952825,3951000
1993-07-23,4.1177659034729,4.129805970664401,4.069604716108654,4.081645242599277,3199000
1993-07-26,4.334490776062012,4.3585713722333015,4.141846925290034,4.153886993726094,6342000
1993-07-27,4.274289608001709,4.322450801389006,4.177967680526295,4.298370204695357,5378000
1993-07-28,4.406731605529785,4.430812198970207,4.274289030556143,4.274289030556143,6356000
1993-07-29,4.298369407653809,4.454892568189849,4.286328881890055,4.4428525017251905,5614000
1993-07-30,4.322450160980225,4.418772074184705,4.238168314689138,4.286329041641822,5463000
1993-08-02,4.370611190795898,4.442852975179611,4.3585711230481845,4.370611190795898,4136000
1993-08-03,4.430813789367676,4.454894391451595,4.334491840331282,4.430813789367676,6183000
1993-08-04,4.478973865509033,4.503054461528271,4.382651940731249,4.40673207745132,6191000
1993-08-05,4.6475372314453125,4.659577759395713,4.478973973832307,4.478973973832307,4703000
1993-08-06,4.7438578605651855,4.792018576628883,4.611414857967249,4.647535509839774,8115000
1993-08-09,4.755900859832764,4.816102136539508,4.719780185668576,4.731820257290208,7694000
1993-08-10,4.731818675994873,4.755899270490094,4.695698013901612,4.731818675994873,4968000
1993-08-11,4.792019367218018,4.8883412745356445,4.792019367218018,4.8040598926946485,6604000
1993-08-12,4.7438578605651855,4.804059100119063,4.623455381457429,4.792018576628883,7680000
1993-08-13,4.816100597381592,4.816100597381592,4.683658014673256,4.731818745067585,3887000
1993-08-16,4.876302242279053,4.9003828390390325,4.695698455527976,4.804060911298294,7173000
1993-08-17,5.2977094650268555,5.2977094650268555,4.852220168153425,4.90038134700965,10872000
1993-08-18,5.213428020477295,5.44219294815629,5.165267297328453,5.297709860111613,13020000
1993-08-19,5.15322732925415,5.309750500185171,5.14118726198989,5.189347990346059,7389000
1993-08-20,5.189349174499512,5.189349174499512,5.056906567174166,5.0809871664967465,4898000
1993-08-23,5.321791172027588,5.345871766512609,5.068945618883574,5.117106807853616,4798000
1993-08-24,5.008744716644287,5.285670883863361,5.008744716644287,5.285670883863361,5903000
1993-08-25,4.816100597381592,5.177308142185211,4.767939407688118,5.068945695024468,12798000
1993-08-26,4.912423133850098,4.92446366243381,4.7438598673709444,4.82814127096092,16191000
1993-08-27,4.948544025421143,5.0207858223020025,4.912423356630324,4.912423356630324,3778000
1993-08-30,4.912423133850098,4.972624398871052,4.8883425359818755,4.8883425359818755,6381000
1993-08-31,5.14118766784668,5.165268263575302,4.9124226973735015,4.9124226973735015,7168000
1993-09-01,5.04486608505249,5.14118801517514,4.9846648213134355,5.129147486847813,7422000
1993-09-02,5.117105484008789,5.189346789475188,5.04486417854239,5.05690424302045,4452000
1993-09-03,5.032824993133545,5.117106844789913,4.9365030737973274,5.117106844789913,8463000
1993-09-07,4.8281402587890625,5.153227113610817,4.743858872867846,5.032824608810101,7164000
1993-09-08,4.996705055236816,5.020785653386955,4.8281413274850475,4.8281413274850475,12013000
1993-09-09,5.333831787109375,5.369952452894928,5.008744876441031,5.008744876441031,13151000
1993-09-10,5.430152893066406,5.538515333307282,5.406072759056537,5.430152893066406,9327000
1993-09-13,5.273629665374756,5.490354084086218,5.273629665374756,5.454233424184159,5694000
1993-09-14,5.466273307800293,5.466273307800293,5.09302530788936,5.177307143953058,11084000
1993-09-15,5.622797012329102,5.707078856744135,5.394032071673879,5.454233323499032,13470000
1993-09-16,5.562594890594482,5.670956851354052,5.514433712946432,5.6348361977675285,3223000
1993-09-17,5.574636936187744,5.6468787283294315,5.514435672385934,5.514435672385934,4294000
1993-09-20,5.610757350921631,5.791361134225536,5.574636686120685,5.574636686120685,6828000
1993-09-21,5.538516044616699,5.7552404936331705,5.502395379663817,5.695039232278641,7958000
1993-09-22,5.743199825286865,5.791360553761285,5.622797315152126,5.622797315152126,6969000
1993-09-23,5.996044158935547,5.996044158935547,5.851561073080664,5.875641663939656,8424000
1993-09-24,5.95992374420166,6.0923663103531736,5.923803086096619,5.935843152365271,6102000
1993-09-27,6.068288326263428,6.128489597518822,5.984006454646026,5.996046525177404,8378000
1993-09-28,5.755240440368652,6.068287272094473,5.755240440368652,6.056246744355498,18370000
1993-09-29,5.333831787109375,5.839522486004668,5.309751190152612,5.743200557476799,22287000
1993-09-30,5.261590003967285,5.430153249599479,5.225469341281754,5.394032586913948,17174000
1993-10-01,5.080985069274902,5.36995076397501,5.020783825466666,5.261588800699609,17786000
1993-10-04,5.261590003967285,5.273630071762748,5.068945704145878,5.177308151501616,17146000
1993-10-05,4.8040595054626465,5.261588872816459,4.563254526929161,5.249548348310356,32834000
1993-10-06,4.840180397033691,4.96058289218727,4.840180397033691,4.864260987924221,16597000
1993-10-07,4.587337017059326,4.888343395063201,4.575296945658884,4.852222721562592,21437000
1993-10-08,4.695697784423828,4.707737851433474,4.442852702828345,4.623456463767723,16155000
1993-10-11,4.55121374130249,4.852219947199467,4.5271331529709276,4.731817464840677,18800000
1993-10-12,4.527134418487549,4.707738192511773,4.527134418487549,4.683658056747862,13716000
1993-10-13,4.226127624511719,4.346530126170732,4.165926373682212,4.322449993278204,18870000
1993-10-14,4.298369407653809,4.346530132811539,4.190006972275499,4.250208223196983,13703000
1993-10-15,4.478973865509033,4.695698311083839,4.34653081705281,4.454893269489796,21258000
1993-10-18,4.466933727264404,4.695698720441493,4.466933727264404,4.52713499291109,11760000
1993-10-19,4.26224946975708,4.539175178967473,4.2261283456564085,4.527134651167525,11754000
1993-10-20,4.274289608001709,4.382652063473537,4.226128414614412,4.33449087008624,5365000
1993-10-21,4.394691467285156,4.478973313312091,4.141846388503462,4.274288961332138,8588000
1993-10-22,4.503055095672607,4.527135235783772,4.358571958509459,4.466933966907397,8110000
1993-10-25,4.478973865509033,4.587335858646853,4.418772605110522,4.503054461528271,5102000
1993-10-26,4.611416816711426,4.6354974146212475,4.478974217156215,4.478974217156215,7572000
1993-10-27,4.731818675994873,4.816100527078576,4.623456689715088,4.659577351808349,7835000
1993-10-28,4.527134418487549,4.707738192511773,4.478973687660578,4.707738192511773,8895000
1993-10-29,4.575295925140381,4.611416590584285,4.478973997523577,4.527134731682389,4739000
1993-11-01,4.671619415283203,4.683659947324513,4.599378060232683,4.611418132974658,4561000
1993-11-02,4.406731605529785,4.6716172147761865,4.358570877948059,4.6716172147761865,11324000
1993-11-03,3.925122022628784,4.346530848463741,3.925122022628784,4.346530848463741,19340000
1993-11-04,3.756559133529663,4.033484868459582,3.6963578668362365,3.9612435321471566,16561000
1993-11-05,3.816760540008545,3.901042408325934,3.6843177025024842,3.792679940589401,10218000
1993-11-08,3.961242437362671,3.973282503654109,3.8528800035433783,3.876960595425342,8486000
1993-11-09,3.8528807163238525,4.069605164757235,3.828800119986994,4.045524568420376,7053000
1993-11-10,4.250208854675293,4.262249382227978,3.9973637469580243,4.0455244792712755,15974000
1993-11-11,4.370611190795898,4.4910137054696095,4.226128081327616,4.238168608374473,13689000
1993-11-12,4.310409069061279,4.4187714942565695,4.262248348429302,4.394690904291055,5457000
1993-11-15,4.057566165924072,4.346532020248179,4.045525634931843,4.310411345870078,4981000
1993-11-16,4.009403705596924,4.057564895892641,3.9492024473768526,4.057564895892641,6867000
1993-11-17,3.937161684036255,4.1298054925943735,3.8890005022471907,4.09368483590211,6199000
1993-11-18,3.732478380203247,3.9371627703322964,3.648196518467851,3.9251222419134137,10691000
1993-11-19,3.816760540008545,3.8288006100685013,3.6963580022120563,3.7324786716911564,8814000
1993-11-22,3.804720163345337,3.9130823992405372,3.75655919513076,3.816760462811384,7955000
1993-11-23,4.214087963104248,4.226128030707748,3.8528804234095984,3.8890010855192356,9130000
1993-11-24,4.346530437469482,4.430812286526881,4.310409776244634,4.334490370160908,13466000
1993-11-26,4.435727119445801,4.459834424512996,4.3392983589856176,4.3392983589856176,1766000
1993-11-29,4.291084289550781,4.592424491339703,4.279030865402688,4.483942294580886,11645000
1993-11-30,4.459834575653076,4.459834575653076,4.279030471234709,4.327245083003053,5739000
1993-12-01,4.604478359222412,4.664746399369803,4.483942278927629,4.532156435160349,13434000
1993-12-02,4.725013256072998,4.761173979142754,4.459833853880554,4.628584507950802,9454000
1993-12-03,4.628586292266846,4.749122388838288,4.604478980990813,4.737068503295912,7835000
1993-12-06,4.483941555023193,4.495994977183259,4.363405494188207,4.435726946765766,12881000
1993-12-07,4.5924248695373535,4.616532179627495,4.495996088985479,4.520103399075622,4945000
1993-12-08,4.664745807647705,4.676799230224747,4.556263165219941,4.580370470182622,6444000
1993-12-09,4.5924248695373535,4.785282890449797,4.544210709165764,4.652692914858362,10353000
1993-12-10,4.5321574211120605,4.676800840894096,4.495996681118741,4.628586674172588,5557000
1993-12-13,4.664745807647705,4.688853112610386,4.5321558602572605,4.5321558602572605,4742000
1993-12-14,4.700906753540039,4.761174788841834,4.616531412155801,4.725014059622481,5993000
1993-12-15,4.664745807647705,4.749121145112789,4.56831704760558,4.7009065351874275,4789000
1993-12-16,4.640638828277588,4.761174901739343,4.616531521623511,4.737067595085266,593000
1993-12-17,4.459834575653076,4.6406386800714445,4.423673846731126,4.628585257033666,14378000
1993-12-20,4.339298725128174,4.508049415028836,4.339298725128174,4.447781377179833,4873000
1993-12-21,4.459834575653076,4.459834575653076,4.206709013390808,4.218762436428586,8735000
1993-12-22,4.5321574211120605,4.580372047642324,4.471889367853609,4.483943254390553,6665000
1993-12-23,4.459834575653076,4.6044779511494935,4.459834575653076,4.544209916343371,4558000
1993-12-27,4.447781085968018,4.483941814348122,4.3754591693992015,4.459834508825183,3673000
1993-12-28,4.471888065338135,4.556263407285927,4.459834642120717,4.520102677825051,3251000
1993-12-29,4.459834575653076,4.495995304575027,4.411619963884732,4.459834575653076,1536000
1993-12-30,4.483941555023193,4.5201022813119724,4.447780828734414,4.483941555023193,2006000
1993-12-31,4.483941555023193,4.556263007600752,4.471887673054546,4.508048859151907,1743000
1994-01-03,4.37545919418335,4.508049145406245,4.351351888523858,4.4839418397467545,5132000
1994-01-04,4.411618232727051,4.471886243883477,4.303136088530544,4.411618232727051,4424000
1994-01-05,4.652692794799805,4.67680010426788,4.3995671949067265,4.423674504374802,8920000
1994-01-06,4.737066745758057,4.809388652753411,4.652691417501084,4.749120626828223,11684000
1994-01-07,5.0022478103637695,5.062515856271767,4.712961006081903,4.749122201473662,13370000
1994-01-10,5.062514305114746,5.074567726679691,4.8937636443541646,5.014299699237849,9150000
1994-01-11,5.110729217529297,5.18305067087387,5.038407304376137,5.062514608760524,6439000
1994-01-12,5.219211101531982,5.291533010583313,5.110728927667828,5.219211101531982,12473000
1994-01-13,5.09867525100708,5.231265193021439,5.074567947021871,5.183050585051022,3861000
1994-01-14,5.327694416046143,5.43617660377355,5.183051039267647,5.183051039267647,12562000
1994-01-17,5.5084991455078125,5.54465987884288,5.279480401371268,5.279480401371268,7598000
1994-01-18,5.35180139541626,5.56876621743398,5.3276940907901595,5.556712335216635,5887000
1994-01-19,5.291534423828125,5.339748582930657,5.195105186005695,5.231266380093448,9116000
1994-01-20,5.424122333526611,5.484390359454685,5.303586281670465,5.303586281670465,6220000
1994-01-21,5.484391689300537,5.5446597298423015,5.4361770729436625,5.4361770729436625,5539000
1994-01-24,5.5808210372924805,5.616981773382062,5.472338829023735,5.4964456798776515,4740000
1994-01-25,5.424122333526611,5.677247858501101,5.424122333526611,5.580819108977893,6117000
1994-01-26,5.339748382568359,5.460284465514862,5.279480341095107,5.424123732592644,9754000
1994-01-27,5.532607078552246,5.532607078552246,5.3397490459915,5.3397490459915,4117000
1994-01-28,5.496445178985596,5.653142454108443,5.484391754657068,5.556713220245563,3249000
1994-01-31,5.629034519195557,5.725463282518354,5.604927213412704,5.616980636399824,7213000
1994-02-01,5.785731792449951,5.809839100213556,5.55671305840868,5.665195713440577,7003000
1994-02-02,5.8339457511901855,5.930374511579982,5.785731141090988,5.809838446140587,6160000
1994-02-03,5.749571323394775,5.846000099046174,5.689303281136567,5.809839365652984,4320000
1994-02-04,5.556713104248047,5.9183213442592075,5.5446596801711365,5.773678416101667,5371000
1994-02-07,5.689302921295166,5.725463652401235,5.48439149861592,5.496444922381729,5874000
1994-02-08,5.870107650756836,5.906268385645991,5.725464251391522,5.725464251391522,5087000
1994-02-09,5.713409900665283,6.002696192716408,5.713409900665283,5.870106699669053,9605000
1994-02-10,5.653141975402832,5.7857314710236745,5.653141975402832,5.725463434867178,4621000
1994-02-11,5.616980075836182,5.653141260805952,5.508497900352574,5.653141260805952,4251000
1994-02-14,5.653141975402832,5.737516858175027,5.604927362554185,5.629034668978509,2983000
1994-02-15,5.930375099182129,5.9424285229969245,5.701356368231867,5.701356368231867,5605000
1994-02-16,6.038856506347656,6.087071114943913,5.954481631017083,5.978588475506627,8519000
1994-02-17,5.930375099182129,6.135286522694156,5.882160484305659,6.135286522694156,6995000
1994-02-18,6.328145503997803,6.340198930558108,5.942429876554282,5.954483762923337,13519000
1994-02-22,6.641538619995117,6.701806667217609,6.340198383882658,6.340198383882658,8597000
1994-02-23,6.521001815795898,6.64153789712158,6.521001815795898,6.545109124022766,6942000
1994-02-24,6.460733890533447,6.545109240930253,6.364305115712242,6.460733890533447,9034000
1994-02-25,6.617431163787842,6.665645321271416,6.533055813430752,6.5812699709143265,5019000
1994-02-28,6.834395885467529,6.930824658317166,6.665645188124169,6.677699072110785,4651000
1994-03-01,6.882610321044922,6.979039557612962,6.750020810476883,6.942878363995608,8859000
1994-03-02,7.256270885467529,7.280378189367802,6.737965920750258,6.8464480985886205,12573000
1994-03-03,7.340646266937256,7.376806993118465,7.256270932642047,7.268324354766257,7578000
1994-03-04,7.714308738708496,7.726362162189275,7.3647539400623145,7.3647539400623145,14801000
1994-03-07,7.593772888183594,7.7986838522400435,7.593772888183594,7.666094350814265,11445000
1994-03-08,7.461183547973633,7.6419876682656405,7.400915507876297,7.6419876682656405,11838000
1994-03-09,7.7504706382751465,7.7504706382751465,7.49734458372899,7.509398008313185,13260000
1994-03-10,7.774576187133789,7.858951064728673,7.545557479868425,7.762522764565548,8767000
1994-03-11,8.039754867553711,8.112077239547896,7.702254449921885,7.798682746552195,8123000
1994-03-14,8.304933547973633,8.316986968352188,7.955378839293396,8.003593440424641,6233000
1994-03-15,7.883058547973633,8.365202790423186,7.883058547973633,8.316988182254798,13114000
1994-03-16,8.100024223327637,8.172346607156973,7.883059830691562,7.883059830691562,8711000
1994-03-17,8.027702331542969,8.172346171880289,8.003595484628713,8.100023791902998,6923000
1994-03-18,8.533956527709961,8.546009954181748,7.931276007945627,7.931276007945627,14061000
1994-03-21,8.94377613067627,8.979937319945767,8.437524998606762,8.533954223580594,11350000
1994-03-22,9.124579429626465,9.208955223909726,8.847347041711311,8.991989946743812,15183000
1994-03-23,9.016098976135254,9.208956516453258,8.96788436115143,9.136635053786168,9072000
1994-03-24,8.678597450256348,8.991991063147704,8.582168221851033,8.991991063147704,14837000
1994-03-25,8.256718635559082,8.762969629308609,8.184397196397292,8.702701610070951,9322000
1994-03-28,7.97948694229126,8.280827097507958,7.690200669168383,8.280827097507958,21917000
1994-03-29,7.593772888183594,8.124131813504,7.5335048493884855,7.991542312078222,13045000
1994-03-30,7.762521743774414,8.027700683872805,7.412967017559572,7.5817176701754,16955000
1994-03-31,8.027702331542969,8.063863521531614,7.497343882682618,7.883059410822912,17732000
1994-04-04,8.316988945007324,8.34109579149378,7.774576622506847,7.931273883520549,14047000
1994-04-05,8.787079811096191,8.787079811096191,8.461631865726853,8.473686208590983,13289000
1994-04-06,8.967883110046387,9.076365748721306,8.678596380118988,8.787079018793907,13152000
1994-04-07,9.425919532775879,9.425919532775879,8.943775292334818,9.016097664094703,10823000
1994-04-08,9.13663387298584,9.618778121278133,9.064311500048257,9.377705997131986,16439000
1994-04-11,8.811187744140625,9.064313342008324,8.799134319407374,9.064313342008324,9691000
1994-04-12,8.341094017028809,8.582166109077237,8.244665731979667,8.582166109077237,15626000
1994-04-13,8.063863754272461,8.353150523679291,7.738415793833294,8.341096180256987,17739000
1994-04-14,8.051810264587402,8.316989264597213,7.883059573846032,7.883059573846032,13623000
1994-04-15,8.003594398498535,8.19645190649258,7.919218606514359,8.063862427222746,8041000
1994-04-18,8.316988945007324,8.329042368250553,8.015648765840393,8.051809955187322,11262000
1994-04-19,7.925250053405762,8.618332757695999,7.654043777813929,8.43752857396811,8458000
1994-04-20,7.443103313446045,8.226587872756154,7.171897119838699,8.196453851244227,11558400
1994-04-21,8.28685474395752,8.28685474395752,7.533504312688654,7.684174398942427,9913200
1994-04-22,8.347124099731445,8.558062253876283,8.256722033669373,8.377258121752137,7121600
1994-04-25,8.618330001831055,8.678598043801902,8.377257833947668,8.407391854933092,3424400
1994-04-26,8.600223541259766,8.75110465601871,8.479518649452611,8.72092843306692,8194400
1994-04-28,8.449342727661133,8.690752519880022,8.328637831551688,8.570047623770577,3141200
1994-04-29,8.811457633972168,8.962338757841554,8.479519161459518,8.479519161459518,4449200
1994-05-02,9.052864074707031,9.233921356201172,8.78127815246582,8.87180679321289,4800000
1994-05-03,8.690753936767578,9.083044913080004,8.690753936767578,9.052868684132894,3708000
1994-05-04,8.720928192138672,8.901985524847433,8.600223303666164,8.720928192138672,4502400
1994-05-05,8.298462867736816,8.811458754106003,8.268286639126865,8.720930068276145,4390000
1994-05-06,8.479516983032227,8.539869417075161,7.996697510688755,8.207931029839024,5547200
1994-05-09,8.207934379577637,8.690754048964557,8.177758150240955,8.388991755597731,4488800
1994-05-10,8.419168472290039,8.479520934456993,8.11740616145527,8.419168472290039,4994000
1994-05-11,8.057050704956055,8.630398882462291,7.936345825481057,8.509694002987294,6706800
1994-05-12,7.96652364730835,8.298462132612864,7.7854662916877055,8.207933454802543,5358400
1994-05-13,7.815642833709717,7.9665239694956185,7.483704334980732,7.9665239694956185,9030800
1994-05-16,7.634585380554199,7.936347648560294,7.513880473351761,7.755290287756637,3001600
1994-05-17,7.332821369171143,7.694936004685767,6.819825635525424,7.634583565433329,12335200
1994-05-18,7.815642833709717,7.875995288024077,7.302646972037651,7.483704334980732,6863200
1994-05-19,8.177755355834961,8.358812669986289,7.936345603633192,8.087226698759297,7374800
1994-05-20,8.207934379577637,8.298463067587683,8.087229462230907,8.207934379577637,3708400
1994-05-23,7.9061713218688965,8.238109812481712,7.875995095449549,8.117404906804325,3970400
1994-05-24,7.9966959953308105,8.17775326314962,7.725110093602594,7.906167361421405,5163600
1994-05-25,7.8458170890808105,7.936345747800974,7.694935991213872,7.785464649934036,2780000
1994-05-26,7.755288600921631,7.936345922343926,7.694936160447533,7.845817261632779,2514400
1994-05-27,7.694936752319336,7.694936752319336,7.513879416970646,7.513879416970646,1710800
1994-05-31,8.147579193115234,8.147579193115234,7.664759685375072,7.725112123842592,3831200
1994-06-01,8.660574913024902,8.690751132234048,8.117402967260274,8.268284063306004,7779600
1994-06-02,8.449342727661133,8.901986088071551,8.38899027960641,8.811457415989468,5389200
1994-06-03,8.509696006774902,8.87181073046745,8.449343552826143,8.60022468769804,5972000
1994-06-06,8.449342727661133,8.751104967934744,8.38899027960641,8.690752519880022,3808000
1994-06-07,8.117402076721191,8.539869099301477,8.026873429025416,8.388988019808517,5955200
1994-06-08,7.875993728637695,7.936346171002735,7.513879074447456,7.906169949820215,9668000
1994-06-09,7.8458170890808105,7.936345747800974,7.544054893346933,7.8458170890808105,7931200
1994-06-10,8.026875495910645,8.117404166917156,7.875994377566459,7.996699272241807,5028800
1994-06-13,8.057050704956055,8.23810802416855,7.845817165874809,8.026874485087305,5998000
1994-06-14,8.298462867736816,8.449344010786577,8.026876810247249,8.147581724687056,6776000
1994-06-15,8.328638076782227,8.53987165119337,8.29846185186635,8.388990526613982,5874800
1994-06-16,8.449342727661133,8.539871399743216,8.298461607524327,8.328637831551688,8796800
1994-06-17,8.117402076721191,8.358811803909926,7.996697213126825,8.147578292619784,10546400
1994-06-20,7.9061713218688965,7.996700001126937,7.785466416191508,7.9061713218688965,5194800
1994-06-21,7.634585380554199,7.785466514557246,7.393175566149323,7.785466514557246,7649200
1994-06-22,7.9061713218688965,7.96652377470759,7.725113963352815,7.755290189772162,5606000
1994-06-23,7.544055461883545,8.117403676986696,7.544055461883545,7.966522567749024,5893200
1994-06-24,7.875993728637695,8.117403498097854,7.604407737995016,7.604407737995016,6540400
1994-06-27,8.298462867736816,8.32863909634677,7.845819438587536,7.875995667197488,7044800
1994-06-28,8.479516983032227,8.570045634096628,8.207931029839024,8.207931029839024,6319600
1994-06-29,8.35881519317627,8.630401246384164,8.32863896504206,8.41916764944469,8095200
1994-06-30,8.35881519317627,8.509696333847321,8.32863896504206,8.509696333847321,4028400
1994-07-01,8.268282890319824,8.419163964960697,8.147578030607127,8.419163964960697,3236400
1994-07-05,8.268282890319824,8.358811535104348,8.147578030607127,8.147578030607127,2398000
1994-07-06,8.147579193115234,8.268284070050274,8.057050535413953,8.268284070050274,3033200
1994-07-07,8.901985168457031,8.901985168457031,8.17775586661646,8.207932087526483,7188400
1994-07-08,8.841632843017578,9.083042613475396,8.72092795778867,8.72092795778867,8013600
1994-07-11,8.9623384475708,9.08304334248758,8.720928657737245,8.932162223841607,5504800
1994-07-12,9.354630470275879,9.38480669759935,8.841634605776878,8.87181083310035,7594800
1994-07-13,9.565861701965332,9.716742801365417,9.384804382685232,9.414980602565247,7354800
1994-07-14,9.203747749328613,9.777095969778593,9.113219082941775,9.746919747649645,8035600
1994-07-15,8.751106262207031,9.173573461072198,8.690753805226294,8.962339861639615,9509200
1994-07-18,8.871810913085938,9.052868278659119,8.720929775108285,8.841634685490407,4650400
1994-07-19,8.672372817993164,8.8838941062369,8.581720837317278,8.823459452452974,4830400
1994-07-20,8.491071701049805,8.672375723136279,8.370202352992157,8.672375723136279,5343600
1994-07-21,8.460853576660156,8.581722913469587,8.098245566231864,8.581722913469587,7000000
1994-07-22,8.521289825439453,8.672376524472067,8.400420466213362,8.49107248563293,4070800
1994-07-25,8.460853576660156,8.642157581874303,8.40041890825544,8.55150557926723,1823200
1994-07-26,8.521289825439453,8.611941844859022,8.460855145826407,8.49107248563293,1757200
1994-07-27,8.551505088806152,8.611939753744712,8.491070423867594,8.521287756336873,2929200
1994-07-28,8.611940383911133,8.763027057313083,8.581723049230742,8.581723049230742,3058000
1994-07-29,9.034984588623047,9.12563660790689,8.672376511487673,8.702593851248954,5548800
1994-08-01,9.095417022705078,9.246503684211808,9.00476502580104,9.065199690403732,3743200
1994-08-02,9.065197944641113,9.216284577051798,8.944328638712566,9.125632597605387,4327600
1994-08-03,8.974547386169434,9.18606870503538,8.974547386169434,9.125634042502252,2414400
1994-08-04,8.914113998413086,9.095418011940131,8.853679327237403,9.00476600517661,2550400
1994-08-05,9.095417022705078,9.095417022705078,8.732809035088929,8.763026367390275,2295200
1994-08-08,9.065197944641113,9.125632597605387,8.974545965194702,9.095415271123251,2114400
1994-08-09,9.42780876159668,9.548678104694073,9.095418068078848,9.095418068078848,5183600
1994-08-10,10.213459014892578,10.273893683619754,9.397590987075715,9.397590987075715,13512400
1994-08-11,10.243675231933594,10.51563121154245,10.09258857659534,10.243675231933594,10272000
1994-08-12,10.122808456420898,10.394764504503849,10.062373779069132,10.334329827152082,4532400
1994-08-15,10.213459014892578,10.364545686710516,10.18324168052899,10.18324168052899,2039600
1994-08-16,10.666720390319824,10.696937728536028,9.971721611347144,10.334329669941587,7077600
1994-08-17,10.606282234191895,10.7573688757046,10.48541292098173,10.7573688757046,4881200
1994-08-18,10.666720390319824,10.817807081400842,10.4551990228064,10.606285713887416,5502000
1994-08-19,10.545848846435547,10.6969355061266,10.394762186744492,10.66671817418839,3331600
1994-08-22,10.424982070922852,10.63650344627491,10.394764731586843,10.424982070922852,3488800
1994-08-23,10.213459014892578,10.515632358528453,10.213459014892578,10.455197689801278,6539600
1994-08-24,9.881068229675293,10.243676238103744,9.79041622756818,10.243676238103744,9112800
1994-08-25,10.4552001953125,10.48541753691745,9.88107070481846,9.91128804642341,11996000
1994-08-26,10.576066970825195,10.848022978646416,10.424980299813408,10.576066970825195,6663200
1994-08-29,10.364544868469238,10.757370184183817,10.334327536491195,10.727152852205771,3162000
1994-08-30,10.515629768371582,10.666716402974622,10.213456499165503,10.364543133768542,4344800
1994-08-31,9.72998046875,10.21345775912267,9.609111146156831,10.21345775912267,15618400
1994-09-01,9.54867935180664,9.699766050411176,9.427809992923013,9.488244672364827,8902000
1994-09-02,9.54867935180664,9.790418069573898,9.488244672364827,9.669548710690268,3630000
1994-09-06,9.669547080993652,9.760199084877968,9.488243073225021,9.639329746365547,3858000
1994-09-07,9.850851058959961,10.092589735253457,9.760199055349899,9.790416389886586,7096800
1994-09-08,9.911288261413574,10.092592314976018,9.820636234632353,9.971722945934388,3993600
1994-09-09,9.54867935180664,9.88107008873662,9.54867935180664,9.88107008873662,5517200
1994-09-12,9.458027839660645,9.639331887705257,9.337158474297569,9.57889720502372,5334800
1994-09-13,9.63932991027832,9.85085125627189,9.609112575136383,9.66954724542026,9900000
1994-09-14,9.609112739562988,9.820634089176009,9.578895403903985,9.639330075221991,4496800
1994-09-15,10.062376976013184,10.0925943242895,9.639334100144762,9.669551448421078,5459600
1994-09-16,10.001936912536621,10.243675569032973,9.881067584288443,9.881067584288443,6638000
1994-09-19,9.578896522521973,10.183243306277301,9.548679183334206,10.062373949526236,10654400
1994-09-20,9.155854225158691,9.397592950575422,8.611942092971047,9.30694092854415,19148000
1994-09-21,9.51845932006836,9.51845932006836,9.095416683620877,9.276720670669798,13254400
1994-09-22,9.42780876159668,9.729982119340164,9.216287411176241,9.548678104694073,8685600
1994-09-23,9.216288566589355,9.79041801827853,9.12563654790159,9.79041801827853,18256400
1994-09-26,8.714022636413574,9.077106912930807,8.592994544241163,9.077106912930807,32766000
1994-09-27,8.532480239868164,8.835050461140085,8.441709173486588,8.714022372631316,15875600
1994-09-28,8.290421485900879,8.714019664012604,8.13913642228955,8.592991613123539,16989200
1994-09-29,8.562735557556152,8.592992573660592,8.260165396511766,8.350936444825082,12799600
1994-09-30,8.35093879699707,8.592994994011478,8.32068177237027,8.592994994011478,7329600
1994-10-03,7.83656644821167,8.411449701169282,7.806309434898111,8.350935674542166,12376800
1994-10-04,7.473483562469482,7.866824802599455,7.382712507054873,7.836567784127919,20149600
1994-10-05,8.018107414245605,8.048364423355967,7.503738259369472,7.594509286700554,18221200
1994-10-06,8.018107414245605,8.048364423355967,7.866822368693801,8.018107414245605,10120000
1994-10-07,8.048367500305176,8.260166645050049,8.018110479627337,8.16939558301653,7369200
1994-10-10,8.502222061157227,8.62325013320217,8.290422935078578,8.290422935078578,9310000
1994-10-11,8.381195068359375,8.80479337506346,8.35093804645194,8.774536353156025,13946800
1994-10-12,8.35093879699707,8.502223920131076,8.290424747743469,8.441709870877473,5450000
1994-10-13,7.987853527069092,8.592993945786446,7.957596506133224,8.532479903914712,10042000
1994-10-14,8.320679664611816,8.320679664611816,7.7457963423295455,8.048366511951793,13201600
1994-10-17,8.108880043029785,8.471964224060969,8.108880043029785,8.32067914863131,7109200
1994-10-18,8.108880043029785,8.32067914863131,8.078623027943854,8.108880043029785,8016000
1994-10-19,8.35093879699707,8.441709870877473,7.9273404522218565,8.108882599982662,8627600
1994-10-20,8.471964836120605,8.71402097429548,8.350936767033168,8.532478870664324,11128800
1994-10-21,8.653508186340332,8.683765207970893,8.381194991665287,8.471966056556969,7169200
1994-10-24,8.895563125610352,8.925820143044401,8.68376400357201,8.68376400357201,7940000
1994-10-25,8.683762550354004,8.956075661689146,8.62324852561286,8.80479059983629,6471200
1994-10-26,9.28890323638916,9.28890323638916,8.774534001800836,8.865305043198775,8712000
1994-10-27,9.53095817565918,9.621729205903552,9.349416115170433,9.409930135333349,14031600
1994-10-28,9.621731758117676,9.803273866761407,9.37967561325937,9.409932631366658,10694000
1994-10-31,9.682244300842285,9.803272354602814,9.47044520676136,9.561216247081758,4673600
1994-11-01,9.924304008483887,9.984818057316106,9.621733764322792,9.621733764322792,6175600
1994-11-02,9.773017883300781,10.378158309511356,9.742760861990252,10.04533107509554,11573200
1994-11-03,9.682244300842285,9.984814435243607,9.561216247081758,9.984814435243607,8383200
1994-11-04,9.409933090209961,9.712503286036647,9.379676070627292,9.65198924687131,5784400
1994-11-07,9.50070571899414,9.591476792742492,9.379677620663005,9.409934645245789,3734800
1994-11-08,9.833529472351074,10.015071554917556,9.500702320979192,9.500702320979192,5569600
1994-11-09,9.894044876098633,10.166358037826118,9.74275978625003,10.105844001886677,7826400
1994-11-10,9.591475486755371,9.773017609533076,9.530961445829469,9.621732507218322,5871200
1994-11-11,9.50070571899414,9.682247866490844,9.470448694411356,9.561219768159708,3260800
1994-11-14,9.80327320098877,9.894044249146074,9.591474088621728,9.591474088621728,4158000
1994-11-15,9.712501525878906,10.01507166687202,9.651987497680285,9.863786596375462,5822000
1994-11-16,9.773017883300781,9.833531925921838,9.682246819369194,9.742760861990252,2802000
1994-11-17,9.712501525878906,9.863786596375462,9.621730483580972,9.863786596375462,3691600
1994-11-18,9.65198802947998,9.742759076779164,9.59147399794719,9.682245045246376,3955200
1994-11-21,9.833529472351074,10.045328568678636,9.773015444828914,9.894043499873234,6016400
1994-11-22,9.409933090209961,9.773017325201986,9.379676070627292,9.712503286036647,6868000
1994-11-23,9.80327320098877,9.833530217041204,9.198132879940081,9.319160944149818,9204800
1994-11-25,9.924304008483887,9.984818057316106,9.77301888640334,9.77301888640334,2068800
1994-11-28,9.894044876098633,10.045329965947236,9.74275978625003,9.984815930007795,4758000
1994-11-29,10.196616172790527,10.226873194074772,9.803274896095344,9.924302981232323,9454800
1994-11-30,10.16635799407959,10.468928172474815,10.0453299227215,10.378157118956247,10053600
1994-12-01,9.95455551147461,10.257125587811224,9.74275645803898,9.98481251910827,6249200
1994-12-02,10.16635799407959,10.226872029758635,9.924301851363408,10.015072904881977,5461600
1994-12-05,10.710983276367188,10.74124029127218,10.196614022982322,10.226871037887316,7866400
1994-12-06,10.589956283569336,10.922783481052944,10.559699265616281,10.650470319475447,11220400
1994-12-07,10.468929290771484,10.801756522559018,10.468929290771484,10.468929290771484,5854000
1994-12-08,10.105842590332031,10.710982865202213,9.954557521614486,10.559697796484668,6762800
1994-12-09,10.075590133666992,10.226875270809138,9.742762831954268,10.045333106238562,11038800
1994-12-12,10.16635799407959,10.257129047598157,9.83353079784484,10.136100976240067,7741200
1994-12-13,9.95455551147461,10.317639603078547,9.924298503840948,10.287382595444885,5846800
1994-12-14,10.075590133666992,10.19661824338071,9.924304996524844,10.015076078810134,5690000
1994-12-15,10.287384986877441,10.347899016212015,10.196613942875581,10.226870957542868,7326000
1994-12-16,9.863785743713379,10.468925973389046,9.803271720745812,10.166355858551213,10916800
1994-12-19,9.773017883300781,9.924302989853425,9.712503840679723,9.924302989853425,5490800
1994-12-20,9.984813690185547,10.015070701367927,9.651986567179362,9.894042656638405,4767600
1994-12-21,10.438672065734863,10.438672065734863,9.984816758529,10.045330799489781,7181600
1994-12-22,10.196616172790527,10.559700428201465,10.105845108937793,10.46892936434873,5294000
1994-12-23,10.347901344299316,10.468929430197553,10.226873258401078,10.287387301350197,2831200
1994-12-27,10.771500587463379,10.801757611585467,10.40841629799832,10.499187370364586,4976000
1994-12-28,10.710983276367188,10.953039395607124,10.559698201842227,10.832011335987156,4668400
1994-12-29,10.965429306030273,11.11688551191467,10.844264341322758,10.844264341322758,6368400
1994-12-30,10.692808151245117,10.965429322240036,10.692808151245117,10.90484683979672,5176400
1995-01-03,10.601936340332031,10.753392573765346,10.450480106898716,10.632227587018694,5102800
1995-01-04,10.662517547607422,10.723100033673374,10.420187603343617,10.692808790640399,4710800
1995-01-05,10.511063575744629,10.81397607072286,10.511063575744629,10.662519823233746,4340000
1995-01-06,10.511063575744629,10.601937324238099,10.299024829259867,10.389898577753337,6192400
1995-01-09,10.420187950134277,10.601935414380806,10.329314218011014,10.54135292629863,6724000
1995-01-10,10.844264030456543,10.935137751382157,10.632225348296778,10.662516588605317,8765200
1995-01-11,10.935139656066895,11.147178375159605,10.753392182558859,11.147178375159605,8398000
1995-01-12,11.207761764526367,11.298635508563068,10.8745580363918,10.9654317804285,8073600
1995-01-13,10.965429306030273,11.298632958975945,10.935138064853394,11.268341717799066,6158400
1995-01-16,10.995719909667969,11.086593627929688,10.844263712565105,10.874554951985678,4614000
1995-01-17,11.238051414489746,11.359216389309044,11.147177683375274,11.207760170784923,7709600
1995-01-18,11.298632621765137,11.480380063402109,11.116885180128165,11.298632621765137,6788000
1995-01-19,11.238051414489746,11.510672607833163,11.238051414489746,11.298633901899395,5919600
1995-01-20,11.056303977966309,11.23805144061781,10.965430246640558,11.17746895306731,4551600
1995-01-23,11.116888046264648,11.116888046264648,10.844266813522463,10.904849309687394,5578800
1995-01-24,11.510672569274902,11.510672569274902,10.995721428017868,11.116886402431287,4668000
1995-01-25,11.086594581604004,11.45008948591889,11.026012097551522,11.086594581604004,9293200
1995-01-26,10.783683776855469,11.177469982190079,10.753392530291269,11.147178735625879,6252000
1995-01-27,10.995719909667969,11.116884867350262,10.662516276041668,10.783681233723959,6439600
1995-01-30,10.723102569580078,11.086597571938725,10.692811319383525,11.086597571938725,6681200
1995-01-31,10.723102569580078,10.96543257115251,10.601937568793863,10.723102569580078,6701600
1995-02-01,10.844264030456543,11.056302712616308,10.60193410798824,10.692807828913855,7845600
1995-02-02,11.056303977966309,11.08659522174156,10.692809052663307,10.874556515314808,5969200
1995-02-03,10.904850006103516,11.238053756290013,10.874558756086563,11.238053756290013,6524800
1995-02-06,10.935139656066895,11.116887129574932,10.753392182558859,10.904848410482222,6663600
1995-02-07,10.965429306030273,10.965429306030273,10.75339061779212,10.904846823676515,3639200
1995-02-08,11.601546287536621,11.662128774677806,11.026012659695379,11.116886390407155,11161200
1995-02-09,12.20737075805664,12.237662000632463,11.662128391691828,11.692419634267651,14425600
1995-02-10,12.75261402130127,12.843487755419806,12.086206637765336,12.177080371883873,17000800
1995-02-13,12.813197135925293,12.994944613030615,12.661740905004189,12.782905889741071,10081600
1995-02-14,13.328147888183594,13.35843913338401,12.843487964976918,12.873779210177334,12982000
1995-02-15,13.267565727233887,13.479604448902009,13.20698323532871,13.44931320294942,6990000
1995-02-16,13.87338924407959,13.903680486970593,13.297855629150524,13.328146872041527,9504000
1995-02-17,13.419020652770996,13.752224325864631,13.388729409762483,13.72193308285612,7158800
1995-02-21,13.60076904296875,13.782516513476127,13.419021572461372,13.60076904296875,6335200
1995-02-22,14.32775592803955,14.35804716678805,13.631057436824097,13.661348675572595,9752000
1995-02-23,14.297466278076172,14.872999878252967,14.206592551732466,14.448922488649012,15076000
1995-02-24,14.297466278076172,14.418631246534444,13.903680130586785,14.297466278076172,10701600
1995-02-27,14.297466278076172,14.721543667680125,14.115718825388763,14.176301309617898,11622000
1995-02-28,15.024458885192871,15.054750132945276,14.297468939135152,14.388342682392366,9286000
1995-03-01,15.721155166625977,15.781737652817213,15.085039061617989,15.115330304713607,13231600
1995-03-02,15.963485717773438,16.054359450512187,15.599990786818445,15.751447008049693,11269200
1995-03-03,16.47843360900879,16.569307323764352,15.78173512921614,15.963482558727264,11603200
1995-03-06,16.81163787841797,17.296297709147137,16.145230611165367,16.357269287109375,15194400
1995-03-07,17.023679733276367,17.11455346850738,16.59960230219831,16.932805998045357,11891200
1995-03-08,16.448137283325195,17.205418005393575,16.35726359667699,17.205418005393575,11228000
1995-03-09,16.326980590820312,16.811640497041324,15.933194417015741,16.66018427634726,14912000
1995-03-10,16.26639747619629,16.53901866294818,16.14523250430656,16.326979962141156,8651200
1995-03-13,16.720766067504883,16.90251352476037,16.17552369573842,16.23610618149025,7599600
1995-03-14,16.841930389404297,17.08426032306479,16.811639147696734,16.963095356234543,7093600
1995-03-15,16.96309471130371,17.08425967352731,16.599599824632918,16.841929749080112,7139200
1995-03-16,16.841930389404297,17.175134048187477,16.66018293915893,17.05396908135723,8601600
1995-03-17,16.932804107666016,17.053969074447167,16.523872344779626,16.523872344779626,10615600
1995-03-20,17.8718318939209,17.93241437491724,16.781347235986743,16.963094678975768,12247200
1995-03-21,18.144451141357422,18.719984650014837,17.902121242975355,18.02328619216639,15406400
1995-03-22,17.992998123168945,18.326201792116517,17.841541910010957,18.205036821590127,7575600
1995-03-23,18.750280380249023,18.841154113917437,17.99299926634559,17.99299926634559,13093200
1995-03-24,18.992610931396484,19.41668836846116,18.810863458368768,18.871445949378007,10244800
1995-03-27,19.446977615356445,19.50756010013949,18.99260897948363,18.99260897948363,9712000
1995-03-28,20.53746223449707,20.628335961198385,19.568142483016384,19.568142483016384,16264800
1995-03-29,19.022897720336914,20.446585925521365,18.810859051479657,20.416294687113187,23518400
1995-03-30,18.07660484313965,19.107820555667747,17.80363597805868,19.107820555667747,23568800
1995-03-31,18.470901489257812,18.80453025178956,17.712654301685653,17.955293401708744,13368800
1995-04-03,18.865182876586914,18.925842628601664,18.106935976402553,18.531554240505795,8847600
1995-04-04,18.01595115661621,19.168486752494015,17.955291388412117,19.01683733198378,10155600
1995-04-05,18.228252410888672,18.531551119888483,17.227366671189294,17.985613443688823,16401200
1995-04-06,18.167598724365234,18.652876820508546,18.046279200329405,18.440567653445846,9221200
1995-04-07,18.50122833251953,18.652877745081167,17.924960564785316,18.31924903744557,9101200
1995-04-10,18.834856033325195,19.047165199562357,18.531557224414968,18.531557224414968,7106000
1995-04-11,18.895517349243164,19.25947594987064,18.683208165543803,19.138156416328147,7985600
1995-04-12,19.016836166381836,19.198815459840034,18.74386722619454,18.925846519652737,5837600
1995-04-13,19.41112518310547,19.502114832401276,19.04716658592224,19.198816001415253,8116400
1995-04-17,18.683204650878906,19.62343085895885,18.561885140158914,19.53244122591886,8910800
1995-04-18,18.986507415771484,19.077497067923744,18.228260314502656,18.83485799551772,10099200
1995-04-19,18.41023826599121,18.925846256966253,18.16759921141472,18.925846256966253,9887600
1995-04-20,18.44057273864746,18.622552074884116,18.076614066174155,18.561892296138563,5910000
1995-04-21,18.470901489257812,18.83486013929245,18.197932501731835,18.31925205174338,7130000
1995-04-24,19.41112518310547,19.502114832401276,18.319249391555786,18.319249391555786,12122000
1995-04-25,19.926733016967773,20.19970196240569,19.47178477457125,19.53244454022412,10313200
1995-04-26,19.86607551574707,20.078384719732153,18.986508813523155,19.41112722149332,14536000
1995-04-27,19.86607551574707,20.169374378582905,19.59310653919482,19.83574562946349,7406000
1995-04-28,20.017719268798828,20.260358290238816,19.62343085895885,19.83574000271884,7230000
1995-05-01,19.77507781982422,20.32101555104636,19.714418071910647,19.957057063564932,6536000
1995-05-02,19.62343406677246,19.835743245238316,19.471784653582567,19.562774301496503,5034000
1995-05-03,20.321020126342773,20.381679887913947,19.532443225917532,19.77508227220222,9921200
1995-05-04,20.44233512878418,21.07926248442879,20.169366262079347,20.593984499175754,14310400
1995-05-05,20.472667694091797,20.866956108940972,20.29068842569987,20.56365732828776,8344800
1995-05-08,20.199697494506836,20.83662489298228,20.139037742271082,20.351346875096226,6334800
1995-05-09,20.048049926757812,20.38167859422277,19.41112247068835,20.38167859422277,12062000
1995-05-10,19.926733016967773,20.19970196240569,19.744753720009165,20.19970196240569,7533600
1995-05-11,20.503002166748047,20.62432170619626,19.775084930058767,19.89640446950698,9645200
1995-05-12,20.988277435302734,21.29157624217127,20.57882404603021,20.57882404603021,10478800
1995-05-15,21.079269409179688,21.20058894534763,20.897290104927777,20.988279757053732,4600800
1995-05-16,21.139925003051758,21.534213417742823,20.806296344467007,21.01860549083912,7140000
1995-05-17,21.8375186920166,21.989168127377827,21.291580724716187,21.412900273005167,10538400
1995-05-18,22.686752319335938,23.47532927161232,21.867845484279695,21.867845484279695,17770000
1995-05-19,23.414670944213867,23.414670944213867,22.53510428957371,22.565434174216474,11768400
1995-05-22,23.59664535522461,23.778624625316315,23.32367645008705,23.475325841830138,12946800
1995-05-23,24.14258575439453,24.445884570404512,23.53598812237457,23.96060646478854,11828800
1995-05-24,22.808067321777344,24.6278599272383,22.504768554200517,24.50654042020757,16526200
1995-05-25,23.232688903808594,23.47532795241234,22.444111995846423,22.68675104445017,8069000
1995-05-26,22.383455276489258,22.868733439665178,22.20147596529829,22.686754128474206,5249200
1995-05-30,20.22161865234375,22.650641913886542,20.22161865234375,22.589916332347972,12400000
1995-05-31,21.679035186767578,21.679035186767578,19.857267524014,20.464523411598524,11379800
1995-06-01,22.52919578552246,22.77209816595936,21.861214239320987,21.921939834430212,8919400
1995-06-02,23.014999389648438,23.500804126105397,22.04338991673452,22.10411550879164,7845000
1995-06-05,22.772096633911133,23.561529317220053,22.589919860839846,23.257901362101236,5596400
1995-06-06,21.92194175720215,23.13645376591141,21.92194175720215,22.650648962427706,6078000
1995-06-07,22.71137046813965,22.71137046813965,21.739761036347577,21.982663394295596,6672600
1995-06-08,23.197174072265625,23.318625245418847,22.772094966229343,22.772094966229343,4714400
1995-06-09,23.44007682800293,23.682979178552184,22.832820951629795,23.318625652728304,6115800
1995-06-12,23.197174072265625,23.682978764878516,22.954271725959178,23.682978764878516,4504400
1995-06-13,23.379352569580078,23.74370611611899,23.014999023041167,23.68298052502917,6535400
1995-06-14,23.622255325317383,23.925883285797042,23.13645058854993,23.318627364837724,5681600
1995-06-15,24.047332763671875,24.472411878181227,23.622253649162523,23.74370482473662,7557800
1995-06-16,24.290233612060547,24.472410364151,23.98660569190979,24.229508028030395,8755600
1995-06-19,25.747650146484375,26.112003686293118,24.593863937090028,24.715315117026275,8808400
1995-06-20,28.05522346496582,28.11594905688133,26.354906891331527,26.59780925899357,11243000
1995-06-21,26.597808837890625,28.7839301122378,26.537083246936536,28.48030215746736,17877000
1995-06-22,27.690872192382812,27.873048983122175,26.84071383559913,26.90143943251225,10254000
1995-06-23,27.994495391845703,28.29812332451214,27.387239526512822,27.690867459179263,6767800
1995-06-26,27.690872192382812,28.601756146079616,27.265793013990972,28.115951370774656,6601000
1995-06-27,26.658531188964844,27.81231727686993,26.658531188964844,27.690866109722027,7150000
1995-06-28,25.99055290222168,27.022887947403383,25.140394629719104,26.47635762936601,14179800
1995-06-29,26.77998161315918,27.08360952260543,26.172725794266682,26.29417695804518,9559800
1995-06-30,26.719255447387695,27.630139155821364,26.354901964014225,27.326511253010143,7330800
1995-07-03,26.294179916381836,26.71925903743189,26.172728738938964,26.65853344871045,2443000
1995-07-05,25.565471649169922,26.658532194740133,25.201118133979854,26.354904265415076,9358200
1995-07-06,26.719255447387695,26.840706608512182,25.38329267501831,25.747646158391778,11902600
1995-07-07,27.50868797302246,27.751590295080053,26.840706587364078,27.205060070450468,10088400
1995-07-10,27.447969436645508,28.05522539763324,27.022890263954096,27.6908718210406,6890000
1995-07-11,27.08361053466797,27.630140792094004,26.840708198034175,27.38723845546021,5458600
1995-07-12,29.51263999938965,29.573365596096213,27.447969711366504,27.812323291605885,13149400
1995-07-13,29.816265106201172,30.423521014677775,28.966106834333928,29.51263715196287,11068200
1995-07-14,30.605695724487305,30.605695724487305,28.78392812183925,28.78392812183925,9355200
1995-07-17,30.78787612915039,31.455857662524462,30.666424941264193,31.03077850492278,7858800
1995-07-18,29.148283004760742,30.97005069255829,29.148283004760742,30.727148334185284,9300600
1995-07-19,27.873044967651367,28.60175202562918,25.444021441058656,27.933770555816185,18529600
1995-07-20,27.569416046142578,27.994495148175613,26.779983428081227,27.812318390161455,8683600
1995-07-21,26.840709686279297,27.994495849264155,26.840709686279297,27.69086791163656,5950800
1995-07-24,29.148283004760742,29.209008594353996,27.14433854818344,27.38724090655645,6479600
1995-07-25,29.451908111572266,30.24134070012987,29.391182527837064,29.99843836518907,7571400
1995-07-26,29.694812774658203,30.302068659620538,29.5126360091695,29.937715128643138,5813600
1995-07-27,30.605695724487305,30.848598071507045,29.93771427018302,29.93771427018302,7116200
1995-07-28,30.90932846069336,31.212956441643193,30.302072498793684,30.970054056883328,6642600
1995-07-31,30.302066802978516,31.03077382028461,29.81626212477445,30.909322650733596,6161800
1995-08-01,29.269733428955078,30.302068425412,28.90537990079381,30.302068425412,7559800
1995-08-02,28.05522346496582,30.059167998177664,27.326516361979696,29.876991222431133,9941800
1995-08-03,28.419578552246094,28.601755337837414,26.84071307712131,27.569420219486595,12898800
1995-08-04,27.994495391845703,28.84465360331173,27.812318632245837,28.480300084112006,5315800
1995-08-07,27.994495391845703,28.541025670645293,27.812318632245837,28.29812332451214,5074800
1995-08-08,28.723201751708984,28.844652921906484,27.812317975227725,28.17667148582023,5131600
1995-08-09,30.6923770904541,30.6923770904541,29.17295248201578,29.416060419365913,10202400
1995-08-10,30.145387649536133,31.178596500427492,29.90227968462052,30.63160357936736,7524400
1995-08-11,30.57082176208496,31.05703761515987,30.38849081718187,31.05703761515987,9268000
1995-08-14,31.84714126586914,31.907918253017744,30.266939600005404,30.570824535748432,8010800
1995-08-15,33.85279083251953,33.974344839099494,31.84714972395015,32.69802777000989,9855600
1995-08-16,35.12909698486328,35.43298190687767,34.21744221882012,34.5213271408345,9595000
1995-08-17,34.46054458618164,36.10152289980934,34.39976761160284,35.25064525570609,9297600
1995-08-18,34.58210372924805,35.00754261519661,34.09588785959254,34.8252116640758,5772000
1995-08-21,33.06267547607422,34.764430831460395,32.81956756816191,34.764430831460395,9838200
1995-08-22,35.18987274169922,35.49375765311286,33.18423232636921,33.2753977997933,9139800
1995-08-23,35.979976654052734,36.648523517557095,35.43298376573099,35.49376075332229,11940400
1995-08-24,35.919189453125,36.4661821859137,35.007534898477154,36.04074339374471,8724400
1995-08-25,35.37220764160156,36.101531510500564,35.311430652526646,35.8584235542009,6000400
1995-08-28,34.8251953125,35.615295729712045,34.764418357329845,35.2506339986911,5524800
1995-08-29,34.94676208496094,34.94676208496094,32.88034484863281,34.76443115234375,15764000
1995-08-30,35.61531448364258,36.04075339385674,34.764436663214255,35.25065256060187,8284800
1995-08-31,37.37784194946289,37.92483475847942,35.372201649735615,35.7368635224133,8826400
1995-09-01,37.13473892211914,38.28950167092481,36.77007700144367,37.25629289567763,6368800
1995-09-05,39.565818786621094,39.626595774004535,37.742509165117816,37.8640631398847,8312000
1995-09-06,42.42232894897461,42.7262138268326,40.17358085282553,40.17358085282553,16047200
1995-09-07,42.60467529296875,44.73187020773894,41.8753513221904,43.51633025644169,16604000
1995-09-08,43.698646545410156,43.88097747675401,41.32834443794007,42.78699188869089,11756000
1995-09-11,45.886619567871094,46.008173526991285,43.82020226282789,44.245641119748555,12162400
1995-09-12,44.792640686035156,46.06895744913792,44.549532731158436,45.947403471699566,11154200
1995-09-13,45.27886199951172,45.64352397534671,44.124099076034234,44.731869035759225,10005200
1995-09-14,43.577091217041016,45.27884652258795,42.96932146505997,45.218069547389845,9801800
1995-09-15,41.81456756591797,43.030107320741166,41.75379057817681,43.030107320741166,12131600
1995-09-18,43.03010559082031,43.27321353201139,40.59902617890956,41.6930119142694,12136800
1995-09-19,43.75942611694336,44.79263478914896,43.03010234832764,43.45554121335348,11555600
1995-09-20,42.60467529296875,44.4887622174795,42.3615673027093,44.4887622174795,8859200
1995-09-21,41.63223648071289,43.27321514491617,41.44990551802364,41.81456744340215,13279000
1995-09-22,41.69301986694336,43.273221786098645,41.449911879381006,41.510688876271594,14425000
1995-09-25,39.86969757080078,41.936114822945946,39.50503570277517,41.571452954920325,11712400
1995-09-26,38.28949737548828,40.65979959397089,37.92483549572173,40.29513771420434,14258400
1995-09-27,38.167945861816406,38.2894998295292,35.43298158827861,36.95240618468849,25757000
1995-09-28,40.17359161376953,40.23436860562092,38.411058850079186,38.47183584193058,13342600
1995-09-29,38.5933837890625,40.90290911817175,38.47182982437254,40.59902420644685,12987400
1995-10-02,37.49940872192383,39.201164709304486,36.83086172688142,38.654171713360704,12510600
1995-10-03,36.70930862426758,37.98562564597225,36.526977621166914,37.19552463253602,11737000
1995-10-04,34.58210372924805,35.97997435450763,34.58210372924805,35.97997435450763,13408400
1995-10-05,36.22308349609375,36.34463746755715,34.39977392414272,34.703658852801226,11423000
1995-10-06,34.338993072509766,37.19551108031146,34.278216093620365,36.52696431252809,10217400
1995-10-09,31.604026794433594,33.548889981783354,31.482472845224237,33.548889981783354,19067600
1995-10-10,32.880348205566406,32.880348205566406,29.17295219717537,29.355283148407715,21945400
1995-10-11,32.941123962402344,33.731224721648154,32.09024622167608,33.42733981424592,14264600
1995-10-12,33.85279083251953,34.39978386212936,32.94113578316981,33.24502079961972,13107600
1995-10-13,32.151023864746094,34.460549208527475,31.968692916552826,34.15666429487203,13286800
1995-10-16,32.57645797729492,33.245004689515525,31.604026395883135,32.211796134265505,8091800
1995-10-17,35.25065231323242,35.25065231323242,31.72558708190918,32.51568790961956,13397000
1995-10-18,35.37220764160156,37.620956237373484,35.129099685301895,35.73686957605106,21110000
1995-10-19,35.432979583740234,35.919195427084865,34.39977091663288,35.37220260332215,11513000
1995-10-20,33.731231689453125,35.55454151050465,33.548900707347975,35.432987522434544,7884200
1995-10-23,35.797645568847656,35.91919954361454,33.30578908612651,33.54889703566028,11219200
1995-10-24,34.642879486083984,36.28385798805638,34.21744061520225,36.28385798805638,9699600
1995-10-25,33.245018005371094,34.764442959912735,33.12346400900776,34.764442959912735,13256600
1995-10-26,34.15666961669922,34.15666961669922,32.090251881881116,33.12346074929017,13081600
1995-10-27,33.85279083251953,34.88599988844921,33.12346679303975,34.03512184238947,14232000
1995-10-30,35.25065231323242,35.61531423371414,34.39977449877509,34.94676737949766,11669000
1995-10-31,34.27821350097656,35.797637858289356,34.27821350097656,35.61530693541182,9639800
1995-11-01,33.06267547607422,34.33899199261385,33.00189849909614,34.27821501563577,14616200
1995-11-02,32.81957244873047,33.91355819702149,32.27257957458496,32.5764645046658,14938800
1995-11-03,33.184242248535156,33.548904251266315,32.69802624489362,33.36657324990074,10182800
1995-11-06,31.36092758178711,33.06268334203912,31.117819616036822,33.06268334203912,16194600
1995-11-07,29.719947814941406,30.874710613476964,28.504408027009244,30.63160265589053,36596200
1995-11-08,30.170066833496094,31.082468048218757,28.71022488993983,30.04841333819974,23512000
1995-11-09,31.629901885986328,31.690728620382455,30.77832760444054,30.83915433883667,20324800
1995-11-10,31.447425842285156,32.54230720623319,30.9608119027527,31.629906069609827,12214000
1995-11-13,29.987585067749023,31.812387404528884,29.805104834071038,31.38660019261358,7210200
1995-11-14,27.67616844177246,31.69073353442517,27.128727747319818,27.73699518560053,25217600
1995-11-15,27.67616844177246,28.10195564856896,27.007074259663675,27.797821929428604,15546000
1995-11-16,26.88542366027832,28.041131917168112,26.216329406289493,27.493691163904526,16212000
1995-11-17,26.8245906829834,27.49368478165192,26.581283738013028,26.763763946740806,12570200
1995-11-20,24.269872665405273,27.25038334361294,24.08739241980072,26.702942606799287,22892200
1995-11-21,24.63483238220215,25.425580088297526,24.026564915974934,24.452352142333986,21410400
1995-11-22,23.23581886291504,24.99979464046618,22.688378104364684,24.817314387616065,19902800
1995-11-24,24.026565551757812,24.026565551757812,22.810030587111847,23.35747132120253,7035200
1995-11-27,23.66160011291504,24.99978829410818,23.53994664189748,24.9389615585994,12729000
1995-11-28,26.702938079833984,26.702938079833984,23.53994769224545,23.53994769224545,20395200
1995-11-29,26.702938079833984,27.980299582513968,26.459631126942558,27.007071770948265,22341400
1995-11-30,26.3988094329834,27.37203743051274,25.425581435454056,26.15550243360106,16082600
1995-12-01,25.24309730529785,26.642112336675805,25.06061708381377,26.642112336675805,10082400
1995-12-04,25.12144660949707,26.277154807028413,25.06061986225858,25.303926851212548,9846600
1995-12-05,25.182273864746094,25.973021594798507,24.45235288315925,25.182273864746094,13578200
1995-12-06,25.182273864746094,25.486407607073946,24.45235288315925,25.364754110142805,12583000
1995-12-07,25.24309730529785,25.668884488760707,24.756483381340303,25.303924045792545,12621000
1995-12-08,26.642114639282227,26.7637681307858,25.060619249735794,25.425579724246507,11024400
1995-12-11,26.642114639282227,27.128728605296516,26.216327419019727,27.128728605296516,9793600
1995-12-12,25.85136604309082,26.82459394118365,25.608059068567613,26.642113710291245,8318200
1995-12-13,26.09467315673828,26.70294059628929,25.547232461142375,25.729712693007677,11592600
1995-12-14,24.33069610595703,26.094671573638916,24.209042625427244,26.033844833374022,13972000
1995-12-15,21.836801528930664,23.631190512505746,21.715148038518794,23.1141631782553,26145400
1995-12-18,21.046058654785156,21.775979764199672,20.072830508899138,21.593499486846042,20313400
1995-12-19,22.20176124572754,22.262587988866517,21.046053126086928,21.411013584920806,16785000
1995-12-20,21.046058654785156,22.38424735537843,20.863578377431526,22.26259383714268,10612600
1995-12-21,20.924402236938477,21.654323245203773,20.741921984872153,21.167709239693576,9003600
1995-12-22,21.106876373291016,21.47183677167645,20.74191597490558,21.106876373291016,6955400
1995-12-26,20.94854736328125,21.37482594334802,20.826753483262173,20.88765042327171,4442400
1995-12-27,20.33957862854004,21.13123887456106,20.278681686538423,21.009444990557824,7101200
1995-12-28,19.608814239501953,20.21778362582189,19.487020362237967,19.974195871293915,9961400
1995-12-29,19.304332733154297,20.156890014744707,18.93895104104412,19.608817476579443,19754800
1996-01-02,20.217782974243164,20.339576847581977,19.48701973421028,20.035092164234943,9789000
1996-01-03,19.182537078857422,20.46137288411458,18.99984624953497,20.156888168577165,11049800
1996-01-04,19.24343490600586,19.852404365056678,18.390877663334713,19.30433185191094,12882000
1996-01-05,19.060739517211914,20.035090419050224,18.99984258584702,19.608811899495965,12379400
1996-01-08,18.817153930664062,19.304329436959573,18.512669239229368,19.182535560385695,3115400
1996-01-09,17.78190803527832,18.817156105825344,17.47742330864684,18.817156105825344,12477000
1996-01-10,17.72101402282715,18.32998357687619,17.41652924580263,17.477426201207532,14918200
1996-01-11,17.4774227142334,18.390876863060928,17.4774227142334,18.208186033295423,16344000
1996-01-12,16.076793670654297,17.781908150875207,15.954999779209947,17.660114259430856,21134400
1996-01-15,15.041545867919922,16.2594848045936,14.980648921086237,16.07679396409255,21649200
1996-01-16,15.8941011428833,16.198585839107118,14.919750114967082,15.2242348111909,20388800
1996-01-17,15.711411476135254,16.807556462842363,15.22423592648765,15.406926757605502,20049600
1996-01-18,15.589615821838379,16.68576068431139,15.589615821838379,16.137688253074884,13306800
1996-01-19,15.163336753845215,15.528718362371606,14.493470471546832,15.34602755810841,21021600
1996-01-22,15.467823028564453,16.015895498080514,15.16333832327775,15.16333832327775,10032000
1996-01-23,15.589615821838379,15.954997442662716,15.346028074622154,15.467821948230267,11018000
1996-01-24,18.025495529174805,18.269083306596087,15.772308588027954,15.894102476738595,26093200
1996-01-25,17.538318634033203,19.121639066272312,17.355627814928692,18.390875789854263,33254800
1996-01-26,16.807558059692383,17.66011535257533,16.25948551426763,17.416527554608773,21908600
1996-01-29,16.38127326965332,16.990242536183185,16.137685563041376,16.86844868287721,12030800
1996-01-30,16.442174911499023,16.807556576199,16.320381023265696,16.62486574384901,7904000
1996-01-31,16.685762405395508,16.746659348480893,16.25948380379781,16.50307157613935,6969600
1996-02-01,17.23383331298828,17.721008813002083,16.381276187964126,16.503070062967577,18175000
1996-02-02,17.538318634033203,17.721009453137714,17.233833935525684,17.416524754630196,7475800
1996-02-05,18.32997703552246,18.451770902868127,17.599213831448477,17.599213831448477,15067800
1996-02-06,20.400476455688477,20.461373400332324,18.77148318646559,18.77148318646559,37559400
1996-02-07,20.156888961791992,21.435724817373963,19.852404234272477,20.82675536233493,44766400
1996-02-08,19.42612648010254,20.40047765151834,19.121641739035102,19.852405117596952,21604200
1996-02-09,18.8780517578125,19.18253646358367,18.39087622857863,18.756257875504033,21219200
1996-02-12,18.025495529174805,19.24343441628121,18.025495529174805,19.12164052757057,9002000
1996-02-13,18.390878677368164,18.390878677368164,17.41652748916323,17.903703083265697,19528400
1996-02-14,18.025495529174805,18.512671084017366,17.842804696108846,18.208186362240767,10908400
1996-02-15,17.17293930053711,18.147290466525032,17.17293930053711,18.025496570776543,11689200
1996-02-16,17.599214553833008,17.781905362350305,16.99024519210868,17.112039064453548,10296200
1996-02-20,17.964595794677734,18.086389664472158,17.172935641013968,17.294729510808395,13519000
1996-02-21,18.086393356323242,18.269084198306306,17.90370251434018,18.086393356323242,7479600
1996-02-22,18.8780517578125,19.121639522429437,18.208185405115927,18.208185405115927,17714600
1996-02-23,18.32997703552246,19.18253410694211,18.32997703552246,19.121637173269278,11449600
1996-02-26,17.903696060180664,18.329974537804013,17.903696060180664,18.208180687054483,8086600
1996-02-27,16.38127326965332,17.72100565601902,16.259479416347347,17.53831487606006,19389200
1996-02-28,16.19858741760254,17.112041595286893,15.833205746528797,16.503072143497324,12884200
1996-02-29,15.589615821838379,16.442172937095165,15.163337264209986,16.137688253074884,18158600
1996-03-01,15.406926155090332,15.772307803037137,15.041544507143525,15.772307803037137,12224200
1996-03-04,15.406926155090332,15.650513920388201,15.346029213765863,15.346029213765863,5725200
1996-03-05,15.163336753845215,16.25948157942439,14.55436740630123,15.34602755810841,24977800
1996-03-06,14.188990592956543,15.46782665498267,14.006299726952811,15.224238833644359,21206000
1996-03-07,13.884503364562988,14.24988503205149,13.701812530818739,13.884503364562988,13288800
1996-03-08,14.554368019104004,14.61526495642243,13.397326210053896,13.701810896646029,16019800
1996-03-11,14.615265846252441,15.224235256512959,14.493471964200337,14.980647492408751,13381600
1996-03-12,14.4934720993042,14.73705986567906,14.067193508148193,14.676162924085345,8147000
1996-03-13,14.249882698059082,14.493470436487442,13.76270722120236,14.493470436487442,10139000
1996-03-14,14.188990592956543,14.676166235633163,13.82360886094908,14.128093637621966,13336200
1996-03-15,15.8941011428833,16.07679196061759,14.615265418743265,14.797956236477555,28128600
1996-03-18,16.868452072143555,17.112039827697973,16.503070438811925,16.56396737770053,21344000
1996-03-19,16.19858741760254,17.294732430823764,16.076793527244625,17.17293854046585,13229800
1996-03-20,15.772306442260742,15.89410031440175,15.163337081555694,15.89410031440175,12812400
1996-03-21,15.8941011428833,15.8941011428833,15.346028689680427,15.711410325149009,7523000
1996-03-22,15.467823028564453,16.137689380195198,15.467823028564453,15.833204674908496,5745600
1996-03-25,15.102445602416992,15.711415183159612,14.980651686268468,15.589621267011088,4775000
1996-03-26,15.102445602416992,15.589621267011088,14.980651686268468,14.980651686268468,4933000
1996-03-27,15.285130500793457,15.650512106390114,15.163336632261238,15.163336632261238,5773000
1996-03-28,15.467823028564453,15.528719969621793,15.224235264335091,15.346029146449771,4341000
1996-03-29,15.406926155090332,15.71141086171267,15.285132272441396,15.589616979063734,4677400
1996-04-01,14.980646133422852,15.467821617436602,14.919749197921133,15.346027746433165,4180000
1996-04-02,14.797956466674805,15.041544227443115,14.797956466674805,15.041544227443115,3469800
1996-04-03,15.406926155090332,15.467823096414799,14.554368976547783,14.858853683170121,7623800
1996-04-04,15.102445602416992,15.528724308936827,14.980651686268468,15.406930392788302,3986200
1996-04-08,16.442174911499023,16.442174911499023,14.737060476232458,14.797957420349121,13526600
1996-04-09,16.01589584350586,16.7466591519548,15.89410195876437,16.563968324842563,12168600
1996-04-10,15.954998016357422,17.355627613213226,15.833204138369961,15.833204138369961,13362400
1996-04-11,16.076793670654297,16.19858756209865,15.711411996321246,16.076793670654297,7296400
1996-04-12,15.833203315734863,16.50306960986211,15.711409444075365,16.01589412322411,6250400
1996-04-15,15.8941011428833,16.320379717596644,15.772307264393772,15.954998082128064,4151200
1996-04-16,16.503068923950195,16.685759723846324,16.13768732415794,16.25948119075536,9749800
1996-04-17,16.442174911499023,16.685762687965674,16.198587135032373,16.442174911499023,6522600
1996-04-18,16.685762405395508,16.86845323465166,16.38127768996858,16.442174633053966,8994000
1996-04-19,16.13768768310547,16.807553964290978,16.13768768310547,16.746657029637753,5965400
1996-04-22,16.076793670654297,16.44217534498735,15.954999779209947,16.381278399265174,7073000
1996-04-23,16.19858741760254,16.442175198318367,15.954999636886711,16.137690472423582,6352400
1996-04-24,17.660110473632812,17.72100740630051,16.13768715694033,16.442171820278826,22259200
1996-04-25,18.634464263916016,18.999845916149663,17.96459790148766,18.025494843526605,26573400
1996-04-26,18.69536590576172,19.365232436587057,18.269087204327413,18.756262863109477,20856200
1996-04-29,17.78190803527832,18.451774433867573,17.721011089952025,18.147289707236094,9198400
1996-04-30,17.72101402282715,18.086395755256575,17.538323156612435,17.781910978232055,9155400
1996-05-01,17.842803955078125,18.329979489687766,17.78190701325192,17.78190701325192,8596800
1996-05-02,18.147287368774414,18.817153681044612,17.84280268137887,18.512668993649065,14466800
1996-05-03,18.025495529174805,18.573568028372687,17.721010807398205,18.39087719530673,10514800
1996-05-06,17.660110473632812,18.025492069639007,17.355625810294317,18.025492069639007,8135000
1996-05-07,17.074691772460938,17.562540108816965,17.013710730416435,17.562540108816965,7051400
1996-05-08,17.13567352294922,17.13567352294922,16.28193889903004,17.013711433817907,10851000
1996-05-09,16.525861740112305,16.891747977900767,16.403899660849483,16.708804859006538,9583800
1996-05-10,16.15997886657715,16.830770442170916,15.916054657270323,16.708808337517503,12402600
1996-05-13,16.708812713623047,16.89175591851673,16.03802096234621,16.281945235537787,9441400
1996-05-14,16.403898239135742,17.01370858259804,16.281936170443284,16.952727548251808,7278800
1996-05-15,16.525861740112305,16.830766938269356,16.098994462692428,16.15997550232384,6825600
1996-05-16,16.525861740112305,16.76978589863795,16.28193758158666,16.28193758158666,6202200
1996-05-17,16.15997886657715,16.647827285190797,16.15997886657715,16.525865180537384,6357800
1996-05-20,16.098997116088867,16.40390236449964,15.916053967042403,16.281940265135333,5128000
1996-05-21,15.79409122467041,15.97703436626891,15.73311017747091,15.91605331906941,7426400
1996-05-22,15.184281349182129,15.611148696347891,14.879376101206583,15.489186597157673,13875200
1996-05-23,15.062321662902832,15.24526484099477,14.696435306718959,14.940359544174875,9680600
1996-05-24,14.81839656829834,14.940358679971578,14.696434456625102,14.940358679971578,4993800
1996-05-28,15.12330436706543,15.245266499057893,14.818399037084271,14.879380103080504,7385600
1996-05-29,14.757413864135742,15.245262256338576,14.635451766085033,15.184281207313221,7575200
1996-05-30,15.855072021484375,15.855072021484375,14.757413189227766,14.757413189227766,10353800
1996-05-31,15.672130584716797,16.281941113305,15.611149531857977,16.09899795472854,13251200
1996-06-03,15.12330436706543,15.672133961031514,14.940361169076734,15.55017182903905,5630800
1996-06-04,15.062321662902832,15.24526484099477,14.879378484810896,15.184283781630791,4557000
1996-06-05,14.879376411437988,15.062319564037637,14.81839536057144,14.940357462304538,3411600
1996-06-06,14.391530990600586,14.940360562276032,14.269568863561597,14.879379498756537,8428000
1996-06-07,15.062321662902832,15.062321662902832,14.147605772443146,14.208586831807125,9241400
1996-06-10,14.574471473693848,15.001338839032162,14.452509369311473,15.001338839032162,4628400
1996-06-11,14.757413864135742,14.879375962186451,14.513489668034325,14.635451766085033,4826800
1996-06-12,14.574471473693848,15.3062440999881,14.574471473693848,15.123300943414538,7527400
1996-06-13,14.757413864135742,14.940357011211805,14.330546520958261,14.696432815110388,8739200
1996-06-14,14.513492584228516,15.001341074454684,14.391530461671973,14.69643576806333,9534000
1996-06-17,14.391530990600586,14.513493117639573,14.208587800042103,14.45251205412008,4523800
1996-06-18,13.354851722717285,14.452510768420076,13.354851722717285,14.330548652230878,12220800
1996-06-19,13.659754753112793,13.842697897127698,13.415830561092923,13.415830561092923,7153600
1996-06-20,13.720738410949707,14.025643708970811,13.415833112928603,13.781719470553927,6421800
1996-06-21,13.476814270019531,13.842700630291555,13.415833209974194,13.842700630291555,4181800
1996-06-24,13.049945831298828,13.476813218303931,12.927983720725942,13.476813218303931,7948600
1996-06-25,12.8670015335083,13.354849932883022,12.8670015335083,13.049944683273822,7357200
1996-06-26,12.562097549438477,12.867002829764653,12.135230156981828,12.806021773699419,9879800
1996-06-27,12.379155158996582,12.562098338686186,12.074249859513907,12.440136218893116,12624200
1996-06-28,12.623079299926758,12.745041418766629,12.379155062247014,12.44013612166695,6114400
1996-07-01,12.8670015335083,12.98896363335198,12.74503943366462,12.74503943366462,4324800
1996-07-02,12.501116752624512,12.745040981944014,12.440135695294636,12.745040981944014,3377600
1996-07-03,12.379155158996582,12.562098338686186,12.257193039203512,12.501117278789652,2292600
1996-07-05,12.257192611694336,12.440135785003207,12.196211553924712,12.257192611694336,1642200
1996-07-08,11.769342422485352,12.440133959518196,11.708361373664184,12.257190813054692,4029200
1996-07-09,11.586400985717773,11.830325216996043,11.281495696619938,11.830325216996043,6041200
1996-07-10,12.013267517089844,12.13522962386233,11.098551716296202,11.46443803661366,9965800
1996-07-11,10.00089168548584,11.769342044504677,9.878929591760402,11.708360997641957,29412000
1996-07-12,10.427759170532227,10.671683361655788,10.061872883846886,10.366778122751336,21579000
1996-07-15,9.269121170043945,10.183837074982492,8.964215868397762,10.122856014653255,17944200
1996-07-16,9.269121170043945,9.756969652677837,8.415386325434634,9.269121170043945,15810000
1996-07-17,8.720291137695312,9.756969105113637,8.720291137695312,9.756969105113637,13035400
1996-07-18,9.45206356048584,9.817949891859485,8.598328787280668,8.84225300819643,13028200
1996-07-19,9.1471586227417,9.57402602513631,9.02519650777181,9.57402602513631,6293000
1996-07-22,8.903233528137207,9.086176682824957,8.78127142501204,9.025195631262374,4225200
1996-07-23,8.415386199951172,9.086177853570469,8.415386199951172,9.086177853570469,5817400
1996-07-24,8.598329544067383,8.78127272585605,8.110481059297603,8.232443180490048,7589600
1996-07-25,8.842252731323242,9.086176944601124,8.537347464725888,8.781271678003773,7903000
1996-07-26,9.513045310974121,9.635007430345585,9.025196833488268,9.147158952859732,12826800
1996-07-29,9.1471586227417,9.93991237004598,9.1471586227417,9.452063910166423,11421400
1996-07-30,9.208141326904297,9.452065600464675,8.964217053343917,9.330103463684486,6427400
1996-07-31,9.208141326904297,9.330103463684486,8.964217053343917,9.208141326904297,4222600
1996-08-01,9.391080856323242,9.391080856323242,9.025194589193765,9.208137722758503,5163400
1996-08-02,11.159533500671387,11.159533500671387,9.513044951392002,9.635007066153438,17842000
1996-08-05,10.061873435974121,11.403456560770671,10.000892384847006,11.037570254007976,17695600
1996-08-06,10.85462760925293,10.976589717222064,9.81794969151529,10.000892853468992,14021400
1996-08-07,12.623079299926758,12.806022478186566,11.83032552746759,11.891306586887525,37061600
1996-08-08,12.44013786315918,12.806024270899156,12.19621359133253,12.623081067029167,15372800
1996-08-09,12.013267517089844,12.257191730634815,11.586400143386145,11.830324356931115,14281400
1996-08-12,11.952286720275879,12.318173048447589,11.708362501494738,11.952286720275879,7042200
1996-08-13,11.464438438415527,12.01326793812691,11.403457382892041,11.769343716032962,8652400
1996-08-14,11.708361625671387,11.830323725938797,11.525418475270271,11.586399525403976,5306000
1996-08-15,11.830324172973633,11.95228627784965,11.586399963221599,11.708362068097616,3234200
1996-08-16,11.708361625671387,12.074247926473618,11.647380575537682,11.830323725938797,4787200
1996-08-19,11.342475891113281,11.586400103825394,11.220513784757223,11.464437997469338,3473800
1996-08-20,11.281496047973633,11.891306645161398,11.098552868817304,11.403458167411186,2927400
1996-08-21,11.464438438415527,11.525419493939015,10.976589994227632,11.098552105274607,6364800
1996-08-22,11.708361625671387,12.013266876339912,11.464437425136566,11.464437425136566,9321000
1996-08-23,11.525418281555176,11.70836142888145,11.403456183337662,11.586399330663934,4998000
1996-08-26,10.85462760925293,11.342476041129466,10.793646555268362,11.281494987144898,7133800
1996-08-27,10.97658920288086,11.037570254007976,10.732664998372396,10.854627100626628,3453600
1996-08-28,11.03757095336914,11.09855200836013,10.854627788396172,10.976589898378151,3882800
1996-08-29,11.098552703857422,11.342476939107035,11.03757164504502,11.098552703857422,4369000
1996-08-30,11.098552703857422,11.281495880294633,10.976590586232616,11.22051482148223,2550800
1996-09-03,10.85462760925293,10.976589717222064,10.732665501283796,10.85462760925293,2540600
1996-09-04,10.610701560974121,11.03756886515124,10.366777387158624,10.915606778243491,4019800
1996-09-05,10.00089168548584,10.549721107250306,10.00089168548584,10.488740060387588,4148000
1996-09-06,10.30579662322998,10.42775871344572,9.939910352582762,10.061872442798501,4533800
1996-09-09,10.061873435974121,10.488740793863933,10.000892384847006,10.427759742736818,3000400
1996-09-10,10.244818687438965,10.671686132748922,10.000894432976132,10.122856560207548,3971800
1996-09-11,10.488741874694824,11.037571391393971,10.183836587639743,10.244817645050759,9803400
1996-09-12,11.464438438415527,11.647381604985988,10.24481732794579,10.610703661086712,15968600
1996-09-13,11.586400985717773,11.830325216996043,11.281495696619938,11.830325216996043,11569000
1996-09-16,12.927983283996582,12.988964337222981,11.525419059789405,11.8303243259214,17583800
1996-09-17,13.049945831298828,13.293870052444602,12.623078444293727,13.110926886585272,24003400
1996-09-18,12.379155158996582,13.110927877755,12.257193039203512,12.927984698065396,12931400
1996-09-19,13.354851722717285,13.720738071284883,12.257192677014496,12.440135851298294,23651400
1996-09-20,13.354851722717285,13.842700187474081,13.171908548433487,13.476813838906486,20416200
1996-09-23,13.659754753112793,13.720735801117762,12.988963225058148,13.171906369073051,8897400
1996-09-24,15.367223739624023,15.367223739624023,13.903678621564593,13.903678621564593,31454600
1996-09-25,15.79409122467041,16.03801541346841,14.818394469478417,15.306242847074413,20565400
1996-09-26,15.611148834228516,16.95273193717003,15.4282056838274,15.855073034763336,29502400
1996-09-27,15.184281349182129,15.855072894728327,15.001338200396802,15.611148696347891,12987800
1996-09-30,14.879376411437988,15.794092174436225,14.75741430970489,15.123300614904185,9675200
1996-10-01,14.208588600158691,14.75741820273993,14.08662646625175,14.391531801019104,14377400
1996-10-02,14.513492584228516,14.879378951898143,14.208587277837161,14.391530461671973,9728200
1996-10-03,13.964658737182617,14.513488119866649,13.903677694662168,14.452507077346201,7673200
1996-10-04,14.513492584228516,14.635454706785058,13.781719848889264,14.086625155280618,15258200
1996-10-07,15.245264053344727,15.245264053344727,14.4525103225708,14.635453491210937,10338200
1996-10-08,15.79409122467041,16.09899646066791,15.245261799874914,15.550167035872413,19876000
1996-10-09,15.97703742980957,16.525866959841196,15.611151076455153,16.281942724271584,23836800
1996-10-10,15.367223739624023,16.03801525206793,15.184280599866595,15.733110019138882,9030200
1996-10-11,15.245264053344727,15.855074615478514,15.245264053344727,15.55016933441162,5991600
1996-10-14,16.098997116088867,16.220959215453178,15.12330032117439,15.306243470220855,5974200
1996-10-15,14.940356254577637,16.15997717331867,14.879375208640585,15.733109851759307,12149000
1996-10-16,15.306242942810059,15.367223990390976,14.940356657324559,15.001337704905476,6811600
1996-10-17,15.611148834228516,16.220959335565567,15.611148834228516,16.03801618516445,15674200
1996-10-18,15.733112335205078,15.91605550189351,15.611150224079458,15.733112335205078,6221000
1996-10-21,15.001338958740234,15.733111590873905,14.879376853384624,15.611149485518293,5920400
1996-10-22,14.513492584228516,15.24526531956777,14.208587277837161,14.940360013176413,9605200
1996-10-23,14.81839656829834,15.001339735808196,14.330548121605391,14.39152917744201,8860000
1996-10-24,14.208588600158691,14.879380336646872,14.147607533205221,14.879380336646872,7807800
1996-10-25,13.781717300415039,14.208584650427895,13.598774150409529,14.208584650427895,8551600
1996-10-28,13.293869972229004,13.84269946649534,13.171907862392041,13.720737356658375,6120600
1996-10-29,12.988964080810547,13.354850392946055,12.806020924742793,13.29386934092347,8495200
1996-10-30,13.049945831298828,13.476813218303931,12.988964776012386,13.049945831298828,6888400
1996-10-31,12.196208000183105,13.171904640197754,12.13522696018219,13.171904640197754,16702000
1996-11-01,12.257192611694336,12.867003189390573,12.135230496155089,12.379154727233583,9155200
1996-11-04,13.659754753112793,14.0256410411426,12.684057985033308,12.684057985033308,12865200
1996-11-05,13.903680801391602,14.330548194416783,13.476813408366421,13.72073763295224,13791000
1996-11-06,14.696434020996094,14.696434020996094,13.842699264589681,13.90368031861871,9606600
1996-11-07,14.574471473693848,14.818395682458599,14.391528317120285,14.635452525885036,10305600
1996-11-08,14.635453224182129,14.635453224182129,14.269566893577576,14.574472169081371,4206400
1996-11-11,15.97703742980957,15.97703742980957,14.452510957499497,14.452510957499497,11981800
1996-11-12,15.001338958740234,16.220960012296352,14.757414748029012,16.09899790694074,18966600
1996-11-13,15.245264053344727,15.794093559265136,14.51349137878418,15.00133982849121,10228200
1996-11-14,15.672130584716797,15.733111637575618,15.184282161846236,15.245263214705057,8756200
1996-11-15,15.245264053344727,15.855074615478514,15.123301940917969,15.672131446838378,9534000
1996-11-18,15.245264053344727,15.306245109558105,14.757415603637694,14.879377716064452,6017000
1996-11-19,14.940356254577637,15.184280438325843,14.818394162703534,15.06231834645174,4037400
1996-11-20,15.306242942810059,15.79409132345739,14.452508276677227,15.001337704905476,17085000
1996-11-21,15.001338958740234,15.550168432840488,14.94035790606243,15.306244222129264,7357000
1996-11-22,15.855072021484375,16.342920391376204,15.36722365159255,15.489185744065505,22971000
1996-11-25,15.79409122467041,16.28193960226641,15.611148083071912,15.91605331906941,8830400
1996-11-26,15.733112335205078,16.03801761301913,15.367226001828216,15.79409339076789,8132200
1996-11-27,16.22096061706543,16.403903781919553,15.428206902697571,15.73311217745444,11861000
1996-11-29,16.15997886657715,16.403903075883974,15.977035709597029,16.28194097123056,3963000
1996-12-02,17.501562118530273,17.623524223885887,16.220960012296352,16.28194106497416,23325600
1996-12-03,16.708812713623047,18.172358352772513,16.58685057702726,17.684509806389357,21885200
1996-12-04,17.196659088134766,17.379602269923435,16.64782954276876,16.891753785153654,13910400
1996-12-05,16.525861740112305,17.501558374214877,16.28193758158666,17.379596294952055,15067600
1996-12-06,16.586843490600586,16.64782453284544,15.367222645703484,15.855070983662324,14443000
1996-12-09,17.13567352294922,17.13567352294922,16.70880621098963,16.952730389252253,7506200
1996-12-10,16.525861740112305,17.745482532740517,16.464880700480894,17.501558374214877,15134800
1996-12-11,17.562541961669922,17.806466155582005,15.977034701241388,16.09899679819743,24316600
1996-12-12,17.745487213134766,18.477259881717643,17.745487213134766,18.111373547426204,31797400
1996-12-13,17.31861686706543,17.928427320131114,17.013711640532588,17.74548418421141,13868600
1996-12-16,16.95273780822754,17.501567449501092,16.34292709570137,17.318624235743243,10698800
1996-12-17,15.733112335205078,16.647828168647234,15.550169168516646,15.97703655745632,19990600
1996-12-18,15.79409122467041,15.91605331906941,15.062318658276416,15.73311017747091,12533200
1996-12-19,15.489188194274902,15.977036641338678,15.245263970743014,15.794093473689763,7030400
1996-12-20,15.12330436706543,15.794096093023978,14.879380103080504,15.794096093023978,7010000
1996-12-23,14.757413864135742,15.184281207313221,14.696432815110388,15.123300158287867,5222800
1996-12-24,14.696434020996094,14.94035823711221,14.452509804879975,14.87937718308318,3310000
1996-12-26,15.184281349182129,15.367224497967456,14.635451902826148,14.635451902826148,5960600
1996-12-27,14.940356254577637,15.245261484262896,14.818394162703534,15.245261484262896,3385400
1996-12-30,14.513492584228516,14.940360013176413,14.513492584228516,14.879378951898143,5108200
1996-12-31,14.208588600158691,14.75741820273993,14.147607533205221,14.513493934926046,6306200
1997-01-02,14.513492584228516,14.7574168293416,14.208587277837161,14.452511522950244,5810400
1997-01-03,15.611148834228516,15.794091984629631,14.818395182490349,15.245262533426285,15954400
1997-01-06,15.12330436706543,15.611152895035282,15.001342235072967,15.611152895035282,6892600
1997-01-07,15.367223739624023,15.550166879381454,14.879375366937547,15.123299553280786,4990200
1997-01-08,15.489188194274902,15.977036641338678,15.184282914860042,15.367226082508958,9366600
1997-01-09,15.489188194274902,15.794093473689763,15.062320803094098,15.489188194274902,6339000
1997-01-10,15.55016803741455,15.7331111907959,15.12330067952474,15.12330067952474,6527000
1997-01-13,15.611148834228516,16.098997235298157,15.367224633693695,15.611148834228516,9310000
1997-01-14,16.098997116088867,16.098997116088867,15.550167668949474,15.550167668949474,8676000
1997-01-15,15.733112335205078,16.22096077970756,15.672131279642269,15.91605550189351,7513000
1997-01-16,15.672130584716797,15.977035849010898,15.611149531857977,15.855073743293259,4706600
1997-01-17,15.062321662902832,15.672132256542623,14.757416366082937,15.611151197178645,7037600
1997-01-20,15.062321662902832,15.062321662902832,14.818397425446916,15.062321662902832,4233600
1997-01-21,14.574471473693848,15.428206204370476,14.452509369311473,14.879376734649787,11427400
1997-01-22,14.696434020996094,14.94035823711221,14.452509804879975,14.574471912938034,10216800
1997-01-23,15.55016803741455,16.403902753194174,14.39152806599935,14.635452270507812,33652000
1997-01-24,15.855072021484375,16.159977252666767,15.184280512883113,15.73310992901142,22134400
1997-01-27,16.342924118041992,16.769791539035626,16.15998093761615,16.281943057900044,18916600
1997-01-28,15.97703742980957,16.830772254303213,15.367226840885541,16.5868480187336,12430600
1997-01-29,16.098997116088867,16.342921314817488,15.855072917360248,16.098997116088867,6817400
1997-01-30,17.25763511657715,17.806464501909993,16.952729902503346,17.07469198813287,30027200
1997-01-31,16.95273780822754,17.501567449501092,16.891756736974923,17.196662093238007,11418800
1997-02-03,16.830772399902344,17.50156405352164,16.830772399902344,17.013715578162152,7256000
1997-02-04,16.708812713623047,16.952736986814624,16.281945235537787,16.708812713623047,5473000
1997-02-05,15.733112335205078,16.464885001958802,15.367226001828216,16.403903946395992,11548400
1997-02-06,15.97703742980957,16.098999547594378,15.489188958670347,15.733113194239959,7598600
1997-02-07,16.525861740112305,17.196653176057822,16.22095654195525,16.952729017532178,13550000
1997-02-10,15.916055679321289,16.586847297990005,15.79409356683607,16.525866241747394,5553600
1997-02-11,15.733112335205078,16.09899866858194,15.306244946265405,16.09899866858194,7823200
1997-02-12,16.15997886657715,16.28194097123056,15.489187290983379,15.794092552616911,5480800
1997-02-13,16.22096061706543,16.22096061706543,15.855074287357187,16.22096061706543,4216400
1997-02-14,16.647829055786133,16.95273434984815,16.281942702911714,16.342923761724116,11938600
1997-02-18,17.37959861755371,17.440579665334603,16.342920805278577,16.70880709196392,12972000
1997-02-19,16.891752243041992,17.623524903390383,16.891752243041992,17.31861962824522,11603400
1997-02-20,17.01371192932129,17.440579253712862,16.952730882979633,16.952730882979633,7993000
1997-02-21,16.769784927368164,17.135671143965286,16.5868418190696,17.074690107865766,5578800
1997-02-24,17.98940658569336,18.050387624966895,16.64782372167555,16.64782372167555,16920600
1997-02-25,18.53824234008789,18.90412870206331,17.86745067646629,18.17235597811247,22364600
1997-02-26,18.660205841064453,19.026092230104933,18.050395192663654,18.72118690590453,19373800
1997-02-27,17.98940658569336,19.087065292617023,17.928425546419824,18.721179056975803,11419600
1997-02-28,18.416282653808594,18.599225858978876,17.62352876473736,17.806471969907648,12388400
1997-03-03,18.782161712646484,18.904123801689643,18.233332311952267,18.477256490038588,7860800
1997-03-04,19.452959060668945,19.696883312213384,19.08707268335229,19.270015872010617,21125800
1997-03-05,20.61159324645996,20.7335553366757,19.513934434518305,19.696877569841913,21540200
1997-03-06,19.87982177734375,20.61159435810487,19.69687863215347,20.48963226131135,12943000
1997-03-07,19.39197540283203,20.550615442623883,19.39197540283203,20.001785950090902,14442400
1997-03-10,19.81884002685547,20.306688396747298,19.330991656963644,19.513934795673077,8969000
1997-03-11,19.87982177734375,20.24570806772431,19.63589758375671,19.75785968055023,8785800
1997-03-12,20.306690216064453,20.367671267764347,19.757860750765413,19.8798228541652,8586200
1997-03-13,20.48963737487793,20.916504820187885,20.306694184030807,20.306694184030807,14681600
1997-03-14,22.07514190673828,22.07514190673828,20.73355869693651,20.73355869693651,24323800
1997-03-17,21.52631187438965,22.07514135560638,20.794539232767335,21.95317924866933,23804800
1997-03-18,19.513938903808594,21.221408557891845,19.08707149028778,20.611597967147826,29884800
1997-03-19,18.7211856842041,19.2090341710889,17.989412953876904,19.0260909885071,23975800
1997-03-20,18.90412712097168,19.330994507574264,17.989411292537564,18.660202900055914,12452400
1997-03-21,18.477258682250977,19.209031303330224,18.355296578737768,19.087069199817016,6617600
1997-03-24,19.2700138092041,19.2700138092041,17.68450634388984,18.47726007654697,11806800
1997-03-25,18.90412712097168,19.452956618032147,18.90412712097168,19.330994507574264,7517200
1997-03-26,19.940799713134766,20.062761790890942,18.538235818938745,19.026084129963447,14376800
1997-03-27,19.574918746948242,20.367672465672005,19.33099452580247,20.245710355099117,14220000
1997-03-31,19.696876525878906,20.001781735257836,19.14804714899683,19.63589548400312,9717200
1997-04-01,18.965106964111328,19.635898528758354,18.538239604790494,19.513936426095256,9351000
1997-04-02,18.843143463134766,19.391972884391116,18.538238229103456,19.14804869716607,9812200
1997-04-03,19.81884002685547,19.879821073091946,18.172351778470553,18.538238055889423,11040400
1997-04-04,19.81884002685547,20.24570735051082,19.39197270320012,19.696877934382513,13537200
1997-04-07,20.428651809692383,20.550613910048757,20.062765508623265,20.245708659157824,9555000
1997-04-08,21.160423278808594,21.221404325721586,20.489631762765672,20.67257490350465,12459200
1997-04-09,20.184730529785156,21.282389591827855,20.06276841178041,21.282389591827855,10085000
1997-04-10,19.39197540283203,20.18472911426856,19.27001329338026,19.879823840639126,9080600
1997-04-11,19.209035873413086,19.63590333726671,18.90413054208907,19.27001693967789,10393400
1997-04-14,18.843143463134766,19.391972884391116,18.66020032271598,19.026086603553548,7656600
1997-04-15,19.148046493530273,20.001781050566656,18.965103374165334,19.330989612895213,10928600
1997-04-16,18.782161712646484,19.330991113340698,18.599218579081747,19.0260858907328,6325200
1997-04-17,18.53824234008789,19.087071883051017,18.35529915910018,18.90412870206331,9409200
1997-04-18,17.501562118530273,18.599221066730777,17.44058106585247,18.477258961375167,10862000
1997-04-21,17.501562118530273,17.928429487274915,17.318618960496856,17.68450527656369,7515000
1997-04-22,17.074691772460938,17.745483234950477,16.220957183837893,17.50155906677246,14762400
1997-04-23,17.562541961669922,17.806466155582005,17.1966556708018,17.25763671927982,7295400
1997-04-24,17.196659088134766,18.050393936481882,16.952734845749877,17.98941287588566,6484800
1997-04-25,16.586843490600586,17.13567287080428,16.464881406110877,17.013710786314572,3628200
1997-04-28,16.403898239135742,16.952727548251808,16.342917204789515,16.525860307828204,4722000
1997-04-29,17.25763511657715,17.318616159391908,16.586843645614785,16.647824688429548,6215800
1997-04-30,17.196659088134766,17.5625454517121,16.708810603364984,17.135678027538543,7664000
1997-05-01,18.59922218322754,18.66020323956599,17.37960105645852,17.37960105645852,14986200
1997-05-02,18.90412712097168,19.087070286658502,18.355297623911213,18.599221844826975,8603600
1997-05-05,19.087066650390625,19.696877086505342,18.96510456316768,19.02608560677915,8035200
1997-05-06,18.782161712646484,19.330991113340698,18.660199623603326,18.843142757168064,6890200
1997-05-07,18.233333587646484,19.20903036825633,18.17235253885837,18.538238831587062,13362200
1997-05-08,18.233333587646484,18.66020092916329,17.98940939249402,18.41627673401083,7450000
1997-05-09,18.477258682250977,18.904126044547205,18.355296578737768,18.477258682250977,7036000
1997-05-12,17.806467056274414,18.477258623462834,17.56254285002408,18.416277571900252,12149800
1997-05-13,16.891752243041992,17.928430178535542,16.64782802292586,17.928430178535542,14272200
1997-05-14,17.623525619506836,17.623525619506836,16.403904469367955,16.769790814409617,16118600
1997-05-15,17.623525619506836,17.928430907041555,17.25763927446517,17.562544561999893,9034400
1997-05-16,17.37959861755371,17.684503856458164,17.318617569772822,17.562541760896384,4423000
1997-05-19,17.074691772460938,17.562540108816965,17.013710730416435,17.50155906677246,3923400
1997-05-20,17.92842674255371,17.92842674255371,17.07469213576544,17.07469213576544,6347400
1997-05-21,17.745487213134766,18.172354603141443,17.562544045989046,17.928430380280485,8369600
1997-05-22,17.867448806762695,17.928429860710693,17.50156248307472,17.745486698866706,4036600
1997-05-23,18.660205841064453,18.782167970744613,17.989414127823572,18.050395192663654,9666400
1997-05-27,20.794538497924805,20.855519549238366,19.148050112458616,19.148050112458616,26932600
1997-05-28,21.038463592529297,21.282387808094853,20.428653053615406,20.79453937696374,14769400
1997-05-29,20.794538497924805,21.099443754492615,20.550614292670556,21.099443754492615,7480400
1997-05-30,20.61159324645996,20.7335553366757,19.574915479626174,19.635896524734044,11421000
1997-06-02,21.40435028076172,21.6482745004855,20.794539731452268,20.855520786383213,10889800
1997-06-03,19.75786018371582,21.221405382509584,19.69687913376608,21.160424332559845,15428400
1997-06-04,19.63589859008789,20.428652259874045,19.39197438399984,19.94080384769795,9347800
1997-06-05,20.062763214111328,20.306687386927273,19.87982008449937,19.940801127703356,7708800
1997-06-06,20.306690216064453,20.367671267764347,19.51393654396584,20.06276600926488,7831000
1997-06-09,20.855518341064453,20.916499388845345,20.367669958817334,20.428651006598223,6221400
1997-06-10,20.00178337097168,20.79453698018702,19.87982127724624,20.7335559333243,8655800
1997-06-11,19.513938903808594,19.940806317329407,18.78216619491577,19.757863140106203,15886000
1997-06-12,19.39197540283203,19.81884278591324,18.721183800847275,18.904126965024936,10399200
1997-06-13,19.87982177734375,20.123745970930788,19.27001129337615,19.45295443856643,8447200
1997-06-16,20.73356056213379,20.73356056213379,19.87982571545769,19.940806775934558,7036200
1997-06-17,20.306690216064453,20.61159547456392,19.8798228541652,20.367671267764347,14303400
1997-06-18,19.75786018371582,20.245708583313743,19.69687913376608,20.06276543346452,6106600
1997-06-19,19.63589859008789,19.757860693131914,19.270012280955818,19.6968796416099,9397800
1997-06-20,19.81884002685547,19.940802119328428,19.513934795673077,19.574915841909558,6086400
1997-06-23,19.452959060668945,20.12375075241615,19.452959060668945,19.87982650087171,5424400
1997-06-24,19.971296310424805,20.001786839143012,19.544428908369923,19.696881551960953,4620200
1997-06-25,20.794538497924805,21.343367959746868,20.42865219004343,20.48963324135699,21196000
1997-06-26,20.24570655822754,20.733554909028204,20.032272904752247,20.67257386517812,6940000
1997-06-27,19.513938903808594,20.245711612701417,19.39197678565979,20.154240024089813,8369000
1997-06-30,19.513938903808594,19.757863140106203,19.33099572658539,19.452957844734193,6900000
1997-07-01,19.696876525878906,20.062762777133624,19.51393340025155,19.63589548400312,5727200
1997-07-02,19.75786018371582,19.94080333356504,19.63589808381634,19.94080333356504,3545400
1997-07-03,19.54442596435547,19.940802777985144,19.270011247227234,19.757859633232986,4279400
1997-07-07,20.33717918395996,20.55061284855924,19.757859237190488,19.879821331247218,10437200
1997-07-08,21.007972717285156,21.0994442966057,20.062766397639525,20.245709556280616,11794200
1997-07-09,20.825029373168945,21.3128777918669,20.733557794663078,21.00797253018068,10259800
1997-07-10,20.855518341064453,21.160423579968906,20.642084673831338,20.8860088649549,6478000
1997-07-11,22.01416015625,22.13612226237881,20.855520148026315,20.88601067455852,14037800
1997-07-14,22.684951782226562,23.26427178741783,21.73974545796712,21.892198090912192,17177800
1997-07-15,23.721628189086914,23.81309976308082,22.928874547806373,23.35574189311128,16850000
1997-07-16,23.660648345947266,24.361930448984364,23.142309400224192,24.178987291670335,11827000
1997-07-17,22.989856719970703,23.660648295354463,22.593479879971206,23.660648295354463,8050600
1997-07-18,22.89838218688965,22.92887270910921,22.319062264718006,22.684948531352727,7589600
1997-07-21,22.01416015625,22.68495173995845,21.922688576653393,22.68495173995845,5065000
1997-07-22,22.684951782226562,22.776423361993604,21.95317914409022,22.044650723857263,4091400
1997-07-23,22.593482971191406,23.1728030473758,22.502011380214924,23.050840926073825,3644200
1997-07-24,22.258085250854492,22.623971583745252,21.709255751518356,22.623971583745252,4399600
1997-07-25,21.89219856262207,22.380046998557937,21.800726980884093,22.07514172609802,2873400
1997-07-28,22.044649124145508,22.593478562920914,21.587291258499334,21.953177551016275,6083200
1997-07-29,21.95317840576172,22.288574186960858,21.709254201253255,21.861706829071046,4531200
1997-07-30,22.34955596923828,22.989857027020005,21.892198070822765,21.892198070822765,9559400
1997-07-31,23.660648345947266,23.9045725556993,22.31906519231108,22.562989402063113,13693200
1997-08-01,24.69732666015625,24.727817186897184,23.813101384669174,23.904572964891976,16582800
1997-08-04,25.154685974121094,25.398610201748934,24.39242276278409,24.544875405051492,12238800
1997-08-05,27.441476821899414,27.715891590118407,25.21566814634535,25.612045033772787,21710400
1997-08-06,27.990299224853516,28.920260146812158,26.953621475784868,27.41097930625633,18346200
1997-08-07,28.4781551361084,29.301399449464853,28.08177824449233,28.4781551361084,17644400
1997-08-08,27.685400009155273,28.417172696621932,27.07558943626639,28.17324846746638,11753000
1997-08-11,26.89264678955078,27.258533140429023,25.794987736916056,27.075589964989902,10512000
1997-08-12,24.453401565551758,27.014605719549696,24.27045841169476,26.46577625797871,16530400
1997-08-13,20.794538497924805,22.562988986018116,20.337180613073087,22.562988986018116,47521000
1997-08-14,21.89219856262207,21.953179617114053,20.123747982354548,20.85552063625835,25302000
1997-08-15,20.794538497924805,22.075140575509618,20.794538497924805,21.89219742156893,13663000
1997-08-18,21.70925521850586,21.83121732647499,20.76404888174507,20.977482570691055,10348600
1997-08-19,22.562992095947266,22.65446368552543,21.800728849462562,21.800728849462562,11870000
1997-08-20,22.989856719970703,23.172799876893546,21.953178830741255,22.68495145843263,11097400
1997-08-21,22.38004493713379,23.47770381688422,22.319063888258764,22.928874377009002,9589400
1997-08-22,22.01416015625,22.13612226237881,21.404349625605956,21.465330678670362,8638800
1997-08-25,22.34955596923828,22.989857027020005,21.95317912394483,22.044650703627937,5406600
1997-08-26,22.319067001342773,23.02034916122103,22.13612382920062,22.319067001342773,6508600
1997-08-27,22.441030502319336,22.806916869204976,22.410539971745532,22.50201156346694,4228800
1997-08-28,22.10563087463379,22.50200770410998,21.922687722567854,22.410536128077013,4737400
1997-08-29,21.70925521850586,22.014160488428693,21.648274164521293,21.98366996143641,3233000
1997-09-02,22.10563087463379,22.38004560273269,21.800725621190566,21.831216146534885,3503200
1997-09-03,21.800729751586914,22.288578249524523,21.52631497149701,22.014163469434617,4747600
1997-09-04,21.343368530273438,21.95317905970982,21.343368530273438,21.800726427350725,6488400
1997-09-05,20.276199340820312,21.617782455100155,20.21521829017123,21.526310879126527,15021000
1997-09-08,20.97748374938965,21.251898507739224,20.489635290101518,20.61159740492355,6539200
1997-09-09,20.855518341064453,21.31287619942113,20.82502781717401,20.977480436626234,5751200
1997-09-10,20.367671966552734,20.82502986999329,20.367671966552734,20.82502986999329,5208600
1997-09-11,20.00178337097168,20.946989597343816,19.696878136658086,20.39816017557935,7683600
1997-09-12,20.276199340820312,20.73355722068844,20.00178461289944,20.73355722068844,4719600
1997-09-15,19.72736930847168,20.21521769940761,19.63589773517119,20.00178402837314,7271600
1997-09-16,19.940799713134766,20.154233349208074,19.57491347986624,19.696875557622416,7805600
1997-09-17,19.087066650390625,20.459140131648738,19.02608560677915,20.06276334817417,9925600
1997-09-18,19.026090621948242,19.84933492770562,18.782166383205315,19.300505390534035,10559800
1997-09-19,18.233333587646484,18.995596697497927,18.233333587646484,18.96510617310387,9319800
1997-09-22,19.75786018371582,20.00178438351478,18.218088672484882,18.446767609796407,13460400
1997-09-23,18.080881118774414,18.233333742035583,17.532051675034214,17.806466396904312,27061600
1997-09-24,16.922245025634766,18.080885225588137,16.739301836168444,17.989413630854976,21849600
1997-09-25,17.10518455505371,17.501561380750143,16.92224140473228,16.92224140473228,10158800
1997-09-26,16.830772399902344,17.37960193468177,16.586848162222598,17.318620875261832,9625600
1997-09-29,17.01371192932129,17.53205082322534,16.983221406150463,17.318617161029554,5621400
1997-09-30,16.922245025634766,17.410093530878292,16.739301836168444,17.074697683523368,6988400
1997-10-01,16.586843490600586,16.952729744069718,16.52586244835573,16.89174870182486,8146800
1997-10-02,16.556354522705078,16.891750286516785,16.495373474739313,16.678316618636607,7030800
1997-10-03,16.556354522705078,16.769788190585256,16.40390190279067,16.678316618636607,10445600
1997-10-06,17.074691772460938,17.318615940638953,16.464881352015905,16.525862394060407,10122600
1997-10-07,17.806467056274414,17.867448107837,17.135675489085994,17.25763759221116,9174000
1997-10-08,18.141862869262695,18.233334446754775,17.68450498180229,17.83695761095576,9073800
1997-10-09,18.35529327392578,18.477255355480107,17.806463906931324,17.95891650887423,5797800
1997-10-10,18.477258682250977,18.660201837520788,18.05039131995475,18.233334475224563,5583600
1997-10-13,18.812654495239258,18.93461659893611,18.477258710072917,18.72118291746662,6131200
1997-10-14,18.2943172454834,18.72118464787801,17.867449843088785,18.660203590393067,8360800
1997-10-15,17.867448806762695,18.385787765320657,17.56254353702272,18.111373022554677,7246200
1997-10-16,17.13567352294922,17.867446057737087,16.891749344686595,17.867446057737087,6313800
1997-10-17,16.342924118041992,16.586848358609785,15.855075636906411,16.40390517818394,10248400
1997-10-20,16.190467834472656,16.891749868734184,16.09899626478637,16.891749868734184,5107600
1997-10-21,16.22096061706543,16.769790111627795,16.159979562114057,16.281941672016803,4481800
1997-10-22,15.916055679321289,16.586847297990005,15.916055679321289,16.22096096053434,5474200
1997-10-23,15.489188194274902,16.12948928104611,15.42820713839193,15.916055585455707,7907000
1997-10-24,14.696434020996094,15.855074047547653,13.659756102502593,15.794092993518623,21433800
1997-10-27,12.988964080810547,14.239075647273534,12.927983028787962,14.025641965194486,11209200
1997-10-28,14.086623191833496,14.208585297390496,12.196210555699997,12.440134766813996,15528200
1997-10-29,13.293869972229004,14.300057378383952,13.171907862392041,14.086623686169267,10625800
1997-10-30,12.318174362182617,13.14141868836809,12.318174362182617,12.927984974171855,13034600
1997-10-31,13.11092472076416,13.385339424222014,12.470623746029165,12.92798158512559,8756200
1997-11-03,13.598774909973145,13.84269912360495,13.110926482709534,13.110926482709534,7072400
1997-11-04,13.659754753112793,13.751226325120244,13.263377941080503,13.568283181105341,4533000
1997-11-05,13.720738410949707,14.269567947387696,13.659757351345487,13.84270053015815,7022200
1997-11-06,13.232888221740723,13.873189264728177,13.110926118314541,13.690246109588903,5040800
1997-11-07,12.988964080810547,13.53779354901381,12.684058820697624,12.745039872720207,6147800
1997-11-10,12.501116752624512,13.019455739928455,12.440135695294636,12.988965211263517,4869800
1997-11-11,12.104738235473633,12.714548725925704,12.07424771095103,12.59258662783529,5450000
1997-11-12,11.647380828857422,12.318172394917273,11.525418725937449,11.830323983237381,8411200
1997-11-13,11.342475891113281,11.830324316537508,10.76315588592201,11.586400103825394,10095000
1997-11-14,11.281496047973633,11.891306645161398,11.068062338957915,11.372967637551797,8736000
1997-11-17,12.379155158996582,12.653569928530988,11.647382440238163,11.769344560031232,10026800
1997-11-18,11.830324172973633,12.531606276010729,11.799833646754628,12.531606276010729,7619800
1997-11-19,11.494928359985352,11.95228625229246,11.464437833831544,11.799833621523424,6320400
1997-11-20,12.68405818939209,12.867001336354475,11.586399307617775,11.586399307617775,10203600
1997-11-21,12.775528907775879,13.659754058910725,12.440133160793696,12.62307629551125,12889800
1997-11-24,12.287680625915527,13.141415259974174,12.196209057980672,12.501114284430189,7201200
1997-11-25,12.562097549438477,12.7755312456668,12.226701741079681,12.2571922691123,5150400
1997-11-26,12.287680625915527,12.89749107881456,12.196209057980672,12.806019510879706,4197200
1997-11-28,12.13523006439209,12.31817323119197,12.07424900879213,12.28768270339199,1347200
1997-12-01,13.26338005065918,13.65975692573635,12.257192598540207,12.257192598540207,7738200
1997-12-02,12.71454906463623,13.415831147337988,12.592586963296794,13.263378520663693,7752000
1997-12-03,12.501116752624512,12.623078867284264,12.013268293985506,12.562097809954388,5736600
1997-12-04,12.16572093963623,12.53160728368544,12.074249353623928,12.53160728368544,3074400
1997-12-05,12.562097549438477,12.623078605503713,12.165720685014447,12.226701741079681,4758400
1997-12-08,12.8670015335083,13.171906783117501,12.470624709016338,12.470624709016338,6168200
1997-12-09,12.501116752624512,12.897493625268703,12.318173580634884,12.745040981944014,5219000
1997-12-10,11.769342422485352,12.257190813054692,11.464437178379512,12.257190813054692,8834400
1997-12-11,11.220515251159668,11.58640161804531,11.098553128864454,11.58640161804531,6467600
1997-12-12,10.97658920288086,11.494928137461345,10.915608151753744,11.403456560770671,6712800
1997-12-15,10.97658920288086,11.464437611897788,10.732664998372396,10.915608151753744,7560400
1997-12-16,11.494928359985352,11.708362043062003,10.732665206140169,10.732665206140169,13701600
1997-12-17,12.074247360229492,12.074247360229492,11.220512698395083,11.586398982038402,7840600
1997-12-18,11.708361625671387,12.379153177142143,11.464437425136566,12.013266876339912,12505400
1997-12-19,13.26338005065918,13.41583269491963,11.555910434942136,11.708363079202586,15814600
1997-12-22,12.806021690368652,13.324360663550241,12.470625884192332,13.049945913042341,8405800
1997-12-23,12.531606674194336,13.11092669076293,12.409644565443052,12.745040364509082,5736600
1997-12-24,12.348663330078125,12.623078070746528,12.287682276596257,12.531606490523727,1722200
1997-12-26,12.226700782775879,12.409643936632873,12.196210257133046,12.287681834061544,1347200
1997-12-29,12.318174362182617,12.562098606978312,12.196212239784769,12.318174362182617,4323000
1997-12-30,12.470625877380371,12.531606933015482,12.196211127022368,12.226701654839923,4311000
1997-12-31,12.653566360473633,12.958471573979022,12.318170625617705,12.409642189669322,6742600
1998-01-02,13.598774909973145,13.62926543667712,12.592587528741948,12.684059108853875,6900000
1998-01-05,13.598774909973145,13.995151757124829,13.110926482709534,13.62926543667712,10133200
1998-01-06,13.11092472076416,13.81220674071201,12.92798158512559,13.537792037254155,5195400
1998-01-07,12.927983283996582,13.01945486383618,12.623078017864586,12.867002230770183,6451200
1998-01-08,13.842700004577637,14.208586348310966,12.806022030666536,12.867003087955425,17754000
1998-01-09,13.41583251953125,14.269567316228693,13.17190829190341,14.117114673961293,11910400
1998-01-12,13.964658737182617,14.391526034825754,13.171905184416792,13.293867269457687,17669400
1998-01-13,15.611148834228516,15.855073034763336,14.452508881688118,14.635452032089233,22106600
1998-01-14,15.184281349182129,15.3367339731699,14.726923477218811,15.12330029958702,13187600
1998-01-15,15.39771556854248,15.916054508473614,15.001338732124555,15.153791361516065,11451600
1998-01-16,13.964658737182617,14.757412289948443,13.903677694662168,14.635450204907546,20475400
1998-01-20,14.665942192077637,14.879375862232614,13.903679084381295,14.056131705920563,8275200
1998-01-21,15.672130584716797,15.733111637575618,14.635452686116853,14.635452686116853,13415400
1998-01-22,15.946544647216797,16.464883574564187,14.940357317660096,15.428205719869405,13058600
1998-01-23,15.641639709472656,16.403902853209143,15.306243926228603,15.916054441217792,11048000
1998-01-26,15.184281349182129,15.763601320335663,14.940357150801693,15.611148696347891,9169400
1998-01-27,15.79409122467041,15.91605331906941,15.123299705475915,15.184280752675415,6220200
1998-01-28,16.891752243041992,17.440581738303283,15.977036417606506,15.977036417606506,21670800
1998-01-29,16.495372772216797,17.25763583932478,16.464882249532476,16.89174956711295,10361200
1998-01-30,16.861263275146484,17.257640169498934,16.220962138115606,16.49537691112884,7535200
1998-02-02,17.196659088134766,17.501564391115878,17.04420643664421,17.07469696694232,6335600
1998-02-03,18.446773529052734,18.629716737605325,17.318623742978435,17.3491142777372,17149000
1998-02-04,18.53824234008789,18.995600292557164,17.593035904984724,18.294318098770944,20464800
1998-02-05,17.01371192932129,18.660200180545928,16.922240359808807,18.660200180545928,22581400
1998-02-06,17.593036651611328,17.593036651611328,16.1599816730572,16.58684911347758,12676400
1998-02-09,17.501562118530273,17.745486329241498,17.16616632880234,17.745486329241498,7159400
1998-02-10,18.050390243530273,18.20284286383036,17.19665556984979,17.440579762329925,6817000
1998-02-11,18.233333587646484,18.355295685222714,17.25763680703664,17.5015610021891,9754000
1998-02-12,17.410093307495117,18.568733492582357,17.22715012037608,18.294318711903802,14083800
1998-02-13,17.10518455505371,17.562542430857285,17.044203504946566,17.410089805589426,5456800
1998-02-17,16.43439292907715,17.135675002117544,16.28194030450315,17.135675002117544,9254600
1998-02-18,17.074691772460938,17.166163335527692,16.37340978894915,16.37340978894915,8907400
1998-02-19,16.556354522705078,17.440579718208664,16.525863998722198,17.13567447837984,9413000
1998-02-20,16.586843490600586,17.044201307437,16.342919321621164,16.678315053967868,9066600
1998-02-23,16.46488380432129,16.76978905995687,16.220959599812826,16.556355381011965,6334400
1998-02-24,15.79409122467041,16.495373267464657,15.763600701070661,16.434392220265156,8365400
1998-02-25,16.95273780822754,16.95273780822754,15.48919209816473,15.672135311922581,11753000
1998-02-26,17.10518455505371,17.31861823042871,16.40390247882156,16.891750879678707,10389400
1998-02-27,16.190467834472656,17.105183531335516,16.129486788015132,17.074693008106756,5619600
1998-03-02,16.769784927368164,16.800275445417924,15.977031458074396,16.25144612052224,8521400
1998-03-03,16.403898239135742,16.76978444521312,16.00752151588525,16.038012033058365,9173000
1998-03-04,16.098997116088867,17.501561258778427,16.098997116088867,16.952731811639033,15668200
1998-03-05,16.861263275146484,17.196659108829326,16.09900001677639,16.281943198785214,13301200
1998-03-06,17.04420280456543,17.471070137774582,16.647825995156932,17.07469332836608,6309800
1998-03-09,16.525861740112305,17.105181616610707,16.495371220296597,17.044200576979296,7635800
1998-03-10,16.586843490600586,17.044201307437,16.220957237131454,16.64782453284544,8372800
1998-03-11,16.586843490600586,16.983220265192145,16.495371927233304,16.64782453284544,6145200
1998-03-12,16.73929786682129,17.013712585949506,16.52586419638823,16.58684524508339,4541200
1998-03-13,16.098997116088867,17.074693911003344,16.098997116088867,16.586845513546105,10421600
1998-03-16,16.46488380432129,16.922241687774658,16.19046907424927,16.28194065093994,11370000
1998-03-17,15.611148834228516,16.281940385699272,15.06231938302517,16.098997235298157,15264600
1998-03-18,15.458695411682129,15.76360064662655,15.336733317704361,15.550166982165456,6779800
1998-03-19,15.611148834228516,15.763601459562778,15.458696208894253,15.489186733961105,3704200
1998-03-20,14.879376411437988,15.580658496403304,14.787904835138164,15.580658496403304,7947200
1998-03-23,14.665942192077637,14.94035691084832,14.574470619154077,14.574470619154077,7056000
1998-03-24,13.995149612426758,14.635450575086807,13.964659090395328,14.574469531023945,11578200
1998-03-25,14.361038208007812,14.757415058759621,14.117113992160546,14.20858557310327,17035200
1998-03-26,14.208588600158691,14.574475001879517,14.08662646625175,14.269569667112163,10309200
1998-03-27,14.147603988647461,14.330547143673074,13.99515135945945,14.208585040322665,4756000
1998-03-30,13.903680801391602,14.483000834782919,13.659756576805785,14.269567138270329,5104800
1998-03-31,14.178095817565918,14.361038989405477,13.903681059806578,13.934171588446505,11558800
1998-04-01,15.611148834228516,15.916054084897041,13.99515100568533,14.269565731287003,16808200
1998-04-02,15.275753021240234,16.09899719603761,15.001338296307773,15.36722459621772,17965600
1998-04-03,15.367223739624023,15.611147925967263,15.001337460109166,15.611147925967263,8447800
1998-04-06,14.787904739379883,15.550167870275754,14.757414214144049,15.367224718860745,3618000
1998-04-07,13.873188972473145,14.361037375900773,13.781717396830466,14.330546850686545,7381400
1998-04-08,13.659754753112793,14.0256410411426,13.507302133100374,13.87318842113018,7487400
1998-04-09,13.537793159484863,13.751226835422688,13.476812109216914,13.659755260020763,4622800
1998-04-13,13.720738410949707,13.720738410949707,13.354852053324382,13.537795232137045,3392800
1998-04-14,14.574471473693848,14.574471473693848,13.568284112539253,13.659755690826033,7876600
1998-04-15,14.81839656829834,15.031830263726505,14.422019705360318,14.757415512461721,7750200
1998-04-16,13.934170722961426,14.665943364867495,13.873189669469253,14.63545283812141,5773400
1998-04-17,13.781717300415039,14.025641500422385,13.598774150409529,13.995150975421467,4675600
1998-04-20,14.391530990600586,14.54398364939932,13.751229823645899,13.781720355405644,5711000
1998-04-21,14.391530990600586,14.63545524467856,14.14760673652261,14.45251205412008,3417800
1998-04-22,15.489188194274902,15.855074529572734,14.178095492791003,14.361038660439919,11247600
1998-04-23,14.940356254577637,15.794090897696359,14.84888468567206,15.275752007231421,13801000
1998-04-24,15.3367338180542,15.3367338180542,14.8793759507166,14.940356999694947,6099000
1998-04-27,14.54397964477539,15.062318541968644,14.422017551318154,15.062318541968644,5473000
1998-04-28,14.757413864135742,15.00133806023716,14.543980192547002,14.879375962186451,3029600
1998-04-29,14.81839656829834,15.001339735808196,14.39152917744201,14.879377624134959,3910200
1998-04-30,15.153790473937988,15.306243094400141,14.604961040274238,14.848885233013684,3815600
1998-05-01,15.245264053344727,15.306245109558105,14.787906131744384,15.184282997131348,2622800
1998-05-04,15.51968002319336,16.03801904164972,15.275755779213895,15.275755779213895,7686400
1998-05-05,15.611148834228516,15.916054084897041,15.245262533426285,15.367224633693695,5720800
1998-05-06,15.367223739624023,15.641638449260167,15.123299553280786,15.611147925967263,3551200
1998-05-07,15.12330436706543,15.611152895035282,15.031832768071082,15.367228631050356,3634400
1998-05-08,15.611148834228516,15.611148834228516,14.879376232624054,15.153790958225727,3964400
1998-05-11,15.062321662902832,15.733113315906603,15.001340603538853,15.611151197178645,4714000
1998-05-12,14.665942192077637,15.153790581003298,14.330546424691248,15.153790581003298,12354400
1998-05-13,14.391530990600586,14.665945776438308,14.300059395321345,14.63545524467856,5300400
1998-05-14,13.934170722961426,14.147604410184028,13.842699142723166,14.147604410184028,5513200
1998-05-15,12.8670015335083,13.781717282335904,12.80602048358646,13.659755182492225,14096200
1998-05-18,13.171907424926758,13.629265321625603,12.89749268690745,13.232888477819937,6134000
1998-05-19,12.927983283996582,13.507303289647371,12.684059071090985,13.415831709807772,5857000
1998-05-20,12.958474159240723,13.049945741541245,12.196210973403034,13.049945741541245,8866000
1998-05-21,12.562097549438477,12.958474413862506,12.50111649337324,12.927983885829889,4710400
1998-05-22,12.470625877380371,12.745040627738375,12.226701654839923,12.653569044285707,6079600
1998-05-26,12.470625877380371,12.867002739008598,12.409644821745259,12.684059572103262,3371800
1998-05-27,12.074247360229492,12.34866207296198,11.738851600223118,12.318171549325038,6588000
1998-05-28,11.616888999938965,12.013265789963128,11.525417433010311,11.891303700724924,5530400
1998-05-29,11.494928359985352,11.891305199984846,11.464437833831544,11.677871516908194,3300600
1998-06-01,10.97658920288086,11.616890239715577,10.915608151753744,11.464437611897788,5560000
1998-06-02,10.915608406066895,11.311985247627982,10.793646300971174,11.220513668806193,7998000
1998-06-03,10.97658920288086,11.372966035207114,10.915608151753744,11.12904183069865,6409400
1998-06-04,11.586400985717773,11.708363101356909,11.159533580980803,11.342476754439506,8306800
1998-06-05,11.738851547241211,11.89130416473785,11.525417882745916,11.586398929744572,5051200
1998-06-08,12.074247360229492,12.196209454777266,11.738851600223118,11.769342123860062,4294000
1998-06-09,12.623079299926758,12.867003537606502,12.074249765147334,12.074249765147334,5934800
1998-06-10,11.494928359985352,12.196210461522918,11.464437833831544,12.196210461522918,8449600
1998-06-11,11.007080078125,11.677871661833448,10.824136918931787,11.55590955570464,10079000
1998-06-12,10.336287498474121,10.9460979703605,9.909420168153655,10.915607446766181,11734800
1998-06-15,9.817949295043945,10.580212439069095,9.787458769282939,10.24481665569803,8357000
1998-06-16,10.97658920288086,10.97658920288086,10.061873435974121,10.122854487101238,6663000
1998-06-17,10.488741874694824,11.494929321976596,10.427760817283808,10.976590333982955,8437000
1998-06-18,10.824137687683105,11.068061917264696,10.000893412845235,10.45825134331072,7953600
1998-06-19,11.403458595275879,11.83032602932364,11.22051540925541,11.464439657282702,16304600
1998-06-22,11.647380828857422,11.647380828857422,10.946098737067578,11.281494520097503,9360800
1998-06-23,11.921793937683105,12.104737067161619,11.525417157146327,11.738850808204592,7737400
1998-06-24,12.562097549438477,12.623078605503713,11.738853292557799,12.074249100916594,7458600
1998-06-25,12.196208000183105,13.141414120197295,12.196208000183105,12.623075280189514,6516800
1998-06-26,12.623079299926758,12.867003537606502,12.013268705727397,12.653569829636726,4249000
1998-06-29,12.501116752624512,12.775531510608952,12.287683051969946,12.592588338619326,3650800
1998-06-30,12.104738235473633,12.409643480699668,11.8303235147702,12.379152956177064,5208800
1998-07-01,12.68405818939209,12.71454871388582,12.287681370973587,12.318171895467318,4782200
1998-07-02,12.653566360473633,12.77552844587579,12.379151668318784,12.77552844587579,4034400
1998-07-06,12.745040893554688,12.836512478915129,12.379154552112926,12.653569308194248,3975600
1998-07-07,13.049945831298828,13.293870052444602,12.440135278434397,12.806021610153056,5024600
1998-07-08,13.293869972229004,13.47681313698445,12.867002587799632,13.080436280014318,8770000
1998-07-09,13.903680801391602,14.269567138270329,13.049946015341241,13.232889183780603,11558600
1998-07-10,14.2390775680542,14.63545445967027,13.964662796935382,13.964662796935382,15129200
1998-07-13,14.391530990600586,14.513493117639573,13.84270141892514,14.208587800042103,5866800
1998-07-14,13.873188972473145,14.574471052400359,13.873188972473145,14.48299947675768,4476000
1998-07-15,15.001338958740234,15.550168432840488,13.69024632616741,14.056132642234244,16556000
1998-07-16,14.452508926391602,15.336734156065349,14.269565775424619,15.306243630904184,7651400
1998-07-17,14.513492584228516,14.543983114867652,14.056134624641484,14.391530461671973,2703600
1998-07-20,13.781717300415039,14.543980425437995,13.659755200411366,14.543980425437995,3868000
1998-07-21,13.598774909973145,14.361038077572536,13.537793856565193,13.781718070196998,6378200
1998-07-22,13.171907424926758,13.537793742285835,12.98896426624722,13.110926372033578,5771600
1998-07-23,13.232888221740723,13.537793480306176,13.080435592457995,13.141416644171086,5207400
1998-07-24,13.202397346496582,13.4158310218441,12.806020520851188,13.232887871546227,5908200
1998-07-27,14.300058364868164,14.330548894430782,12.684060298049374,13.141418241488655,10851800
1998-07-28,14.54397964477539,14.81839435505417,14.086621794310755,14.422017551318154,11398800
1998-07-29,14.757413864135742,15.458695927927316,14.391527569983616,15.09280963377519,12576400
1998-07-30,15.21477222442627,15.33673432642568,14.879376443927894,15.123300647926714,7348200
1998-07-31,16.251449584960938,16.342921158609872,15.51967699576945,15.580658044868741,14375600
1998-08-03,16.708812713623047,16.952736986814624,16.099002030644105,16.25145470138884,13408800
1998-08-04,15.855072021484375,16.922240330622746,15.794090975247897,16.76978771503155,11757600
1998-08-05,16.800281524658203,16.830772053741068,15.245264541432126,15.977037239420868,11544200
1998-08-06,17.074691772460938,17.623521150861468,16.4039003099714,16.4039003099714,17379600
1998-08-07,16.708812713623047,17.7759814088362,16.342926303835682,17.135680191708307,12048200
1998-08-10,16.15997886657715,16.739298863680858,15.977035709597029,16.342922023557268,7007200
1998-08-11,14.97084903717041,15.702621698865093,14.757415344176128,15.702621698865093,10879200
1998-08-12,16.190467834472656,16.891749868734184,15.702619462812462,15.855072078956272,15603400
1998-08-13,15.672130584716797,16.55635585116969,15.641640058287388,16.40390321902264,6456000
1998-08-14,16.190467834472656,16.617335159675324,16.007524695100084,16.28193940415894,7319600
1998-08-17,17.196659088134766,17.196659088134766,16.09899999740276,16.281943179191426,8133200
1998-08-18,16.95273780822754,17.593039056380018,16.830775665722307,17.196662093238007,7368200
1998-08-19,16.73929786682129,17.318617829425303,16.28194000160759,17.044203110297087,13695600
1998-08-20,15.733112335205078,16.373413418614586,15.428207057391026,16.342922890833183,10500600
1998-08-21,14.604962348937988,15.306244465901607,13.873189705149864,15.184282358603587,15381000
1998-08-24,14.665942192077637,15.550167397005396,14.452508521922661,15.367224251158273,11333800
1998-08-25,14.665942192077637,15.123300056695443,14.422017997614807,14.94035691084832,8678200
1998-08-26,14.330549240112305,14.513492421900972,13.873191285640635,14.330549240112305,6408000
1998-08-27,12.775528907775879,13.934168760987056,12.19620898117029,13.873187716081205,14645000
1998-08-28,11.891303062438965,13.110923889355783,11.58639785570976,12.806018682626577,11634200
1998-08-31,11.098552703857422,12.257192821293087,10.915609527420212,12.013268586043473,8713600
1998-09-01,11.525418281555176,11.799833002544585,10.031382578390616,11.220513036011388,16125600
1998-09-02,11.677872657775879,12.257192711294786,11.281495779052415,11.83032530343875,7727000
1998-09-03,12.13523006439209,12.653569036991751,11.190023702592706,11.525419508392487,10226800
1998-09-04,12.226700782775879,12.836511295632532,12.196210257133046,12.318172359704377,7581400
1998-09-08,13.11092472076416,13.324358379009158,12.714547926880591,12.92798158512559,6311800
1998-09-09,13.232888221740723,13.598774532019268,12.958473489031814,13.232888221740723,8207400
1998-09-10,13.293869972229004,13.293869972229004,12.318173093533298,13.293869972229004,7855200
1998-09-11,13.568283081054688,13.812207271275895,12.775529462835761,12.867001034168716,8055000
1998-09-14,13.171907424926758,13.90368005964491,13.171907424926758,13.781717953858552,4555200
1998-09-15,13.385340690612793,13.476812267086228,13.110925961192484,13.415831216103937,4388000
1998-09-16,13.41583251953125,13.56828516179865,13.14141776344993,13.507304104891691,3455200
1998-09-17,13.842700004577637,14.513491634755407,12.68405991608876,12.927984145244313,11165000
1998-09-18,14.574471473693848,14.879376734649787,13.903679899590784,13.964660951781973,11554400
1998-09-21,15.611148834228516,16.25144986063242,14.056132055819035,14.543980456888676,11452800
1998-09-22,14.482999801635742,16.09899767423931,14.452509275737562,15.916054518850226,11088200
1998-09-23,15.55016803741455,15.794092241923016,14.574471219380698,14.879376475016278,9734000
1998-09-24,15.12330436706543,15.76360556002586,14.970851702074851,15.55017182903905,5130800
1998-09-25,16.586843490600586,16.76978661733515,15.123298476724063,15.306241603458629,12082400
1998-09-28,16.525861740112305,16.525861740112305,15.794089264535376,16.525861740112305,6870400
1998-09-29,15.428206443786621,16.098998028299082,15.306244337511629,16.098998028299082,7037400
1998-09-30,14.848885536193848,15.214771832773573,14.330546616039237,15.001338159768734,4654400
1998-10-01,13.1414155960083,14.81839438436203,12.958472455460623,14.574470196965123,8719000
1998-10-02,13.659754753112793,13.964659993137632,12.867001129048212,13.232887417078018,9486200
1998-10-05,13.507301330566406,13.659753941520881,12.867000364557615,13.59877289713909,6389800
1998-10-06,13.568283081054688,14.26956512794066,13.232887319500527,13.903678842608848,8175600
1998-10-07,12.257192611694336,13.995152758128608,12.226702082809524,13.476813767086808,10640400
1998-10-08,12.988964080810547,12.988964080810547,11.433947254234637,11.708361988336268,9123000
1998-10-09,13.812207221984863,14.05613141133559,12.684057846237756,13.171906224939208,7263600
1998-10-12,14.178095817565918,14.757415861724525,13.96466211708643,14.086624231646137,5567000
1998-10-13,14.147603988647461,14.574471350373893,13.690246101083426,14.147603988647461,6723200
1998-10-14,15.245264053344727,15.458697750091552,13.8731902885437,13.8731902885437,7651600
1998-10-15,15.489188194274902,15.611150306040846,14.787906051620723,15.245263970743014,7746000
1998-10-16,15.611148834228516,16.83076983690262,15.611148834228516,16.403902485966682,12254400
1998-10-19,16.22096061706543,16.251451144541118,15.702621649978754,15.855074287357187,5983200
1998-10-20,16.281940460205078,16.830769913919855,15.91605415772856,16.52586466185609,8158200
1998-10-21,16.586843490600586,16.586843490600586,15.977033068152034,16.52586244835573,6207200
1998-10-22,16.922245025634766,16.922245025634766,16.28194386250264,16.46488705196896,4847600
1998-10-23,16.983224868774414,17.68450704468431,16.95273433938703,17.135677515711347,11172000
1998-10-26,16.830772399902344,17.105187167292055,16.556357632512633,17.074696637582086,4567600
1998-10-27,16.281940460205078,17.227146741602752,16.159978359379572,17.074694115570868,4772400
1998-10-28,17.410093307495117,17.623527025800662,15.97703834172932,16.190472060034864,9097600
1998-10-29,19.483449935913086,19.57492153185634,17.440584293180414,17.684508549029093,24077000
1998-10-30,18.53824234008789,19.57492036568491,18.35529915910018,19.270015064038727,13199800
1998-11-02,19.483449935913086,19.544430999875257,18.568733976480548,19.026091956196815,9934000
1998-11-03,19.60540771484375,20.489632946150856,19.209030887016425,19.42246456353883,15728600
1998-11-04,21.343368530273438,21.52631168910435,20.09325694492885,20.12374747140067,16250200
1998-11-05,20.9164981842041,21.6482707154299,20.88600766206969,20.977479228472916,11703800
1998-11-06,20.97748374938965,21.46533220867778,20.672578462334567,20.7945405771566,9573800
1998-11-09,21.587291717529297,21.709253817628333,20.855519116935085,21.068952792108394,7664200
1998-11-10,21.587291717529297,22.197102218024476,21.19091489220743,21.678763292603573,8684600
1998-11-11,23.23377799987793,23.386230611425685,22.014157107495887,22.075138152114988,15093200
1998-11-12,23.08132553100586,23.416721278484147,22.319062468555202,23.172797098499938,12881600
1998-11-13,21.70925521850586,22.9288762981972,21.495821529559873,22.68495208225893,13529600
1998-11-16,20.825029373168945,22.044650419913832,20.703067268494458,21.953178841407965,10423000
1998-11-17,20.94699478149414,21.404352746155585,20.27620309999069,20.85552318856185,10800000
1998-11-18,21.282386779785156,21.709254136399757,20.97748152506044,20.97748152506044,8020000
1998-11-19,21.038463592529297,21.739745712280275,20.946992011692213,21.587293077551802,8315800
1998-11-20,20.97748374938965,21.373860622561256,20.672578462334567,21.28238903644473,8332000
1998-11-23,23.111820220947266,23.17280127693921,21.22140748519696,21.648274877140576,10876400
1998-11-24,21.40435028076172,23.020348236431765,21.221407115968884,22.98985770896629,7291800
1998-11-25,21.861705780029297,22.258082593335267,21.800724731828378,22.19710154513435,4535000
1998-11-27,21.617782592773438,21.800725745885767,21.587292067254715,21.617782592773438,667000
1998-11-30,20.15424156188965,22.166616664892246,20.12375103002597,21.465334432027703,8146400
1998-12-01,21.678762435913086,21.831215055012333,20.123745721100754,20.154236244920604,8538600
1998-12-02,22.319067001342773,22.380048058723492,20.30669210777908,21.5568037840838,9084200
1998-12-03,22.62396812438965,24.3924184629538,22.441024985917494,22.562987078232265,25934800
1998-12-04,24.453401565551758,24.57536366812309,23.020346860338623,23.172799488552787,17028600
1998-12-07,25.002233505249023,25.307138791898403,23.90457447331126,24.453403989280144,10008800
1998-12-08,25.794986724853516,27.014607846596,25.2461572200694,25.368119332243648,16114600
1998-12-09,24.788799285888672,25.947439350911758,24.6973277018079,25.612043542615602,7937800
1998-12-10,23.416723251342773,24.69732530415058,23.294761151075363,24.636344254016876,10590200
1998-12-11,23.416723251342773,24.270457953214645,22.68495064973831,22.928874850273132,9459200
1998-12-14,23.294761657714844,23.660647966474762,22.41053641154504,23.050837451874898,6855400
1998-12-15,23.08132553100586,24.20947486343283,22.98985396351178,23.538683368476253,7916200
1998-12-16,22.86789321899414,23.630156326293946,22.806912170410158,23.416722656250002,7305200
1998-12-17,25.794986724853516,25.82547725289708,22.867896032671556,22.867896032671556,14334800
1998-12-18,25.794986724853516,26.679212038116816,25.612043556592145,25.764496196809954,10398200
1998-12-21,26.70970344543457,27.136570852096767,26.130383393535876,26.465779213056173,6695600
1998-12-22,25.612043380737305,26.58774027143206,25.18517599105835,26.58774027143206,7958000
1998-12-23,26.343814849853516,26.587739061426234,25.368118003562646,26.343814849853516,7896400
1998-12-24,25.490081787109375,25.97793024236506,25.154685974121094,25.97793024236506,6132200
1998-12-28,25.490081787109375,25.916949185458098,25.398610201748934,25.551062844016336,4786600
1998-12-29,25.002233505249023,25.42910090655815,24.48389451794508,25.42910090655815,4653000
1998-12-30,25.002233505249023,25.73400619320753,24.788799804594458,24.91076191925421,6084200
1998-12-31,24.666837692260742,25.307138794284814,24.54487557758949,25.06321456494231,3106800
1999-01-04,24.36193084716797,24.483892954037394,23.99604452655969,24.209478213581185,5531400
1999-01-05,26.343814849853516,26.343814849853516,24.361930630825185,24.392421157271773,9468200
1999-01-06,29.08795928955078,29.209921383008016,26.953622654049152,27.86833835497842,16108600
1999-01-07,30.734447479248047,32.38093573706491,29.02697817484538,29.02697817484538,20921800
1999-01-08,31.03936004638672,32.96026346772499,30.30758731444833,32.19800020528917,15851600
1999-01-11,32.807796478271484,33.53956889042624,30.9783654478846,31.710137860039353,8462400
1999-01-12,34.27134704589844,34.393309135029746,32.68583988719139,33.66153660024188,11946000
1999-01-13,34.820186614990234,35.09460139566879,31.710152433966588,31.710152433966588,15943000
1999-01-14,33.84449005126953,34.94214918806746,33.60056579864777,34.789696530178865,13153800
1999-01-15,34.78969955444336,35.2775481020955,33.78351192491082,34.332341541019474,10891200
1999-01-19,35.61293411254883,36.100782525049496,35.24704780317333,35.734896215674,6030000
1999-01-20,35.61293411254883,38.174138278177345,35.61293411254883,36.34470673129983,10842800
1999-01-21,34.057918548583984,36.34470806617019,33.78350380647364,35.917840689554104,9830400
1999-01-22,34.39331817626953,34.637242418654424,32.807810600767745,33.11271590374886,7150200
1999-01-25,33.66154479980469,34.75920386936354,32.624866789665774,34.75920386936354,8005400
1999-01-26,35.06410217285156,35.42998845639436,33.326142326023266,33.6615380859375,8191800
1999-01-27,34.88116455078125,35.97882357510653,34.21037292480469,35.36901300603693,12269600
1999-01-28,36.71058654785156,37.259415914846024,34.97262688570245,35.12507948764535,9092400
1999-01-29,38.052181243896484,38.4790486616966,35.42999567741003,36.71059793081039,11133600
1999-02-01,36.771568298339844,37.74726496960591,36.649606214431586,37.74726496960591,7714800
1999-02-02,35.429996490478516,36.710598773266895,34.33233739094562,35.856863918074644,10047200
1999-02-03,38.78395080566406,38.96689396984172,36.222746507176815,36.71059494498391,11715600
1999-02-04,36.89354705810547,39.30229930404789,36.16177422389511,39.027884491219005,8971600
1999-02-05,34.27134704589844,35.85685420460548,32.990745110019674,35.85685420460548,15051400
1999-02-08,35.55195236206055,35.61293341242429,34.11889767851265,35.36900921096933,12436800
1999-02-09,32.10652160644531,35.36900765762257,31.83210689186031,35.36900765762257,14143800
1999-02-10,32.197994232177734,33.53957732518514,31.34425953662757,32.197994232177734,14246200
1999-02-11,33.570068359375,33.7225209858935,31.344260012204813,32.441918923138054,10317600
1999-02-12,31.466224670410156,32.59437419832215,31.283281503721724,32.3199594482895,7987400
1999-02-16,31.649168014526367,33.17369441214325,31.344262735002992,32.13701646176377,7590400
1999-02-17,29.850223541259766,32.62486127594275,29.758751967588896,31.740636063791026,8561800
1999-02-18,30.46003532409668,30.612487953346413,28.29520798875047,30.246601643147056,12256200
1999-02-19,31.283279418945312,31.86259940818504,30.49052574945937,30.734449955455045,7830000
1999-02-22,33.23468017578125,33.539585498494844,30.947890255429332,31.191814513600203,7231000
1999-02-23,34.30185317993164,35.33853140936958,33.69204245673286,34.45430586073134,13068800
1999-02-24,35.125083923339844,36.80206275648541,34.240858720408546,34.301839768886566,16499600
1999-02-25,32.5943717956543,34.69821805748792,32.31995706584991,34.576255955352636,15160400
1999-02-26,28.112266540527344,28.96600131616158,26.709702266271098,28.783058149954243,26538400
1999-03-01,28.051284790039062,28.844038490627124,27.56343635890795,28.11226584393045,13433000
1999-03-02,26.465776443481445,27.532944848460534,26.404795391768353,27.319511167464718,11834200
1999-03-03,25.673025131225586,26.892646277602097,25.337629315972045,26.83166522028327,10197400
1999-03-04,25.855966567993164,27.31951184542674,25.36811814218197,25.794985514766765,14882800
1999-03-05,29.240415573120117,29.392868209059223,26.58773970777971,26.831663925282278,16976800
1999-03-08,27.319509506225586,30.642976622496334,27.319509506225586,29.7587514264243,13099000
1999-03-09,26.89264678955078,28.99649330710067,26.221855146274006,27.807362666746386,13857400
1999-03-10,26.70970344543457,27.136570852096767,26.038911806393976,26.89264661971837,9050600
1999-03-11,26.343814849853516,28.05128433086254,25.307136950669467,27.80736011928982,17148400
1999-03-12,24.575361251831055,26.099887384078638,24.33143707067144,26.099887384078638,12075600
1999-03-15,23.904573440551758,25.12419453445746,23.416725002989477,25.12419453445746,11636800
1999-03-16,24.910762786865234,25.673026030037366,24.087518484239332,24.270461662600646,15841800
1999-03-17,25.886457443237305,26.069400605380324,24.72781741633151,24.971741632522207,9816800
1999-03-18,25.39860725402832,26.648718775535116,25.06321147996552,25.88645565266512,10290600
1999-03-19,24.636348724365234,25.734007825945863,24.08751917357492,25.612045703548016,8641600
1999-03-22,25.855966567993164,26.64872025993635,23.843591811521996,24.75830760991798,11548600
1999-03-23,24.69732666015625,26.282834050684798,24.148497178819444,25.764495096088925,10159400
1999-03-24,25.36811637878418,26.099888966633724,24.514381692959713,24.697324839922096,12919400
1999-03-25,23.14231300354004,26.099894507286262,23.050841410640672,26.099894507286262,27784600
1999-03-26,22.989856719970703,24.02653460920015,22.715441984586437,23.11181882458593,11597400
1999-03-29,23.08132553100586,23.78260754846046,22.959363441013753,23.66064545846836,7774800
1999-03-30,22.10563087463379,23.660647667194233,22.075140349289466,23.172799261685075,9021200
1999-03-31,23.508197784423828,23.538688313327103,22.349557686099438,22.56299138842235,9946800
1999-04-01,24.05702781677246,24.20948046453401,23.538688814383192,23.721631991697052,6436200
1999-04-05,25.124195098876953,25.368119323137893,24.544875066257216,24.75830876248554,8489000
1999-04-06,26.22184944152832,26.313321009347604,24.849775924239047,25.185171672909757,7937000
1999-04-07,24.209476470947266,26.648718432755555,24.209476470947266,26.648718432755555,8159200
1999-04-08,22.989856719970703,24.239968292276803,22.68495145843263,24.239968292276803,8903400
1999-04-09,23.355745315551758,24.148499072998685,22.92887790769572,22.98985896596087,8006600
1999-04-12,21.83121681213379,22.441027337612386,21.49582102312056,21.953178917229508,9068200
1999-04-13,21.282386779785156,22.258083594904246,20.672576270335725,21.892197289234588,8733600
1999-04-14,21.770235061645508,22.014159264016886,20.794538252159995,21.709254011052664,8893600
1999-04-15,22.77642059326172,22.867892161909356,20.977479743191516,21.983666998315528,8375200
1999-04-16,22.136117935180664,22.6849473054744,22.044646373465042,22.6849473054744,5654800
1999-04-19,21.46533203125,22.441028941761363,20.245710893110797,22.319066827947445,5189400
1999-04-20,21.587291717529297,22.07514011792544,20.550613866687495,21.46532961743026,7246000
1999-04-21,20.24570655822754,22.197099961430194,18.965104637375795,21.70925161062953,18599400
1999-04-22,18.0198974609375,19.879819195484348,17.775973299029715,19.879819195484348,28140400
1999-04-23,18.477258682250977,18.660201837520788,17.806467112928335,18.233334475224563,14881000
1999-04-26,17.623525619506836,18.782165712138774,17.41009191823253,18.72118465463183,10675200
1999-04-27,17.440582275390625,18.355298128995027,17.196658047762785,17.562544389204547,10981400
1999-04-28,18.7211856842041,18.812657275495003,17.623526588713307,17.806469771295106,14176600
1999-04-29,18.233333587646484,18.66020092916329,17.745485197341562,18.599219880375177,9648600
1999-04-30,18.172353744506836,18.873635852096864,17.623524269001596,18.233334797340753,6804000
1999-05-03,18.53824234008789,18.53824234008789,17.958922266960144,18.294318098770944,3185200
1999-05-04,18.62971305847168,19.14805204700526,18.172355127412636,18.355298299836253,7167000
1999-05-05,20.062763214111328,20.123744257315312,18.59921817721567,18.965104436439585,8284800
1999-05-06,18.751670837402344,20.245706400057166,18.629708750655013,20.12374431330983,7724600
1999-05-07,19.056575775146484,19.087066296386716,18.41627482910156,18.81265160522461,4594600
1999-05-10,19.60540771484375,19.971294017453587,19.026087735711506,19.08706878614648,5086200
1999-05-11,19.178544998168945,19.727374584762018,18.690696476752883,19.605412454408,7421600
1999-05-12,19.60540771484375,20.09325611832353,19.117559311363966,19.17854036179894,6731800
1999-05-13,18.32480239868164,19.78834734899232,18.2943118788835,19.574913710405347,8064000
1999-05-14,18.0198974609375,18.53823630499154,17.867444859745135,18.050387981175973,6537600
1999-05-17,18.263824462890625,18.416277087789545,17.77597606321408,18.019900263052353,4331600
1999-05-18,18.53824234008789,18.660204460746364,18.111374917783234,18.20284650827709,5060000
1999-05-19,19.087066650390625,19.148047694002095,18.355294127052964,18.96510456316768,6457400
1999-05-20,18.53824234008789,18.843147641734074,18.111374917783234,18.53824234008789,6128800
1999-05-21,18.202844619750977,18.538240416764815,18.172354092749718,18.538240416764815,3263800
1999-05-24,17.65401840209961,18.507753316190783,17.349113075638478,18.29431958766799,7382200
1999-05-25,16.830772399902344,18.172355707140937,16.830772399902344,17.68450723178145,7958000
1999-05-26,17.37959861755371,17.50156071311549,16.70880709196392,17.196655474211042,4700600
1999-05-27,18.90412712097168,19.239522924730853,17.196657574561335,17.318619685019215,10334200
1999-05-28,18.477258682250977,19.14805025157362,18.32480605285947,19.026088148060413,4193600
1999-06-01,17.745487213134766,18.53824093743288,17.562544045989046,18.202845130999062,3273400
1999-06-02,18.90412712097168,18.93461764858615,17.806468126850742,17.867449182079685,5884400
1999-06-03,18.32480239868164,19.209027472827678,18.2943118788835,18.873631755048144,4576600
1999-06-04,18.5687313079834,18.812655528777928,18.324807087188873,18.538240780384083,2811400
1999-06-07,19.513938903808594,19.971296846866608,18.629713547229766,18.904128313064575,6090600
1999-06-08,19.1175594329834,20.79453833061352,19.087068907571943,19.696879415801078,11399800
1999-06-09,21.038463592529297,21.038463592529297,19.452956191353177,19.513937245244566,11704800
1999-06-10,22.441030502319336,22.441030502319336,20.00178805641506,20.916503973629162,17180800
1999-06-11,21.221403121948242,22.441023991025727,21.190912600221303,22.319061904117977,10871400
1999-06-14,20.886009216308594,21.221404984745668,20.61159449667826,21.221404984745668,5872000
1999-06-15,21.09944725036621,21.343371496035182,20.764051412571373,20.946994596823103,6624600
1999-06-16,22.684951782226562,22.898385468349662,21.70925493137811,21.70925493137811,13111400
1999-06-17,22.01416015625,22.471518054233034,21.83121699705679,22.441027527700832,7610800
1999-06-18,21.95317840576172,22.014159456888837,21.49582052230835,22.014159456888837,5205400
1999-06-21,22.928876876831055,23.355744265495463,21.70925576636132,21.831217877408292,9559200
1999-06-22,22.07514190673828,23.294763006558075,22.07514190673828,22.441028236684218,8104000
1999-06-23,21.434839248657227,22.075140278844714,21.221405571928067,22.075140278844714,6904600
1999-06-24,19.209035873413086,21.2214110601516,18.965111608353872,20.30669506617955,18300400
1999-06-25,19.178544998168945,19.696884052173512,18.72118700934139,19.20903553075745,7305200
1999-06-28,18.660205841064453,19.361488086725373,18.233338387183892,19.270016489465252,5587000
1999-06-29,19.026090621948242,19.39197698006263,18.294317905719463,18.90412850257678,7313000
1999-06-30,19.75786018371582,19.81884123366556,19.148049684218417,19.20903073416816,5443000
1999-07-01,21.038463592529297,21.12993517336638,19.81884251470151,19.94080462248429,7084800
1999-07-02,20.6420841217041,20.97747987552795,20.0017831371313,20.97747987552795,6353200
1999-07-06,21.95317840576172,22.441026814778645,20.64208580652873,20.64208580652873,15739400
1999-07-07,21.587291717529297,22.562988518321582,21.52631066747978,22.258083268073992,5752000
1999-07-08,23.56917953491211,23.59967006471148,21.648276157551873,21.648276157551873,13954600
1999-07-09,24.69732666015625,24.88026982060185,23.294762430073302,23.416724537037037,12463600
1999-07-12,24.971742630004883,25.45959108187311,24.08751731099372,24.697327875829007,17045800
1999-07-13,26.435287475585938,26.587740113853446,24.63634634402934,24.697327399336345,16561400
1999-07-14,27.624414443969727,28.93550696172988,26.95362292325523,27.31950920728132,18461600
1999-07-15,26.984115600585938,27.807359805349577,26.709700865664725,27.715888227042505,10439600
1999-07-16,25.673025131225586,27.1365705068774,25.246157729993804,26.770684162964447,9861800
1999-07-19,25.551057815551758,25.977925129892718,24.727813709322763,25.82547251762809,6998400
1999-07-20,24.08751678466797,25.429099997991248,23.78261150891268,24.910761029207254,7543200
1999-07-21,25.58155059814453,26.008417950199384,23.53868541331058,23.965552765365437,10550000
1999-07-22,24.69732666015625,25.61204246238426,24.11800665207851,25.581551935643326,8751200
1999-07-23,24.941251754760742,25.368119144206524,24.544874893132516,25.063213866030964,3674800
1999-07-26,25.36811637878418,25.459587952265373,24.575362741947174,24.75830588890956,6348600
1999-07-27,28.234228134155273,28.35619024272614,26.526758614163164,26.831663885590327,17928800
1999-07-28,30.124643325805664,30.856416038173414,27.929325188702418,28.203739955840323,20545200
1999-07-29,29.392868041992188,31.16131860883404,28.661095393643834,29.94169752825345,17932800
1999-07-30,30.063655853271484,30.368561085049084,29.14894015793868,29.697769575138363,9817600
1999-08-02,29.880712509155273,30.825918721179573,29.819731463218222,30.42954192258874,8329000
1999-08-03,29.94169807434082,30.42954651547061,28.752567499086958,30.246603350046936,8625600
1999-08-04,29.392868041992188,30.490527014514715,29.392868041992188,30.124640690340538,6939200
1999-08-05,29.94169807434082,30.612489680894278,28.96600119208124,29.880717019199594,10443400
1999-08-06,32.13701629638672,32.56388368552278,30.338075156456153,30.551508851024188,13345800
1999-08-09,33.08222579956055,33.570074290613974,31.588189795709425,32.685848900579636,11510000
1999-08-10,31.771135330200195,33.8140010376123,31.618682665467947,32.990756648058166,10394200
1999-08-11,33.4481086730957,33.78350447565182,31.28328122023354,32.25897810039677,9528000
1999-08-12,30.79543113708496,33.44810688849723,30.79543113708496,33.44810688849723,10643400
1999-08-13,31.252790451049805,31.527205196473655,30.185621996623713,30.917394651087317,9928200
1999-08-16,29.545320510864258,31.954072131461032,29.27090576927728,31.2222994872291,10455400
1999-08-17,28.173246383666992,29.880715861464992,26.86215374892924,29.54532007118324,20006000
1999-08-18,29.270906448364258,29.63679277896881,27.65490848819415,27.68539901574453,11408600
1999-08-19,30.185625076293945,30.4600398497148,28.691589087669296,29.08796598261053,10244200
1999-08-20,31.740629196166992,32.076024893724956,30.551498995734224,30.734442103493112,10153600
1999-08-23,31.22229766845703,32.50289972126484,31.039354518055916,31.954070270061493,11249400
1999-08-24,33.631046295166016,33.87497047500403,31.862595991340424,31.893086513820176,15850400
1999-08-25,33.90547561645508,34.240871508344476,32.74683526265535,33.9664566877077,10838600
1999-08-26,34.02742385864258,35.06410164645068,33.72251862693431,34.82017746108407,13663600
1999-08-27,33.600563049316406,34.393316805470874,32.71633770591334,33.78350622381359,7122800
1999-08-30,33.783504486083984,34.515277146432375,33.204184463308174,34.45429609140334,6237000
1999-08-31,36.52764892578125,36.58862997574082,33.90546377751983,34.149387977358096,16694200
1999-09-01,35.429996490478516,37.137466200863024,35.27754383776561,37.0155040786927,9826000
1999-09-02,36.71058654785156,36.77156758862873,35.42998469153116,35.673908854639805,11048400
1999-09-03,39.08885192871094,39.14983297696166,38.05217410844872,38.113155156699435,13319600
1999-09-07,38.844932556152344,39.515724170151834,38.20463147006192,39.454743114333695,10847400
1999-09-08,36.83256530761719,40.24750513746249,36.527659965666714,39.39377018000116,23777200
1999-09-09,36.89354705810547,37.77777256610965,35.67392566775487,37.22894294045188,12612600
1999-09-10,36.40568923950195,37.533838738548496,35.36901132145918,37.44236715754472,10779200
1999-09-13,36.95451736450195,37.35089420091988,35.94833001051799,36.466668950449126,9144800
1999-09-14,39.94259262084961,40.55240319521373,37.16795450749288,37.228935564929294,20482200
1999-09-15,37.4423713684082,40.918291837462384,37.411880837977904,40.613386533159385,19849000
1999-09-16,37.80825424194336,38.63149848753406,35.704407836544895,37.442367910569715,18732800
1999-09-17,36.89354705810547,38.17414951797359,36.25324582817141,36.710603849552875,16063600
1999-09-20,39.02787780761719,39.515726280212405,35.369014263153076,36.98501232862473,16421600
1999-09-21,38.11315155029297,39.30228187866211,37.01549278564453,38.60099989013672,19207600
1999-09-22,40.70484924316406,41.101226052273525,38.35707891228494,39.27179462561447,21656400
1999-09-23,38.47904968261719,41.46712168649712,37.83874853892863,41.46712168649712,17705800
1999-09-24,39.149837493896484,39.18032802153971,36.161765784860776,38.23512166459984,16964600
1999-09-27,38.96689987182617,40.73535072672908,37.99120284843146,39.393767319561356,14881200
1999-09-28,37.320411682128906,38.63150457619062,36.77158209856819,38.60101404377058,14816000
1999-09-29,35.125083923339844,37.83874058061176,35.125083923339844,37.320401668548584,13218800
1999-09-30,32.44192123413086,35.490973981699554,32.44192123413086,35.15557817946699,22010400
1999-10-01,34.88116455078125,35.09459824995561,32.502903331409804,33.23467601429333,17839400
1999-10-04,37.25942611694336,37.25942611694336,33.966449013318254,34.78969328922453,11780600
1999-10-05,38.844932556152344,38.966894667788615,37.564330383971495,37.59482091188056,23376400
1999-10-06,37.4423713684082,38.479049403038395,37.1984471249658,38.0521819770142,12148800
1999-10-07,33.96644973754883,35.49097620691816,33.90546867877406,35.125089854269525,26779000
1999-10-08,33.6920280456543,34.57625321608324,31.71014404296875,33.29565124511719,26879000
1999-10-11,34.332332611083984,35.0641052422261,33.99693682181052,34.27135155848881,9679000
1999-10-12,31.740629196166992,35.3080197974653,31.740629196166992,34.63722840234938,18017200
1999-10-13,32.77731704711914,33.844485509118364,32.25897807986237,33.05173179449037,20678600
1999-10-14,33.23468017578125,33.417623369409405,32.07603994946961,32.777322191710866,10512400
1999-10-15,34.63723373413086,34.72870530209071,32.076029831254985,32.68584028432067,18610600
1999-10-18,33.295658111572266,34.911656170100954,32.71633805285443,34.33233611138313,15161400
1999-10-19,30.490528106689453,31.862601871490476,29.301397510528563,31.405243949890135,21101800
1999-10-20,31.283279418945312,31.95407098543342,29.331885770979916,30.49052574945937,18244400
1999-10-21,32.3199577331543,32.3199577331543,29.758753535432636,30.67346932033323,12315400
1999-10-22,31.03936004638672,33.143206650709594,30.490530497432925,32.6858486932481,9891000
1999-10-25,30.185625076293945,31.89309477757926,30.002681894013378,31.58818947377831,11117000
1999-10-26,30.307580947875977,31.03935352609431,29.88071361058195,31.03935352609431,11792400
1999-10-27,30.124643325805664,30.856416038173414,29.362380083755927,30.49052968198954,9201800
1999-10-28,32.990745544433594,32.990745544433594,30.368560593582124,30.368560593582124,14501800
1999-10-29,34.78969955444336,35.30803863632376,34.393322609475995,34.63724688330206,16608200
1999-11-01,35.429996490478516,36.28373134567077,35.00312906288239,35.247053307223034,10350800
1999-11-02,36.71058654785156,37.44235903717751,36.436171864354336,36.55813394590866,12007200
1999-11-03,36.558143615722656,37.32040682705966,36.3447099165483,37.32040682705966,9396800
1999-11-04,37.07648468017578,37.62531422313891,36.64961725787113,37.198446800834255,10130800
1999-11-05,37.50334167480469,38.84492462902534,37.35088906637052,38.174133151915015,10436200
1999-11-08,38.26560592651367,38.41805853976671,37.2899092016942,37.68628599615211,6438600
1999-11-09,37.38138961791992,38.57052028276403,37.28991802831653,38.38757710355724,5484000
1999-11-10,37.96072006225586,38.997398361144775,36.64962691954341,37.32041876000094,11454800
1999-11-11,36.83256530761719,37.960715072833935,36.80207477342214,37.960715072833935,11089800
1999-11-12,35.85685348510742,36.86304070025074,34.78968522662208,36.86304070025074,10060400
1999-11-15,33.84449005126953,35.673921945932754,33.356641546026005,35.42999769331099,9110200
1999-11-16,33.35664367675781,33.692039545536915,32.53339927157275,33.41762474380856,12983600
1999-11-17,31.130828857421875,34.0274289959675,30.795433051906066,33.35663738493588,18647200
1999-11-18,34.332332611083984,34.332332611083984,31.34426103392037,31.34426103392037,17638000
1999-11-19,34.149383544921875,35.247042301722935,33.20417739323207,33.90545937674386,15567400
1999-11-22,33.17368698120117,34.48477938946556,32.74681968548718,34.48477938946556,8545200
1999-11-23,32.96025848388672,33.75301215694967,32.076033233162654,33.29565426864412,8932600
1999-11-24,33.14320755004883,33.417622331971955,32.198001078980276,32.80781170547612,6762000
1999-11-26,34.118892669677734,34.667722042380326,33.17368652780105,33.20417704850675,4497400
1999-11-29,32.655357360839844,34.27135543752006,32.47241418234774,34.27135543752006,6774200
1999-11-30,32.716339111328125,33.783507675071355,32.59437698975747,32.92977282407677,9384000
1999-12-01,31.771135330200195,32.71634185154012,31.557701599575047,32.68585131859368,12439800
1999-12-02,31.22229766845703,32.13701342046261,30.97837346792221,31.740636594593525,11260600
1999-12-03,33.17368698120117,33.753006882527295,31.222293629365808,32.44191447426291,16265600
1999-12-06,33.55482864379883,34.51528034964132,32.74682958967737,33.53958337862672,9661200
1999-12-07,32.655357360839844,34.02743119953059,32.22848994435827,33.57007325330034,9355600
1999-12-08,33.14320755004883,33.417622331971955,32.56388745487778,32.655359048852155,9342200
1999-12-09,30.978376388549805,33.417618623868684,30.734452165017917,33.417618623868684,12796000
1999-12-10,29.392868041992188,30.673470176601803,28.539133285585773,29.331886987963156,21650800
1999-12-13,30.437166213989258,31.80161719127553,29.362375220707897,29.911204664085613,13327200
1999-12-14,30.42954444885254,31.55769389234707,29.941696040854904,31.55769389234707,11151000
1999-12-15,32.197994232177734,33.0517289277279,29.972185918779083,30.460034316236325,15566800
1999-12-16,35.61293411254883,35.61293411254883,33.05172994692032,33.05172994692032,18036600
1999-12-17,34.88116455078125,36.10078568892045,34.027429754083805,36.10078568892045,13028800
1999-12-20,37.01549530029297,37.41187210334388,35.42998808808932,35.490969134712536,11704600
1999-12-21,39.51572036743164,39.57670141738138,36.34470577004515,37.01549731949229,13013600
1999-12-22,37.07648468017578,42.93066647178248,37.07648468017578,39.454746033016,13216000
1999-12-23,36.40568923950195,38.17413980557491,35.49097342946422,37.56432926554975,15711600
1999-12-27,38.0445556640625,38.23512146081697,35.82636978984046,36.13127506464762,7527000
1999-12-28,38.08266830444336,38.66198831868229,37.32040512781319,37.930215669117324,6764600
1999-12-29,37.38138961791992,38.60101081263183,37.13746537897754,37.89972862567248,2991600
1999-12-30,38.35708999633789,38.540033191868915,37.25943082315175,37.44237401868278,4591400
1999-12-31,38.11315155029297,38.44854728393555,37.86922738037109,38.387566241455076,1307200
2000-01-03,37.045989990234375,38.113158426167054,35.369011019483025,37.74727210527585,6564600
2000-01-04,35.61293411254883,36.985007772706965,35.55195306098624,36.466668834425,7220800
2000-01-05,35.49097442626953,36.46667131771336,34.17988172839188,35.18606914769333,6763800
2000-01-06,36.10078048706055,36.74108149232091,35.003121620899925,35.4909700058602,6338400
2000-01-07,34.39331817626953,35.97882575177132,33.17369696434508,35.97882575177132,9467200
2000-01-10,36.28372573852539,36.832555203477874,34.66772786949863,35.24704786028181,6577200
2000-01-11,35.30803680419922,37.442374089427155,35.00313147773809,36.22275278358262,5623000
2000-01-12,36.10078048706055,37.22892987728119,34.69821638029975,35.734894198340335,9311400
2000-01-13,37.99119567871094,37.99119567871094,35.978820947735876,36.527650419819985,8237000
2000-01-14,35.73489761352539,38.23512082539321,35.36901128983742,37.62531028591325,12218800
2000-01-18,35.88734817504883,36.34470605323551,35.15557556995012,35.826367124623935,9293000
2000-01-19,35.186073303222656,36.283732435732205,34.881167988636676,35.856864995311824,10653200
2000-01-20,34.02742385864258,35.55195001718391,33.90546176595927,35.3080258318173,12001800
2000-01-21,32.746826171875,34.88116307320764,31.771129302694366,34.88116307320764,15470200
2000-01-24,33.90547561645508,34.63724847148649,32.83830686953428,32.83830686953428,11949000
2000-01-25,32.13701629638672,34.02742901970358,31.466224684887187,33.631052158362955,17025400
2000-01-26,31.008869171142578,33.05173469175866,30.734454399716537,32.16750931716364,13137200
2000-01-27,31.58818244934082,32.07603082693682,31.008862500945575,31.130824595344574,7790800
2000-01-28,29.02698516845703,32.19800035492713,28.813551453983084,31.16132231319652,13778600
2000-01-31,30.338071823120117,30.49052444534685,28.417168783063264,29.63678976087714,11168800
2000-02-01,30.978376388549805,31.222300612081693,29.514831047358474,30.30758477383711,8346800
2000-02-02,32.13701629638672,32.59437421331822,30.97837624016025,31.67965837945522,12191000
2000-02-03,33.17368698120117,33.66153531916001,31.649160925079794,32.19799030528349,9175400
2000-02-04,32.8687858581543,33.26516268204669,31.9540701107103,33.26516268204669,8193000
2000-02-07,36.10078048706055,36.1922520592406,32.929765984818744,32.929765984818744,14433200
2000-02-08,37.106964111328125,37.25941671655133,35.55194753805144,36.13126743789961,13221200
2000-02-09,35.73489761352539,37.869234501705236,35.73489761352539,37.10697132735529,12856600
2000-02-10,35.30803680419922,36.25324331622873,34.088415498354685,36.22275278358262,11891800
2000-02-11,34.698219299316406,35.97882141756886,33.783503500564656,34.88116245906676,9808800
2000-02-14,33.05172348022461,34.27134427285282,32.68583724243614,33.417609718013075,7839600
2000-02-15,33.66154479980469,34.637241750523664,31.954075136046477,34.11890274545421,12767600
2000-02-16,32.28946304321289,34.51527116611614,31.954067298665827,34.51527116611614,10502400
2000-02-17,31.832111358642578,33.38712829282914,31.679658718036055,32.38094086482607,13026200
2000-02-18,30.79543113708496,32.106523749851945,30.338073248910433,32.076033223973646,10657200
2000-02-22,31.466224670410156,32.01505417047545,30.795433059219242,31.466224670410156,8937200
2000-02-23,32.685848236083984,32.77731982629691,31.22230279267724,31.710151273812823,8480800
2000-02-24,34.21036911010742,35.42999011225029,32.19799445657169,33.051729158071694,13187600
2000-02-25,35.917842864990234,36.43618185370402,34.423806956344635,34.881164887562676,10543400
2000-02-28,38.08266830444336,38.783950426943115,34.942144016727056,36.22274615346574,14204800
2000-02-29,46.83344650268555,48.75434958189726,38.54002368450165,38.54002368450165,45132000
2000-03-01,49.63857650756836,54.48657015910605,49.33367124646536,49.76053861200956,31296800
2000-03-02,47.56521224975586,48.815323597345596,44.882046430538864,48.784833076672676,18281200
2000-03-03,45.613834381103516,47.4432662413082,44.485684733977294,46.16266393916492,12069800
2000-03-06,46.83344650268555,47.80914330482483,45.613825500011444,45.613825500011444,9417200
2000-03-07,51.22408676147461,51.71193520682199,45.85775386265346,46.620017058508736,12998000
2000-03-08,49.27269744873047,51.37654406009334,47.931114102354144,50.24839442791325,10382600
2000-03-09,53.663330078125,54.2731406471946,47.26031910289418,48.2969970703125,13484400
2000-03-10,51.89487838745117,54.15117744777514,50.24838988397153,52.68763211134878,10916600
2000-03-13,57.566123962402344,57.68808608944133,49.51662357782913,49.76054783190711,12176400
2000-03-14,54.39509963989258,61.926259735774565,53.41940278536536,60.98105340795132,18452000
2000-03-15,55.126869201660156,58.0539596017483,53.29743770160506,54.395096601638116,14819200
2000-03-16,55.30982208251953,56.04159481128495,52.748617531840566,54.15118192864095,8553600
2000-03-17,62.87146759033203,62.87146759033203,55.12687361945699,55.34030731156772,13263200
2000-03-20,66.1644515991211,69.76233422064013,61.95675836378528,62.99343640727382,13230200
2000-03-21,58.17591857910156,67.32307558839426,54.63901786884172,66.83522721456532,14436000
2000-03-22,68.78663635253906,68.78663635253906,62.932454535301694,62.932454535301694,17832800
2000-03-23,65.67658996582031,67.10964462152762,64.15206373634445,66.83522990022198,10318000
2000-03-24,65.7375717163086,69.82330205489178,65.0972706930978,65.371685417331,11523800
2000-03-27,68.05484771728516,68.786620273385,67.07915097581869,68.05484771728516,6885800
2000-03-28,66.59131622314453,69.27448281089029,66.1034677526453,68.51221957573524,8214800
2000-03-29,65.61559295654297,66.59128950608265,61.438392103826246,66.59128950608265,13478600
2000-03-30,59.02965545654297,63.1153857412417,56.59041349552879,61.77380266268391,11296800
2000-03-31,61.468894958496094,62.44459170386905,58.602785768963045,60.371236119951526,10418800
2000-04-03,58.541812896728516,61.3774319589138,57.139248629411064,61.346941431363426,7297000
2000-04-04,56.01110076904297,60.00535999644887,51.71193625710227,60.00535999644887,12036200
2000-04-05,63.90814971923828,64.57894136705471,56.83434688771954,56.92581847605815,14419800
2000-04-06,63.8471565246582,65.31070165989392,61.71281986910611,63.42028919354779,8319200
2000-04-07,62.62753677368164,65.73757024540294,61.71282104670479,64.70089242149584,6308800
2000-04-10,59.33456802368164,64.03010937807372,59.33456802368164,63.66422303877043,6070600
2000-04-11,56.89533615112305,60.21880434001502,56.255034940419094,57.322203624925685,12921400
2000-04-12,54.09019088745117,58.05395910355526,53.81577616479781,56.925809688202555,10126600
2000-04-13,51.95585632324219,58.05396152550066,51.711932115151846,56.102567860777945,12390800
2000-04-14,46.86393356323242,53.66332015048085,45.03450219446603,51.742417213276134,13290800
2000-04-17,55.614723205566406,57.56611700225295,47.32129956964861,48.41895858028479,12738400
2000-04-18,61.712825775146484,62.444598412796445,57.20022784297174,60.005356287296586,14062600
2000-04-19,57.0782585144043,62.444590511485046,57.0782585144043,61.95674214811407,7477800
2000-04-20,61.10301208496094,61.46889838487088,58.05395958571139,60.493201585111024,6416200
2000-04-24,60.18830490112305,62.017736661035606,58.90770266918426,59.33457007983052,9020800
2000-04-25,63.35930633544922,64.97530404275375,61.31644130923406,61.43840340035138,9775800
2000-04-26,62.81047439575195,67.32307158534967,62.5970407448926,63.42028482677867,10033800
2000-04-27,65.85953521728516,67.44504254659017,61.59086163838705,62.44459635416667,9493600
2000-04-28,67.96339416503906,69.39644913397439,64.88385050839081,66.2254338835643,9783600
2000-05-01,64.27403259277344,70.89047712438247,63.8776557314328,68.5427064841341,11828800
2000-05-02,61.224971771240234,66.71326605352273,60.49319920026924,64.3959862454479,5751500
2000-05-03,60.798118591308594,63.054417877044216,58.78574355267952,60.73713752953195,5944400
2000-05-04,60.24928665161133,63.42030173853824,58.297892751964,60.737135126523164,5512900
2000-05-05,59.02965545654297,61.46889741755714,58.602788113365484,60.49320063315147,4657000
2000-05-08,56.9563102722168,60.31026858589124,56.895329211968175,59.27359056166459,3208100
2000-05-09,54.09019088745117,59.02965589521165,52.44370255153101,57.20022441085592,5577300
2000-05-10,51.71193313598633,54.51706158440068,49.82152048596796,53.5413647327783,5539600
2000-05-11,57.01728057861328,58.54180679729278,51.34604304512554,53.17547450754094,5408200
2000-05-12,59.27358627319336,61.346942171638396,57.4441545980948,57.4441545980948,6645700
2000-05-15,61.59086227416992,61.712824377683134,57.13924549593784,59.517506514445394,5216100
2000-05-16,63.054412841796875,64.57893926447088,60.49320845170455,62.32264015891335,5589800
2000-05-17,63.90814971923828,65.12777089708634,62.07871795246619,64.3350171314851,4146400
2000-05-18,63.17636489868164,64.57892898427014,62.505573379487146,63.90813746507564,2546500
2000-05-19,59.090641021728516,63.603238994492095,58.358868377496584,63.237352672376126,3805800
2000-05-22,59.15161895751953,60.49320206789626,55.309812777804346,59.090637907047864,4429800
2000-05-23,56.9563102722168,61.34694661011788,56.834348151719546,60.43223070638849,4367600
2000-05-24,58.846717834472656,59.33456627247865,55.91962720643671,57.26121041095318,6124000
2000-05-25,63.054412841796875,66.10346568714489,61.95675381747159,62.44460227272727,10389400
2000-05-26,63.054412841796875,64.88384454900569,62.44460227272727,63.66422341086648,2680700
2000-05-30,67.07913970947266,68.17679835926403,65.92050002358177,67.81091214266691,6656300
2000-05-31,68.23778533935547,70.98193220286842,67.81091804947567,68.29876638076686,10162700
2000-06-01,71.71370697021484,72.32351740363504,69.76231358327023,70.25016193000639,9352600
2000-06-02,77.323974609375,79.88517881567923,74.33590303535341,78.6045767125271,10515000
2000-06-05,79.21438598632812,80.49498806924798,74.88473132502766,76.5922007689208,4723800
2000-06-06,75.18963623046875,79.03144246122262,74.64080676893248,76.59220040995032,6316200
2000-06-07,74.8847427368164,76.1043639540284,72.62844348497421,75.1896480411194,6144800
2000-06-08,78.78750610351562,78.97044922914299,76.95807484724205,77.08003693099361,10405500
2000-06-09,78.05575561523438,80.92186539173126,78.05575561523438,80.00714950561523,5134900
2000-06-12,77.56790161132812,80.00714380036361,76.47024262626216,79.03144692474942,5907900
2000-06-13,80.49498748779297,81.65362745920818,76.3482760111491,76.65318126678467,11638300
2000-06-14,78.421630859375,81.59264548199359,76.59219934632581,81.47068338112364,8444600
2000-06-15,76.10436248779297,78.29968063647931,75.12866553282126,77.56790792025052,6029500
2000-06-16,75.49453735351562,76.34827202471855,73.23823857962219,76.10434783294629,6044000
2000-06-19,79.519287109375,79.519287109375,75.00668952801476,75.49453791518884,10751800
2000-06-20,87.69075012207031,88.3005606236146,78.66555469921467,79.03144100014126,12141300
2000-06-21,88.54447174072266,92.20333420934756,85.37345760124774,86.34915425954772,8218700
2000-06-22,84.76366424560547,90.73980748018772,82.08049789538487,90.73980748018772,8742700
2000-06-23,86.34916687011719,87.87369312135513,83.42207646774034,83.6660006679384,8331100
2000-06-26,87.01995849609375,88.3005605482437,86.16622379466045,87.38584479670801,4463600
2000-06-27,87.81271362304688,88.54448623657227,87.0809410095215,87.69075152079265,4338100
2000-06-28,85.43444061279297,89.5201704636546,84.4587439319902,89.5201704636546,7386500
2000-06-29,88.60546875,88.66644980213353,82.93423090158294,85.80034035185822,6308300
2000-06-30,85.92228698730469,89.76409258006565,85.83081542557228,88.60545279812187,6646400
2000-07-03,88.056640625,88.78841326177286,87.81271641274239,88.78841326177286,2019300
2000-07-05,81.71460723876953,85.800337600708,79.03144103092934,85.19052709892614,7872700
2000-07-06,84.39778900146484,84.64171324713381,79.51930408808536,81.47069805343716,6556300
2000-07-07,87.32486724853516,87.99565882656161,82.44638304470638,84.03189041095072,6451200
2000-07-10,88.78842163085938,91.65453139504234,85.37348233736479,87.62978151342371,5072500
2000-07-11,88.78842163085938,91.53256927741754,86.41016033717564,89.032345866109,5800300
2000-07-12,91.71550750732422,92.63022334017653,89.27626528638474,90.98373484104238,5909100
2000-07-13,89.76412200927734,94.03279628960982,88.05665229714435,92.69121294436248,6228300
2000-07-14,94.2157211303711,95.13043686950091,90.25195292747522,91.71549811008293,5586300
2000-07-17,92.81317138671875,94.82554632480135,91.59355021212323,94.64260314861203,3811400
2000-07-18,90.73980712890625,93.91082189416372,89.39822395898962,92.08139029882287,5242500
2000-07-19,86.1052474975586,91.22765598891476,84.09287273309724,90.25195913341835,4347500
2000-07-20,85.98328399658203,87.8127155709774,80.06812190603704,86.10524610154172,8318500
2000-07-21,80.49498748779297,83.72698319753012,79.51929066975912,81.34872220357259,6370200
2000-07-24,82.93424224853516,83.84895815568812,79.76322710373823,82.14148846233593,5118900
2000-07-25,84.64169311523438,85.19052253745132,81.59264076958472,84.03188264610445,4886500
2000-07-26,80.49498748779297,83.54404004414877,76.47023811340333,81.95853271484376,9132200
2000-07-27,74.8847427368164,80.12911397082797,73.72610258046501,80.06813290996737,9205200
2000-07-28,77.01908111572266,78.84851297120301,74.6408197035982,75.67749775503707,7290800
2000-07-31,79.519287109375,80.00713549654908,77.26298831869488,79.39732501258148,4131300
2000-08-01,77.14102172851562,79.94614979137074,76.9580785939816,79.519282477458,5224100
2000-08-02,78.36064910888672,79.2143838073493,76.34827446251063,77.08004706119284,6234100
2000-08-03,75.67750549316406,76.34829724209622,74.39690306338449,75.67750549316406,7086100
2000-08-04,71.34784698486328,78.29968848595253,71.34784698486328,77.56791569636418,10434000
2000-08-07,74.2749252319336,75.00669789431718,71.89666407918695,72.9333420175637,6785100
2000-08-08,75.00668334960938,76.71415256407202,74.21392978575172,74.39687291587272,3534700
2000-08-09,79.76319885253906,80.12908508580759,77.5678814529279,77.68984353068407,6233900
2000-08-10,73.1772689819336,78.42163992563883,72.93334475199381,77.81182935078938,8332600
2000-08-11,73.78709411621094,74.64082908945635,71.22588919647468,74.64082908945635,5562000
2000-08-14,78.54359436035156,78.54359436035156,75.86042809338304,76.10435229947107,8286100
2000-08-15,84.39778900146484,84.51975112429933,79.09243665816467,79.94617151800607,8714600
2000-08-16,85.12954711914062,86.71505444370915,84.88562291536086,85.3734713229204,9316200
2000-08-17,87.69075012207031,87.99565537284246,83.17815241064248,84.88562181496653,4871300
2000-08-18,86.958984375,88.54449180399719,85.06857167119566,87.99566230934431,5897900
2000-08-21,86.34916687011719,88.54448467189982,85.19052691917635,87.01995842066188,4962000
2000-08-22,85.861328125,87.56879771839489,85.67838495427912,86.65408186479048,4120400
2000-08-23,88.54447174072266,88.7274148641539,85.12953343667274,86.04424905382898,4255100
2000-08-24,90.31294250488281,91.16667727535436,88.0566434686366,89.21528351427655,4765100
2000-08-25,86.83702087402344,89.52018724934439,85.92230506425493,89.52018724934439,4338500
2000-08-28,87.14191436767578,88.54447841977974,85.37346404110993,87.69074377936863,5935100
2000-08-29,85.12954711914062,86.95897864748892,84.88562291536086,86.95897864748892,4394100
2000-08-30,81.65362548828125,85.37346951724702,79.03144035310866,85.1295453186263,6047300
2000-08-31,79.519287109375,80.92185122250048,78.05574194785277,80.92185122250048,6797300
2000-09-01,76.40926361083984,80.9218617809932,75.67749093459877,80.73891861193292,6871700
2000-09-05,76.5921859741211,78.11671196882891,75.37256517835483,75.98237557623796,4326300
2000-09-06,68.29876708984375,70.25016043526786,67.07914624895369,69.51838793073382,19973100
2000-09-07,71.71370697021484,72.8113657503712,68.35974958640378,69.21348419319204,9387400
2000-09-08,67.32308959960938,69.82331303582676,66.53033582715021,69.76233197640681,9580600
2000-09-11,63.298336029052734,66.8352372715239,61.52988540781716,66.40836988019117,11590300
2000-09-12,61.773807525634766,65.31070864753686,61.10301593354989,62.44459911771965,7748400
2000-09-13,64.82286834716797,65.31071683896226,60.73713722839068,60.79811828986497,14210200
2000-09-14,61.468894958496094,66.22541659218925,60.73712239946638,66.16443554560344,10059100
2000-09-15,57.810035705566406,60.79810717136045,56.04158524621891,59.51750511459157,14256200
2000-09-18,57.0782585144043,61.895761102692695,56.22452387850509,59.82240555836604,16260100
2000-09-19,64.0910873413086,64.15206839491593,57.87101987336047,58.785735677470484,13723000
2000-09-20,64.82286834716797,67.32309186761377,61.529891027556424,63.72520924063079,17728500
2000-09-21,53.78529357910156,64.21305457913145,52.68763452646684,63.90814928673292,10336200
2000-09-22,51.4680061340332,53.60234288129761,49.02876413715959,51.71193033372057,20022400
2000-09-25,45.613834381103516,53.17548606994956,44.88206163702164,51.711940581785804,18256400
2000-09-26,48.41895294189453,49.27268762852743,45.857748881995825,46.40657832340269,16464700
2000-09-27,50.37034606933594,53.17547430080017,49.02876300211392,50.00445977827539,11605500
2000-09-28,48.29698944091797,52.19977646644669,47.870122110000764,49.45562933912181,8314000
2000-09-29,44.88206100463867,47.26032238939534,43.418515537096106,47.07737920595252,14602000
2000-10-02,41.345149993896484,46.83344424087389,40.61337742763283,44.394202353328374,10039200
2000-10-03,42.01594543457031,45.857751766033196,41.711040170168495,42.93066122777576,9093500
2000-10-04,45.7967643737793,46.34559377373138,42.442806929627686,43.35752259621449,14082700
2000-10-05,40.00356674194336,44.88205049096084,38.052173242336366,44.15027792860822,23697400
2000-10-06,39.82063293457031,41.46712158577,38.78395489492606,40.36946248497021,13559300
2000-10-09,38.78395080566406,40.4914203379889,38.05217814895342,40.06455295490769,7040700
2000-10-10,35.97881317138672,37.9302064281399,35.00311654301013,37.13745291758392,10099200
2000-10-11,36.83256530761719,38.540035222539835,34.75920898235397,35.12509539269453,12981900
2000-10-12,34.698219299316406,38.54002565407376,34.14938982006535,38.29610144107329,11496200
2000-10-13,35.49097442626953,36.954519763435286,33.9054669776733,33.96644803338854,13041000
2000-10-16,32.8687858581543,35.18606575167909,32.3809374595175,35.12508470184949,9950200
2000-10-17,28.295207977294922,29.758753217499834,27.31951115049165,29.392866907448603,23627900
2000-10-18,27.86834144592285,30.79543201354713,27.441474071477643,29.27090567624282,22839700
2000-10-19,33.84449005126953,33.90547111442498,30.063664135632216,30.734455830342064,15844200
2000-10-20,34.02742385864258,35.36900687815895,32.6858408391262,33.539575487909346,11369400
2000-10-23,35.429996490478516,37.19844726194818,32.685848741646275,33.23467829141272,9886200
2000-10-24,32.685848236083984,36.46667396488475,32.197999754948405,33.417620957787356,8339600
2000-10-25,29.453847885131836,32.44191940971043,28.7830563183897,31.03935522470415,10704800
2000-10-26,30.856412887573242,31.6491665783607,29.453848665410824,30.246602356198277,11656500
2000-10-27,29.514827728271484,31.649164444158885,28.90501723801794,30.61248661072786,10525800
2000-10-30,31.893089294433594,33.600558702166175,28.905017830901574,29.331885182834718,9010500
2000-10-31,33.90547561645508,35.30804025526527,31.8321191938661,33.66155133144461,19494900
2000-11-01,34.75919723510742,35.73489399960167,32.868784753899824,33.0517278972425,9183200
2000-11-02,34.45429992675781,36.283731781275925,33.78350824676784,35.18607266856506,8659900
2000-11-03,34.88116455078125,36.222747802734375,34.14939186789773,35.36901300603693,6993800
2000-11-06,33.265167236328125,35.795881150732555,32.319960834562615,35.795881150732555,9227400
2000-11-07,35.06410217285156,35.61293159816576,34.2103675112517,35.12508322010869,10825400
2000-11-08,33.783504486083984,35.856860357071085,33.17369393579366,35.1250876967227,8305300
2000-11-09,31.771135330200195,33.29566197752266,30.307589748770628,32.56388918680788,8336600
2000-11-10,29.392868041992188,31.10033755480501,29.02698171781801,30.551508068543747,9591100
2000-11-13,31.58818244934082,32.38093606293432,28.234224853368342,28.66109218376484,13162400
2000-11-14,32.563880920410156,33.72252087825247,31.893089365869873,32.44191881958465,9448100
2000-11-15,34.149383544921875,35.36900438581194,32.56387645176479,34.08840250287737,9420800
2000-11-16,32.3199577331543,33.66154088434183,32.197995628500884,32.80780615176795,5334400
2000-11-17,32.92976760864258,33.60055917104086,31.039355023701987,32.56388130187988,5944600
2000-11-20,34.63723373413086,35.85685464026223,31.10033310634989,32.19799192186812,9026800
2000-11-21,33.66154479980469,35.5519576418227,32.92977208676545,34.881165988203406,8175100
2000-11-22,35.06410217285156,36.832552543308424,33.4785949441661,36.100779976222825,10438200
2000-11-24,39.88159942626953,40.00356150402571,36.10077501582808,36.95450956012131,9743600
2000-11-27,36.222747802734375,41.46711869673295,35.734899347478695,40.49142178622159,12471900
2000-11-28,32.685848236083984,37.503351987297854,32.197999754948405,36.222749724316955,9428200
2000-11-29,33.47859573364258,34.881159853631246,31.95406951626359,32.685842100605505,8852400
2000-11-30,30.734447479248047,31.283276898520334,29.087959221431188,29.819731780460906,12814700
2000-12-01,30.185625076293945,32.50290538518116,30.002681894013378,30.978378866176413,7952100
2000-12-04,30.42954444885254,31.588184417846925,29.8807149898552,30.734449703851062,6471200
2000-12-05,32.3199577331543,33.66154088434183,31.10033668662017,31.161317738946877,8498800
2000-12-06,31.22229766845703,33.173691272735596,30.185619816184044,32.685842871665955,7059100
2000-12-07,29.880712509155273,30.673466106336946,29.27090204978476,29.33188309572181,6317900
2000-12-08,33.84449005126953,34.51528174597938,31.344266461896467,32.4419255986944,10724400
2000-12-11,36.5886344909668,36.954520835876465,33.23467632929484,33.90546796162923,9229000
2000-12-12,35.36901092529297,36.771575151640796,34.39331407218144,36.466669885043444,5910400
2000-12-13,33.53956985473633,36.100773370916194,32.92975949374112,35.61292508212003,8244200
2000-12-14,34.08840560913086,35.61293179916354,33.90546246632694,33.96644351392824,5886400
2000-12-15,35.00312423706055,35.734896869194216,33.53957897279321,33.90546528886004,7355500
2000-12-18,35.125083923339844,36.58862908681234,34.51527343855964,35.49097021420797,9271000
2000-12-19,33.90547561645508,35.36902132651789,33.23468383267629,34.14939990146555,10343800
2000-12-20,29.08795928955078,32.13701162598168,28.29520568207875,31.710144298881353,12879400
2000-12-21,30.185625076293945,32.31996220290059,29.20992810413091,29.270909164891098,11854400
2000-12-22,34.08840560913086,34.576253989941314,31.344258467072024,31.710144752679867,6108700
2000-12-26,35.125083923339844,35.24704602029588,33.47859561443329,34.57625448703766,3899600
2000-12-27,36.40568923950195,36.5886324015095,34.33233340341641,35.06410605144661,5439800
2000-12-28,35.06410217285156,36.34470416525136,34.69821588930876,36.100779976222825,6861200
2000-12-29,34.63723373413086,35.49096836842282,33.966442235758606,35.125082096583405,3823700
2001-01-02,34.5152702331543,36.0397963035233,33.661535633747654,35.856853175079024,5976600
2001-01-03,40.97927474975586,41.34516113145011,33.417622861408056,34.27135775202797,13177100
2001-01-04,38.41807174682617,40.97927652994792,38.052185349237355,40.918295463683116,10857700
2001-01-05,35.61293411254883,38.47904353599026,35.42999095786108,37.930214071927004,7800000
2001-01-08,36.039794921875,37.01549156950613,34.02742058613578,35.85685180044416,7180900
2001-01-09,35.85685348510742,38.052171045420124,35.734891398423386,37.44236061199993,6956300
2001-01-10,37.07648468017578,38.540030128077454,35.00312862898174,36.28373089589571,8411200
2001-01-11,40.00356674194336,40.24749092939423,35.917836602141215,36.832552305082,13874000
2001-01-12,40.430442810058594,40.73534811028528,38.783954188834485,40.00357538974123,9193100
2001-01-16,37.99119567871094,40.43043777686252,36.83255568208893,40.43043777686252,7922000
2001-01-17,38.29609298706055,40.918277697958004,37.86922570854235,39.271789623673556,8920400
2001-01-18,43.35752487182617,44.39420268170106,37.564325346054744,39.027870489407526,17176400
2001-01-19,45.30891799926758,46.833444176901075,43.6624297274234,45.369899046372915,16756500
2001-01-22,43.41851043701172,44.88205573264133,42.68673778919691,44.21126413881109,7591300
2001-01-23,42.19889450073242,43.35753466766005,41.040254333804796,43.23557254482556,8548600
2001-01-24,43.78439712524414,44.63813188813191,41.28417389107282,42.01594654497662,11392700
2001-01-25,42.686737060546875,44.27224443708147,41.83300231933593,44.27224443708147,6138300
2001-01-26,42.86967849731445,42.86967849731445,41.101228032987116,41.77201958842162,5415800
2001-01-29,44.19906997680664,45.60407593147379,41.68177384467533,42.87212156272695,5110700
2001-01-30,45.711395263671875,46.72612086607528,43.925871989777704,45.06743550099049,7485000
2001-01-31,44.65764617919922,47.47740953751769,44.589347696069495,45.711396863192185,9491500
2001-02-01,41.154903411865234,44.49178566158938,40.19872071360529,44.46251594002693,13416300
2001-02-02,40.19871520996094,42.472087175127946,39.23277358876882,41.711044742787095,8153600
2001-02-05,37.349674224853516,39.31082697755605,37.07648029790515,39.12544219399413,10618900
2001-02-06,38.754676818847656,39.73037358691945,37.05696280472811,37.05696280472811,10779500
2001-02-07,37.876556396484375,40.68656473589572,36.461795033677255,38.14975035934777,10114000
2001-02-08,38.99861145019531,39.98406381206367,38.34489250516303,38.63760086954055,8791800
2001-02-09,37.81800842285156,40.9792678674434,37.27162056669138,38.344885617281555,7197500
2001-02-12,38.461971282958984,39.85721819384348,37.076483425710556,38.14974856239628,5825200
2001-02-13,40.49141311645508,41.39881134670331,39.1742240580883,39.75964059025408,10386700
2001-02-14,45.369903564453125,45.60407244633152,40.68655942477817,41.32076014463679,14443600
2001-02-15,43.516082763671875,45.61383270858398,42.901396361013596,45.4186925729196,10280100
2001-02-16,41.515899658203125,41.63298223645334,39.05714318302041,39.07665756639345,9016800
2001-02-20,37.66189956665039,41.95496749699914,37.66189956665039,41.906183395470066,8850500
2001-02-21,37.46677017211914,39.75965687097482,36.052008631085414,36.58864129230812,9402500
2001-02-22,37.07648468017578,38.491246024211776,35.61293923227411,37.34967863941443,8415200
2001-02-23,36.34470748901367,36.4910635046103,33.93473508998114,35.22265462807439,10013500
2001-02-26,34.149383544921875,35.290946865441015,33.90545937674386,35.222648396110166,8289900
2001-02-27,34.198177337646484,36.46179396286437,33.924983382806275,34.13963790274558,6977000
2001-02-28,33.38834762573242,36.10078369619404,32.92976891206889,34.637238411213204,6944200
2001-03-01,35.02751922607422,35.105573040472734,31.954072587629117,33.32004969849098,8655800
2001-03-02,35.21289825439453,38.442456056744525,33.84692122257576,34.22744610745937,9569800
2001-03-05,38.052181243896484,39.02787819886819,37.32040852766771,37.56433276641063,7309000
2001-03-06,42.7940673828125,43.5160810172085,40.49142206276142,41.75982731069122,12776400
2001-03-07,40.00356674194336,42.95017137298844,39.61328655322687,42.93065699135385,13318400
2001-03-08,41.8086051940918,42.56965120725241,39.8474563199204,40.003567654570915,8549400
2001-03-09,39.7596435546875,40.9597501404972,38.959572497481034,40.00356774827454,11183800
2001-03-12,39.769405364990234,42.247676468934024,39.02787733333184,39.75965003333181,10862200
2001-03-13,42.979454040527344,43.25265174377894,40.940247069843174,41.36955615124332,10881200
2001-03-14,42.46232604980469,43.66243269167473,40.735342231897654,41.95496325680477,11182900
2001-03-15,40.2962760925293,44.10149500660323,40.16943446953008,43.90635490706317,9895000
2001-03-16,39.076656341552734,40.979265857925434,37.281374069373626,40.052353147693815,11726600
2001-03-19,42.013511657714844,42.89163667222309,39.02787767561449,39.12544588100815,6927500
2001-03-20,39.61329650878906,43.145322310573015,39.2230199439765,42.93066778063348,9197600
2001-03-21,40.98903274536133,42.6672329161365,39.75965606066976,39.90601211165187,12871100
2001-03-22,45.56504821777344,46.33584970000071,42.64771270546481,43.21361872188134,20501900
2001-03-23,47.64327621459961,48.40431852251649,45.272332708563894,47.07737028779831,17780000
2001-03-26,45.73091125488281,47.91647388136428,44.394207585135426,47.6530352798249,9855000
2001-03-27,46.83344650268555,47.36032366911786,44.68691279358154,44.98938014216037,10141100
2001-03-28,43.174583435058594,46.82369110769642,42.31596920820476,44.97962102772915,11101800
2001-03-29,44.15028381347656,44.96986934143499,41.769584766544085,43.17458693362073,10744100
2001-03-30,40.52069091796875,42.44281499498477,38.393671385978266,42.44281499498477,15239600
2001-04-02,35.36901092529297,40.003570977572736,33.67129676320413,40.003570977572736,15522500
2001-04-03,35.37876892089844,36.58863474755929,33.61275986582215,34.63724089435613,11817100
2001-04-04,33.75910949707031,36.93012425730335,32.91025428033383,35.41779488528214,10248100
2001-04-05,37.46677017211914,38.491251383905954,35.32023580523925,35.6129441911799,10891800
2001-04-06,35.92515563964844,37.661894741077965,35.15435427949052,36.58862975700109,7648200
2001-04-09,35.01776123046875,36.78377396367059,33.42737423745221,36.58863383879933,8231000
2001-04-10,37.22283935546875,38.540028721719494,35.027521263725234,35.222657672067264,7848300
2001-04-11,40.5889892578125,43.02823149018076,40.25725216533089,42.83309508918192,14585700
2001-04-12,45.28209686279297,45.85775823203206,40.403611944491686,40.68656496303043,17623500
2001-04-16,43.41851043701172,43.61365055415996,41.467116709505575,43.61365055415996,11696700
2001-04-17,41.896419525146484,44.101496391831425,40.92072271878733,42.83309128796211,11033100
2001-04-18,46.15045928955078,48.296993058783194,43.52583615819118,45.3699025703721,18648100
2001-04-19,46.7846565246582,47.07736478409968,43.61364231640279,43.85756648626859,12003300
2001-04-20,45.408935546875,46.77490900158565,44.15028562688655,46.77490900158565,9588400
2001-04-23,42.29645538330078,44.003924807203155,41.71103878390087,44.003924807203155,7122500
2001-04-24,39.02787780761719,43.52584132046322,39.02787780761719,42.306220138975185,8720900
2001-04-25,41.64274597167969,42.54038537584703,39.662082361449386,40.39385507127695,12423300
2001-04-26,41.44761276245117,43.17459709280194,41.01830737421283,42.44282426072055,9333200
2001-04-27,42.99896240234375,43.174588143398,41.808610984529054,42.247675337164665,6286900
2001-04-30,44.277122497558594,44.58934518053399,42.150103143546225,42.93065985098472,8556700
2001-05-01,42.71601867675781,43.9161256864322,41.954976115010425,43.9161256864322,8747400
2001-05-02,42.052528381347656,43.71121359858145,41.27197172676343,42.71600246824117,10274000
2001-05-03,40.47190475463867,41.65249704587323,40.02308509843203,41.17440767530166,7324100
2001-05-04,40.78413009643555,43.90636095305011,38.520513562837365,39.22301652912243,12934100
2001-05-07,41.857391357421875,42.208639055024626,39.89623883870459,40.979262808445824,6481900
2001-05-08,40.871944427490234,42.62819818396184,40.68656334786988,41.96472396365214,6157100
2001-05-09,40.49141311645508,41.41832572737385,39.56450050553631,40.364571503090396,6968700
2001-05-10,39.076656341552734,42.198886865601786,39.027872245643266,41.9452073336798,8842300
2001-05-11,39.340091705322266,40.003565776942764,38.979084958760055,40.003565776942764,4953900
2001-05-14,39.71086120605469,39.769400633016765,38.73516438881496,39.51572109820915,6105300
2001-05-15,38.149742126464844,39.75964328188858,38.149742126464844,38.93030251817804,12316500
2001-05-16,38.247314453125,38.74491817237512,36.85206776242005,38.05217435307066,13838200
2001-05-17,40.0426025390625,40.58899043285835,38.44246018382314,38.78395261744554,6924600
2001-05-18,39.11568832397461,40.003572341703624,38.7644368493586,40.003572341703624,6937000
2001-05-21,41.584197998046875,41.95496383690173,38.393668906136945,38.540024919944614,7903400
2001-05-22,39.82794189453125,41.95496115307403,39.41815103726467,41.593954389959976,7039800
2001-05-23,39.27179718017578,40.618259839938446,39.27179718017578,40.618259839938446,8558900
2001-05-24,39.252288818359375,39.5059721159193,38.003397882644606,39.32058730878199,6471200
2001-05-25,39.71086120605469,40.10113769975779,39.02787268958928,39.496206715225796,3917900
2001-05-29,37.05696487426758,38.74491993066134,36.617900559717064,38.68638050337994,7047500
2001-05-30,35.84709930419922,36.19834699863187,34.83237381720456,36.10077881495407,8584600
2001-05-31,36.5886344909668,37.320407180786134,35.41779744285818,35.847106469624755,5429200
2001-06-01,38.247314453125,38.705889407966694,36.44227318010716,36.58862918564487,7517500
2001-06-04,37.47651672363281,38.58881056275839,37.14477963810517,37.661897789491015,3956400
2001-06-05,40.97927474975586,40.97927474975586,38.159510963683715,38.296107950664705,9686800
2001-06-06,40.4621467590332,41.369545064466145,39.67183102533707,40.97926486269298,6135600
2001-06-07,43.760005950927734,43.87709226270515,40.44263861232461,40.44263861232461,10140000
2001-06-08,42.267189025878906,43.66243587795012,41.51590197307223,42.4428147640409,5662700
2001-06-11,40.598751068115234,41.8866707565092,39.75965108767918,41.87691170260356,4919100
2001-06-12,40.73534393310547,41.17440826480603,38.95957594443932,39.90600309032852,4279400
2001-06-13,39.90599822998047,42.081801517641296,39.51571804445008,41.12561915727831,5141700
2001-06-14,36.88134765625,39.71087058319048,36.637423394340956,39.271806167356424,8116300
2001-06-15,38.5400276184082,39.46694041945112,36.354464920854,36.87158680972392,7423000
2001-06-18,37.56432342529297,39.21324952924095,37.2716151559869,38.65710270096315,3978200
2001-06-19,37.09599685668945,39.70110581224016,36.62766278789343,38.783952059429815,8352300
2001-06-20,35.944671630859375,36.78377150635853,35.02751794381902,36.10078297592982,11785900
2001-06-21,36.79353332519531,37.09600073797591,34.92995218642483,35.90564919566568,8254200
2001-06-22,37.44725036621094,38.54002991923239,36.97891627205889,37.047214761498445,7707500
2001-06-25,38.07168960571289,38.39366761447432,36.69595726575861,37.45699957918373,3311000
2001-06-26,39.02787780761719,39.02787780761719,36.97891571151268,37.07648391723633,7447100
2001-06-27,38.774192810058594,39.418152554832155,38.61808146956766,39.418152554832155,6424800
2001-06-28,40.5889892578125,40.97926950378673,39.076659818141835,39.27179994112895,8312400
2001-06-29,40.10114288330078,41.954968564480176,40.10114288330078,40.588991354980784,8861800
2001-07-02,41.27198028564453,41.99399766710744,40.13041663945316,40.442639366034825,5451300
2001-07-03,42.19889450073242,42.36476120123279,40.77437779930288,41.36955355425336,3511300
2001-07-05,40.871944427490234,41.96472396365214,40.17920048986902,41.9549686318778,4150300
2001-07-06,37.954612731933594,39.76940592711461,37.808256701069546,39.7596505953183,5047900
2001-07-09,37.56432342529297,38.62783299062882,37.17404325155983,37.95460359902611,3959600
2001-07-10,36.67644500732422,38.686381872869,36.24713973011529,38.39366983814805,5654200
2001-07-11,38.5400276184082,38.6863836424633,36.19835356545643,36.4422777908894,7858300
2001-07-12,39.01811981201172,40.393852261927265,37.07648138596655,40.00357202170075,27826800
2001-07-13,38.061927795410156,38.96932605196868,37.38869839170027,38.37415417320422,11921900
2001-07-16,35.85685348510742,38.21803769675641,35.35924980911105,38.0424157161599,11327800
2001-07-17,37.730201721191406,37.74971610809783,35.08606370818497,35.62269632115108,11312800
2001-07-18,37.320411682128906,38.96933833548869,36.99842987321865,38.110727622372316,10934500
2001-07-19,38.59856414794922,38.93030118648321,37.95460445220531,37.95460445220531,10087100
2001-07-20,38.139991760253906,38.549782669447225,37.320406219879,38.393671315184775,4949200
2001-07-23,37.17405319213867,38.8229834590087,37.076484983608815,38.8229834590087,4197600
2001-07-24,36.92036819458008,37.89606502454045,36.53984702641362,37.89606502454045,4977200
2001-07-25,37.44725036621094,37.554577627326964,36.10078751928097,36.19835572648361,5589400
2001-07-26,39.769405364990234,39.964545496054576,36.900857720906174,37.544817548026614,9536900
2001-07-27,40.247493743896484,40.374335372397525,39.076656817858265,39.27179692586263,5992700
2001-07-30,40.35482406616211,40.97926948179515,39.38888250498781,40.81340279663749,4892100
2001-07-31,40.97927474975586,41.974486154602864,40.26701637336304,40.29628609286218,9274700
2001-08-01,42.63794708251953,43.516071890615535,42.15985405569901,42.247666908707366,10869200
2001-08-02,43.80879211425781,43.896604983767446,42.78430739598265,43.174587643133975,7069600
2001-08-03,42.39402389526367,42.930656355307484,41.711035436122614,42.68673217147051,7302600
2001-08-06,40.98903274536133,41.41834184318139,40.35483187574649,41.41834184318139,5597600
2001-08-07,39.93526840209961,40.73533944188174,39.51571850050804,40.73533944188174,7314800
2001-08-08,38.29609298706055,40.979258737746314,38.179010432823425,39.80842202941325,7900500
2001-08-09,37.81800842285156,38.68638174936979,37.07648045149641,38.052177305483156,7056500
2001-08-10,38.2375602722168,38.52051326724236,36.9301262738793,38.149747402105014,5602800
2001-08-13,37.847286224365234,38.90103701276658,37.46676500294284,38.68638621108566,6367300
2001-08-14,36.491058349609375,38.18876853636097,36.295918263710185,38.0521715928278,7362500
2001-08-15,35.56414794921875,36.97890900766269,35.417791945177456,36.58862881154443,7084600
2001-08-16,36.803279876708984,37.066718426346725,34.83237214096499,35.32022047985249,8250400
2001-08-17,35.22265625,36.50082051617123,35.09581833409627,36.49106518494335,6359100
2001-08-20,35.173866271972656,35.905638817389516,34.978726182130636,35.173866271972656,4503300
2001-08-21,34.44210433959961,35.90564988141253,34.285992964019115,35.55439835585922,4297400
2001-08-22,36.34470748901367,36.58863170034933,34.94946070241463,35.12508643233536,6269500
2001-08-23,35.398284912109375,36.79353187821185,35.398284912109375,36.19835613046328,3207200
2001-08-24,37.603355407714844,38.02290532771592,35.80807315435776,35.993454205665344,5190100
2001-08-27,39.36936569213867,40.00357012189069,37.75946815213346,37.75946815213346,7672600
2001-08-28,38.07168960571289,39.51572042394954,37.85703511854666,39.51572042394954,6845500
2001-08-29,36.637413024902344,38.23755513462136,36.46178730827584,38.08144380006311,5202000
2001-08-30,35.83734130859375,36.822797113919265,34.949457411808645,36.63741234868637,6252300
2001-08-31,36.69595718383789,37.07647833970097,35.700746002817894,35.837342959077674,5288400
2001-09-04,35.41779327392578,36.7349861937504,35.36900917807774,36.198349973458186,5677700
2001-09-05,35.125083923339844,35.85685650507609,33.19320475419469,35.41779221163678,10054900
2001-09-06,32.646812438964844,34.63723470695121,32.39313292103924,34.442094612091964,11605000
2001-09-07,31.95407485961914,33.56397630317396,31.417442285763688,32.197999095188756,8055700
2001-09-10,30.98813247680664,32.5102190563404,30.734451070052003,31.954072144260415,6603100
2001-09-17,28.4903507232666,29.475802971847124,27.319513678367468,27.41708374227476,8241300
2001-09-18,24.802215576171875,28.44156461110136,24.772943998855517,28.295210446507912,10477800
2001-09-19,22.880096435546875,25.612047415465415,21.49460655806097,25.504720145063345,13259800
2001-09-20,21.553142547607422,23.319153241635384,20.48963288244844,22.63616659548348,11978400
2001-09-21,20.596960067749023,21.55314248623536,19.572477309947413,21.55314248623536,11149600
2001-09-24,21.758041381835938,22.636170131331355,20.596963343715117,21.036025857468573,7683200
2001-09-25,20.723806381225586,22.2458933508764,19.91397785482863,21.328739407917134,10074400
2001-09-26,16.830772399902344,20.489635965098504,15.991672426765865,19.806647355197523,23711400
2001-09-27,17.34789276123047,17.582059810234295,16.34292421421906,16.830772698225598,11418500
2001-09-28,18.37236976623535,19.270010852540274,16.95760873139814,17.41618739588707,9629300
2001-10-01,17.31861686706543,18.73337786257534,16.94785293043877,17.952819366054978,5680200
2001-10-02,17.825979232788086,17.904034894686156,16.78198405702875,16.791739386396458,5171200
2001-10-03,18.53824234008789,19.36758513276436,17.123480996051896,17.825984002081032,9230000
2001-10-04,19.016334533691406,20.060330038395186,18.538243221303432,18.97730762094257,8100800
2001-10-05,19.572481155395508,20.07008684506586,18.06990875413101,18.782167112269338,6432400
2001-10-08,20.635990142822266,21.12383861835468,19.02609054576415,19.41636895399123,7269100
2001-10-09,19.513938903808594,20.499393041770237,19.104146112388843,20.489635848999026,6654700
2001-10-10,20.714046478271484,20.9774851100126,19.0260911462905,19.270015391755763,5262600
2001-10-11,22.928876876831055,22.928876876831055,21.172623222152286,21.221407322173423,8216400
2001-10-12,24.88027572631836,24.88027572631836,21.56290600167481,22.45079020224426,7703900
2001-10-15,22.577621459960938,23.514291276997497,22.13855905343857,23.416721232994593,7152800
2001-10-16,21.514116287231445,22.772766204127773,20.928699625506272,22.577626076223257,9399000
2001-10-17,20.157896041870117,22.245886629711393,20.021299083336647,22.050748383377005,8705800
2001-10-18,19.2700138092041,20.245710710935953,18.587025233594144,19.757862260070027,7534400
2001-10-19,20.29449462890625,20.587204813386922,18.733381088985873,18.89924963522668,8007000
2001-10-22,21.211645126342773,21.426297721193034,19.757857328917012,20.050565581984973,5434500
2001-10-23,21.260433197021484,22.24588528246674,20.9774802446308,21.367758574657717,6216000
2001-10-24,21.85561180114746,22.138564816311792,20.977484898524366,21.231166334570023,4335000
2001-10-25,22.665435791015625,22.80203460592204,20.92869671072051,21.845850345552837,6467000
2001-10-26,23.367937088012695,23.85578544591698,22.480053225506403,22.6654342615945,7595700
2001-10-29,21.95317840576172,23.299639195811082,21.73852577575211,23.075229374301856,4891400
2001-10-30,20.567689895629883,22.04099238910122,20.489634220657617,21.93366513814157,5865600
2001-10-31,22.206863403320312,22.967907714772142,21.562903547858877,21.70925772210115,12625800
2001-11-01,22.441030502319336,23.12401913157025,21.806827838583082,22.83130892146516,7953700
2001-11-02,24.148494720458984,24.294848861717536,22.450782587673256,22.733733679307274,8052100
2001-11-05,24.00214385986328,24.58756236590758,23.172801131383366,24.148498021125825,7867000
2001-11-06,23.875301361083984,23.904572936678594,22.977660180450577,23.572835857249245,5999700
2001-11-07,25.270549774169922,28.148856423269827,23.41672600435715,23.875302885317907,11131900
2001-11-08,26.25600242614746,27.807360586706395,25.97305130368386,26.831663724014945,14502800
2001-11-09,25.475444793701172,26.81214840690687,25.377874738629206,26.25600151228888,5938800
2001-11-12,26.49016761779785,27.075586067123638,24.93880956453179,25.719368117297492,8410300
2001-11-13,28.295207977294922,30.236844439314154,27.83663113865523,28.295207977294922,15673300
2001-11-14,27.085350036621094,28.587922509555465,26.831668583061905,28.304971335851178,10772000
2001-11-15,27.085350036621094,27.41708717889123,26.24624998723258,27.075592842907923,6753300
2001-11-16,25.660831451416016,26.948753109650347,25.446178772207503,26.83166864581289,8564000
2001-11-19,26.656036376953125,26.880446195145606,25.172976788822535,25.738880860478424,10271800
2001-11-20,25.426658630371094,26.43162702580832,25.153464711568194,26.246244108767787,7548900
2001-11-21,25.270549774169922,25.621801259753415,23.611866132124465,25.4266611319861,9201700
2001-11-23,26.090133666992188,26.41211355454954,25.026623946667655,25.56325833325928,2524300
2001-11-26,27.904932022094727,28.109827480092985,26.490170756985552,26.71458059983912,8234300
2001-11-27,28.44156265258789,28.97819703380293,26.92923328760577,27.856144173532407,8950000
2001-11-28,26.08037567138672,28.27569352643935,26.060861288258803,28.265936334875395,7347500
2001-11-29,27.173154830932617,27.299994589461043,25.973048276341608,26.343812222111808,5689500
2001-11-30,26.499927520751953,27.065831645442756,25.90475181925168,26.782880513594424,7151400
2001-12-03,27.86590003967285,28.587915447129344,27.417080405710962,27.807358752850423,9436600
2001-12-04,29.748994827270508,29.758752018464687,28.44156098315353,28.44156098315353,13440800
2001-12-05,32.256534576416016,33.65178116964373,31.710143078834417,31.710143078834417,20984900
2001-12-06,31.75893211364746,32.6370607782412,31.417439700743312,32.295564643348904,9013700
2001-12-07,30.978376388549805,32.1784831216881,30.344173779565722,31.563793036231026,7729300
2001-12-10,30.324665069580078,31.66137088350476,30.05146921814441,30.246609377883384,6701800
2001-12-11,30.149036407470703,30.919837917445022,29.758757986405232,30.39296065326091,5526200
2001-12-12,30.978376388549805,31.027160488858527,29.963650725379964,30.24660371795414,6392800
2001-12-13,28.968442916870117,30.24660539809847,28.783059975609834,30.051465264035624,5408100
2001-12-14,29.514827728271484,29.758751924372902,28.54888813502914,28.968438050082607,7418700
2001-12-17,29.953895568847656,30.73445234430537,29.65142818998791,30.344173956576515,7284900
2001-12-18,31.03691864013672,31.856506066402172,30.978377345758542,31.22230157682751,8468400
2001-12-19,29.36847496032715,30.744207341987856,29.075764794679625,30.00267752773909,10678800
2001-12-20,28.792814254760742,29.28066267955643,28.002500327670063,29.270905487741228,7309900
2001-12-21,29.427017211914062,29.856324352314328,28.783057431810708,28.79281462375095,4897300
2001-12-24,28.997711181640625,29.602644078135892,28.978198658007216,29.319691084018743,1201500
2001-12-26,29.661184310913086,30.627123983524086,29.03673891310252,29.07576581996864,2754100
2001-12-27,30.412471771240234,30.734451666641476,29.93438052418955,30.14903316745901,2849100
2001-12-28,30.890562057495117,31.758931656660327,30.832020767695923,31.075944979685616,3574100
2001-12-31,30.24660873413086,31.46623005405549,29.836815896196406,31.46623005405549,3410100
2002-01-02,32.432159423828125,32.441914752996645,31.758926329588693,32.05163459048139,9104800
2002-01-03,35.62269592285156,36.10078909174154,32.69560491541306,32.69560491541306,16344600
2002-01-04,35.07630157470703,36.10078249572876,34.256716093492045,35.62268941419168,8309200
2002-01-07,35.27143859863281,35.65195973127071,34.22744338581018,35.56414687589368,6521800
2002-01-08,34.44210433959961,35.08606422911774,34.285992964019115,34.88116874654124,4645200
2002-01-09,34.159149169921875,35.661723392068,33.924983982203955,35.125090804726824,6215300
2002-01-10,32.92976760864258,34.24695682419309,32.68584340413412,34.1493886311849,7949200
2002-01-11,34.27621841430664,34.72503790221939,33.56396042992683,33.85666862978355,6698600
2002-01-14,34.734806060791016,35.84710358632078,34.051821249485116,35.07630218843204,9557300
2002-01-15,34.44210433959961,34.85189902674139,33.95425582566197,34.73481270356444,6102700
2002-01-16,32.8809928894043,34.061585482639025,32.75415122472953,33.90547409611203,6618000
2002-01-17,33.17368698120117,33.41761115018059,32.45166980334761,33.27125515999796,11165300
2002-01-18,31.017404556274414,32.20775221308137,30.734451569185694,32.19799688200406,15007800
2002-01-22,30.129518508911133,32.19799669092298,30.070977217824165,31.710148256212026,6965100
2002-01-23,30.871047973632812,31.466223652184482,30.197818481920407,30.685666910636446,5602200
2002-01-24,31.075946807861328,32.8322023541028,31.075946807861328,31.36865699606532,5866400
2002-01-25,31.71014404296875,31.71014404296875,30.636877257007963,31.075941534308146,4581500
2002-01-28,31.515005111694336,32.14920950471422,30.500281432651555,31.22229682337278,6796700
2002-01-29,29.748994827270508,31.749174358222692,29.73923763607633,31.563789586527236,7373100
2002-01-30,31.61257553100586,31.71014371518059,28.792810716703233,29.748993065168623,9459900
2002-01-31,32.92976760864258,33.173691813151045,31.75893068260436,33.173691813151045,8768600
2002-02-01,34.00303268432617,34.246956889298346,33.17369187621597,34.14938869610467,8736400
2002-02-04,33.563968658447266,35.02751373851931,33.466396753249896,34.4908775649028,8290200
2002-02-05,33.61275100708008,34.87140060395243,33.407855599771764,33.80789108536832,7011700
2002-02-06,35.79832077026367,35.8568639288389,34.246962426911914,34.49088667132578,11592900
2002-02-07,33.03709411621094,35.60317773247925,32.978550968520885,35.320224768292505,9612200
2002-02-08,34.051822662353516,34.13963553059179,32.19799709820692,33.466402300102274,6972900
2002-02-11,36.68621063232422,36.68621063232422,33.91523063174304,34.05183135653727,7474900
2002-02-12,36.88134765625,37.16430069334182,35.91540966340394,36.1983589785069,6284400
2002-02-13,38.061927795410156,38.179014082828296,36.49105918675375,36.97890755169973,11506900
2002-02-14,37.320411682128906,38.4912488714562,36.978919207819985,38.052184460209865,8522700
2002-02-15,36.05199432373047,37.330154636893226,35.759286053952074,37.320399307428566,8242900
2002-02-19,35.700748443603516,36.881340757121,35.66171967572158,36.05199991056465,6678300
2002-02-20,35.61293411254883,36.539846840697706,34.29574488759223,36.198350718754426,9194900
2002-02-21,32.40290069580078,34.65676239918483,32.19800519239928,34.63724801000528,11952600
2002-02-22,31.73941993713379,33.15418122982064,31.35889873000864,32.637063048033994,9691400
2002-02-25,33.22248077392578,34.139638299235564,32.14921560574158,32.1979997093884,6981200
2002-02-26,32.8809928894043,34.00304231694551,32.60779517149027,33.5639816012058,8365900
2002-02-27,33.368839263916016,34.64699999472531,32.75414909113645,34.393320403889426,7423100
2002-02-28,31.368656158447266,33.85668245627707,31.368656158447266,33.56397413688325,8154900
2002-03-01,35.40803909301758,35.54463605462166,32.19799560736938,32.19799560736938,11938800
2002-03-04,37.759464263916016,37.93508997339372,35.61293070962338,35.759286708184014,12045100
2002-03-05,38.5400276184082,38.5400276184082,37.17405046718829,37.22283828986552,8386900
2002-03-06,36.93988037109375,38.061929425326106,36.091025221894,38.052174095284,9631000
2002-03-07,36.23738098144531,37.74971037825105,35.7105037809102,37.369189196305086,8945300
2002-03-08,37.232582092285156,38.05216738483808,36.39348242110155,37.076470785226846,8590100
2002-03-11,36.05199432373047,36.68619495458572,35.38852026050607,35.759286053952074,7403600
2002-03-12,34.82262420654297,35.398285579082106,34.14939462387393,35.02752340299757,10780500
2002-03-13,33.271263122558594,34.15914716125478,32.890741923401414,34.14939182983541,13262900
2002-03-14,31.241817474365234,33.07612882295945,31.22230308829642,32.73463264973807,15903800
2002-03-15,32.578521728515625,32.7736618698827,31.222303515096787,31.222303515096787,12719200
2002-03-18,32.44192123413086,33.954250652527286,32.051640993646785,33.66154233315834,8692200
2002-03-19,32.978546142578125,33.17368621766776,32.080907007948106,32.78340606748849,5708100
2002-03-20,31.71014404296875,32.44191659780649,31.222295673076925,31.71014404296875,7781100
2002-03-21,33.671295166015625,33.89570870693583,31.95407042367018,32.19799462537759,11802100
2002-03-22,33.07611846923828,33.90545914661963,32.73462240291442,33.1736866470523,11241700
2002-03-25,32.197994232177734,33.66153942454945,32.197994232177734,33.02733501905988,6109000
2002-03-26,33.202964782714844,33.466403396056734,32.207753484086055,32.344354178476486,6870900
2002-03-27,32.197994232177734,33.183446357366684,31.856501842752827,33.17369102709221,7806600
2002-03-28,32.10042953491211,33.232237791306,31.924803794955444,33.02733861336436,6326900
2002-04-01,32.783416748046875,33.173697025376136,31.61258336003622,32.10043184570352,4636900
2002-04-02,31.61257553100586,32.49070035454135,31.515003624843487,32.44191626245399,6165700
2002-04-03,30.031953811645508,31.22230346114366,29.75875798640255,30.9881364085044,11804000
2002-04-04,29.846569061279297,30.549070176771792,28.78305926498179,28.78305926498179,8942900
2002-04-05,29.124557495117188,30.246608737369087,29.026987417313883,30.012441667237823,8234100
2002-04-08,30.149036407470703,30.744212162716984,28.285455318513065,28.539136757454198,10972200
2002-04-09,29.319690704345703,30.97837615632617,29.163579351335084,30.295387591159127,6950200
2002-04-10,29.788022994995117,29.905105564990667,28.646457702072112,28.92940879705626,8651700
2002-04-11,28.4903507232666,29.44653325537086,28.343994696908574,28.783059053994297,9606400
2002-04-12,28.353750228881836,29.251391414469687,28.041527531458946,28.88062742652852,5692800
2002-04-15,28.002506256103516,28.52938169871118,27.680526302011486,28.051290364513587,6539100
2002-04-16,29.378231048583984,29.58312648194734,28.880625460566485,28.880625460566485,8026600
2002-04-17,29.505069732666016,30.753962252612606,28.84159563960045,30.051459395957828,8367300
2002-04-18,28.295207977294922,29.74899602591252,27.904929618772414,29.74899602591252,8749900
2002-04-19,28.783061981201172,29.46605063701725,28.57816650105297,29.12455630910921,9134300
2002-04-22,30.149036407470703,30.246606477985647,28.72451970533316,29.27090949482482,14173200
2002-04-23,28.675731658935547,30.988134160081767,28.50986310939346,30.588098574891006,13973900
2002-04-24,26.636524200439453,28.97819821185779,26.343815879509222,28.78305809057489,11405500
2002-04-25,26.880449295043945,27.114618192590548,26.051108405126936,27.114618192590548,11500900
2002-04-26,25.36811637878418,27.31950994638296,25.36811637878418,26.89020284043293,8357200
2002-04-29,25.80718231201172,26.207217869851355,24.968082429229046,25.37787517884453,7009100
2002-04-30,23.1240177154541,24.97784148861422,22.928877587334433,24.3924229652494,28636900
2002-05-01,24.099708557128906,25.251029067538845,22.997170274956776,23.66064431007032,13824300
2002-05-02,22.792280197143555,24.538776681777176,22.548355971954926,24.34363841822276,9664100
2002-05-03,22.060503005981445,22.792275531759756,21.80682164039238,22.684948299127598,7762100
2002-05-06,22.22637367248535,22.763006165637822,21.611683649135045,21.85560784802143,8746700
2002-05-07,22.684951782226562,23.270370264934446,21.816582180489533,22.636167684081762,8135000
2002-05-08,23.914329528808594,24.382663560612905,23.641133746425737,24.285093505405168,14634200
2002-05-09,22.294673919677734,23.58259349424569,22.060506893483023,23.58259349424569,11658900
2002-05-10,21.923908233642578,22.509326734108434,21.709255589902543,22.294674090368403,8459800
2002-05-13,23.02644157409668,23.172795701062547,22.148314951307785,22.528836053617777,9356400
2002-05-14,25.660831451416016,26.060867089619492,24.246071857597077,24.68513440975009,15158300
2002-05-15,24.870515823364258,26.031595751879046,24.58756466657999,25.660829856927425,8657800
2002-05-16,25.37787628173828,25.563259211547877,23.66064953543485,24.88027064550881,6396400
2002-05-17,24.402177810668945,25.68034013003157,23.904572206719983,25.368117443866105,6943600
2002-05-20,23.865549087524414,24.646107848628088,23.621624823615974,24.646107848628088,3975400
2002-05-21,23.02644157409668,24.36314495764361,22.733731459171253,24.19727645081731,5619200
2002-05-22,22.9776611328125,23.807003865759892,22.362972907800987,22.675195616441385,5506800
2002-05-23,23.70943260192871,23.885058331882767,22.48981154501892,23.192314464835146,5892500
2002-05-24,22.792280197143555,23.445997195088843,22.49957001032071,23.436240002762002,4182700
2002-05-28,22.5581111907959,23.22158346203032,22.128804070943286,23.036202407020724,3273200
2002-05-29,22.323942184448242,22.73373491891335,21.95317821564361,22.148318321958033,3791800
2002-05-30,22.928876876831055,22.928876876831055,21.71901295856437,21.826340211803828,6337500
2002-05-31,23.006933212280273,23.416725991572562,22.538599139087424,23.026447597245188,5927000
2002-06-03,21.758041381835938,22.928878473833656,21.5921728248195,22.928878473833656,4960400
2002-06-04,22.27515983581543,22.27515983581543,21.484845879131772,21.758039816210797,6871100
2002-06-05,21.904396057128906,22.19710438149826,21.494603286415327,22.148320281101412,4745200
2002-06-06,21.758041381835938,22.09953568875146,21.465333039333636,21.816584539131803,7435900
2002-06-07,21.611684799194336,22.362971818382466,20.01154256486662,20.196925486963675,9340000
2002-06-10,20.93845558166504,21.56290289299215,20.850644568581938,21.56290289299215,4564400
2002-06-11,20.35303497314453,21.07505035094912,20.20667897060811,20.9774803029228,4492700
2002-06-12,21.12383460998535,21.12383460998535,19.5139353184149,20.24570789285546,7542800
2002-06-13,20.587200164794922,21.357999568459753,20.20667719699159,20.977478461650136,4818900
2002-06-14,21.758041381835938,21.758041381835938,19.230986116053028,20.294495947335918,8220400
2002-06-17,22.73373794555664,22.743495138270777,21.7190140962113,22.050751204515063,9478400
2002-06-18,23.02644157409668,23.709428120268623,22.480051964960385,22.636163281856472,8588800
2002-06-19,19.591991424560547,21.46532933157404,19.49442137358188,21.46532933157404,11720700
2002-06-20,17.952823638916016,19.845676256818475,17.57230242115511,19.591994824646452,16371200
2002-06-21,18.333345413208008,18.869977957046757,17.582058363038456,17.582058363038456,11081200
2002-06-24,19.240737915039062,19.904211957108295,18.05038863196962,18.05038863196962,9003300
2002-06-25,19.2700138092041,20.4798777440323,19.201715323841935,19.757862260070027,11103500
2002-06-26,18.53824234008789,18.53824234008789,15.61115144428454,16.684418478277955,18255300
2002-06-27,20.00178337097168,20.245707558422552,19.026086621168183,19.757859183520804,11033600
2002-06-28,19.728588104248047,20.78234054593798,19.416365434264943,19.874944109172297,7610800
2002-07-01,19.513938903808594,20.177413124297164,19.12366049793127,19.923731695228344,4389300
2002-07-02,18.77240753173828,19.572478666367335,18.001607973130078,19.36758321720364,6657500
2002-07-03,20.00178337097168,20.1091106089681,17.855249777006442,18.782162433717307,7097600
2002-07-05,21.767799377441406,23.02644939080342,21.46533383090255,21.46533383090255,9223600
2002-07-08,21.07505226135254,21.93366466762883,20.353036818098964,21.77755332103314,7666600
2002-07-09,21.88488006591797,22.05074860048198,20.460361734781024,20.75307189865552,7477100
2002-07-10,20.76282501220703,22.01171551093046,20.62622621816393,22.01171551093046,7679900
2002-07-11,21.806827545166016,22.070266172417668,20.19692792472971,20.538420373765994,8731600
2002-07-12,22.821556091308594,23.514302046099225,22.441034792518955,22.73374319758873,9925000
2002-07-15,23.85578727722168,23.85578727722168,22.27515765743649,22.831304530381335,10003600
2002-07-16,22.665435791015625,24.529016495081418,22.050747637415494,23.85578705566078,14417800
2002-07-17,23.416723251342773,24.294850001069335,22.68495064973831,24.002141704825135,10301700
2002-07-18,22.22637367248535,23.3679389977134,22.128803620732008,22.684950496433938,6982700
2002-07-19,21.738525390625,22.09953216474517,21.075051268357274,21.71901100797149,8592500
2002-07-22,20.00178337097168,22.294671105208668,19.806643276613435,21.514112588769553,10580600
2002-07-23,19.465152740478516,21.162865022080574,19.328553917135338,20.684773792864537,8994200
2002-07-24,21.221403121948242,21.318973163673192,18.723620103155802,18.977301467243173,9299700
2002-07-25,18.73338508605957,20.489639123692548,17.80647209558995,20.489639123692548,14628500
2002-07-26,19.152931213378906,19.748106976479974,18.635812996515394,19.22123156633677,7788600
2002-07-29,20.35303497314453,20.587201971811382,19.074870879888064,19.75785935507845,5332300
2002-07-30,20.470121383666992,20.850644456284115,19.806647165764552,20.10911455751046,7032700
2002-07-31,19.016334533691406,20.148142918323014,18.752895893907922,20.001788738774753,6704100
2002-08-01,18.050390243530273,19.562719492509576,17.660111907760832,18.83094691506916,7998000
2002-08-02,17.738170623779297,18.196747514505066,17.240564962271304,18.05039334606018,8354100
2002-08-05,16.830772399902344,18.050393588301063,16.625876933528595,17.728413669003572,6650800
2002-08-06,17.855253219604492,18.61629750114283,17.46497481663389,17.513760780126603,7308200
2002-08-07,18.235776901245117,18.635812510303957,16.80150116345409,18.635812510303957,9827000
2002-08-08,18.73338508605957,18.928523389688493,17.5625478203079,18.24553653549546,8088100
2002-08-09,18.440673828125,18.57727268027028,17.669874128209518,18.294319643178458,4001700
2002-08-12,17.943065643310547,18.13820577040347,17.464974379026472,17.855252772218147,3620600
2002-08-13,17.68938446044922,18.782165837080438,17.464974613969463,17.884524590167214,6729000
2002-08-14,18.977306365966797,19.074874571883843,17.406433685578396,17.689384832527463,5874800
2002-08-15,19.504175186157227,20.0017806850559,19.03584125577975,19.41636234158725,7359000
2002-08-16,20.343278884887695,21.0750514932578,19.172441967097935,19.5041790317719,6627600
2002-08-19,21.59217071533203,22.11904791355503,20.04081441843938,20.782342395132815,7600500
2002-08-20,19.81640625,21.172626393457435,19.416370614726812,20.977486242155898,9621500
2002-08-21,20.67501449584961,20.948208392729352,19.57247613460426,20.47011721219595,5959800
2002-08-22,20.587200164794922,22.099529262981516,20.17740748784852,20.782338382725673,7019500
2002-08-23,19.621265411376953,20.499392256198156,19.513938156000815,20.14814077387201,5013500
2002-08-26,19.006576538085938,19.621266671637834,18.557756824947727,19.621266671637834,5360000
2002-08-27,17.913793563842773,19.221227404310255,17.7479250359926,19.12365735363476,6406600
2002-08-28,17.39667510986328,17.75768377043888,17.26983533565753,17.75768377043888,6602300
2002-08-29,16.830772399902344,17.074696637582086,15.728235664427368,16.342923924542855,15884000
2002-08-30,16.830772399902344,17.36740497840008,16.586848162222598,16.616119740702096,5470600
2002-09-03,16.596603393554688,17.318618828434946,16.489276146142075,16.586846201881357,8219900
2002-09-04,16.97712516784668,17.211292193355604,16.14778245604794,16.606361176039407,9953600
2002-09-05,16.781984329223633,17.074692600840518,16.196565924996055,16.635628332421383,10810900
2002-09-06,17.31861686706543,17.669868283549285,17.074692685839157,17.562541048291703,5538000
2002-09-09,17.006397247314453,17.13323702534692,16.39170715878826,16.928341569834288,4378000
2002-09-10,18.304073333740234,18.430913106819403,17.1137238334042,17.22104922262686,7166900
2002-09-11,18.245529174804688,19.270009973291,18.138201941460753,18.538237442659696,4899900
2002-09-12,17.250324249267578,18.05039553749472,17.025914373007662,17.621088311740724,4195500
2002-09-13,16.098997116088867,17.12347800635149,16.00142706439863,16.87955380762287,8308600
2002-09-16,15.855072021484375,16.39170448396785,15.416008674681116,16.09899620643029,5578500
2002-09-17,15.72823715209961,16.294141362603504,15.513582611601787,16.09900120960447,5027900
2002-09-18,15.318439483642578,15.874587289103635,14.840348277778821,15.513578656393399,6662700
2002-09-19,14.908649444580078,15.591637137641873,14.78180872679048,14.957434479191022,5273200
2002-09-20,13.532917022705078,14.9086496178381,13.171909251184134,14.898893355200244,12673800
2002-09-23,12.449892044067383,13.181664682434239,12.254752859935628,12.801142575504544,11046200
2002-09-24,12.44013786315918,13.015799293549636,12.001074359970659,12.04985940043544,10837000
2002-09-25,13.064579010009766,13.425586673537701,12.020582919297055,12.44013279362538,14573200
2002-09-26,12.244994163513184,13.279232177579026,11.97179933929727,13.220690894781216,10642600
2002-09-27,12.430379867553711,13.074339754779043,12.147427767697211,12.244997842336222,7922100
2002-09-30,12.06937026977539,12.420620810893187,11.805932596561307,12.19621097558108,7805800
2002-10-01,12.68405818939209,12.810898882945645,11.815687716831725,12.39134896815288,8516900
2002-10-02,13.298748016357422,14.147604153933809,12.586488840611272,12.69381608833162,11582800
2002-10-03,12.137670516967773,13.406076828815,12.11815706043019,13.298750491615328,8756100
2002-10-04,11.630304336547852,12.586486622867916,11.513220848253365,12.44013249512402,14256500
2002-10-07,11.464438438415527,11.90350185208522,11.171729185803379,11.708362660509476,7355100
2002-10-08,11.493708610534668,11.76690439797136,11.083915859876653,11.610792120651668,9504300
2002-10-09,11.84496021270752,12.30353706684623,11.230271079386506,11.318083945646228,7903200
2002-10-10,12.196208000183105,12.635271302090331,11.70835968017578,11.854713803979248,6559700
2002-10-11,13.337775230407715,13.659755097553138,12.723086139358186,12.927982503041363,8126200
2002-10-14,13.142635345458984,13.367045148971282,12.8304117559895,12.976766825255579,3865600
2002-10-15,14.196389198303223,14.196389198303223,13.659755750574123,13.942707796758992,9643700
2002-10-16,12.137670516967773,13.220694804470625,12.098642673395421,12.781631331657366,11319000
2002-10-17,12.996282577514648,13.171908319534172,11.70836295069704,11.70836295069704,8997400
2002-10-18,13.659754753112793,13.874408302629426,12.58648793602658,12.684057985033308,8994700
2002-10-21,14.518370628356934,14.528127821109505,13.084095861127889,13.610972173304276,8617100
2002-10-22,14.0988187789917,14.830591389636567,13.610970371895121,13.952464629061524,7520900
2002-10-23,15.29892635345459,15.357467641262865,14.098818787421056,14.1085759788881,9574500
2002-10-24,15.611148834228516,16.391705531542357,15.308682416146667,15.308682416146667,14705600
2002-10-25,16.879554748535156,17.05518047916865,15.659933686907067,15.659933686907067,11979800
2002-10-28,16.44049644470215,17.562547733237885,16.235599086763887,17.562547733237885,11169300
2002-10-29,15.69896125793457,16.440491030221015,14.879375818091338,16.440491030221015,10596600
2002-10-30,15.357468605041504,16.39170677253129,15.123301578118955,15.698962883843011,13895800
2002-10-31,15.611148834228516,16.28438014878293,15.464794686106416,16.28438014878293,7580800
2002-11-01,16.391708374023438,16.645389809889746,15.123303055686181,15.708721610685794,8037300
2002-11-04,16.9283390045166,17.464971473247285,16.82101176637292,17.318617332774725,10197400
2002-11-05,16.577091217041016,16.918585527093086,15.991672665665222,16.918585527093086,7071500
2002-11-06,17.367403030395508,17.543028759585045,16.284380802050084,16.83077051208884,8458200
2002-11-07,16.118515014648438,16.79174461007916,15.92337486870094,16.635633237718903,7095100
2002-11-08,15.191598892211914,16.040455927829907,14.88913340501206,15.903857110228392,9668700
2002-11-11,13.747570037841797,15.006219053621296,13.52315925771209,15.006219053621296,9205300
2002-11-12,13.493887901306152,14.050034830313193,13.171908002355018,13.757326507991843,13212100
2002-11-13,12.752358436584473,13.171908409612687,12.264509976969189,12.94749856482826,15206200
2002-11-14,13.845138549804688,13.89392358072166,12.61576116757996,12.976768907570252,17338900
2002-11-15,13.532917022705078,13.854896952183141,13.220694286362026,13.659757741968733,9957900
2002-11-18,13.728055000305176,14.381771993700381,13.464617322793549,13.85489570818006,9699800
2002-11-19,13.396317481994629,14.030521001225962,13.220692679397294,13.73781175623435,9452100
2002-11-20,14.235416412353516,14.235416412353516,13.464615980200916,13.474373171486931,13544300
2002-11-21,15.29892635345459,15.33795418882577,14.645209413114575,14.684237248485754,18162300
2002-11-22,15.63066577911377,16.00142980586559,15.123302912195053,15.298928663128015,12037000
2002-11-25,16.08924102783203,16.157539510399275,15.435524055983452,15.630664172741923,10343300
2002-11-26,15.172083854675293,16.089238342263826,14.86961746858409,16.089238342263826,7778400
2002-11-27,15.718477249145508,15.855074216104605,15.367225778686002,15.855074216104605,6584300
2002-11-29,15.42576789855957,16.294138446399693,15.416010706556445,16.294138446399693,4288700
2002-12-02,15.357468605041504,16.294138573725807,14.830592329217243,16.09899845412663,10464700
2002-12-03,15.269655227661133,15.269655227661133,14.245174286445142,14.830591834211848,10279800
2002-12-04,13.610971450805664,13.854895673689269,12.879198782154853,13.854895673689269,18124600
2002-12-05,13.386560440063477,13.728053763896009,13.17190688218501,13.659755285228899,6662900
2002-12-06,13.015796661376953,13.318262176196212,12.927983792398114,13.113365792077945,8008900
2002-12-09,12.566973686218262,13.006037017863557,12.391347981361388,12.996279827483312,7492800
2002-12-10,13.523159980773926,13.640243508211695,12.68406090222134,12.820658816147317,10799400
2002-12-11,13.337775230407715,13.747567957774066,13.132878866724539,13.171906701211954,8199200
2002-12-12,13.240206718444824,13.854895880967293,13.162151040394074,13.659756685840417,6152000
2002-12-13,12.674302101135254,13.249963402549668,12.391350046431208,13.249963402549668,10437700
2002-12-16,13.162149429321289,13.162149429321289,12.48891905591401,12.68405822715547,6264900
2002-12-17,12.957253456115723,13.601213205804894,11.971800379120138,13.0255528659746,9093800
2002-12-18,9.971622467041016,11.220514224537293,9.805753921455917,10.947319356131215,39586000
2002-12-19,9.942351341247559,10.17651931242535,9.56183013276572,9.971622919205474,18787800
2002-12-20,9.952108383178711,10.127734126277984,9.649642859504512,9.942351190673843,16322600
2002-12-23,10.049678802490234,10.11797729144449,9.659399462972898,9.952108734986618,7089700
2002-12-24,10.020407676696777,10.293602549985861,9.903323229075804,9.952108260501696,2526800
2002-12-26,10.039920806884766,10.371657893276012,9.981378584963995,10.000892969103269,3991100
2002-12-27,10.049678802490234,10.225303621300766,9.89356743888215,10.098463836242042,3518400
2002-12-30,9.571587562561035,10.147247985872493,9.36669116426471,10.069192303711715,7146000
2002-12-31,9.503288269042969,9.649643372911514,9.269121219449865,9.58134395224067,6548300
2003-01-02,9.756969451904297,9.864295780896283,9.171550912591192,9.51304521560669,11747100
2003-01-03,9.913079261779785,10.098462173411757,9.561828751499114,9.610613777217894,5939300
2003-01-06,10.303359031677246,10.381414704375807,10.069191083084545,10.088705466507694,5749000
2003-01-07,10.732666015625,10.83023607887497,10.254574752793733,10.303359784418717,8443000
2003-01-08,9.805753707885742,10.332629979299156,9.747211486396678,10.244817112314081,9870400
2003-01-09,9.708185195922852,10.108220826604018,9.639886702049635,10.030165139178289,9470600
2003-01-10,10.039920806884766,10.127733674517396,9.659398690642385,9.79599658812615,8893900
2003-01-13,9.844779014587402,10.342384512585628,9.756966170176327,10.147244444784658,6193900
2003-01-14,9.952108383178711,10.108219741268245,9.766726378071663,9.952108383178711,4941400
2003-01-15,9.717942237854004,9.961866489877952,9.639886551646114,9.961866489877952,5781200
2003-01-16,9.415474891662598,9.815511409879448,9.337419212619576,9.717941345827125,7320900
2003-01-17,8.937385559082031,9.278879926672493,8.820302015178891,9.220337689472277,8782800
2003-01-21,8.683701515197754,9.132522099406671,8.488562333041054,9.122765838171599,7200000
2003-01-22,8.293421745300293,8.58613093417497,8.273907365143446,8.556860294436559,8570800
2003-01-23,8.576375961303711,8.781272353437128,8.186097562238679,8.537348121397208,8005600
2003-01-24,8.029985427856445,8.683702456841985,8.000714779983142,8.576376127641792,7929100
2003-01-27,7.795818328857422,8.156826085070783,7.766547681190693,8.029985371185475,8569600
2003-01-28,7.74703311920166,7.903144933069329,7.483594985782584,7.805574874933842,7964400
2003-01-29,8.215367317199707,8.537347194079517,7.4835947005643195,7.4835947005643195,39060500
2003-01-30,8.1177978515625,8.508077167039662,8.06901375131279,8.225125105304826,30455600
2003-01-31,8.010469436645508,8.098282282960847,7.7177602590933185,7.805573105408658,17656100
2003-02-03,8.195854187011719,8.225125766109699,7.912902102544573,8.010472171876888,11059600
2003-02-04,8.049498558044434,8.283665565504634,7.932415054314333,8.205609896351234,7740800
2003-02-05,7.942173004150391,8.1763400339762,7.825089489237486,8.049499326862954,7837700
2003-02-06,7.434809684753418,8.049498795329098,7.415295766889833,7.854359616693247,12720800
2003-02-07,7.425052642822266,7.620191813163155,7.3469969746859105,7.620191813163155,6026900
2003-02-10,7.171372413635254,7.386026000905152,7.1030739256163775,7.337240967821478,8852600
2003-02-11,7.054288387298584,7.278698685963627,6.976232712153964,6.976232712153964,6803200
2003-02-12,6.8298773765563965,7.151857235582871,6.810363459804746,7.064044377576206,6715100
2003-02-13,6.5957112312316895,6.829878262631176,6.439599411716831,6.829878262631176,15229200
2003-02-14,7.025017738342285,7.0933166912082815,6.50789862388785,6.595711496822908,12585200
2003-02-18,6.995746612548828,7.171371881162517,6.84939198941316,7.132344043692808,6123200
2003-02-19,7.259185314178467,7.36651210821397,7.132344599886377,7.317727074948226,9474600
2003-02-20,7.561652183532715,7.620193951059264,7.22015830700354,7.22015830700354,9887900
2003-02-21,7.337240219116211,7.561650510954477,7.122587118998459,7.561650510954477,8120100
2003-02-24,7.288455486297607,7.512865787227709,7.083559569599149,7.220157002480964,7140700
2003-02-25,7.181128025054932,7.298211520375499,6.878662096185907,7.298211520375499,6070800
2003-02-26,7.346997261047363,7.376267905115128,7.025016919562456,7.083559138194984,9089500
2003-02-27,7.425052642822266,7.454323285749159,7.151857339096541,7.3177258665105365,5816200
2003-02-28,7.795818328857422,7.815332714299982,7.395782732256051,7.48359560575335,7725200
2003-03-03,7.2396697998046875,7.93241451424951,7.083558472126459,7.815331018490839,11561200
2003-03-04,7.4152960777282715,7.551893508499333,7.23967080959405,7.25918472827563,7493400
2003-03-05,7.805574417114258,7.873872895504974,7.366511042250977,7.366511042250977,12180400
2003-03-06,7.708006381988525,7.805575988798793,7.395783174947083,7.805575988798793,8362000
2003-03-07,7.4152960777282715,7.747033160563655,7.3665115136485815,7.386025432330161,10191600
2003-03-10,7.434809684753418,7.590921492910599,7.3665112048551205,7.415295766889833,6525200
2003-03-11,7.561652183532715,7.756791408621211,7.444568648479617,7.4933532221274355,7005200
2003-03-12,7.551894664764404,7.74703434670642,7.3762693697403225,7.561651858223371,7689900
2003-03-13,8.078771591186523,8.078771591186523,7.581166320509512,7.70800705302961,8665000
2003-03-14,7.659219741821289,8.117797030409962,7.512865129633929,7.951928500947521,7886600
2003-03-17,7.834844589233398,8.00071311005688,7.415295157046358,7.65921934290478,11533300
2003-03-18,7.854359149932861,8.000713292588122,7.737275184460789,7.854359149932861,13776400
2003-03-19,7.951929569244385,8.029985248831053,7.688491883263652,7.893388274802932,9569100
2003-03-20,7.805574417114258,7.961685756577026,7.688490912517182,7.961685756577026,10539800
2003-03-21,8.664186477661133,8.761755585646826,8.02998308851832,8.254393804829421,19831800
2003-03-24,8.137310028076172,8.586130514268524,8.127552838474926,8.410504823433355,8702600
2003-03-25,8.498319625854492,8.547104654598185,8.15682535514568,8.18609693069011,9439600
2003-03-26,8.254395484924316,8.488562508348416,8.24463829299072,8.43002121774091,4675900
2003-03-27,8.595890045166016,8.644674145466132,8.098284405929451,8.147069436726637,9483400
2003-03-28,8.508076667785645,8.87884157700878,8.4105066120175,8.498319476109428,9194100
2003-03-31,7.942173004150391,8.39099360989839,7.844602943141106,8.244638518384463,10378200
2003-04-01,7.834844589233398,8.13731098911649,7.805573947469527,7.981199659046607,6975200
2003-04-02,8.537345886230469,8.6934572049849,8.08852537956305,8.108039759655783,11589000
2003-04-03,8.498319625854492,8.78127167597147,8.478805242158204,8.62516032838928,5863400
2003-04-04,8.508076667785645,8.654430820940851,8.234880883833643,8.566617956848923,5445500
2003-04-07,8.781270980834961,9.298390011389428,8.664187479416796,9.073980199628851,11810500
2003-04-08,8.654431343078613,8.791029243295817,8.48856279656382,8.781272051030932,5609600
2003-04-09,8.312935829162598,8.586130628143058,8.225122982580386,8.508074971291498,5473800
2003-04-10,8.342209815979004,8.400751116864638,8.166584052327698,8.312939165536186,3556600
2003-04-11,8.166583061218262,8.566618647210884,8.127555221865252,8.430021674723893,3980300
2003-04-14,8.332449913024902,8.35196429397312,7.990955690406275,8.156824206478534,3168500
2003-04-15,8.469046592712402,8.586130070383945,7.903142652051569,7.903142652051569,4177100
2003-04-16,8.52759075164795,8.878842234006838,8.498320104950404,8.595890167938334,5341700
2003-04-17,8.771513938903809,8.830056155856779,8.30317992526793,8.576374766555526,6654400
2003-04-21,8.937385559082031,8.976413407049744,8.693461276659498,8.937385559082031,4208500
2003-04-22,9.298389434814453,9.376445097586483,8.839812648652998,8.927624571398859,8158700
2003-04-23,9.317904472351074,9.415473592442966,9.122765301670327,9.308147281192795,7619900
2003-04-24,9.132521629333496,9.317904540713013,8.830056145183503,9.317904540713013,6618200
2003-04-25,8.478808403015137,9.132525612590804,8.439780551570204,9.132525612590804,8542400
2003-04-28,8.478808403015137,8.703219246696536,8.342211388206557,8.342211388206557,8272700
2003-04-29,8.449535369873047,8.732487445867742,8.332451848478392,8.605646731732586,12159000
2003-04-30,8.293421745300293,8.449533064567625,8.108039786294551,8.449533064567625,15639200
2003-05-01,8.312935829162598,8.322692088396423,7.951927253103098,8.283664259970642,11298300
2003-05-02,8.498319625854492,8.53734746275004,8.264152604481207,8.273908865832322,7696300
2003-05-05,8.781270980834961,9.025195174747044,8.547103977998631,8.595889002880439,12459900
2003-05-06,8.85932731628418,9.015438663276443,8.71297316110319,8.781271642788047,9284400
2003-05-07,8.878841400146484,8.966653331992228,8.586132169169689,8.586132169169689,11231400
2003-05-08,8.878841400146484,8.927625496561788,8.73248631940959,8.810541990270469,7431400
2003-05-09,9.415474891662598,9.415474891662598,8.917870170387607,9.03495368895214,11851200
2003-05-12,9.581341743469238,9.600856125018614,9.191063417450971,9.298389724481764,11405000
2003-05-13,9.903324127197266,10.000894198897571,8.87884302682988,8.87884302682988,14506100
2003-05-14,10.098461151123047,10.225300902455858,9.74720974590333,10.020405490073527,16105200
2003-05-15,10.05943489074707,10.225302498494448,9.844781324107784,10.21554623721309,7814900
2003-05-16,10.098461151123047,10.098461151123047,9.83502259720826,10.059433320598286,9082500
2003-05-19,9.786240577697754,10.078949861650734,9.708184892709914,10.049679212404586,9439800
2003-05-20,9.649641036987305,9.844780197743502,9.51304315920951,9.756967342778983,7322800
2003-05-21,9.698426246643066,9.766725658649083,9.483773610329939,9.659398409995495,7873600
2003-05-22,9.786240577697754,9.932595684922825,9.513045680240314,9.708184892709914,8637800
2003-05-23,9.786240577697754,9.795997770945524,9.464260644498623,9.561830715982005,8607600
2003-05-27,10.732666015625,10.83023607887497,9.756969105113637,9.786239751889793,20739300
2003-05-28,10.693636894226074,10.791206945777109,10.371657026803419,10.761935372013616,11014100
2003-05-29,10.947319984436035,11.31808493522945,10.654610714809957,10.68388136262343,14990500
2003-05-30,11.044889450073242,11.298570886681992,10.830236785709356,11.122945133568681,11434500
2003-06-02,10.8692626953125,11.444923026136403,10.830234860502456,11.327839521706272,9928000
2003-06-03,11.113186836242676,11.12294309702043,10.108218466872943,10.108218466872943,8507700
2003-06-04,11.883988380432129,11.98155751082579,10.98634717002691,11.1522157152429,14106300
2003-06-05,12.166939735412598,12.469405231752939,11.61079190935644,11.708361964593522,16678400
2003-06-06,12.196208000183105,13.464613818301514,12.147422982083008,12.684056320190429,21594300
2003-06-09,12.010828018188477,12.284022861666832,11.610791548545375,12.098639948576643,11881300
2003-06-10,12.830415725708008,12.888957957626735,12.098642944458565,12.098642944458565,16546800
2003-06-11,12.957253456115723,13.162149824698368,12.381592185788433,12.381592185788433,11948000
2003-06-12,13.201177597045898,13.562185305586295,12.21572452475865,13.415831156082374,12361900
2003-06-13,12.762114524841309,13.298747970084792,12.44013464379462,13.298747970084792,10516800
2003-06-16,12.869441986083984,12.976769242974779,12.362080070726295,12.63527494822659,8346300
2003-06-17,12.732845306396484,13.230450971198668,12.557219558702275,13.074338678527639,10725200
2003-06-18,12.762114524841309,13.181664461567543,12.586488796816928,12.684058852496475,13065100
2003-06-19,12.430379867553711,13.318264010879377,12.293782879655728,13.162152635854714,16446600
2003-06-20,12.371834754943848,12.6938145993425,12.313292542100044,12.5767311041518,7342300
2003-06-23,11.718119621276855,12.488920110650351,11.70836242926651,12.371836598017332,11530200
2003-06-24,11.47419548034668,11.786418182778846,11.318084129130598,11.659577477291515,11351200
2003-06-25,11.571765899658203,11.805933883085022,11.318085390899643,11.474196759519419,11954200
2003-06-26,11.659577369689941,11.893744394353032,11.562008241328842,11.757147428548084,8618900
2003-06-27,11.51322078704834,11.805929971476921,11.435165128600298,11.757144952322683,6786600
2003-06-30,11.464438438415527,11.757147691027678,11.288812700748826,11.747390498824624,5536200
2003-07-01,12.030342102050781,12.05961274705052,11.044888058921645,11.29856946357812,10552700
2003-07-02,12.625516891479492,12.771871977995232,12.147425655954876,12.147425655954876,13325300
2003-07-03,12.498674392700195,12.732841363447122,12.37183371758807,12.625514137315493,4820800
2003-07-07,13.425590515136719,13.464618356672117,12.947499223703813,13.171909079908065,11326900
2003-07-08,13.659754753112793,13.669511944112855,13.123121344569688,13.425587752092985,8816900
2003-07-09,14.05003547668457,14.37201539044838,13.464617874612692,13.659757075303318,15964100
2003-07-10,13.542675018310547,13.75732862751426,13.181667225398105,13.708543589445615,18537700
2003-07-11,13.562185287475586,13.903679543191362,13.415831138167103,13.659755340679233,10460100
2003-07-14,13.952466011047363,14.147605207115049,13.806110916123783,13.942708818619707,11820500
2003-07-15,13.825624465942383,14.39152856560788,13.649998734840322,14.245174410020848,12330000
2003-07-16,13.58169937133789,14.050033383213075,13.201177288816577,13.952464262654228,13015200
2003-07-17,12.957253456115723,13.454859055601716,12.927982812174486,13.318261166380955,10022600
2003-07-18,13.952466011047363,14.011007304619126,12.927984068570648,13.249963974706604,15599000
2003-07-21,13.669511795043945,14.196388006841293,13.610969580178933,13.806108745567407,10679400
2003-07-22,13.952466011047363,14.098820175473858,13.776840269337901,14.098820175473858,10086500
2003-07-23,15.006217002868652,15.279411848281285,14.245173753970679,14.635452104560155,22282300
2003-07-24,14.489097595214844,15.123300131767603,14.440312569980717,15.113542940621386,16876900
2003-07-25,14.293957710266113,14.772049848188376,13.689025807514266,14.420798405592675,13212500
2003-07-28,14.215904235839844,14.440315017757904,13.854896476708035,13.854896476708035,11281600
2003-07-29,14.167119026184082,14.39152886007549,13.845138202409855,14.17687528772502,7727700
2003-07-30,14.001253128051758,14.596427997328524,13.932953701382656,14.596427997328524,8237000
2003-07-31,14.28420352935791,14.586669059526622,14.147605622848003,14.420800505370705,10053100
2003-08-01,14.742781639099121,14.81108106324591,14.245176866013592,14.440316083939015,9368100
2003-08-04,14.459827423095703,14.937919600126286,14.28420261792858,14.8208351560188,8406600
2003-08-05,13.884166717529297,14.537883728019134,13.825625423439005,14.518370273488069,8871400
2003-08-06,13.435346603393555,13.952465693840589,13.171907996818593,13.825624986656022,11119800
2003-08-07,13.269475936889648,13.640239876477551,13.220690914155373,13.610969235035752,7316200
2003-08-08,12.645030975341797,13.493887107213489,12.342564548113097,13.269477282573654,17386800
2003-08-11,12.693817138671875,12.849928496822042,12.401107876891768,12.440135716429308,10764800
2003-08-12,12.94749927520752,12.957255537757323,12.615762155588458,12.78163071539799,6666000
2003-08-13,13.054823875427246,13.435345979305229,12.849927501107874,13.054823875427246,12715000
2003-08-14,12.586488723754883,13.103608713158888,12.31329387213381,13.045066493991582,18547300
2003-08-15,12.196208000183105,12.66454194075166,12.040096686660254,12.66454194075166,8393400
2003-08-18,12.449892044067383,12.625516844537449,12.196210639447587,12.479162689062889,17253600
2003-08-19,13.523159980773926,13.718300123667369,12.703575288709548,12.703575288709548,20598000
2003-08-20,12.97676944732666,13.249964329129096,12.93774160706917,13.123123615667973,13669000
2003-08-21,13.425590515136719,13.49388900519938,13.152394693891797,13.171909079908065,10867200
2003-08-22,13.552430152893066,14.440314174949595,13.484130737775365,14.391529144293255,15833000
2003-08-25,13.308503150939941,13.659753623420452,13.171905279726863,13.552427322786736,6803200
2003-08-26,13.318262100219727,13.40607496869762,12.820657396340096,13.308505838553229,8904500
2003-08-27,13.659754753112793,13.815866087125999,13.288989869582956,13.318260512086194,8263700
2003-08-28,13.845138549804688,13.903680773004469,13.620728710282506,13.757326610750619,7855600
2003-08-29,14.011006355285645,14.0500341918548,13.718298046265478,13.74756869106809,5758200
2003-09-02,14.118332862854004,14.293957652950665,13.76708142166674,14.14760350612062,11876200
2003-09-03,13.864651679992676,14.411042301934415,13.718297530979934,14.411042301934415,10926200
2003-09-04,13.747570037841797,13.952466432526696,13.493888610041994,13.80611133318199,13678500
2003-09-05,13.952466011047363,14.313473756396855,13.562186688414904,13.708541783338482,13467900
2003-09-08,14.76229476928711,14.879378290073939,14.011007681116894,14.089063361641449,18371200
2003-09-09,14.342744827270508,14.654968480707753,14.196390658516599,14.53788402910809,12986000
2003-09-10,13.025551795959473,14.508610350611658,12.937738940852366,13.80610844025172,23298200
2003-09-11,13.269475936889648,13.513400120064114,12.635272502337893,13.415830074595561,17142300
2003-09-12,13.318262100219727,13.367047130540453,12.888955880490876,13.07433787911316,11184300
2003-09-15,12.898713111877441,13.386561555574048,12.86944153529776,13.26947804074651,8016400
2003-09-16,13.288989067077637,13.367044729370557,13.00603705864158,13.16214838322742,14431000
2003-09-17,13.835379600524902,14.05978939645594,13.367044697390947,13.41582971883153,17389800
2003-09-18,13.825624465942383,13.835381657780726,13.47437393423529,13.513401771091633,11018500
2003-09-19,14.176875114440918,14.206146690197091,13.815867387921442,13.923194638033337,11468300
2003-09-22,14.001253128051758,14.147607314276417,13.708543825105215,13.80611297242258,9711500
2003-09-23,14.313472747802734,14.450070640673333,13.854894971484388,14.09881918200523,16802300
2003-09-24,13.75732421875,14.450068931930968,13.601211960859676,14.342741696475311,24038500
2003-09-25,13.249963760375977,13.962222977622927,12.986526082570222,13.94270859308328,31399400
2003-09-26,13.318262100219727,13.591457897816964,13.220692970075335,13.269478000396061,9465100
2003-09-29,13.240206718444824,13.513402522119529,13.0255540690538,13.367047427901563,8848800
2003-09-30,13.093852996826172,13.406075719571094,12.762115888661137,13.240207165488576,11602500
2003-10-01,12.957253456115723,13.201177660119015,12.879197785274428,13.093851345336484,11961900
2003-10-02,13.074337005615234,13.22069208679941,12.957253498966091,13.02555290905084,12239200
2003-10-03,13.328018188476562,13.796353138069321,13.269476901338082,13.415831049681266,13350800
2003-10-06,13.162149429321289,13.464615842618278,12.918225232645222,13.347532339873402,10637200
2003-10-07,12.68405818939209,13.16214939013452,12.440133993442242,13.16214939013452,28828700
2003-10-08,12.498674392700195,12.771869191904944,12.488917202961533,12.635271327054156,14307800
2003-10-09,12.615758895874023,12.84992588551282,12.420618807344793,12.586487324296497,17004000
2003-10-10,12.469406127929688,12.781629768829672,12.469406127929688,12.684059706580225,9344000
2003-10-13,12.235239028930664,12.664545253411973,12.147426159480673,12.274266867519874,12337200
2003-10-14,12.332809448242188,12.449892967404654,11.932772927982386,12.098641479420156,15261600
2003-10-15,12.498674392700195,12.732841363447122,12.381589976829904,12.674299155511976,18837800
2003-10-16,12.5181884765625,12.566973497233201,12.205965833065013,12.205965833065013,11847300
2003-10-17,12.537703514099121,12.5864876068296,12.225479923741904,12.440133467644317,15790900
2003-10-20,12.537703514099121,12.547459774347063,12.274264946969307,12.313292779451842,11456600
2003-10-21,13.249963760375977,13.30850598349785,12.537705473626096,12.635274604833125,22474600
2003-10-22,12.97676944732666,13.045067935152993,12.810900893608048,12.97676944732666,15302300
2003-10-23,12.927983283996582,13.02555334135763,12.596246205565446,12.654788426081481,9781800
2003-10-24,12.869441986083984,13.103609954438474,12.391350717834195,12.92798421079688,8437900
2003-10-27,13.669511795043945,13.737810270305676,13.308504106451034,13.367045390819108,17467000
2003-10-28,13.903680801391602,13.93295144780272,13.591458091680819,13.93295144780272,15833300
2003-10-29,14.2451753616333,14.518370237877791,13.757326903091025,13.80611100454758,16310100
2003-10-30,14.342744827270508,14.733024161442787,14.293959794186833,14.625696902559282,19956800
2003-10-31,13.991493225097656,14.391528791786431,13.854895328705155,14.342743762325034,9975700
2003-11-03,14.391530990600586,14.489101064430649,14.186634579955198,14.196391773437641,9404300
2003-11-04,14.28420352935791,14.498856186091476,14.050035556698482,14.391529857724693,7678600
2003-11-05,14.235416412353516,14.479340611522023,13.971977830612982,14.225659221067502,6427500
2003-11-06,14.05003547668457,14.27444625535162,13.815868435855819,14.245175607872303,9103700
2003-11-07,13.874407768249512,14.196387614874768,13.796352104249262,14.050032547001615,9537300
2003-11-10,13.123124122619629,13.747570521359211,13.074339087788902,13.737813328293637,17189800
2003-11-11,12.91822624206543,13.220692678996912,12.830413375520902,13.132879812452384,11878100
2003-11-12,13.269475936889648,13.835379967414655,13.006037372422709,13.835379967414655,9256700
2003-11-13,12.859684944152832,13.259720508856118,12.762114885714308,13.171907642360852,10974700
2003-11-14,12.723087310791016,13.035310015437133,12.58648941225981,12.879198663114074,10484500
2003-11-17,12.469406127929688,12.635274675455502,12.244996287451864,12.625517483131143,12646200
2003-11-18,12.215723991394043,12.61575951770221,12.196209609380498,12.537703850641932,11981500
2003-11-19,12.225481986999512,12.362079888990067,12.127912854575184,12.127912854575184,11004400
2003-11-20,12.274266242980957,12.615760511133443,12.147425541395663,12.235238406377562,11390500
2003-11-21,12.196208000183105,12.401104331806055,12.176693620744336,12.27426365694453,8915300
2003-11-24,12.50843334197998,12.527947725654029,12.254752867696556,12.469405505128913,8149800
2003-11-25,12.771871566772461,12.937740101184856,12.44013449794767,12.586488649254136,12163900
2003-11-26,12.723087310791016,12.957254339275604,12.684059472710251,12.869441470969619,6971300
2003-11-28,12.693817138671875,12.732844978209416,12.615761459596792,12.684059946163217,1978200
2003-12-01,12.732845306396484,12.898713861330545,12.635275239789232,12.879199475810248,6682900
2003-12-02,12.449892044067383,12.625516844537449,12.391349823579343,12.430377660405695,14444900
2003-12-03,12.108399391174316,12.615762268177818,12.098642198040292,12.54746284673679,16000500
2003-12-04,11.864473342895508,12.186453223413457,11.591278490137219,12.098640359545469,14197900
2003-12-05,11.825444221496582,12.079125593876947,11.610790680982664,11.688846344715559,9420400
2003-12-08,11.601036071777344,11.991314445980493,11.444923791599043,11.805932450858258,7950500
2003-12-09,11.27905559539795,11.766904003096014,11.25954121245147,11.70836178475357,10402600
2003-12-10,11.503466606140137,11.727877380751194,11.279056762026169,11.347355248409187,12122900
2003-12-11,11.708361625671387,11.8449595129498,11.503465260002258,11.513222451342926,10394900
2003-12-12,11.84496021270752,11.932772148470205,11.65957728827099,11.708362317359393,7181700
2003-12-15,11.240029335021973,12.098641834047122,11.181487108476242,12.098641834047122,11904300
2003-12-16,11.386382102966309,11.483952158357285,11.044887839594901,11.288812047575332,14718300
2003-12-17,11.220515251159668,11.581523021493842,11.00586165538089,11.562009565785125,12395500
2003-12-18,11.766902923583984,11.825444206058778,11.103428852223612,11.122942302882906,10123200
2003-12-19,12.030342102050781,12.030342102050781,11.552250868234596,11.757147244226823,12828600
2003-12-22,12.4596529006958,12.547464861510734,11.913262093918181,11.962047136924678,15992500
2003-12-23,12.840169906616211,12.947497151534325,12.459648745170504,12.479162197566623,15986400
2003-12-24,13.113367080688477,13.415833555727259,13.084096431651549,13.337777871297344,12863800
2003-12-26,13.191422462463379,13.308505978163122,13.12312304709906,13.279234401365384,3037900
2003-12-29,13.610971450805664,13.659756481481798,13.25972090483222,13.337776581715207,10285400
2003-12-30,13.396317481994629,13.610971052388084,13.318261807396471,13.610971052388084,7646600
2003-12-31,13.142635345458984,13.35728795825416,13.025551848344273,13.308503865662388,7426100
2004-01-02,13.406076431274414,13.552431538203646,13.30850729048542,13.38656297531548,6951300
2004-01-05,13.806110382080078,13.835381958230771,13.503644872499311,13.503644872499311,10725100
2004-01-06,14.186630249023438,14.23541527104525,13.79635193384274,13.845136025367651,13702000
2004-01-07,14.811078071594238,14.840348715746451,14.293958085422124,14.489098194428886,21337500
2004-01-08,15.094030380249023,15.201356697705009,14.811078333776864,14.879376814840036,16892700
2004-01-09,14.976947784423828,15.406254010925572,14.76229420592442,14.781807660062325,13080800
2004-01-12,14.908649444580078,15.11354584554833,14.69399678108735,14.976948865234256,12724900
2004-01-13,14.498855590820312,14.879377716584031,14.293959204716321,14.781807654440389,13418200
2004-01-14,14.508613586425781,14.635454302036418,14.196390859074752,14.518370779279783,9747700
2004-01-15,14.469584465026855,14.68423803633357,14.323230307156892,14.596425169412775,11584000
2004-01-16,14.596426010131836,14.625696657292337,14.38177242646159,14.48909968354526,7773800
2004-01-20,14.752534866333008,14.791562699425281,14.528125058676677,14.723264224138038,6780800
2004-01-21,14.645209312438965,14.781806270050591,14.39152791902168,14.635452121038997,6349000
2004-01-22,14.108576774597168,14.830592234933421,14.079306129042196,14.77205094382348,8100000
2004-01-23,14.352499008178711,14.537880978398556,13.952463495733056,13.952463495733056,8397900
2004-01-26,14.635453224182129,14.713508900271336,14.33298678146366,14.635453224182129,7336200
2004-01-27,15.328198432922363,15.659934599397678,15.025731982595453,15.201357723462502,22659200
2004-01-28,15.718477249145508,16.46976242841464,15.533094321848091,15.572122159621697,25583900
2004-01-29,15.581879615783691,16.66490283023001,15.250142523836963,15.991671454103516,18792900
2004-01-30,15.718477249145508,16.089241242746244,15.503823676142149,15.659934096739523,8848300
2004-02-02,15.601391792297363,16.089240198038972,15.542850504686685,15.962400431383506,10391200
2004-02-03,15.572120666503906,16.001426840849966,15.44527997327742,15.65993259520197,11672100
2004-02-04,15.347708702087402,15.542848787218873,15.123298906881855,15.416008104082172,9939800
2004-02-05,15.074518203735352,15.416012520040502,14.928164028460088,15.34771309848118,9785000
2004-02-06,15.757502555847168,15.796531320153461,14.996459331316604,15.006216522393178,9909600
2004-02-09,15.513581275939941,15.952645651888743,15.464797172387524,15.923374073160735,8283500
2004-02-10,15.816044807434082,15.92337205483855,15.318440128593135,15.51357930955988,7345000
2004-02-11,15.80628776550293,15.93312752152637,15.611147675165828,15.757501812421744,7506500
2004-02-12,15.455038070678711,16.001427779158938,15.416010234358694,15.679447896894551,9810000
2004-02-13,15.347708702087402,15.806287343848222,15.074513885598988,15.640418829784606,7262600
2004-02-17,15.65018081665039,15.786777801510768,15.367227792588928,15.611152043264942,6731200
2004-02-18,16.020938873291016,16.1575358071177,15.464792087289633,15.611146210817315,11196000
2004-02-19,15.747747421264648,16.46000757491707,15.708720512855754,16.245353065188606,10990400
2004-02-20,15.191598892211914,15.43552309243624,15.074515387763876,15.416009640276723,12600900
2004-02-23,14.713508605957031,15.269655519592288,14.54764006496107,15.211114228944913,10218300
2004-02-24,14.781805992126465,15.094029597576224,14.557396177128389,14.567153368344906,7282700
2004-02-25,14.879376411437988,14.976946465023264,14.733022261557068,14.733022261557068,5224700
2004-02-26,14.811078071594238,14.928161578700093,14.450070358726933,14.586667318435264,5911300
2004-02-27,14.674480438232422,15.055002540859379,14.645209793567892,14.967189676368772,7138600
2004-03-01,14.976947784423828,15.074516916107505,14.645210689605761,14.811079237014795,5852700
2004-03-02,15.445281028747559,15.84531658753113,15.269655298355932,15.542851085742244,13903900
2004-03-03,15.679449081420898,15.82580324605324,15.220872202641116,15.445282045810318,8809800
2004-03-04,15.8941011428833,15.952642427512586,15.659932282378387,15.757502330756454,6966100
2004-03-05,15.913616180419922,16.206326371844725,15.620907849989297,15.659934758916098,6783300
2004-03-08,15.094030380249023,15.962400903110417,15.074515996804108,15.913614944498129,7992000
2004-03-09,15.035490036010742,15.298928662397605,14.77205234012101,15.12330291147303,8513100
2004-03-10,14.264687538146973,15.25014155943511,14.206146249444968,14.967189516050071,12292900
2004-03-11,14.079305648803711,14.567154067065827,14.030520620878097,14.22565980208354,11173300
2004-03-12,14.352499008178711,14.625693833422611,14.098817633775202,14.391526840356411,9598100
2004-03-15,14.167119026184082,14.615938693966898,13.89392323210274,14.362258214458576,7651800
2004-03-16,14.489097595214844,14.547638881098226,14.245173399541173,14.440312569980717,9629900
2004-03-17,15.094030380249023,15.201356697705009,14.811078333776864,15.006217515740936,9872800
2004-03-18,15.42576789855957,15.552607672612007,15.025731400904878,15.113544267938906,10451300
2004-03-19,15.308683395385742,15.757503990299062,15.279412749988385,15.513579774161323,8932100
2004-03-22,15.045245170593262,15.445280721416914,14.840348799379072,15.318440022046511,10076800
2004-03-23,15.435523986816406,15.70871977685525,15.074516261226181,15.416010533526222,11861400
2004-03-24,15.42576789855957,15.806290012208015,15.308683455516169,15.43552416006565,15344000
2004-03-25,15.181842803955078,15.416009815512968,14.791563520861605,15.36722478881416,24402800
2004-03-26,15.523337364196777,15.874588839960497,15.064759565559179,15.22087184950809,12511000
2004-03-29,15.80628776550293,16.020940376078684,15.689203339101905,15.76725900303798,8492100
2004-03-30,15.913616180419922,15.9526449503409,15.56236562560492,15.659934758916098,7249600
2004-03-31,16.303895950317383,16.625877746350476,15.884347804232116,15.981916015278626,15037300
2004-04-01,16.489273071289062,16.674655956524848,16.24534890792386,16.303890186053277,14366000
2004-04-02,17.26983642578125,17.35764929846443,16.73320199705134,16.9576118445776,16371600
2004-04-05,17.52351188659668,17.806464823646706,17.32837366265983,17.386914943741505,20485300
2004-04-06,17.074691772460938,17.45521287930065,16.87955169352104,17.318615940638953,12219300
2004-04-07,16.869802474975586,17.094212344345642,16.66490513177229,17.074697957184494,19555800
2004-04-08,16.9283390045166,17.182020383132848,16.811254575542232,17.084450335819852,8305100
2004-04-12,16.772228240966797,17.29910353670195,16.635629425707076,17.17226377359713,7580300
2004-04-13,16.586843490600586,16.90882331921367,16.4502465514901,16.8795517489784,8815700
2004-04-14,16.08924102783203,16.342922435220412,15.679448271434502,16.196568278148597,17612100
2004-04-15,15.620908737182617,16.07948564383403,15.259900969383846,16.07948564383403,14255300
2004-04-16,15.523337364196777,15.650179001997733,15.269655949588994,15.611150233137707,8903200
2004-04-19,15.42576789855957,15.601392702130584,15.230627780485264,15.533094219102804,9257300
2004-04-20,14.996460914611816,15.884345855884971,14.996460914611816,15.51357999980614,13388400
2004-04-21,15.006217002868652,15.123300508045494,14.713507774678051,15.025730455149633,11161600
2004-04-22,15.025732040405273,15.220872166784812,14.772051551006623,15.025732040405273,7902800
2004-04-23,15.162332534790039,15.30868672409703,14.996463957310255,15.123304688941692,5263900
2004-04-26,15.094030380249023,15.445280907784355,15.055002543856208,15.445280907784355,7016700
2004-04-27,14.908649444580078,15.396497929695238,14.850108147444658,15.220873107791837,9059900
2004-04-28,13.932950019836426,14.469583445025917,13.89392218512248,14.059790715280995,21219300
2004-04-29,13.328018188476562,13.952464477767913,13.093851178928675,13.884165068777042,17675300
2004-04-30,13.288989067077637,13.63048328748183,13.132877742491798,13.513399794042451,7243900
2004-05-03,13.376802444458008,14.089060623441934,12.859683428860297,13.376802444458008,9818700
2004-05-04,13.376802444458008,13.513400324076825,13.132878257601003,13.425587467928795,9310200
2004-05-05,13.552430152893066,13.747569345021358,13.386561606959752,13.640242091478,8548000
2004-05-06,13.79635238647461,13.864650861247748,13.571941650010547,13.82562302844925,11307100
2004-05-07,14.030522346496582,14.3329878819411,13.835383141290905,13.893924437604044,14087800
2004-05-10,13.952466011047363,14.07930672111563,13.737812430124364,14.030521689474437,9124300
2004-05-11,14.0988187789917,14.196388832609813,13.903679602252467,14.011005916834797,7217400
2004-05-12,13.718297004699707,14.04027686457309,13.288989904537228,13.92319336375522,9193300
2004-05-13,13.689026832580566,13.796354083853714,13.376804131779513,13.571943319780171,6345700
2004-05-14,13.523159980773926,13.835383651105138,13.425590839824368,13.757327966146626,7677300
2004-05-17,13.230451583862305,13.464618637966767,12.976770143333892,13.230451583862305,6547500
2004-05-18,13.328018188476562,13.513401102241378,13.279233162196507,13.425588241036674,4404200
2004-05-19,13.552430152893066,14.079306436887988,13.542672960662385,13.562186414626682,17722600
2004-05-20,13.171907424926758,13.7378115213357,13.113365204730615,13.601213627876051,10188400
2004-05-21,13.279232025146484,13.464614923037669,13.12312069881511,13.240204193563642,8123700
2004-05-24,13.406076431274414,13.591459380618677,13.328020746444354,13.415833624502461,5250900
2004-05-25,13.971980094909668,14.030522321616122,13.396318742700897,13.415833128435425,9196300
2004-05-26,14.264687538146973,14.411042620895998,13.932950467178927,14.040277713960945,7549000
2004-05-27,14.489097595214844,14.830590910859806,14.264686851336645,14.342742519512463,11375900
2004-05-28,14.66472339630127,14.674480588121448,14.420799183778973,14.606182106374252,4642500
2004-06-01,14.528125762939453,14.693994294246457,14.362257231632448,14.54763921518305,6213500
2004-06-02,14.391530990600586,14.586670207763529,14.176877386472755,14.528128907863238,5000800
2004-06-03,13.708540916442871,14.293958467625515,13.56218583077444,14.245174369566397,11825700
2004-06-04,14.167119026184082,14.381771668037503,13.952465453833613,13.952465453833613,9488200
2004-06-07,14.537885665893555,14.567157247337644,14.196392256854143,14.196392256854143,5066700
2004-06-08,14.528125762939453,14.576909858796938,14.293957822537399,14.54763921518305,6550000
2004-06-09,13.971980094909668,14.391530083230728,13.971980094909668,14.362259435126065,14249000
2004-06-10,13.85489559173584,14.206147066128656,13.757326461457772,14.167119227918016,10296200
2004-06-14,13.601214408874512,13.854895826796124,13.454860245725856,13.854895826796124,6767400
2004-06-15,13.718297004699707,13.88416459965231,13.591456312856108,13.825623314491851,6572600
2004-06-16,13.640243530273438,13.698785759335589,13.42559086153893,13.562187845188678,8262000
2004-06-17,13.308503150939941,13.591455153062348,13.181662469919985,13.591455153062348,8329400
2004-06-18,13.357287406921387,13.649996602874818,12.976766289629122,12.976766289629122,6326500
2004-06-21,13.396317481994629,13.640241697738134,13.33777619129453,13.415831865892688,6415200
2004-06-22,13.523159980773926,13.640243508211695,13.298750119142495,13.571945016497287,12712900
2004-06-23,14.108576774597168,14.235417479331435,13.581700502122462,13.620728339694772,17806800
2004-06-24,14.02076530456543,14.245176090840905,13.74757041433615,13.903681780181453,11314600
2004-06-25,14.411043167114258,14.518369487467233,14.147604566479169,14.24517462534336,9572700
2004-06-28,14.12808895111084,14.57690950787248,14.098818308201613,14.528125413189423,5908300
2004-06-29,14.869619369506836,15.015974451356474,14.128089560193603,14.137846751749645,10884800
2004-06-30,14.937920570373535,14.996461865732597,14.693996335217513,14.859863959066264,10146200
2004-07-01,14.606184005737305,14.92816393369669,14.459828900893946,14.92816393369669,7292900
2004-07-02,14.32323169708252,14.489100255029442,14.176876594513224,14.469585869154683,6616300
2004-07-06,13.776840209960938,14.098820114709188,13.620728853779614,13.8548958880516,10792400
2004-07-07,14.011006355285645,14.147604248526203,13.776839335870703,13.776839335870703,6275500
2004-07-08,13.776840209960938,14.089062922323585,13.737812370915607,13.903680919482534,7484900
2004-07-09,14.05003547668457,14.108577702140312,13.864653468652753,13.932951956270195,6758100
2004-07-12,13.610971450805664,13.776839996806281,13.386561612391342,13.776839996806281,7318700
2004-07-13,13.75732421875,13.806108310687762,13.630483532618623,13.70853919631533,6175900
2004-07-14,13.08409595489502,13.523159396439036,12.888956750930692,13.171908829303247,18417700
2004-07-15,13.162149429321289,13.386560174121692,12.927982423831537,13.142635977445627,9775400
2004-07-16,12.908469200134277,13.337776345897437,12.88895574650707,13.269477862456638,8568100
2004-07-19,12.849926948547363,13.015795479220857,12.625516200372704,12.879197592049456,6215100
2004-07-20,13.269475936889648,13.337774410419486,12.879196685512357,12.927981708246632,10572600
2004-07-21,12.723087310791016,13.54267284098413,12.693816664854706,13.523158456695219,6563500
2004-07-22,13.181665420532227,13.298748937567288,12.693816967637595,12.693816967637595,7138400
2004-07-23,12.674302101135254,13.045067022902114,12.625517071600685,13.015796377380191,5418100
2004-07-26,12.527949333190918,12.87919990992161,12.401108614524993,12.771873577433741,4868800
2004-07-27,12.654790878295898,12.75236002406663,12.342567192536816,12.47916511321249,4975000
2004-07-28,12.566973686218262,12.713327819934397,12.2547510380255,12.498675214550317,6814200
2004-07-29,13.191422462463379,13.33777662446379,12.566976114901012,12.566976114901012,8987800
2004-07-30,13.201177597045898,13.308504841812631,12.86944053230689,13.074336899910572,4497100
2004-08-02,13.035308837890625,13.162149532819203,12.781628378530446,13.162149532819203,5469000
2004-08-03,12.645030975341797,12.986525238616423,12.5864887560244,12.97676804698069,6465000
2004-08-04,12.615758895874023,12.762113031774044,12.44989037892232,12.557216683215874,5592600
2004-08-05,12.420621871948242,12.732845532333409,12.41086560951209,12.615762008625396,4011200
2004-08-06,12.127911567687988,12.410863603539662,12.030341515119694,12.235237881115525,9359900
2004-08-09,11.903501510620117,12.010828760780774,11.766904545684062,12.001071568857617,7349900
2004-08-10,12.040101051330566,12.118156736388045,11.864475294702657,11.952288173016612,4932400
2004-08-11,11.464438438415527,11.835203367657975,11.22051421632158,11.835203367657975,10533300
2004-08-12,10.791208267211914,11.46443872776402,10.625339717561944,11.366868664265064,16216300
2004-08-13,10.839993476867676,10.918049163449298,10.625340804016801,10.703396490598426,7633900
2004-08-16,10.888776779174805,11.093673156438719,10.820478296919177,10.839991750207771,5769700
2004-08-17,10.859505653381348,11.122943309349045,10.761935599765465,11.015616994769166,8572500
2004-08-18,11.396140098571777,11.444924199211842,10.820478778247082,10.859506617057379,14023100
2004-08-19,11.191241264343262,11.513221096726125,11.152213434069486,11.386380415712138,9923500
2004-08-20,11.669336318969727,11.835204885708622,11.308328535625423,11.366869835358454,12749100
2004-08-23,11.864473342895508,12.049856262282818,11.679091354005207,11.737632642919193,6979400
2004-08-24,11.610793113708496,11.981558059371913,11.464438946169011,11.971801797233823,10240600
2004-08-25,11.737632751464844,11.874230644355704,11.405895676227768,11.620549242057114,7238500
2004-08-26,11.542495727539062,11.757149333508146,11.36686996533734,11.708364296174645,5049800
2004-08-27,11.591277122497559,11.757145639011592,11.493707078490399,11.61079057300085,2560000
2004-08-30,11.20099925994873,11.610792006580711,11.20099925994873,11.493708497614005,4874400
2004-08-31,11.230270385742188,11.357111081338834,10.849748298952246,11.308326055263665,6502700
2004-09-01,11.357111930847168,11.50346608952294,11.220514033718613,11.288812517034366,4778700
2004-09-02,11.36686897277832,11.396140550920732,10.986347761898095,11.327841132418884,6157600
2004-09-03,10.957075119018555,11.220513713718338,10.820478156282686,11.220513713718338,5066300
2004-09-07,10.849750518798828,11.132702611330107,10.732666990561455,11.054646925838524,6536300
2004-09-08,10.879020690917969,11.103431474733146,10.810722201733716,10.810722201733716,4329400
2004-09-09,11.240029335021973,11.43516853934587,10.879020643901358,11.103431426746683,14987700
2004-09-10,11.98155689239502,12.00107127576475,11.191242975861238,11.29856929290371,12973400
2004-09-13,12.00107192993164,12.235238960150534,11.7766611614324,11.9815575454982,10304500
2004-09-14,12.166939735412598,12.22548102415724,11.854716116952138,12.001071199807763,6979500
2004-09-15,11.805931091308594,12.098639373004678,11.757146067526934,12.098639373004678,8762600
2004-09-16,11.962043762207031,12.176696402082385,11.864473703720387,11.893744349067566,5782900
2004-09-17,12.449892044067383,12.498677072724579,12.088884320799378,12.186453447616742,10823200
2004-09-20,12.420621871948242,12.6547898498614,12.16694136916278,12.391351223645522,9648500
2004-09-21,12.449892044067383,12.5864890077111,12.332808533588329,12.488919880893734,7774200
2004-09-22,12.040101051330566,12.37183817807343,11.971802559529563,12.362080984816954,5565300
2004-09-23,12.17669677734375,12.313294677335318,11.962044130853233,12.001071969351242,4813900
2004-09-24,12.098642349243164,12.381594440186035,11.854718100826993,12.274268105861898,7704300
2004-09-27,12.020586013793945,12.176697375454058,11.932773140235854,12.001072558834988,5679900
2004-09-28,11.84496021270752,12.030342206647013,11.776660799784938,11.971800916138557,6322500
2004-09-29,11.805931091308594,12.088883112645894,11.747388876671216,11.805931091308594,9007100
2004-09-30,11.737632751464844,12.108397663171163,11.49370854090782,11.776660587934087,13259800
2004-10-01,12.059614181518555,12.1279136019714,11.854717781154294,11.883989360132858,14403400
2004-10-04,12.157181739807129,12.44013376468599,12.13766735785144,12.274265240050422,7523700
2004-10-05,12.137670516967773,12.29378282175437,12.069372023340454,12.176698360540126,9110400
2004-10-06,12.342564582824707,12.401106802306744,12.08888411306124,12.19621042986513,8874700
2004-10-07,12.127911567687988,12.508432725610973,12.069369350047616,12.293780098755898,8400000
2004-10-08,11.718119621276855,11.991314484087235,11.659577399711823,11.98155729207689,10064700
2004-10-11,11.610793113708496,11.65957814638736,11.318084778629524,11.464438946169011,9677000
2004-10-12,11.308326721191406,11.50346590648651,11.18148601812533,11.366868011531421,10803500
2004-10-13,11.357111930847168,11.562008311291477,11.308326901122895,11.493708897478674,6328900
2004-10-14,11.074158668518066,11.337596311532447,11.035130835090122,11.327839120551225,7779500
2004-10-15,11.103431701660156,11.181487385322322,11.005861631833877,11.171730192240265,4838000
2004-10-18,11.093671798706055,11.171727463301416,10.879018255820352,10.947317660213983,10261500
2004-10-19,11.230270385742188,11.444923011677764,11.181485359667018,11.259541029188497,8499700
2004-10-20,11.40589427947998,11.444922111169937,11.064400984817087,11.074158175363802,9469900
2004-10-21,11.56200885772705,11.688848638308906,11.259542403539237,11.405896569131897,7776100
2004-10-22,11.249785423278809,11.688848858837504,11.240029161086431,11.679092596645127,5454200
2004-10-25,11.425409317016602,11.454679959841577,11.152214479490585,11.249783599072826,6372500
2004-10-26,11.40589427947998,11.493707133406609,11.308325165503541,11.425408660573412,3615200
2004-10-27,11.84496021270752,11.883988049878836,11.269298916557824,11.269298916557824,6967900
2004-10-28,11.952286720275879,12.030342395846079,11.727876885635814,11.844960398991114,7147900
2004-10-29,11.883988380432129,12.049856925648118,11.776661127352922,11.903501834312037,3289300
2004-11-01,11.708361625671387,11.923015182681183,11.669333790805695,11.883987347815491,6692000
2004-11-02,11.522980690002441,11.757147720479937,11.415653436494125,11.630307013013693,12919100
2004-11-03,11.396140098571777,11.923016387759331,11.347355067434636,11.805932871328439,9390400
2004-11-04,11.454682350158691,11.522981771665364,11.269300332919789,11.396141052292576,12804500
2004-11-05,11.591277122497559,11.776659089514883,11.454679246986915,11.571762741497366,8029600
2004-11-08,11.659577369689941,11.825445911450558,11.61079234026087,11.659577369689941,3686200
2004-11-09,11.56200885772705,11.698605830814309,11.4254109541427,11.581522312240763,6026800
2004-11-10,11.220515251159668,11.571765828390909,11.10343172541592,11.571765828390909,8113900
2004-11-11,11.36686897277832,11.51322407199904,11.161972578267003,11.31808487020186,7126000
2004-11-12,11.718119621276855,11.737633074800502,11.40589599042509,11.542493887078804,8614900
2004-11-15,11.825444221496582,11.952284907686764,11.610790680982664,11.708360725897238,6555700
2004-11-16,11.659577369689941,11.805932457977155,11.61079234026087,11.805932457977155,4340700
2004-11-17,12.225481986999512,12.303537665137805,11.864474242985633,11.864474242985633,11480600
2004-11-18,11.87423038482666,12.020584535763279,11.78641752206589,11.971800439115738,9859800
2004-11-19,11.415653228759766,11.835203181936722,11.366868199007111,11.835203181936722,10161400
2004-11-22,11.142457962036133,11.415652816079016,11.074159481149666,11.415652816079016,10642500
2004-11-23,11.142457962036133,11.288812115506282,11.074159481149666,11.142457962036133,9479000
2004-11-24,11.20099925994873,11.327839960620251,11.132700779009072,11.240028026767982,5791100
2004-11-26,11.122945785522461,11.259543704894522,11.122945785522461,11.249786511261403,2167100
2004-11-29,10.918047904968262,11.25954219227303,10.888777258498362,11.21075716115848,7637500
2004-11-30,10.810722351074219,11.015618751954568,10.800965158056787,11.015618751954568,6998300
2004-12-01,11.161971092224121,11.249783953966213,10.830234958582977,10.849748410916225,11068700
2004-12-02,11.122945785522461,11.259543704894522,11.015619447049755,11.13270297915558,9889300
2004-12-03,11.259542465209961,11.454681663901354,11.181486785733405,11.29857030494824,10205300
2004-12-06,11.40589427947998,11.464436492263367,11.064400984817087,11.220512311576913,7137200
2004-12-07,11.122945785522461,11.48395450597025,11.054647291085029,11.405897887402501,7109300
2004-12-08,10.92780590057373,11.562009490687869,10.879020865873082,11.562009490687869,6560200
2004-12-09,10.879020690917969,10.96683356586751,10.683881485750724,10.781451553582912,11458000
2004-12-10,11.025375366210938,11.142458884782558,10.76193675155197,10.76193675155197,6284700
2004-12-13,11.259542465209961,11.347355337245363,11.06440326651857,11.201000240353995,7880100
2004-12-14,11.36686897277832,11.396140550920732,11.230271996768849,11.259542644414148,10189500
2004-12-15,11.552250862121582,11.620549343917174,11.366867939394936,11.425410159860464,10929300
2004-12-16,11.347354888916016,11.513223433874575,11.230271374327101,11.39613991928566,7049600
2004-12-17,11.035130500793457,11.347353158758576,10.966831096490898,11.142456806844736,7554000
2004-12-20,11.074158668518066,11.298568478104503,10.93756078627179,11.28881128712328,6051000
2004-12-21,11.259542465209961,11.269299657768805,11.054646073959725,11.132701753436281,6468600
2004-12-22,11.591277122497559,11.68884623600782,11.259540089469494,11.415651415483431,14946700
2004-12-23,11.51322078704834,11.571762065635948,11.240025982480192,11.415650748739864,7608200
2004-12-27,11.51322078704834,11.708359933168445,11.366865729585626,11.630304274720404,6424000
2004-12-28,11.67909049987793,11.69860395125651,11.513221975923756,11.552249809177859,5449300
2004-12-29,11.962043762207031,11.991314407554208,11.620549488000817,11.688847970643245,6807200
2004-12-30,11.991314888000488,12.127912789255339,11.942529856802537,11.971801433819554,5150700
2004-12-31,12.049854278564453,12.079124918202739,11.962041429152736,11.962041429152736,4384800
2005-01-03,11.708361625671387,12.137667809194,11.610791573258666,12.079126522143952,6698700
2005-01-04,11.376626014709473,11.757148151043465,11.230271847925607,11.708363118616475,7710000
2005-01-05,11.249785423278809,11.444924624582995,11.181486935446621,11.269299808657783,5512800
2005-01-06,11.13270092010498,11.357111679674778,11.064402438299707,11.288812267372478,7517400
2005-01-07,11.181486129760742,11.337597479555432,11.02537477996605,11.288812450120332,9267700
2005-01-10,11.152216911315918,11.298571087851396,11.08391748916849,11.08391748916849,4103600
2005-01-11,10.820477485656738,11.083915133532297,10.78144965150862,11.05464449054545,8382900
2005-01-12,11.054645538330078,11.064402730416157,10.80096412707432,10.927804832702199,7553700
2005-01-13,10.898533821105957,11.07415955077189,10.849748792810196,11.005860138959015,5000000
2005-01-14,10.937562942504883,11.044889272965822,10.888777908478227,10.957076397817268,4325100
2005-01-18,10.92780590057373,11.00586158389591,10.830236761669576,10.879020865873082,7240200
2005-01-19,10.74242115020752,10.947317499384393,10.732663959652214,10.937560308829088,4431100
2005-01-20,10.752178192138672,10.869261685693202,10.635093768087248,10.703393170533394,7063800
2005-01-21,10.15700626373291,10.752182066906622,10.117978418483588,10.683882639847386,12832400
2005-01-24,9.815508842468262,10.244814964912655,9.805751652515767,10.166759306286401,10203600
2005-01-25,10.00089168548584,10.127732374619926,9.903321638306718,9.94234947107898,9478200
2005-01-26,10.05943489074707,10.127733372201698,9.874051968945906,10.098462727363575,6271300
2005-01-27,10.371658325195312,10.430199619056937,10.059435609941078,10.332630485788533,6525400
2005-01-28,10.108219146728516,10.488741257563232,10.000892826978895,10.478984065632256,6059400
2005-01-31,10.15700626373291,10.283846993417518,10.127735612420226,10.196034108982234,3692400
2005-02-01,10.43995475769043,10.469225398862855,10.25457278960252,10.332628453060261,5037600
2005-02-02,10.557043075561523,10.67412662423442,10.439959526888625,10.508258961487481,6190700
2005-02-03,10.586311340332031,10.596067601788505,10.371657769839928,10.547283503015016,6423800
2005-02-04,10.830235481262207,10.888776771584212,10.5765540752081,10.605824720369103,6326800
2005-02-07,11.044889450073242,11.132702326629897,10.791208943961637,10.810722399586924,8694900
2005-02-08,11.054645538330078,11.210756889719145,11.005860508396731,11.015617700482812,5440200
2005-02-09,10.957075119018555,11.074159559216472,10.800963772750691,11.044887983918482,6461800
2005-02-10,10.996102333068848,11.142456466900663,10.820476628073155,11.064400804790777,6079600
2005-02-11,11.444923400878906,11.630306320169366,10.888776504001552,10.996103751116136,9887500
2005-02-14,11.522980690002441,11.542494143960367,11.230271436657041,11.386382790308703,4733900
2005-02-15,11.630304336547852,11.854714123154737,11.415650809426202,11.58151931713427,8932700
2005-02-16,11.51322078704834,11.630304274720404,11.34735228022204,11.630304274720404,6853600
2005-02-17,11.220515251159668,11.503467337664677,11.181487409245085,11.503467337664677,7513600
2005-02-18,11.220515251159668,11.2888137418859,11.093674532312987,11.122945181124637,4759300
2005-02-22,11.181486129760742,11.532736666798797,11.054645425428294,11.054645425428294,7837500
2005-02-23,11.083916664123535,11.318084631845743,10.73266610828586,11.23027176026205,8259200
2005-02-24,11.288810729980469,11.288810729980469,11.005858718968327,11.132699403973342,4960800
2005-02-25,11.396140098571777,11.474195776192373,11.220514358676901,11.288812843970653,6061900
2005-02-28,11.220515251159668,11.503467337664677,11.16197302303922,11.298570934988833,5233300
2005-03-01,11.20099925994873,11.337597152325063,11.083915750982024,11.337597152325063,9364400
2005-03-02,11.142457962036133,11.200999251225387,10.927804397182502,11.200999251225387,10636500
2005-03-03,10.918047904968262,11.093673644781807,10.830235965558563,11.025375159519683,16870400
2005-03-04,10.498498916625977,10.908291690990353,10.469227339530608,10.908291690990353,21028300
2005-03-07,10.66436767578125,10.761936809871118,10.498499124281668,10.537526964017035,7060900
2005-03-08,10.32287311553955,10.732665887502126,10.293602469112816,10.566797340255508,9909500
2005-03-09,10.342387199401855,10.478984165752465,10.244817140153952,10.322872815353456,13328300
2005-03-10,10.43019962310791,10.449714008067422,10.30335984285943,10.391171783685973,7763100
2005-03-11,10.16676139831543,10.50825567294769,10.127733560971489,10.439956259723013,8010900
2005-03-14,10.137491226196289,10.186275327280901,10.030163970617146,10.147247488114962,7345800
2005-03-15,10.00089168548584,10.147245825757592,9.835023163579491,10.127732374619926,8649000
2005-03-16,10.127734184265137,10.254574896063392,9.90332340785373,9.952108440160305,9258800
2005-03-17,10.196032524108887,10.322873234077349,10.09846339140036,10.2936025873145,5687100
2005-03-18,10.039920806884766,10.283845025643382,10.000892969103269,10.205789350080389,4604700
2005-03-21,9.971622467041016,10.166761658759642,9.922837436487093,10.088705982072192,4308000
2005-03-22,9.854537963867188,10.098462161680763,9.835023581403556,10.01064930158836,5845600
2005-03-23,9.971622467041016,10.039920951518269,9.864295213722972,9.893566790353564,5322500
2005-03-24,9.981378555297852,10.147247098000488,9.95210790967299,10.059435161125899,3904900
2005-03-28,9.922837257385254,10.215546504928483,9.88380941974596,10.059435154371306,6756600
2005-03-29,9.874051094055176,9.981377402616657,9.795995427738292,9.913078927213618,11037200
2005-03-30,10.225303649902344,10.2448180356565,10.049678830600564,10.196033001768235,12999000
2005-03-31,10.088706016540527,10.235060178205254,10.049678178063463,10.235060178205254,5087900
2005-04-01,10.010650634765625,10.186275447842448,9.942351217544049,10.186275447842448,7425700
2005-04-04,9.844779014587402,9.991133134941325,9.80575118712657,9.971619686459311,5957000
2005-04-05,9.835022926330566,9.942349231241039,9.795995094499768,9.903321399410238,4867000
2005-04-06,9.825267791748047,9.971622889611956,9.81551152962147,9.893567209616712,4199500
2005-04-07,9.952108383178711,9.96186557568358,9.737454800557057,9.835024864611562,6605700
2005-04-08,9.952108383178711,10.039921254728347,9.903323351151458,9.952108383178711,4139500
2005-04-11,9.971622467041016,10.010650305384742,9.87405240593317,9.95210808262062,4309400
2005-04-12,9.942351341247559,9.981379181361007,9.75696933333296,9.952108533900196,4955400
2005-04-13,9.747211456298828,9.91307999775912,9.708183618925645,9.893566544321049,5261100
2005-04-14,9.532559394836426,9.786239887917734,9.474017169973294,9.786239887917734,7023700
2005-04-15,9.28863525390625,9.513045101981039,9.14228015557751,9.347176548840062,8773100
2005-04-18,9.38620376586914,9.425231603399897,9.269120253276867,9.337418736331433,5613900
2005-04-19,9.405717849731445,9.493529783500646,9.327662177160812,9.464259138910913,3656600
2005-04-20,9.210578918457031,9.56183042054673,9.142280428827204,9.542316034654132,7771900
2005-04-21,9.483773231506348,9.542314518890795,9.249605290477596,9.278876864666806,6724100
2005-04-22,9.181307792663574,9.49353050673169,9.093494921707645,9.49353050673169,5136300
2005-04-25,9.347174644470215,9.513043163817557,9.317904002966836,9.513043163817557,4944200
2005-04-26,9.317904472351074,9.55207147716797,9.317904472351074,9.434987974759522,7378400
2005-04-27,9.25936222076416,9.405717296092105,9.230091577897355,9.308147245873474,6552000
2005-04-28,9.337418556213379,9.47401645018459,9.230092237698372,9.249605690838816,5696300
2005-04-29,9.474016189575195,9.503286833729202,9.259362627952804,9.41547397077018,5272600
2005-05-02,9.425230979919434,9.561828867489638,9.415473788557923,9.483773197591516,3079100
2005-05-03,9.464262008666992,9.513047051440505,9.269122768070236,9.278879962724398,3935900
2005-05-04,9.835022926330566,9.835022926330566,9.269118899535519,9.269118899535519,8258800
2005-05-05,9.795995712280273,10.186274055201014,9.727697234893386,9.835023546572348,6316600
2005-05-06,9.883808135986328,9.952106610359875,9.786238089312468,9.952106610359875,4326600
2005-05-09,9.864294052124023,9.913079076933123,9.786238384628248,9.835023409437346,4920500
2005-05-10,9.756969451904297,9.89356735920992,9.717941611316565,9.864295780896283,3404800
2005-05-11,9.756969451904297,9.815511678034454,9.66915657795762,9.76672664467551,4491400
2005-05-12,9.913079261779785,9.981377739487895,9.756967923877264,9.786238567109745,4813000
2005-05-13,10.313114166259766,10.361899188991215,9.922835845402002,10.069189983099434,14830700
2005-05-16,10.15700626373291,10.371659877852801,10.147249069796272,10.352145489979526,4046700
2005-05-17,10.342387199401855,10.371657844977408,10.04967795215519,10.088705789754943,3723600
2005-05-18,10.283844947814941,10.478984135245605,10.166761435356543,10.342387169292662,11591100
2005-05-19,10.196032524108887,10.332630426497326,10.14724749250608,10.332630426497326,5629800
2005-05-20,10.283844947814941,10.30335933180653,10.059435114893938,10.22530272633722,5609700
2005-05-23,10.43019962310791,10.537526879391054,10.205789779056042,10.313116104842099,7346600
2005-05-24,10.576553344726562,10.596066796653835,10.342386338617487,10.342386338617487,6513800
2005-05-25,10.46922779083252,10.576555050481321,10.371658654466568,10.56679785769559,5803600
2005-05-26,10.761937141418457,10.839992823293883,10.469227869137047,10.469227869137047,8926700
2005-05-27,10.80096435546875,10.830235932345959,10.498498838380838,10.732665870416074,4155000
2005-05-31,10.713150978088379,10.879019517209706,10.664366879932599,10.830235419053926,5051000
2005-06-01,10.576553344726562,10.830234733259879,10.498497676023538,10.722907490920493,5523900
2005-06-02,10.781450271606445,10.791207463328902,10.547283253249558,10.576553897919915,5185400
2005-06-03,10.557043075561523,10.781453908390906,10.49850176647374,10.781453908390906,4153900
2005-06-06,10.342387199401855,10.381415037001608,10.225302756105553,10.342387199401855,5126500
2005-06-07,10.235060691833496,10.400929246309108,10.225303499100317,10.293602917735464,6935200
2005-06-08,10.420442581176758,10.547283282428563,10.264331235173618,10.27408749642605,8415200
2005-06-09,10.703394889831543,10.732665535297729,10.352143422249146,10.352143422249146,5309000
2005-06-10,10.635092735290527,10.732662769025847,10.576551459446778,10.722905579552954,4676500
2005-06-13,10.586311340332031,10.713151113739551,10.576554148378516,10.605824793742018,3821300
2005-06-14,10.498498916625977,10.781450981734992,10.469227339530608,10.59606804878597,7781500
2005-06-15,10.66436767578125,10.703395515516616,10.35214402740122,10.635096098106901,5418000
2005-06-16,10.683879852294922,10.898533410409124,10.644852017228429,10.693637043685792,6014700
2005-06-17,10.566797256469727,10.752180186862285,10.527769418044514,10.752180186862285,5058500
2005-06-20,10.40092658996582,10.586309482561951,10.391169399724577,10.566795102079464,3579100
2005-06-21,10.352142333984375,10.469225834037804,10.342386073519299,10.38141390687044,3881500
2005-06-22,10.342387199401855,10.430199136128513,10.293602169777904,10.361900652953208,3693200
2005-06-23,10.566797256469727,10.732665802401145,10.303359579723809,10.361900872113095,8693800
2005-06-24,10.32287311553955,10.576554532563444,10.196032407027605,10.566797340255508,9823100
2005-06-27,9.922837257385254,10.313115633778194,9.903322873317084,10.283844988172985,6451400
2005-06-28,10.00089168548584,10.147245825757592,9.932593210758613,9.932593210758613,4545500
2005-06-29,10.196032524108887,10.274088202474543,10.049678359797554,10.274088202474543,5646500
2005-06-30,9.961865425109863,10.196032458704726,9.942351040395087,10.127733973197161,4938800
2005-07-01,9.952108383178711,10.010650607710833,9.854539249621299,9.913080543656328,4487500
2005-07-05,10.244818687438965,10.29360372443097,9.874053708995797,9.961866589481966,7977100
2005-07-06,10.615581512451172,10.74242221070115,10.244816609219768,10.342386663411137,14316100
2005-07-07,10.586311340332031,10.674123276422534,10.439956252520444,10.576554148378516,9545800
2005-07-08,11.142457962036133,11.191242990025188,10.664366734836833,10.7326652157233,11473800
2005-07-11,11.444923400878906,11.49370842861308,11.22051357599752,11.240027959289995,13390200
2005-07-12,11.532735824584961,11.610791493782049,11.376624486190785,11.474194537935631,11640900
2005-07-13,11.522980690002441,11.581521982373284,11.386382790308703,11.552251336187862,8220700
2005-07-14,11.610793113708496,11.72787756433661,11.571765273664827,11.601036851570408,7543100
2005-07-15,11.630304336547852,11.698602805428756,11.47419301882187,11.698602805428756,6187800
2005-07-18,11.620550155639648,11.679092380194486,11.474195989998194,11.552251669073248,4432600
2005-07-19,11.87423038482666,11.903501028914583,11.640063371129271,11.669334015217196,7012900
2005-07-20,11.923015594482422,11.952286239018406,11.669334193845197,11.747389866272496,6234700
2005-07-21,11.825444221496582,12.108396235152554,11.776659199039294,11.903499885229477,5742700
2005-07-22,11.64006519317627,11.844961594858654,11.562009509725565,11.786419367022054,5660800
2005-07-25,11.435168266296387,11.688848760611497,11.396140426363516,11.65957811328612,5060900
2005-07-26,11.610793113708496,11.65957814638736,11.337598233402808,11.464438946169011,7397500
2005-07-27,11.620550155639648,11.669335187685832,11.435168150460665,11.649820802668522,5561200
2005-07-28,11.708361625671387,11.854715773793487,11.483951807817903,11.659576599465026,5084300
2005-07-29,11.591277122497559,11.659575595004432,11.474193627987107,11.649818404504336,4525200
2005-08-01,11.883988380432129,11.883988380432129,11.718119835216138,11.805932703918376,6555200
2005-08-02,11.913259506225586,12.088885250702187,11.844961019150064,11.923016698806975,5426500
2005-08-03,11.864473342895508,11.923015562306503,11.727876381764869,11.923015562306503,4048000
2005-08-04,11.610793113708496,11.80593324442395,11.562009011526737,11.72787756433661,4958800
2005-08-05,11.571765899658203,11.610793741813147,11.366869495720458,11.610793741813147,5837300
2005-08-08,11.27905559539795,11.659576757884365,11.26929840392471,11.601035470038914,5465600
2005-08-09,11.259542465209961,11.464438856460198,11.230271818030527,11.396140369542485,5924300
2005-08-10,10.97658920288086,11.32783972239413,10.937561367379386,11.32783972239413,11947700
2005-08-11,11.025375366210938,11.103431045258684,10.947319687163189,11.005860981200454,8850400
2005-08-12,10.839993476867676,11.01561923692492,10.830237213917858,11.01561923692492,4665900
2005-08-15,11.074158668518066,11.25954064467656,10.791206643541239,10.791206643541239,5836100
2005-08-16,10.820477485656738,11.05464449054545,10.78144965150862,11.05464449054545,6534000
2005-08-17,10.957075119018555,11.171728685385375,10.869263184615647,10.869263184615647,6101200
2005-08-18,10.830235481262207,10.927804608631225,10.703394778235154,10.8790195796982,7075600
2005-08-19,10.879020690917969,11.083917088967857,10.849750042767164,10.927805724834062,3965600
2005-08-22,10.97658920288086,11.12294335338714,10.90829072337753,10.927804175879768,4724300
2005-08-23,10.830235481262207,11.044888119772267,10.800963905604172,10.96683244567824,4271800
2005-08-24,10.888776779174805,10.976589645216059,10.713151047092296,10.830235488811992,6396900
2005-08-25,11.074158668518066,11.083914929002342,10.918046404309345,10.927803595290568,4559600
2005-08-26,10.90829086303711,11.083915659793782,10.84974864378688,11.025374371040561,3123500
2005-08-29,10.888776779174805,10.976589645216059,10.781450459844958,10.859506133993397,2554600
2005-08-30,11.035130500793457,11.035130500793457,10.810719767508338,10.879018241313979,4379300
2005-08-31,11.620550155639648,11.757148059269541,11.005860985050772,11.025375370068081,13902600
2005-09-01,11.337597846984863,11.640064294887207,11.279056554163168,11.610792717979287,9023100
2005-09-02,11.386382102966309,11.425409939023298,11.230270758738355,11.396139294604808,6590000
2005-09-06,11.903501510620117,11.962043731662023,11.454680917622285,11.454680917622285,10797200
2005-09-07,11.864473342895508,12.235238251173119,11.815688315135846,11.923015562306503,10898500
2005-09-08,12.098642349243164,12.157184578281797,11.82544745155626,11.893745943353695,9023000
2005-09-09,12.186453819274902,12.293781071693367,11.903501761030228,12.196211011403319,6301400
2005-09-12,12.284021377563477,12.35231984755729,12.001069376950282,12.10839567701154,7610300
2005-09-13,12.371834754943848,12.440133227847529,12.29377909148338,12.313292542100044,6654500
2005-09-14,12.908469200134277,12.96701142201,12.352322279551647,12.352322279551647,21871500
2005-09-15,12.557219505310059,12.869442228330339,12.440135984177454,12.859685966108788,15650700
2005-09-16,12.498674392700195,12.742598553185784,12.362076527849407,12.576730049615838,8969500
2005-09-19,12.157181739807129,12.449890955663836,12.059611691022578,12.40110593127156,8954500
2005-09-20,12.020586013793945,12.323052474883246,11.96204471841996,12.176697375454058,6672200
2005-09-21,11.94252872467041,12.157182283294349,11.864473054352068,12.020584394988754,7824300
2005-09-22,11.766902923583984,12.049854936870572,11.54249219277219,12.04009774629247,12258800
2005-09-23,11.854716300964355,11.923015712889278,11.610792089582397,11.747389982935221,8038100
2005-09-26,11.805931091308594,12.147424396786336,11.698603852889557,12.137667205930617,6736700
2005-09-27,11.454682350158691,11.85471796406671,11.435168894369037,11.78641947305719,8161400
2005-09-28,11.454682350158691,11.737634437837325,11.41565450808223,11.610793718464537,5388000
2005-09-29,11.893746376037598,11.903503569648521,11.318085910451039,11.474197286237034,10066600
2005-09-30,12.97676944732666,13.142638001045274,12.45965033129063,12.684060180146925,46194000
2005-10-03,13.308503150939941,13.425586641766778,12.908466727493828,13.045064598706906,19456100
2005-10-04,13.006040573120117,13.269479202417498,12.937742082782488,13.22069416767756,9462300
2005-10-05,12.488920211791992,13.006039296066652,12.440135181842221,13.006039296066652,13812000
2005-10-06,12.635274887084961,12.830414084355185,12.440135689814737,12.566976400664654,13167000
2005-10-07,12.859684944152832,12.937740618704838,12.518190670115033,12.732844240381565,8019900
2005-10-10,12.4596529006958,12.937744275065405,12.440138511294283,12.937744275065405,8852800
2005-10-11,12.235239028930664,12.527948283598272,12.118155513163034,12.488920445009063,12400100
2005-10-12,12.430379867553711,12.527949942192722,12.069372080184879,12.244997842336222,11078200
2005-10-13,12.791385650634766,12.879198517951,12.215725278056093,12.332808790978723,11549400
2005-10-14,12.557219505310059,12.927984454145196,12.48892101727365,12.703574604598648,10196700
2005-10-17,12.693817138671875,12.732844978209416,12.518191395504392,12.654789299134334,5540300
2005-10-18,12.752358436584473,12.840171308194758,12.527948591800046,12.635274917936457,6415500
2005-10-19,12.566973686218262,12.596244326862111,12.088882523548872,12.41086236212188,13824300
2005-10-20,12.498674392700195,12.732841363447122,12.41086154604589,12.606000688334996,6570500
2005-10-21,12.362078666687012,12.75235701878963,12.284022996266488,12.75235701878963,12984000
2005-10-24,12.205967903137207,12.371836443249954,12.11815503713669,12.362079251361667,10754400
2005-10-25,12.342564582824707,12.381592418980395,12.186453238201954,12.205967621528306,10852600
2005-10-26,12.44013786315918,12.654791482905862,12.362082170614432,12.625519900328642,23283500
2005-10-27,12.313295364379883,12.488921112668843,12.274267523704237,12.440136079200007,12579000
2005-10-28,12.362078666687012,12.469404980890985,12.176695751565527,12.391349310470462,11464200
2005-10-31,12.674302101135254,12.82065718973896,12.430377883959453,12.625517071600685,12176500
2005-11-01,12.68405818939209,12.732843214681452,12.47916182757434,12.674300998234825,11952500
2005-11-02,12.94749927520752,13.025554958588812,12.645032804232157,12.830414819638438,18384700
2005-11-03,13.532917022705078,13.591459251017977,13.074339180828355,13.074339180828355,25025600
2005-11-04,13.58169937133789,13.698782874306687,13.32801798299035,13.620727205660822,9202400
2005-11-07,13.542675018310547,13.74757143380109,13.249965720395885,13.74757143380109,6707600
2005-11-08,13.376802444458008,13.523156584373439,13.259718946426277,13.357288062870921,7232800
2005-11-09,13.464616775512695,13.523158065692677,13.2597203988887,13.376803909745693,5504700
2005-11-10,13.445104598999023,13.562188129076993,13.220694732307207,13.5036468292866,5000000
2005-11-11,13.318262100219727,13.454859999018346,13.093852263440274,13.44510280685479,7070800
2005-11-14,13.006040573120117,13.171909132937621,12.967012731427594,13.035311221765223,10294800
2005-11-15,13.035308837890625,13.28899022774778,13.006038194598485,13.015795385861523,6834700
2005-11-16,13.103607177734375,13.191420030947295,12.976766493148702,13.025551514988868,6078500
2005-11-17,13.425590515136719,13.435347708144853,13.123124045364534,13.171909079908065,7551600
2005-11-18,13.835379600524902,13.854893050803001,13.464614740272113,13.464614740272113,13272600
2005-11-21,13.85489559173584,14.313473388583649,13.61097137029508,14.186632681774805,18831500
2005-11-22,14.313472747802734,14.381771228989525,14.050034153801658,14.15736140194892,24328600
2005-11-23,14.137847900390625,14.459827803923549,14.040278768394117,14.411043703173833,9927200
2005-11-25,14.235416412353516,14.391527750941844,14.11833290841227,14.284201438286612,4332800
2005-11-28,14.030522346496582,14.381772915866803,13.952466664414311,14.24517593747139,8501700
2005-11-29,13.58169937133789,14.098818408740982,13.542671537014959,14.089061217536006,11640700
2005-11-30,13.913436889648438,14.011006013442309,13.659755492889776,13.659755492889776,8676800
2005-12-01,14.137847900390625,14.274445801782228,14.069549414943362,14.089062869143833,7935500
2005-12-02,14.02076530456543,14.167120407918254,13.942709621642779,14.147606021939023,7681000
2005-12-05,13.952466011047363,14.050035143832664,13.864653140192631,14.050035143832664,4787200
2005-12-06,13.649999618530273,13.93295168668111,13.620728971617314,13.796354714089244,10780500
2005-12-07,13.328018188476562,13.630484607015322,13.191421231488786,13.601213032949099,11282200
2005-12-08,12.81089973449707,13.328018803744945,12.645031195785995,13.31826161193911,20049200
2005-12-09,13.08409595489502,13.152394443658252,12.810901069344961,12.810901069344961,10914300
2005-12-12,13.464616775512695,13.464616775512695,13.162150341259355,13.201178178211688,9823200
2005-12-13,13.503643989562988,13.60121311219459,13.220691952086465,13.376803292694618,7947900
2005-12-14,13.201177597045898,13.542671853217701,13.152392570378929,13.44510179988376,10430000
2005-12-15,13.22069263458252,13.425589012332397,13.0743375473343,13.132879768332995,8931000
2005-12-16,13.337775230407715,13.37680306489513,13.142636057970636,13.288990204674201,6728700
2005-12-19,13.318262100219727,13.57194351348985,13.220692970075335,13.308505838553229,10211400
2005-12-20,13.376802444458008,13.406073086341708,13.03530821065943,13.259718946426277,10006100
2005-12-21,13.79635238647461,13.806108646801535,13.513400366061266,13.542671008035907,11015600
2005-12-22,13.308503150939941,13.591455153062348,13.230447490388718,13.240203750084968,15428500
2005-12-23,13.318262100219727,13.357289938376896,13.210935777911779,13.220692970075335,4163000
2005-12-27,13.142635345458984,13.4255873627771,13.09385032237029,13.31826012588259,4583700
2005-12-28,13.123124122619629,13.210936999215509,12.927984913793868,13.132881315685204,7650800
2005-12-29,12.94749927520752,13.113366904519907,12.90847050301973,12.99628337944797,4151200
2005-12-30,12.986526489257812,13.015797136486857,12.801143552313965,12.879199231922817,4105700
2006-01-03,13.181665420532227,13.269478290932792,13.015796872108286,13.15239384340065,9705200
2006-01-04,13.708540916442871,13.796353781744525,13.308505357177141,13.415831675603036,12893700
2006-01-05,13.835379600524902,13.854893050803001,13.562183852656391,13.679268276312547,11511200
2006-01-06,14.118332862854004,14.245173557671965,13.884164925230172,14.059790645823803,10694100
2006-01-09,14.342744827270508,14.450072086154012,14.079307137414048,14.09882059234925,6825300
2006-01-10,14.215904235839844,14.225661428640002,13.932952158115068,14.14760574723297,7551700
2006-01-11,14.391530990600586,14.45007322099806,14.186634579955198,14.33298876020311,8218100
2006-01-12,14.215904235839844,14.459828472861101,14.011007839522101,14.440315017757904,8595700
2006-01-13,14.157360076904297,14.303714217320119,13.952463722023989,14.303714217320119,7570600
2006-01-17,13.630485534667969,13.962222619353064,13.571943313048285,13.806110338532925,15535200
2006-01-18,13.718297004699707,13.757324838305664,13.34753212019464,13.396316214329373,10673500
2006-01-19,13.98173713684082,14.050035625180112,13.728055708013281,13.864653615188983,7601500
2006-01-20,13.669511795043945,13.99149165055916,13.435344796577777,13.99149165055916,13473800
2006-01-23,13.835379600524902,13.95246309368417,13.679268276312547,13.698781726590646,7491000
2006-01-24,13.75732421875,14.157359727819857,13.747567028163685,13.83537988244671,10725100
2006-01-25,13.767082214355469,13.864652271524758,13.659755895866873,13.786596597988137,6820800
2006-01-26,14.001253128051758,14.137850120395514,13.7963567090389,13.884168662475362,7493800
2006-01-27,14.342744827270508,14.381772667638025,14.01100771889806,14.050035559265575,10434000
2006-01-30,14.567154884338379,14.596425530537136,14.303716277058367,14.313473469290308,6337900
2006-01-31,14.32323169708252,14.528128096281828,14.29396011827038,14.469585869154683,5470200
2006-02-01,14.6549654006958,14.664721660864387,14.147602652052635,14.225658316382827,9249200
2006-02-02,14.586668014526367,14.976947320667424,14.469584501833165,14.63545304410613,12823600
2006-02-03,14.528125762939453,14.664722720135586,14.25492998755322,14.401285066616627,10687100
2006-02-06,15.620908737182617,15.747748524641336,14.928163850191154,14.986705147403311,19688400
2006-02-07,15.962404251098633,16.059972466799305,15.562367681046501,15.620909913163002,20044800
2006-02-08,15.952643394470215,16.108754736940142,15.757503285885809,15.991670299590698,17726200
2006-02-09,15.864828109741211,16.098995087697567,15.796529640461488,15.855070919702149,12001800
2006-02-10,16.001426696777344,16.118511128314488,15.464794216300705,15.864829744145597,10742200
2006-02-13,15.79653263092041,15.962401170997797,15.650178474615435,15.95264397911159,7041000
2006-02-14,16.225839614868164,16.362438454650864,15.698964224545431,15.79653429267757,12805000
2006-02-15,16.3721923828125,16.381949573779476,15.952642476202016,16.14778071255985,12201600
2006-02-16,16.577091217041016,16.655146899824835,16.39170827255659,16.440494237417898,11543800
2006-02-17,16.24535369873047,16.733202169328948,16.186812403337036,16.733202169328948,8272500
2006-02-21,15.689205169677734,16.186810783202237,15.533093823590914,16.177053591447557,10682100
2006-02-22,15.913616180419922,15.97215933530139,15.406254267909365,15.689206336356833,10907500
2006-02-23,15.367223739624023,15.942884968273574,15.328195907028983,15.923370586727591,13781100
2006-02-24,15.49406623840332,15.659933848438392,15.240384831648681,15.367225535026002,9192000
2006-02-27,15.269655227661133,15.435523765485954,14.98670318028297,15.435523765485954,13744600
2006-02-28,15.133058547973633,15.425767792576993,15.045245681542921,15.269655513090706,10496900
2006-03-01,15.562363624572754,15.698961510240947,15.17208528051644,15.230626566876403,13691500
2006-03-02,15.464794158935547,15.68920396913925,15.142814299645137,15.38673849186496,9328900
2006-03-03,15.503824234008789,15.835560401772621,15.240385621684975,15.376983524056259,9089500
2006-03-06,15.220870018005371,15.806288453504406,15.103785586508003,15.689204022007038,6812300
2006-03-07,14.615939140319824,15.269656138875888,14.586668493809022,15.220872038190244,15312600
2006-03-08,14.508613586425781,14.615939916328417,14.069550143464113,14.206148051928752,28225200
2006-03-09,14.167119026184082,14.869620103972265,14.157361834146094,14.4988551810022,12412100
2006-03-10,14.118332862854004,14.479340564798825,14.050033454569274,14.440312730277682,12224900
2006-03-13,14.420801162719727,14.586669724436497,14.196391303042423,14.245176338340972,9402700
2006-03-14,14.713508605957031,14.78180708854465,14.25493082023308,14.29395865749701,9816500
2006-03-15,14.645209312438965,14.820834105153482,14.4890979720274,14.772050009147609,11688500
2006-03-16,14.235416412353516,14.674479784757432,14.215902029781487,14.654966332682378,13208900
2006-03-17,14.411043167114258,14.596425162359768,14.079306083572462,14.235417433357531,9344400
2006-03-20,14.459827423095703,14.61593877457628,14.391528939447214,14.440313969409157,12571800
2006-03-21,14.635453224182129,15.015975342989805,14.303716135554472,14.450071226094527,12332000
2006-03-22,14.196389198303223,14.391528380069165,14.001250016537282,14.196389198303223,15419200
2006-03-23,14.079305648803711,14.547639683696776,14.069548457119184,14.098819101675748,12085000
2006-03-24,14.118332862854004,14.176874149387233,13.971977785526986,14.14760350612062,8786500
2006-03-27,14.411043167114258,14.547640132927674,14.108576729032901,14.11833392101873,7493000
2006-03-28,14.079305648803711,14.39152833873242,14.05979126543466,14.39152833873242,10767600
2006-03-29,14.528125762939453,14.576909858796938,14.098818647616506,14.108575838986797,8156600
2006-03-30,14.459827423095703,14.723266026591967,14.34274390948527,14.62569596666808,8706100
2006-03-31,14.362256050109863,14.615936491389306,14.313471027768735,14.459825164295216,10922900
2006-04-03,15.074518203735352,15.172088274250296,14.489100572137147,14.576912519004013,13546100
2006-04-04,15.259899139404297,15.376982650285003,15.035488379010175,15.12330124479496,10128300
2006-04-05,15.181842803955078,15.562363965112404,14.986702697159846,15.201356256336407,12339900
2006-04-06,15.201356887817383,15.737989412305602,15.162329050936476,15.416010455910888,13618200
2006-04-07,14.879376411437988,15.464794871955657,14.83059138464535,15.298926339158884,13062000
2006-04-10,14.547638893127441,14.996459450757996,14.440312581921185,14.94767442548353,12540700
2006-04-11,14.733023643493652,15.025731970711117,14.654967965502717,14.77205148248912,17372400
2006-04-12,14.947674751281738,15.425766892795606,14.801320602765381,14.879376272707036,21542800
2006-04-13,14.674480438232422,15.084273185523909,14.62569541012686,14.88913400359868,11498100
2006-04-17,14.752534866333008,15.162327579050336,14.53788131907704,14.762292057230312,11819900
2006-04-18,15.640421867370605,15.6794487753802,15.11354465178507,15.259899744057853,19126300
2006-04-19,16.098997116088867,16.108754307357287,15.630663101168466,15.68920438778503,13865300
2006-04-20,16.391708374023438,16.508792829421072,15.981915571623137,16.147784131189788,12817600
2006-04-21,16.001426696777344,16.44049098879925,15.855072553101342,16.44049098879925,11491700
2006-04-24,16.001426696777344,16.04045546095436,15.698961218381088,15.991669505733089,9474700
2006-04-25,16.06972885131836,16.089243237873546,15.669693231908695,16.01118755264713,6228400
2006-04-26,16.391708374023438,16.430737146154076,16.020944343753776,16.06972844792279,12305900
2006-04-27,16.97712516784668,16.99663955188761,16.16729684008887,16.24535251525851,15273200
2006-04-28,16.557575225830078,16.918583886826674,16.489276742640097,16.60636118596156,13412500
2006-05-01,16.333166122436523,16.6844176071107,16.323408929973997,16.557575966092056,8107700
2006-05-02,16.342924118041992,16.47952109724179,16.245354049616022,16.420979800583915,6491800
2006-05-03,16.323406219482422,16.430733457754393,16.177052078834922,16.34292060116712,7646600
2006-05-04,16.54781723022461,16.60636037953947,16.39170588737298,16.440491845135366,5963200
2006-05-05,16.635631561279297,16.703931908174066,16.440493295991022,16.625876229859923,7734400
2006-05-08,16.821016311645508,17.045426178408363,16.67466213162601,16.733203431434937,5104000
2006-05-09,16.830772399902344,17.064939444755588,16.63563226536085,16.781988296764094,7976200
2006-05-10,16.20632553100586,16.77222963853978,15.84531687194387,16.76247244656577,14257700
2006-05-11,15.718477249145508,16.245352593840668,15.581879351689361,16.20632568656411,9261400
2006-05-12,15.42576789855957,15.816045343217052,15.34771129303162,15.58187924862138,9161500
2006-05-15,15.445281028747559,15.650178334535806,15.191599624958993,15.337954710451022,7572200
2006-05-16,15.581879615783691,15.679448746622864,15.22087187763492,15.523337392882537,7381500
2006-05-17,15.250140190124512,15.718475110173772,15.220869548401721,15.533092208103279,6652700
2006-05-18,14.986703872680664,15.46479605523299,14.976947610973237,15.25989967142401,5756400
2006-05-19,15.386738777160645,15.494065088748473,15.074515172592202,15.318439369334785,11490300
2006-05-22,15.181842803955078,15.220870639214727,14.8696191913809,15.201356256336407,8357700
2006-05-23,14.869619369506836,15.542850698921772,14.850105916891751,15.318439945617792,10208900
2006-05-24,15.084273338317871,15.172086203697965,14.73302280729452,14.879376962596659,11649100
2006-05-25,15.777016639709473,15.855072305852376,15.191598213140765,15.328196094139313,9550700
2006-05-26,15.972159385681152,16.12827074386912,15.630665091772157,15.777019257449101,8490800
2006-05-30,15.669689178466797,16.00142622011376,15.611147894939053,15.90385617357162,6353000
2006-05-31,16.157543182373047,16.26487045708088,15.708723417221197,15.786779109464758,14076900
2006-06-01,16.460004806518555,16.54781580091823,15.903856102028344,15.99166895742186,14125600
2006-06-02,16.05997085571289,16.46976364792762,15.90385949305911,16.460008316131717,14013000
2006-06-05,15.640421867370605,16.24535289897533,15.630664675119673,16.14778283746014,11984300
2006-06-06,15.864828109741211,15.98191066822253,15.523333902348883,15.640418321823917,11423200
2006-06-07,15.435523986816406,16.00142808968725,15.367225504555211,16.00142808968725,10129700
2006-06-08,15.152571678161621,15.562364425766503,14.645209804768015,15.542850972807566,21487800
2006-06-09,15.152571678161621,15.562364425766503,15.035488168916942,15.29892676259023,9315100
2006-06-12,14.772048950195312,15.328195793167696,14.70374954578864,15.152570082546136,8056700
2006-06-13,14.489097595214844,14.928160961328059,14.450069761126935,14.733021790888515,13568100
2006-06-14,14.889132499694824,15.025729447996753,14.586666100389126,14.635451123567067,12950300
2006-06-15,15.65018081665039,15.659936149002407,14.908649940778812,14.937921520817898,8983200
2006-06-16,15.952643394470215,15.981913108062077,15.494065628092061,15.679447614650847,18182500
2006-06-19,15.503824234008789,16.079484629258932,15.289170653281653,16.040457720578086,9350100
2006-06-20,15.581879615783691,15.71847751555501,15.269655977805972,15.494066746680492,7375000
2006-06-21,15.562363624572754,16.30389247827975,15.542850172618422,15.542850172618422,14329100
2006-06-22,15.786771774291992,15.99166717335571,15.56236106548911,15.73798582618613,11582800
2006-06-23,16.020938873291016,16.206321755622692,15.65993029832866,15.708716246833653,7998800
2006-06-26,16.274620056152344,16.28437724575359,15.816041449861931,16.059965606912193,6635100
2006-06-27,15.640421867370605,16.333165768239585,15.386740451828771,16.323408575988655,7629700
2006-06-28,15.572120666503906,15.855072695856231,15.220870160220766,15.650177265063787,10826600
2006-06-29,14.752534866333008,15.367223935409001,14.4695828437898,15.26965388742985,24240400
2006-06-30,14.693994522094727,14.928161535630842,14.47934096110479,14.645209494983787,11800600
2006-07-03,15.025732040405273,15.035489232823666,14.58666861704548,14.693995872653641,7429600
2006-07-05,14.635453224182129,15.094031019079011,14.586668194002112,15.025731604628163,11625500
2006-07-06,14.937920570373535,14.94767683260197,14.674481949766417,14.674481949766417,6958300
2006-07-07,14.498855590820312,14.879377716584031,14.440314297931787,14.791564846754168,9143400
2006-07-10,14.176875114440918,14.674480736331429,13.981735928551611,14.518369387619982,7734000
2006-07-11,14.703751564025879,14.77205097780733,14.001250486108162,14.118333999094448,9566700
2006-07-12,14.450069427490234,14.830590568437277,14.362256570195704,14.742777711142747,9732600
2006-07-13,13.971980094909668,14.342745049391537,13.923195991567603,14.332987856524275,10038300
2006-07-14,14.05003547668457,14.167119927596053,13.689027722782637,14.05003547668457,9647000
2006-07-17,13.864651679992676,14.264687222424687,13.796353201186328,14.011005829005416,4926600
2006-07-18,14.196389198303223,14.303715515650238,13.8841655769807,13.8841655769807,9868400
2006-07-19,14.606184005737305,14.772052566261491,14.196391200971334,14.29396034036976,8183100
2006-07-20,14.176875114440918,14.87937711413946,14.08906224816647,14.87937711413946,11371400
2006-07-21,13.806110382080078,14.16711904396223,13.64024183921435,13.659756223314812,7946600
2006-07-24,14.001253128051758,14.215905810448296,13.757328864012509,13.874412399091682,6430900
2006-07-25,14.674480438232422,14.693994821673453,14.020763480910144,14.08906196195972,8489000
2006-07-26,14.957432746887207,15.133058478947552,14.42079928931162,14.635452858441262,7024800
2006-07-27,15.113546371459961,15.513581994295036,14.947677806309247,15.211116444077032,10660300
2006-07-28,15.435523986816406,15.484309015787417,14.947675558100368,15.0940306450134,5318100
2006-07-31,15.211112976074219,15.503822196693072,15.191598593801046,15.23062642785043,4255100
2006-08-01,15.006217002868652,15.15257115171546,14.781806253406963,15.133057699434477,5453000
2006-08-02,15.289169311523438,15.347710599904275,14.986702886565768,15.074515749634028,4403500
2006-08-03,15.41601276397705,15.611151977597586,15.123303478297661,15.289172042499409,5746300
2006-08-04,15.357468605041504,15.728234460081119,15.035488710398736,15.611150016122792,6530000
2006-08-07,15.133058547973633,15.416010600640904,14.99646065235952,15.220871414404344,4573500
2006-08-08,15.074518203735352,15.48431101110267,14.986705326371332,15.113546045841899,5380600
2006-08-09,15.191598892211914,15.562363788212526,15.181842631380645,15.455037475092736,5991900
2006-08-10,15.611148834228516,15.679447312619232,15.142814815840211,15.211113294230927,5974000
2006-08-11,15.357468605041504,15.659934115525536,15.24038509158023,15.484309310582148,4901200
2006-08-14,15.406253814697266,15.659934298241378,15.347711592035049,15.474552299055635,3923500
2006-08-15,16.020938873291016,16.098994529905358,15.542847743903973,15.64041777992031,9024200
2006-08-16,16.294137954711914,16.352679243970044,15.796532343532732,16.05021374497667,6441700
2006-08-17,16.20632553100586,16.274624013829836,15.952644122663884,16.001428221539843,10249700
2006-08-18,16.147781372070312,16.206324520263195,15.845315883716294,16.167295754801273,4971100
2006-08-21,15.923375129699707,16.050216784942936,15.737992174110424,16.050216784942936,3141000
2006-08-22,15.786771774291992,15.99166717335571,15.679444549452729,15.923368707001137,6313300
2006-08-23,15.611148834228516,16.001427182885436,15.367224633693695,15.679447312619232,7464000
2006-08-24,15.63066577911377,15.786777144166564,15.396497801037444,15.786777144166564,6051600
2006-08-25,15.864828109741211,15.952640959099059,15.572118922047338,15.640418321823917,6074700
2006-08-28,16.147781372070312,16.216081711628675,15.903857170915208,15.94288593637713,5359700
2006-08-29,16.821016311645508,16.86004508551437,16.147784850362576,16.147784850362576,12406000
2006-08-30,17.09421157836914,17.16251006937838,16.70393315760612,16.82101575333787,9280600
2006-08-31,16.860042572021484,17.064938021304123,16.7429581288642,17.045423637278894,9593700
2006-09-01,16.899070739746094,17.064939294346132,16.586848016027016,16.957612035194863,8125400
2006-09-05,16.94785499572754,17.172264823164085,16.70393078477633,16.88931184518354,7503200
2006-09-06,16.489273071289062,16.93809449959775,16.469758691581365,16.928337309743902,5887800
2006-09-07,16.528303146362305,16.752712947882895,16.294136154211188,16.47951719320968,6314800
2006-09-08,17.445457458496094,17.53327031682527,16.830769311185758,17.025909409915908,12914300
2006-09-11,18.118690490722656,18.138204874667085,17.279590591053,17.64059925004862,16716000
2006-09-12,18.0211238861084,18.196749653282343,17.88452689430397,18.147965545064885,19765400
2006-09-13,17.562541961669922,17.982091872957728,17.39667343536995,17.94306310865472,20453200
2006-09-14,17.338130950927734,17.59181231837277,17.23080371751035,17.59181231837277,12609800
2006-09-15,17.630844116210938,17.767441097779415,17.484489941531244,17.640601309322157,12232800
2006-09-18,17.68938446044922,18.050393142129252,17.59181625658442,17.699141653034538,12210800
2006-09-19,17.308862686157227,17.406432747811955,17.03566688572282,17.279591109362567,11535400
2006-09-20,17.133237838745117,17.56254501576441,17.133237838745117,17.46497494903354,11902600
2006-09-21,17.308862686157227,17.582058486591635,17.094210039312138,17.2112926245025,11919600
2006-09-22,17.03567123413086,17.22105421249501,16.791746948228678,17.201539822984127,9502900
2006-09-25,17.445457458496094,17.494243413675584,16.538061024084435,17.08445069513739,10859200
2006-09-26,17.299104690551758,17.37716036405194,17.04542328642765,17.26983497611047,12530100
2006-09-27,17.172264099121094,17.513758352253,17.074694046655697,17.308861055976273,7005400
2006-09-28,17.01615333557129,17.221048777789772,16.674659070879795,17.172264680402712,12908400
2006-09-29,16.97712516784668,17.230806577396535,16.91858387671797,17.201535001335134,7863400
2006-10-02,17.074691772460938,17.425943170155268,16.93809483379924,17.084448962507306,9118800
2006-10-03,17.0551815032959,17.14299437388562,16.664903112338337,17.03566711849948,8593900
2006-10-04,17.640600204467773,17.728413075974615,17.03566729642001,17.09421045142069,16468100
2006-10-05,17.113723754882812,17.591814991209294,16.860042348894343,17.552786223675344,26847200
2006-10-06,14.772048950195312,15.737987567123138,14.664721713483505,15.620905000704658,61124900
2006-10-09,14.947674751281738,15.055001995324252,14.723264932823726,14.811077794132334,18423600
2006-10-10,14.781805992126465,15.133057431945323,14.7622925401904,15.133057431945323,15504500
2006-10-11,14.80132007598877,15.025729886460073,14.70375002678571,14.830590718550907,13570400
2006-10-12,14.76229476928711,15.006219003550616,14.576911830168463,15.006219003550616,15812700
2006-10-13,14.693994522094727,14.869619316998314,14.664722947529965,14.820834289887374,14575100
2006-10-16,14.908649444580078,14.986705127758732,14.576912325822226,14.762295271244387,14816900
2006-10-17,14.206147193908691,14.869620449457305,14.118334324520637,14.742779741507567,20964600
2006-10-18,14.12808895111084,14.391527528784763,13.893921946843104,14.372013146513972,15763800
2006-10-19,14.118332862854004,14.235416366417436,14.001249359290574,14.13784631486609,10745300
2006-10-20,13.923194885253906,14.147604720386976,13.854895471107145,14.137847528295003,9646900
2006-10-23,14.05979061126709,14.24517352265961,13.91343646479676,13.942707107991433,10647000
2006-10-24,13.942708969116211,14.118334712721362,13.874410482379583,14.059792488020614,11472400
2006-10-25,14.167119026184082,14.215903125379919,13.952465453833613,14.040278321181397,7153800
2006-10-26,14.381770133972168,14.459825800955976,14.059790275039727,14.15736032401796,8685400
2006-10-27,13.825624465942383,14.36225792058988,13.796353820924383,14.342743536913193,13707200
2006-10-30,14.05003547668457,14.13784834961963,13.854896275993944,13.89392411613207,8159000
2006-10-31,14.0988187789917,14.22565947649645,13.991492464409369,14.059790943643852,7114000
2006-11-01,13.835379600524902,14.196387270390197,13.806108029362418,14.05978939645594,10401300
2006-11-02,13.552430152893066,13.903680698723992,13.532915768431705,13.89392350649331,11178300
2006-11-03,13.640243530273438,13.698785759335589,13.42559086153893,13.640243530273438,7487500
2006-11-06,13.971980094909668,14.089063617825449,13.571944492323134,13.659757367134251,9509200
2006-11-07,13.952466011047363,14.157362399542706,13.913438171833825,14.108577367901512,9279700
2006-11-08,13.659754753112793,13.952463969636028,13.61096972860943,13.952463969636028,13564800
2006-11-09,13.240206718444824,13.806110849561303,13.181665425155302,13.708541717246405,17273500
2006-11-10,13.669511795043945,13.689025246334323,13.27923253377006,13.328017557741413,13991400
2006-11-13,13.864651679992676,14.030520211805507,13.581699642870253,13.610970286573403,18236800
2006-11-14,14.586668014526367,14.625695852090768,14.011006712578666,14.147604609302594,22178400
2006-11-15,14.469584465026855,14.889134415649742,14.391528790096602,14.703751489817611,17603700
2006-11-16,14.381770133972168,14.635451516918014,14.24517318199898,14.518368016442304,10654900
2006-11-17,14.215904235839844,14.342744950750552,14.040279417922578,14.313474302847194,10983200
2006-11-20,14.12808895111084,14.19638835856165,13.913436329113896,14.147603333381632,13620600
2006-11-21,14.2451753616333,14.48909959090444,14.069549618799012,14.128090912745716,15415900
2006-11-22,14.645209312438965,14.733022174044716,14.37201353622174,14.38177072762171,12097000
2006-11-24,14.430557250976562,14.586668607581238,14.4208000585645,14.440314443388626,4287400
2006-11-27,14.206147193908691,14.791564772333938,14.128090586288257,14.537883356434465,16177300
2006-11-28,14.147603988647461,14.264687496204214,13.991492645238457,14.225659660351964,11358500
2006-11-29,14.079305648803711,14.674480384104568,14.069548457119184,14.362257694175858,17645000
2006-11-30,14.2451753616333,14.479342398414293,14.050035233818718,14.079306811289161,9992100
2006-12-01,14.118332862854004,14.362257061235395,13.971977785526986,14.313472035459721,9315400
2006-12-04,14.206147193908691,14.32323070959374,13.981736424306213,14.206147193908691,10065100
2006-12-05,14.567154884338379,14.684238399630473,14.17687556953433,14.196389953998212,17131300
2006-12-06,14.479339599609375,14.58666590476393,14.40128393577026,14.518367431528931,7634400
2006-12-07,14.2451753616333,14.625696563778138,14.176875944699361,14.498855852897496,9162300
2006-12-08,14.28420352935791,14.391529857724693,14.069549942127232,14.352502017364307,8547200
2006-12-11,13.874407768249512,14.284200469499275,13.835379936249387,14.284200469499275,16997100
2006-12-12,13.571941375732422,13.874407771680877,13.532913543722646,13.854893390427533,13416100
2006-12-13,13.367046356201172,13.532914891384808,13.288990684408521,13.48412986389015,12934600
2006-12-14,13.464616775512695,13.757326017903695,13.445102391788014,13.542672449417358,11476900
2006-12-15,13.367046356201172,13.669512782270452,13.259720040110528,13.571942727281135,14835700
2006-12-18,13.201177597045898,13.376803320848195,13.113364735144751,13.367046129415403,13201000
2006-12-19,13.025551795959473,13.093850269710815,12.801141062852764,13.093850269710815,20860700
2006-12-20,13.142635345458984,13.31826012588259,13.123120964024737,13.220691010202124,13587600
2006-12-21,13.162149429321289,13.464615842618278,13.113364403886683,13.171906620507604,15274700
2006-12-22,13.601214408874512,13.952465889226612,13.532915923471416,13.84513863445366,22141800
2006-12-26,13.630485534667969,13.776839692971606,13.552429859506422,13.737811855390833,8097700
2006-12-27,13.747570037841797,13.7963550709567,13.591458676271799,13.630486516664298,8569400
2006-12-28,13.679268836975098,13.80610859522366,13.610969431960186,13.80610859522366,7834900
2006-12-29,13.6207275390625,13.776838880175447,13.59145689522807,13.6207275390625,5577500
2007-01-03,13.689026832580566,13.962222626278534,13.571943319780171,13.796354083853714,11188800
2007-01-04,13.454859733581543,13.689026757904918,13.31826183747772,13.513401954910908,18518900
2007-01-05,13.249963760375977,13.347533822080075,13.191422467751174,13.347533822080075,11594700
2007-01-08,13.406076431274414,13.513403695788616,13.259722254842343,13.337777939672401,9836900
2007-01-09,13.337775230407715,13.415830899382545,13.26947675267898,13.396316516890352,8926300
2007-01-10,13.728055000305176,13.806110677382478,13.249963745582434,13.249963745582434,15015200
2007-01-11,13.542675018310547,13.94271065557846,13.523160630884206,13.75732862751426,16423900
2007-01-12,13.884166717529297,13.952466134630761,13.513402706965206,13.610971840614722,14848800
2007-01-16,13.58169937133789,13.86465140280339,13.484129320282078,13.825623568480458,11515200
2007-01-17,13.347533226013184,13.60121370022039,13.2694775523345,13.57194305521514,9109500
2007-01-18,12.927983283996582,13.28899100743722,12.869441063480545,13.28899100743722,16186200
2007-01-19,12.94749927520752,13.025554958588812,12.752359136257146,12.96701273080427,10783300
2007-01-22,12.752358436584473,13.025554243926939,12.713330597035133,12.976769211865992,10472000
2007-01-23,12.615758895874023,12.888953717119284,12.537703232661093,12.791383672854668,13817700
2007-01-24,12.908469200134277,13.006039259761463,12.732844395501212,12.82065726306627,13339300
2007-01-25,12.771871566772461,13.0353092252235,12.742600922610567,12.957253553793784,9304800
2007-01-26,12.879199028015137,12.99628254557471,12.674302639661613,12.820657734483891,15092300
2007-01-29,12.713329315185547,12.957253520398991,12.703573054154727,12.937740067840355,10822900
2007-01-30,12.674302101135254,12.801142805726315,12.615760810091407,12.742601514682468,8837500
2007-01-31,12.635274887084961,12.654789272060528,12.479163529268781,12.635274887084961,9406200
2007-02-01,12.537703514099121,12.684057653284402,12.479161300126854,12.596244797574464,11875500
2007-02-02,12.840169906616211,12.927982768641217,12.518190032855848,12.566975059591629,18949700
2007-02-05,12.801142692565918,12.927983396035723,12.66454479717604,12.723087018199427,14168200
2007-02-06,12.703573226928711,12.781628899218845,12.645031007462606,12.742601063073778,12608600
2007-02-07,12.654790878295898,12.888957944742305,12.615763033888165,12.781631605245337,15760100
2007-02-08,12.586488723754883,12.654788134532907,12.488919599138718,12.527947435084585,7806000
2007-02-09,12.254752159118652,12.781628391392243,12.098639890243868,12.635273313790318,23583300
2007-02-12,11.971799850463867,12.17669527950165,11.932771086269677,12.010827684161104,10903500
2007-02-13,11.913259506225586,12.030343025710954,11.825446633987287,11.952287346054042,10977300
2007-02-14,12.254752159118652,12.401106306223603,11.913257908544464,11.913257908544464,25968500
2007-02-15,12.205967903137207,12.323051414305553,12.147425682304517,12.215725095025494,11551200
2007-02-16,12.020586013793945,12.205968953638163,11.991315366106953,12.186454568182093,10480300
2007-02-20,11.805931091308594,12.010827446794012,11.786416709597155,11.932770850445198,16819800
2007-02-21,11.67909049987793,11.786416808702478,11.610791093810542,11.757146166386136,20654500
2007-02-22,11.864473342895508,11.883987726198177,11.727876381764869,11.77666047902752,11609900
2007-02-23,12.079126358032227,12.176695478622355,11.737632109724359,11.796174326476011,17845400
2007-02-26,12.040101051330566,12.205969614701997,11.93277378650366,12.205969614701997,10187700
2007-02-27,11.610793113708496,11.932773026693049,11.552251818891543,11.84496108446762,18172600
2007-02-28,11.571765899658203,11.66933597029414,11.474196759519419,11.66933597029414,15779300
2007-03-01,11.571765899658203,11.825447338913916,11.240029706589755,11.464439566356395,20923000
2007-03-02,11.542495727539062,11.86447567124409,11.454682846438201,11.503467883771702,18245300
2007-03-05,11.386382102966309,11.66933414700373,11.308326430852333,11.415652747384799,13139000
2007-03-06,11.425409317016602,11.601035034960377,11.288811433005113,11.601035034960377,16683400
2007-03-07,11.161971092224121,11.386381842286912,11.132700448475752,11.337596815708306,12994700
2007-03-08,11.054645538330078,11.308326949585837,10.996104246807704,11.288812565413677,15139700
2007-03-09,11.142457962036133,11.24978427921444,11.064402289452453,11.200999251225387,13471400
2007-03-12,11.122945785522461,11.161973629557735,10.996105990280718,11.083917941487186,10732900
2007-03-13,10.986345291137695,11.230269471151425,10.957073719578277,11.035130313239822,13573400
2007-03-14,11.308326721191406,11.425410232368469,11.04488812317024,11.22051385518435,26870100
2007-03-15,11.27905559539795,11.435166936981812,11.200998994109025,11.298569047847435,7896100
2007-03-16,11.161971092224121,11.415652486035281,11.122943257060635,11.27905552821157,9125700
2007-03-19,10.996102333068848,11.269297150453454,10.947317311625945,11.181484297955608,16628300
2007-03-20,10.996102333068848,11.074157995178735,10.947317311625945,10.98634514268089,9283900
2007-03-21,11.318083763122559,11.44492353401105,10.996103879027421,11.122943649915912,21208300
2007-03-22,11.337597846984863,11.366868493395712,11.191243684433548,11.366868493395712,15285800
2007-03-23,11.308326721191406,11.35711175013944,11.2790560760214,11.337597366361413,13833700
2007-03-26,11.327840805053711,11.483953092477053,11.259542319022746,11.318084543118633,15850500
2007-03-27,11.718119621276855,11.757147458821196,11.308326861812764,11.31808405382311,24896900
2007-03-28,11.718119621276855,11.815688749889183,11.542493887078804,11.601036108643836,22883800
2007-03-29,11.552250862121582,11.90350139342366,11.444923613017622,11.80593226664382,22557800
2007-03-30,11.786417961120605,11.874230827152484,11.591278775770338,11.601035967662108,16561000
2007-04-02,11.835203170776367,11.94252949173336,11.815688786694887,11.835203170776367,20995700
2007-04-03,11.932774543762207,11.952288931513548,11.854718853751283,11.874233241502626,20222200
2007-04-04,11.776659965515137,11.942528494367206,11.601035175934157,11.942528494367206,39658600
2007-04-05,11.230270385742188,11.854715741914013,11.171728168352589,11.854715741914013,65265500
2007-04-09,10.90829086303711,11.220513551046313,10.85950583541142,11.220513551046313,34555800
2007-04-10,10.947319984436035,10.966833439479311,10.732666395977295,10.888777758311972,28106700
2007-04-11,11.025375366210938,11.201000178819823,10.810721783581085,11.025375366210938,32020700
2007-04-12,11.171727180480957,11.181484370932596,10.87901798041004,10.976588023932644,25534100
2007-04-13,10.986345291137695,11.191241639569105,10.957073719578277,11.191241639569105,18252100
2007-04-16,10.80096435546875,11.09367361076133,10.75218025500088,11.09367361076133,28463800
2007-04-17,10.683879852294922,10.820477740276138,10.615581373552805,10.8009633574944,28842200
2007-04-18,10.830235481262207,10.937561800517237,10.654609749302129,10.68388039446313,16599000
2007-04-19,10.859505653381348,10.918046941153284,10.693637120532541,10.713150572957522,14349200
2007-04-20,10.918047904968262,11.005860774875034,10.752180287974115,10.918047904968262,17057600
2007-04-23,10.937562942504883,11.015618624748681,10.918048556695368,10.94732013540964,17216700
2007-04-24,11.308326721191406,11.425410232368469,10.908291158712185,10.976589640941214,30762200
2007-04-25,11.4839506149292,11.522978445740899,11.181484228265871,11.376623382324365,21016000
2007-04-26,11.67909049987793,11.864472475210684,11.483951333607413,11.640062666623827,28336700
2007-04-27,11.40589427947998,11.63030500956991,11.376623638336739,11.610790628476478,15939200
2007-04-30,11.191241264343262,11.47419326645235,11.132699053684163,11.464436076259688,14903800
2007-05-01,11.074158668518066,11.142457144392731,10.859505119415903,11.122942762430286,18325000
2007-05-02,11.171727180480957,11.230269392693899,10.986345214384285,11.04488649610033,9935400
2007-05-03,11.113186836242676,11.191242505446562,11.03513116703879,11.13270028829516,9542500
2007-05-04,11.620550155639648,11.766905251778196,11.142458888680663,11.161972343200881,24536000
2007-05-07,11.669336318969727,11.796177042387539,11.454682715455185,11.649821932060595,15469800
2007-05-08,11.571765899658203,11.708363812449084,11.474196759519419,11.581523092821227,10664900
2007-05-09,12.059614181518555,12.157184250452827,11.522981593871473,11.581522890834325,22916700
2007-05-10,11.835203170776367,12.059613004731093,11.825445978735626,12.001071713480751,16387300
2007-05-11,12.020586013793945,12.098641694624002,11.67909264278673,11.825446811718807,20278900
2007-05-14,11.991314888000488,12.352322630070013,11.932772664463531,12.079127758057387,11460700
2007-05-15,11.776659965515137,11.991313519999633,11.552250150301731,11.952285685593086,22672700
2007-05-16,11.84496021270752,11.923015887050152,11.688847933525217,11.757147346447798,12928900
2007-05-17,11.220515251159668,11.649821512220074,11.220515251159668,11.571765828390909,46600100
2007-05-18,11.191241264343262,11.24978254450549,11.093671223410388,11.220511904424376,59007200
2007-05-21,11.171727180480957,11.347352886622886,11.103428708313272,11.22051220224226,31126400
2007-05-22,11.103431701660156,11.24002961331752,10.937563141253769,11.210758034071347,20263100
2007-05-23,11.249785423278809,11.33759829648997,11.191244128136107,11.201000390328485,27561900
2007-05-24,11.522980690002441,11.757147720479937,11.288812729027882,11.435167820949115,50453600
2007-05-25,11.67909049987793,11.737631784510613,11.57176326055644,11.688846760318748,21384100
2007-05-29,11.669336318969727,11.893746185441653,11.464439908909752,11.88398992248427,25118300
2007-05-30,11.610793113708496,11.679092531657748,11.396140458716864,11.54249462625635,20715200
2007-05-31,11.883988380432129,11.942529672568913,11.493709067366304,11.630306966513901,32840200
2007-06-01,12.293780326843262,12.537704532292556,12.001071094204708,12.001071094204708,59330100
2007-06-04,12.264508247375488,12.440133965828567,12.088883459419371,12.166939127510304,20842300
2007-06-05,12.147425651550293,12.284023546149381,11.854716409121979,12.264509162422213,25717300
2007-06-06,11.94252872467041,12.088883804390045,11.835202410606936,12.030341586402795,27553700
2007-06-07,11.659577369689941,12.001071645196397,11.60103607877269,11.854716556909183,21255800
2007-06-08,12.049854278564453,12.079124918202739,11.620547221550916,11.72787445105273,20680600
2007-06-11,11.698606491088867,12.059614259690346,11.659578649361602,12.001072962348022,17021200
2007-06-12,11.669336318969727,11.844962079163187,11.444925522000618,11.649821932060595,26716100
2007-06-13,11.649822235107422,11.825447999869436,11.513225245178928,11.766906698613568,24108900
2007-06-14,11.932774543762207,12.118157505411066,11.805934745367374,11.844962590372836,24893200
2007-06-15,12.274266242980957,12.323051271359459,11.97180074192889,12.06936986818887,25310700
2007-06-18,12.244994163513184,12.342563278341839,12.137666927555674,12.342563278341839,13980000
2007-06-19,12.137670516967773,12.332810665326722,12.069372023340454,12.176698360540126,15303700
2007-06-20,12.41086483001709,12.76211537907997,12.39135044537617,12.41086483001709,31863000
2007-06-21,12.91822624206543,12.937740625962899,12.488920031788563,12.606003543682254,31585100
2007-06-22,12.5181884765625,12.908466780934358,12.498675026592345,12.801140479856315,22455400
2007-06-25,12.342564582824707,12.60600317474836,12.21572481319148,12.508433119110634,21185800
2007-06-26,12.147425651550293,12.401107057021301,12.020584948814788,12.401107057021301,23220100
2007-06-27,12.352323532104492,12.391351373813466,12.088885833193205,12.147427130508094,25811600
2007-06-28,12.108399391174316,12.58649068877574,12.069371549135367,12.50843500469784,32621200
2007-06-29,12.225481986999512,12.44013556712836,12.147426308861219,12.186454147930364,31815400
2007-07-02,12.17669677734375,12.391350354331337,12.04009980784925,12.391350354331337,17219600
2007-07-03,12.381593704223633,12.4694065773134,12.176697310513214,12.186454503189212,9731900
2007-07-05,12.488920211791992,12.557218695423442,12.401107343981813,12.488920211791992,15038700
2007-07-06,13.123124122619629,13.142638508750778,12.566977144841923,12.596247793541501,41295900
2007-07-09,13.093852996826172,13.142638029879343,12.976769475796827,13.035310771062944,30154900
2007-07-10,13.210935592651367,13.386561327144308,13.132879917431625,13.308505651924566,39775700
2007-07-11,13.503643989562988,13.542671824715026,13.220691952086465,13.36704610128236,44462500
2007-07-12,13.406076431274414,13.679272258676784,13.006040813896067,13.669515065448735,44091800
2007-07-13,13.406076431274414,13.562187800934533,13.30850729048542,13.562187800934533,18828400
2007-07-16,13.640243530273438,13.75732798839774,13.406076475019159,13.435348054798816,22799100
2007-07-17,13.51340389251709,13.85489728599578,13.464618856163797,13.601215841356405,21651000
2007-07-18,13.328018188476562,13.50364391088597,13.025552700434787,13.464616075961322,25117000
2007-07-19,13.269475936889648,13.503642929417875,13.142635249979298,13.464615097329839,14175300
2007-07-20,13.08409595489502,13.454860907675801,12.986526818161416,13.337777385297205,19045700
2007-07-23,13.113367080688477,13.474375784298271,13.025555133577692,13.103610818007605,24781600
2007-07-24,12.732845306396484,13.123123711831266,12.693817465853007,13.084095871287786,25329100
2007-07-25,12.762114524841309,12.898712416693272,12.625516632989346,12.810899552681082,20367600
2007-07-26,11.84496021270752,12.684059177139343,11.74739015453071,12.576732857542481,46792800
2007-07-27,11.581521987915039,11.942529726031518,11.454681280388103,11.844960595201075,28171500
2007-07-30,11.727872848510742,11.923011970262849,11.68884409366359,11.805928497211585,21427400
2007-07-31,11.581521987915039,12.030342595126864,11.552251341715612,11.893744695367763,36972500
2007-08-01,11.805931091308594,11.805931091308594,11.005859120581418,11.503464688259855,30313400
2007-08-02,11.532735824584961,11.805931597271742,11.425409512063208,11.796174405997863,25955700
2007-08-03,11.357111930847168,11.893744466323028,11.269299063442885,11.776660953283002,26380800
2007-08-06,11.347354888916016,11.542494079897539,11.122944121414468,11.542494079897539,19421200
2007-08-07,11.308326721191406,11.405895848590442,11.035131861778261,11.39613958719846,17784400
2007-08-08,11.776659965515137,11.796174347966895,11.23027028382347,11.39613881267554,24670700
2007-08-09,12.196208000183105,12.342562123986571,11.464435520172119,11.464435520172119,31544800
2007-08-10,11.913259506225586,12.2547538025974,11.464438882949796,11.913259506225586,35966400
2007-08-13,11.67909049987793,12.04985538104038,11.562007000115619,12.030340999164858,17803800
2007-08-14,11.240029335021973,11.688849039718376,11.240029335021973,11.65957839169407,15255000
2007-08-15,10.791208267211914,11.46443872776402,10.771693882313288,11.210757307064409,20547700
2007-08-16,10.342387199401855,10.781450605023329,10.04967795215519,10.674123353751225,35813100
2007-08-17,10.722908020019531,10.92780439309939,10.36190030183064,10.781450239683926,27635900
2007-08-20,10.713150978088379,10.97658957451532,10.596067467619859,10.722908169918345,24882300
2007-08-21,11.083916664123535,11.240028952770704,10.752180493303165,10.839992434389766,24815100
2007-08-22,11.171727180480957,11.210755011790619,11.035130236145587,11.210755011790619,16161900
2007-08-23,10.849750518798828,11.171730454075899,10.820479869363776,11.122945418019366,15480100
2007-08-24,10.752178192138672,10.800962283247056,10.498496824188742,10.742421001718236,20859400
2007-08-27,10.957075119018555,11.02537453088351,10.625338973447858,10.664366810014824,14788700
2007-08-28,10.732666015625,10.908291757276112,10.644853144799445,10.879020180002872,14866600
2007-08-29,10.966832160949707,10.966832160949707,10.732665144747232,10.791207364046356,9117400
2007-08-30,10.937562942504883,11.259542864384832,10.77169438511253,10.800965033329671,16247200
2007-08-31,11.171727180480957,11.240026583145537,10.986345214384285,11.122942158719654,10567300
2007-09-04,11.318083763122559,11.435167272748334,11.093673005133724,11.220513706519235,11001000
2007-09-05,11.083916664123535,11.23027176026205,10.947319690990764,11.191243920724531,14431800
2007-09-06,11.220515251159668,11.298570934988833,10.996105392775105,11.093674532312987,15638100
2007-09-07,11.122945785522461,11.19124521045709,10.986348796647599,11.005862253416637,21166000
2007-09-10,11.357111930847168,11.483952635931459,11.11318771272285,11.308326901122895,18678200
2007-09-11,11.347354888916016,11.464438403504928,11.298569858546369,11.415653373135283,9814600
2007-09-12,10.97658920288086,11.298569078392273,10.97658920288086,11.24002779038856,16776500
2007-09-13,11.005859375,11.122942876484398,10.947318089506279,11.035130948243816,11524500
2007-09-14,10.732666015625,10.93756240405227,10.615582498023286,10.927805211627856,15054600
2007-09-17,10.674121856689453,10.73266407012697,10.439954863933215,10.70339342865667,18546300
2007-09-18,10.898533821105957,10.908291012864513,10.557039553532649,10.703394638419933,16148500
2007-09-19,10.674121856689453,10.976588253538948,10.596066192437375,10.927803230757169,20089000
2007-09-20,10.518013000488281,10.722909399935974,10.420443862487605,10.625340261935298,17641300
2007-09-21,10.46922779083252,10.6448535389872,10.361901461680837,10.625340083912857,15086200
2007-09-24,10.283844947814941,10.518011972731738,10.22530272633722,10.449713489755267,15227500
2007-09-25,10.15700626373291,10.26433353604147,10.078950573234264,10.244819148168194,21791600
2007-09-26,10.488741874694824,10.683881072310658,10.176519158509489,10.215546998032657,21082700
2007-09-27,11.083916664123535,11.210757375244746,10.73266610828586,10.742423300794513,27824400
2007-09-28,10.830235481262207,11.074159695430302,10.791207644215193,11.035131858383288,16632200
2007-10-01,11.074158668518066,11.200998429286171,10.830234476969183,10.986345810680957,18165500
2007-10-02,11.503466606140137,11.630307316920806,11.074160372380026,11.259542377061257,30962200
2007-10-03,10.478983879089355,10.84974879139288,10.303359079943386,10.84974879139288,61559800
2007-10-04,10.352142333984375,10.635094358404398,10.27408666728209,10.576553073626156,28411200
2007-10-05,10.53752613067627,10.586311159111679,10.322872563858684,10.48874110224086,21611300
2007-10-08,10.488741874694824,10.52776971421799,10.391171810638362,10.518012521712926,8277700
2007-10-09,10.381412506103516,10.557037267238089,10.313113109081964,10.488738800713357,12627700
2007-10-10,10.449715614318848,10.508257847698967,10.361902729497283,10.420444962877403,13675800
2007-10-11,10.303359031677246,10.586311077833784,10.244816811904817,10.459470377074368,21551100
2007-10-12,10.235060691833496,10.400929246309108,10.176519396428642,10.322873565437892,15028200
2007-10-15,10.20578670501709,10.313112998475876,10.127731049684007,10.283842360350173,12355400
2007-10-16,10.176517486572266,10.361899461225955,10.127732462559104,10.176517486572266,15029800
2007-10-17,10.117976188659668,10.488741102066788,10.069191160225069,10.439956073632189,20861800
2007-10-18,10.274088859558105,10.313116701236975,10.010651160850022,10.098464037251764,14327600
2007-10-19,9.835022926330566,10.23505843522049,9.756967262668967,10.186273412807763,27261300
2007-10-22,9.747211456298828,9.942350643164747,9.708183618925645,9.756968648266383,17491500
2007-10-23,9.747211456298828,9.86429496841838,9.639885136146832,9.795996485639568,15191700
2007-10-24,9.542314529418945,9.708183061352864,9.31790471003599,9.669155226221177,25428800
2007-10-25,9.200819969177246,9.54231324810038,9.142277759092126,9.503285418209254,16747900
2007-10-26,9.522799491882324,9.747209273908753,9.269118140507102,9.454500093898638,27512100
2007-10-29,9.747211456298828,9.756968648266383,9.552072269432909,9.561829461400464,14046700
2007-10-30,10.098461151123047,10.235058092711267,9.6008556140597,9.63988344458446,32208000
2007-10-31,10.254573822021484,10.332629493337782,10.059434643730738,10.127733123508248,15387700
2007-11-01,10.069191932678223,10.361901195243842,10.020407830998199,10.21554702920958,18359800
2007-11-02,10.215543746948242,10.215543746948242,9.76672327001985,10.147244351646082,15314700
2007-11-05,9.893566131591797,10.108218762941139,9.756968241235578,10.030163091451014,15005500
2007-11-06,9.678914070129395,9.92283831397238,9.474017668081402,9.92283831397238,16591100
2007-11-07,9.25936222076416,9.561828632044346,9.239848769018609,9.47401577294697,17739300
2007-11-08,9.103250503540039,9.269119023666455,8.839812867778445,9.259361832953863,21731600
2007-11-09,9.405717849731445,9.610614222853611,8.888597855829731,9.025195748076847,17532500
2007-11-12,9.093493461608887,9.386202674297369,9.06422281948912,9.366689223049837,11578500
2007-11-13,9.191064834594727,9.317905542732097,9.054466934178233,9.317905542732097,9205700
2007-11-14,9.122764587402344,9.317903742804647,9.09349301621933,9.230090890249388,12133000
2007-11-15,9.0154390335083,9.2105782252623,8.956897741230634,9.103251902421867,11324000
2007-11-16,8.927626609802246,9.113009549086115,8.732487408316945,9.05446732339197,18074700
2007-11-19,8.625162124633789,8.966655535963733,8.615404930753646,8.830058543630646,15812300
2007-11-20,8.322690963745117,8.70321293734888,8.108038401657897,8.586129467893116,30920400
2007-11-21,7.883631229400635,8.244638986852484,7.7080059470520865,8.244638986852484,27608000
2007-11-23,8.166583061218262,8.215368093033796,7.903145378209718,7.951929479528164,6028600
2007-11-26,7.825090408325195,8.195854450515226,7.825090408325195,8.186098187666037,15012300
2007-11-27,7.74703311920166,7.893387741156373,7.629949607737297,7.854359904001585,17218500
2007-11-28,8.254395484924316,8.28366613022807,7.756789862275327,7.864117112550818,19404200
2007-11-29,8.029985427856445,8.498320446314901,7.9812013248999785,8.195853983300365,17582900
2007-11-30,8.1177978515625,8.273909205554538,8.06901375131279,8.19585352855852,21701000
2007-12-03,8.098283767700195,8.225124465577679,8.04949874074778,8.205610082597914,11841200
2007-12-04,8.390992164611816,8.547103490939996,8.039740749876508,8.039740749876508,20817400
2007-12-05,8.732486724853516,9.025195969420619,8.586132567818483,8.62516040506096,23979800
2007-12-06,9.034954071044922,9.064224719299652,8.74224479700622,8.752001989923508,16201000
2007-12-07,8.810541152954102,9.08373690550081,8.634916375456251,9.015437502115681,14671500
2007-12-10,8.76175594329834,8.781270323990157,8.517831767631947,8.634916190789076,11961000
2007-12-11,8.390992164611816,8.761756099392793,8.361720593052606,8.761756099392793,10146000
2007-12-12,8.439777374267578,8.6641881334656,8.361721700763143,8.586132459961165,12660000
2007-12-13,8.264151573181152,8.49831856533227,8.147068077105594,8.410505710651371,13173700
2007-12-14,8.166583061218262,8.3226944186303,8.137312414327775,8.156825868755737,9475000
2007-12-17,7.698248863220215,8.147069966069566,7.62995037396481,8.147069966069566,17771600
2007-12-18,7.6104350090026855,7.795816986295774,7.532378876420599,7.7860602605033105,12400600
2007-12-19,7.649463176727295,7.766546682840836,7.532379205365258,7.620192067574662,8431700
2007-12-20,7.7275190353393555,7.756789679955114,7.512865470330758,7.7275190353393555,11179700
2007-12-21,7.346997261047363,7.659219945762184,7.190885453441454,7.483594685610098,25088000
2007-12-24,7.366511821746826,7.425053580240028,7.278698951382755,7.298212870880489,6218200
2007-12-26,7.3177266120910645,7.386025561293385,7.229913743866443,7.337240531113366,9667500
2007-12-27,7.181128025054932,7.337239352149021,7.14210019328141,7.268940413921131,9681900
2007-12-28,7.093315124511719,7.220155809569671,7.054287292993648,7.220155809569671,12113500
2007-12-31,7.0738019943237305,7.122587021763295,6.937204568840853,7.03477415847148,11670600
2008-01-02,6.8689069747924805,7.103074501222171,6.790851287732115,7.054289464185146,13230900
2008-01-03,6.781092643737793,6.8981766145324706,6.61522457683828,6.888419423112708,13825400
2008-01-04,6.244460105895996,6.742065271240452,6.17616115701602,6.742065271240452,23464100
2008-01-07,6.234703063964844,6.381057692090477,6.020049950562842,6.371300965014655,20100200
2008-01-08,6.029807090759277,6.3127591740721005,5.9810225215407105,6.29324525333496,13277100
2008-01-09,6.049321174621582,6.137134052930949,5.834668040724728,6.000536604087497,23785400
2008-01-10,6.049321174621582,6.185919088713616,5.844424768732113,5.990779410831531,18902500
2008-01-11,5.9419941902160645,6.185918411945807,5.922480271087626,6.010292674541333,19571600
2008-01-14,6.098104000091553,6.195673571043335,6.049318981991455,6.127375104001294,27574500
2008-01-15,5.610257625579834,5.981022589016941,5.473660178878795,5.981022589016941,28836800
2008-01-16,5.785882949829102,5.902966941542511,5.337062299798667,5.4151184493571325,27986200
2008-01-17,5.912722110748291,6.195674124404264,5.902965385405906,6.146889567195432,30850200
2008-01-18,6.283486843109131,6.420084251693464,6.0005348355602175,6.078590497608408,28987200
2008-01-22,6.1371331214904785,6.23470271299897,5.815153236888203,5.815153236888203,24938000
2008-01-23,6.537168502807617,6.654252474705258,5.883452024725654,6.000535531374797,28025500
2008-01-24,6.820121765136719,6.85915007292768,6.488385103526491,6.634739745684706,27504700
2008-01-25,6.371299743652344,6.97623159434259,6.283486890560762,6.927446572569834,19189300
2008-01-28,6.439599514007568,6.45911343360083,6.02005001012816,6.381057755227782,28075100
2008-01-29,6.703038215637207,6.742066058052237,6.468871161147028,6.49814181033401,21370600
2008-01-30,6.790849685668945,7.044530608768003,6.654252265538683,6.810363602830411,26347700
2008-01-31,6.820121765136719,6.927448564752554,6.52741294606887,6.60546863115363,15211600
2008-02-01,7.620190620422363,7.698246276341155,6.927445976270475,6.946959890250173,32796400
2008-02-04,7.620190620422363,7.708003465955208,7.210397961600299,7.708003465955208,24902300
2008-02-05,7.649463176727295,7.825088901146103,7.249427166299951,7.5421363968323005,35902600
2008-02-06,6.820121765136719,7.610436739741363,6.790851115854225,7.600679546481477,28641300
2008-02-07,6.946960926055908,7.181128393975528,6.634738255827719,6.673766089606242,31693400
2008-02-08,6.527411937713623,7.015260359379079,6.488384101200268,7.015260359379079,26062000
2008-02-11,6.664009094238281,6.742064764087577,6.332272032130282,6.6152245332067166,14910100
2008-02-12,6.849391460418701,7.200642435766669,6.781092517497337,6.790849708735454,23564000
2008-02-13,7.210400581359863,7.229914502429567,6.9274484932248725,6.946962414294576,19322200
2008-02-14,6.995746612548828,7.171371881162517,6.966475501822286,7.025017258026849,19009300
2008-02-15,6.956718444824219,7.103073061012023,6.88841949987031,7.034774116058115,10909500
2008-02-19,7.337240219116211,7.493351564656393,7.161614955383505,7.298212382731165,20467500
2008-02-20,7.620190620422363,7.717760190320853,7.23966906519405,7.268939703539393,15621900
2008-02-21,7.200643062591553,7.727519338854494,7.15185803265114,7.727519338854494,23941800
2008-02-22,7.356754302978516,7.376268221610481,7.054288331558802,7.220156872554762,12433100
2008-02-25,7.5811662673950195,7.6299513073297645,7.317728075294367,7.317728075294367,12593900
2008-02-26,7.532379627227783,7.629949686368793,7.327483712677823,7.493351789670789,14996100
2008-02-27,7.668977737426758,7.932415880894735,7.415296320995392,7.434810240317148,22596900
2008-02-28,7.386024475097656,7.698247133538725,7.346996642792523,7.629948659628972,12760800
2008-02-29,7.337240219116211,7.659220101917092,7.25918454634612,7.317726300923688,15546800
2008-03-03,6.995746612548828,7.483595046168707,6.907933745617723,7.317726504298185,18580800
2008-03-04,6.81036376953125,6.859148796253294,6.556682374974216,6.820120495726561,17175100
2008-03-05,6.8591485023498535,7.044530479353912,6.781092369889463,6.907933061733062,18794400
2008-03-06,6.576197147369385,6.8981775281377065,6.576197147369385,6.829878574899234,12986500
2008-03-07,6.712795257568359,6.907934465245347,6.449357094580141,6.498141663875103,14431200
2008-03-10,6.25421667098999,6.703037260025781,6.2444599444014806,6.703037260025781,16628400
2008-03-11,6.693280220031738,6.693280220031738,6.20543181698785,6.361543157082377,17288000
2008-03-12,6.342029094696045,6.693280067133401,6.322515177629996,6.693280067133401,20065300
2008-03-13,6.332272529602051,6.429842589827396,6.156647258643779,6.263974045742542,25134300
2008-03-14,5.99077844619751,6.439599028234142,5.79563926498528,6.410328383676561,27480100
2008-03-17,5.873694896697998,5.941993842272435,5.6883124432089565,5.8346670607264635,17664600
2008-03-18,5.844423770904541,5.990778388016608,5.620013947314142,5.990778388016608,25797100
2008-03-19,5.659041881561279,5.902966092572567,5.659041881561279,5.766368199427318,19933700
2008-03-20,5.834668159484863,5.844424887690838,5.5809867126492385,5.68831351440651,15725400
2008-03-24,5.698070049285889,6.020049952095111,5.629771098743599,5.873695323932227,23791500
2008-03-25,5.649284839630127,5.766368352361155,5.5614719724575945,5.727340514784146,31086900
2008-03-26,5.3663330078125,5.610257235440341,5.2980340565872295,5.590743315840055,66969300
2008-03-27,5.385846138000488,5.6590414376103455,5.3663322212603894,5.4834157217009825,26308400
2008-03-28,5.327304363250732,5.541957446403454,5.288276529950238,5.473658970751824,25689400
2008-03-31,5.824911117553711,5.854182233430247,5.356576520269347,5.356576520269347,66206100
2008-04-01,5.854180812835693,6.11761893080336,5.629770529733719,5.961507591340592,67238000
2008-04-02,6.234703063964844,6.371300965014655,5.912723161237573,5.9419942729621145,51224000
2008-04-03,6.624981880187988,6.771336507495601,6.244460221387023,6.537169010753714,70409800
2008-04-04,6.5957112312316895,6.70303755466552,6.517655088849993,6.624981877532358,22684000
2008-04-07,6.527411937713623,6.703037202023724,6.449356264686912,6.654252639006284,20802200
2008-04-08,6.381057262420654,6.4591129347654865,6.20543199964478,6.32251550816203,22169400
2008-04-09,6.605467796325684,6.7615791467651665,6.342029659834794,6.351786851861523,19457200
2008-04-10,6.820121765136719,6.87866399419887,6.62498255242482,6.712795430769465,20449400
2008-04-11,6.732308387756348,6.888419735565672,6.63473879537552,6.6835233589416765,22026600
2008-04-14,6.566440582275391,6.820121550829496,6.517655548006086,6.7420658681974635,15663900
2008-04-15,6.5957112312316895,6.654252989081561,6.263974138167216,6.585954038965777,20029300
2008-04-16,7.015261173248291,7.0738029348099944,6.595711649431802,6.664010138629507,29530700
2008-04-17,7.034775733947754,7.054289656244128,6.878664355576759,6.97623396705863,17835800
2008-04-18,7.220156669616699,7.249427314117672,7.064044859700321,7.103073161115795,27331100
2008-04-21,7.220156669616699,7.337240178117604,7.171371641783736,7.239670587700183,15714100
2008-04-22,7.249427795410156,7.36651177693282,7.1518581985150504,7.2299138760311354,24888700
2008-04-23,7.405539035797119,7.59092148800564,7.220156583588597,7.298212254992501,19386700
2008-04-24,7.522622585296631,7.561650421218523,7.142100952433925,7.395781885926228,22527000
2008-04-25,7.493351936340332,7.610435916551556,7.025017411241028,7.571408078230659,25172500
2008-04-28,7.678734302520752,7.747033251330759,7.4152961646086215,7.4152961646086215,21425500
2008-04-29,7.668977737426758,7.864117395892856,7.649463818105002,7.727519495392027,23843400
2008-04-30,7.532379627227783,7.698248169469272,7.4543239521137945,7.688491442704284,21630700
2008-05-01,7.903143882751465,7.961685165455067,7.493350716590153,7.512864632574172,17061000
2008-05-02,8.039742469787598,8.078770309718719,7.77630431762826,7.951929597318302,17674400
2008-05-05,8.069012641906738,8.215366783527822,7.922657569788716,7.971442593828057,16765300
2008-05-06,8.088529586791992,8.244640986747386,7.844605291737351,8.176342481891236,22790800
2008-05-07,7.990957260131836,8.156825808786937,7.951929421065758,8.029985099197914,18811500
2008-05-08,8.020227432250977,8.117796547574624,7.844601721972726,8.069012455161259,17555800
2008-05-09,8.166583061218262,8.283666579277291,7.932416025100203,7.961686671990688,14000500
2008-05-12,8.1177978515625,8.205610720807288,7.971443689819232,8.205610720807288,10955000
2008-05-13,8.127555847167969,8.16658368952363,8.029985776030236,8.069014548883057,25054200
2008-05-14,8.332449913024902,8.576374091896236,8.108040115101785,8.18609577790086,27410300
2008-05-15,8.625162124633789,8.683703426920191,8.264154325543561,8.410508511756792,20061500
2008-05-16,8.625162124633789,8.742245659703817,8.400751317876649,8.722731271943534,16670100
2008-05-19,8.54710578918457,8.752002192709446,8.430022262955664,8.64467492912675,19634300
2008-05-20,8.010469436645508,8.547102773741718,7.893385951723997,8.45928992742638,37895700
2008-05-21,8.156827926635742,8.342210908205487,8.059258768886112,8.186099511408221,28766500
2008-05-22,7.9616875648498535,8.147070520439138,7.795818996374049,8.147070520439138,22897700
2008-05-23,8.010469436645508,8.20560857818136,7.903143141424995,7.903143141424995,18846400
2008-05-27,7.942173004150391,8.16658284177586,7.795817912636463,8.039742134662614,13625300
2008-05-28,8.069012641906738,8.147068308170908,7.990956045145629,8.010470426960142,12527100
2008-05-29,7.893385887145996,8.06901157833983,7.844600869536951,8.049497199097486,14430200
2008-05-30,7.873873710632324,8.039742258606978,7.795818032820379,7.951929388444269,16494300
2008-06-02,8.000713348388672,8.098283397837307,7.8738726563042265,7.903144229436989,17669600
2008-06-03,7.9616875648498535,8.137313326882397,7.825090577044268,8.039743252309385,15551800
2008-06-04,8.205611228942871,8.264153455563669,7.961686990600945,7.9812013763069185,17987200
2008-06-05,8.322690963745117,8.420260986873272,8.137309036397664,8.283663140593195,21619700
2008-06-06,8.088529586791992,8.371481731835482,8.078772391670444,8.283668836736236,16102200
2008-06-09,7.825090408325195,8.098285308543124,7.678735299621283,8.06901465900121,25219300
2008-06-10,7.6104350090026855,7.7567891526289685,7.581163901128344,7.7567891526289685,14627400
2008-06-11,7.16161584854126,7.610436488192262,7.103074086662682,7.610436488192262,23443200
2008-06-12,7.16161584854126,7.395782896055574,7.103074086662682,7.190886496856266,15136000
2008-06-13,7.473837375640869,7.473837375640869,7.151857504507295,7.161614695874248,11387400
2008-06-16,7.5421366691589355,7.727519126489962,7.395782048608282,7.464080995598191,13248100
2008-06-17,7.249427795410156,7.678734486997159,7.200643229586872,7.5714081630368115,14729900
2008-06-18,6.976233005523682,7.220157233232562,6.683523746173608,7.190886121198138,34125700
2008-06-19,7.259185314178467,7.29821315469164,6.9176914770639275,6.927448204567942,17994500
2008-06-20,7.054288387298584,7.229913656373978,7.005503357708935,7.190885818801668,13099200
2008-06-23,6.839634418487549,7.07380141440372,6.771335478721101,7.07380141440372,16210800
2008-06-24,7.220156669616699,7.268941232201156,6.829877842698512,6.9664752692829,17336700
2008-06-25,7.346997261047363,7.454323576293834,7.161614809373689,7.161614809373689,17751200
2008-06-26,6.820121765136719,7.288456340893857,6.712795430769465,7.288456340893857,29311100
2008-06-27,5.951750755310059,6.69328059252335,5.912722918114466,6.683523400600193,39929500
2008-06-30,5.854180812835693,6.000535426206284,5.766367951763641,5.9712643174327695,23209900
2008-07-01,5.649284839630127,5.8249101087266695,5.405360622149557,5.776125544379669,30264600
2008-07-02,5.7663679122924805,5.893208607361992,5.6883122430953925,5.7566111862670875,36230500
2008-07-03,5.6297712326049805,5.854181543724357,5.434632033913588,5.805396511427234,15156600
2008-07-07,5.346818447113037,5.73709725757172,5.27851950407701,5.649284397275182,26716000
2008-07-08,5.385846138000488,5.424873971480686,5.219977613085411,5.346818304520291,33765500
2008-07-09,5.327304363250732,5.522443529753207,5.298033255651125,5.5126868040523185,26541500
2008-07-10,5.327304363250732,5.42487394650197,5.249248696649743,5.337061088951621,23527400
2008-07-11,5.307790756225586,5.48341601632275,5.083380469032736,5.2590057291299015,24292300
2008-07-14,5.151679515838623,5.366332615759666,5.0150816233676325,5.366332615759666,15155200
2008-07-15,5.151679515838623,5.249249106711824,4.985810978729926,5.102894487777768,17888600
2008-07-16,5.376089096069336,5.424873652426167,5.054108790921706,5.171192749724684,17253600
2008-07-17,5.317546367645264,5.522442694091993,5.171192247539087,5.444387039302458,23322500
2008-07-18,5.5614728927612305,5.610257930429624,5.229736218461396,5.288277984514308,19274600
2008-07-21,5.522444725036621,5.620014794654493,5.473660155476257,5.590743680719417,13674900
2008-07-22,5.0053253173828125,5.356575874033554,4.976054205037643,5.327305226936932,35223100
2008-07-23,5.0053253173828125,5.2297356278672815,4.966297477754952,5.141922756080323,34464300
2008-07-24,4.790670871734619,5.034595058120267,4.751643039132793,5.005324416293129,19817200
2008-07-25,4.849213123321533,4.878484233431467,4.712615695055035,4.800428560136326,16039600
2008-07-28,4.468692779541016,4.839457800482941,4.4394221261895535,4.829700605866689,20754200
2008-07-29,4.566260814666748,4.585774731877989,4.312579890920616,4.3418505341132345,25860000
2008-07-30,4.634560585021973,4.683345619384789,4.488205947182092,4.624803392049982,16873600
2008-07-31,4.712615489959717,4.88824121247898,4.585774793751025,4.595531985112536,23520500
2008-08-01,4.556504249572754,4.800428455950323,4.527233140098105,4.712615592774878,12473200
2008-08-04,4.634560585021973,4.751644109194451,4.54674770926833,4.556504902240321,10411400
2008-08-05,4.61504602432251,4.819942395834069,4.527233160746555,4.7906712862259155,17178900
2008-08-06,4.858971118927002,4.888242233879255,4.527233987294883,4.634560788455025,21883200
2008-08-07,4.9760541915893555,5.171193854449819,4.761401074216247,4.858970673022205,28080500
2008-08-08,5.141922473907471,5.1809503113936035,4.917512175737946,4.995567850710212,15284200
2008-08-11,5.259006500244141,5.307791534493045,5.024839452445958,5.024839452445958,17692100
2008-08-12,5.141922473907471,5.298033823852002,5.122408555164404,5.298033823852002,12200600
2008-08-13,4.9760541915893555,5.1614366619449505,4.897998512544588,5.1516799346886275,15560300
2008-08-14,5.239491939544678,5.278519776076784,4.9077553290217715,4.976053810328703,18230700
2008-08-15,5.259006500244141,5.307791534493045,5.190708010593954,5.268763693193348,7852000
2008-08-18,4.9662981033325195,5.288278053444703,4.907756336516542,5.268764131172711,12512400
2008-08-19,4.780914306640625,4.976053476198007,4.751643198582778,4.956539559242268,9356000
2008-08-20,4.585776329040527,4.84921453576841,4.527234557017514,4.839457806388898,20084100
2008-08-21,4.566260814666748,4.62480256630047,4.478448419840406,4.585774731877989,8899600
2008-08-22,4.576018333435059,4.663831199795282,4.449177629858851,4.605288978722787,9816400
2008-08-25,4.38087797164917,4.624802147315563,4.371121246551705,4.536989760444603,16575900
2008-08-26,4.136954307556152,4.3808785133860715,4.107683663395722,4.3808785133860715,23080600
2008-08-27,4.156467914581299,4.195495743007079,4.117439620907105,4.175981828794189,19571900
2008-08-28,4.185739994049072,4.224767835908618,4.136954959100354,4.185739994049072,11268500
2008-08-29,4.136954307556152,4.195496526374013,4.107683663395722,4.146711499108629,9589900
2008-09-02,4.117440700531006,4.263795328127171,4.097926781201419,4.205253570138412,10469200
2008-09-03,4.215010643005371,4.234524561782078,4.088169938332515,4.117440583873314,15584700
2008-09-04,4.068655014038086,4.3125791710883465,4.05889782443684,4.1857384977625935,20512500
2008-09-05,4.254038333892822,4.312580088204606,4.019870851397182,4.0881697973851825,20506300
2008-09-08,4.302823543548584,4.4784492981414745,4.136954982099111,4.390636420845029,20929700
2008-09-09,4.302823543548584,4.527233868112829,4.234525052538973,4.283309622510327,29352800
2008-09-10,4.790670871734619,4.888240918487649,4.293065773437098,4.293065773437098,37660800
2008-09-11,4.80042839050293,4.966296923018042,4.507719160741143,4.576018105085159,25084800
2008-09-12,5.0053253173828125,5.073623804107294,4.693102135111384,4.761401087084413,24919200
2008-09-15,4.234523296356201,4.790670047920215,4.224766107259382,4.790670047920215,25168700
2008-09-16,3.902787208557129,3.951572234763489,3.522265353368141,3.902787208557129,37335400
2008-09-17,3.8052175045013428,4.332093724251693,3.756432479793598,3.9223010055017595,32015400
2008-09-18,4.156467914581299,4.322335952766657,3.8735156932459796,3.9125437542959665,30633500
2008-09-19,4.722372055053711,4.8784833741469145,4.390635036732223,4.517475716119666,33386500
2008-09-22,4.224767684936523,4.683345508271756,4.185739844471638,4.683345508271756,24001000
2008-09-23,3.990601062774658,4.380879508560625,3.990601062774658,4.146712441089044,28242800
2008-09-24,4.254038333892822,4.410149678724245,4.019870851397182,4.078412605708966,32459200
2008-09-25,4.556504249572754,4.7906712643759395,4.175982617893326,4.234524371594123,34318700
2008-09-26,4.536991596221924,4.693102982935383,4.244282280885555,4.2735533985186445,21651800
2008-09-29,3.9320592880249023,4.478449576278615,3.902788172025326,4.429664538028857,22757100
2008-09-30,3.9515719413757324,4.107683269247885,3.814974296863371,4.088169353263866,28863600
2008-10-01,4.195496082305908,4.468690903380224,3.873516006505585,3.990599733875946,38435500
2008-10-02,4.371121406555176,4.536989926519637,4.000356534310905,4.097926115099276,33024400
2008-10-03,4.332093238830566,4.888240504137664,4.312579324183743,4.439420002012306,24052500
2008-10-06,3.9613285064697266,4.2150098692465825,3.6783765035253486,4.195495954052089,27587200
2008-10-07,3.814974784851074,4.371121926782935,3.7174049598262298,4.078412684332659,29317000
2008-10-08,3.775947332382202,3.9223019775265664,3.5905650765234487,3.7954614866758405,35739900
2008-10-09,3.7857038974761963,4.088169865770893,3.7661897464215883,3.8735165304127754,30689500
2008-10-10,3.46372389793396,3.9223014621575034,3.375911261960021,3.5710506856374833,39933700
2008-10-13,4.1076836585998535,4.146711494267194,3.7954607406368783,3.854002494137889,20126100
2008-10-14,4.400392532348633,4.585774504019915,4.058898300247362,4.332093592878686,34528600
2008-10-15,3.9613285064697266,4.41014902119152,3.9418145912752327,4.273551614830064,31865800
2008-10-16,3.9515719413757324,4.127197185231904,3.7076475263270385,4.0393843306795905,36536100
2008-10-17,4.019871234893799,4.283309387053136,3.7661900427172417,3.883273795134878,17368600
2008-10-20,4.341850757598877,4.400392977494396,4.058898710847409,4.058898710847409,23147600
2008-10-21,4.361364364624023,4.566260723893119,4.156468470603404,4.215010221073363,23219000
2008-10-22,4.234523296356201,4.4394196149055904,4.049140890752069,4.312578948137229,19590600
2008-10-23,3.8247315883636475,4.234524325009538,3.658863055411883,4.146711462800134,29844700
2008-10-24,3.46372389793396,3.805217947525585,3.2197996764931984,3.346640383302042,24207600
2008-10-27,3.307612895965576,3.580808025045071,3.2783417815782285,3.3368837777286338,15677600
2008-10-28,3.649106502532959,3.649106502532959,3.171015000799722,3.4929949110565417,19668000
2008-10-29,3.7857038974761963,4.097926592361811,3.5222655334179445,3.610078398978781,30964500
2008-10-30,4.3223371505737305,4.3418510701943225,3.9125448385412995,3.951572677782483,15430500
2008-10-31,4.595532417297363,4.673588094536195,4.224767485164373,4.254038596753202,20939000
2008-11-03,4.566260814666748,4.8784839552950885,4.527232980244266,4.595531923107852,18629900
2008-11-04,4.858971118927002,4.946783998535172,4.634560788455025,4.6931025531109425,16018400
2008-11-05,4.683346271514893,5.04435408727266,4.654075153771648,4.761401965165368,23092800
2008-11-06,4.273552894592285,4.663831780603885,4.19549721043968,4.634560666422369,15590700
2008-11-07,4.371121406555176,4.624802316604941,4.2150100772937815,4.32233638353676,14851100
2008-11-10,3.8930301666259766,4.429663349807032,3.8149744985630565,4.390635515775572,14998700
2008-11-11,3.6393492221832275,3.8442455952611216,3.522265480728322,3.8442455952611216,25014000
2008-11-12,3.024660587310791,3.6295928443475236,3.024660587310791,3.541780198662447,21917400
2008-11-13,3.024660587310791,3.092959544356808,2.5660832049977675,3.0149036266791156,36145700
2008-11-14,2.68316650390625,3.053931441560218,2.5660829863045365,2.9856324903349476,28324200
2008-11-17,2.5075414180755615,2.7124378410830685,2.448999649394648,2.7124378410830685,15277600
2008-11-18,2.400214195251465,2.683166233571894,2.3221585247145873,2.5465685775081104,21684500
2008-11-19,2.019692897796631,2.4489996703848393,1.9513941670835153,2.390457901202169,28025400
2008-11-20,1.6489278078079224,1.9904216278897744,1.551358095079336,1.9904216278897744,33455000
2008-11-21,1.8245532512664795,1.8538241310512562,1.6196568601487673,1.707469615815235,25536800
2008-11-24,2.0489635467529297,2.0782346606023387,1.8440672618649223,1.8538242222732968,23707800
2008-11-25,2.2050750255584717,2.234345905185994,2.0001786355415425,2.107505426800064,16871500
2008-11-26,2.3319149017333984,2.507540116623972,2.1562894542186357,2.2343451052811125,18407900
2008-11-28,2.6734092235565186,2.7709788098590677,2.2538595372070716,2.3319154388733536,8796800
2008-12-01,2.185560703277588,2.634381240152556,2.185560703277588,2.634381240152556,12159900
2008-12-02,2.0392069816589355,2.3514302405021295,1.8928525471614985,2.2441034225796783,22211300
2008-12-03,1.9416369199752808,2.000178680547574,1.84406720270932,1.9806647603568095,41899300
2008-12-04,1.766011118888855,2.029449231314298,1.707469367821921,1.941636604713897,31921100
2008-12-05,1.9904218912124634,2.0587206177395543,1.756254596209568,1.756254596209568,29109300
2008-12-08,2.029449462890625,2.175804089882427,1.9611507455191086,2.0782344936374035,21068800
2008-12-09,2.1465330123901367,2.3124013106588768,1.9416366466103891,2.0489631925489857,19460400
2008-12-10,2.019692897796631,2.2733741302125154,1.9904220132052957,2.214832361029845,14340300
2008-12-11,1.8050391674041748,2.0587202188015943,1.7855252493206908,2.000178464551142,39102000
2008-12-12,2.019692897796631,2.019692897796631,1.717226857728521,1.7269838192589662,15945100
2008-12-15,1.8538240194320679,2.03920636321921,1.8050392227281173,2.0294494038784197,12514000
2008-12-16,1.9806642532348633,2.000178168429357,1.8538236881585448,1.8733376033530384,11970200
2008-12-17,2.1172616481781006,2.1953172999591284,1.9123653296287113,1.9123653296287113,18957800
2008-12-18,2.5465688705444336,2.683166542326653,2.146533280386177,2.1953180800854435,45137200
2008-12-19,2.9173340797424316,2.9270910405727024,2.6343819830402913,2.6343819830402913,35752200
2008-12-22,2.5465688705444336,2.888062933687845,2.2928876794839756,2.683166542326653,31676200
2008-12-23,2.302644729614258,2.6343818458113586,2.205075126394101,2.5758400838792643,18154200
2008-12-24,2.527054786682129,2.6343815716802683,2.0684772340179416,2.1465331410959316,19548100
2008-12-26,2.527054786682129,2.6734094089071334,2.478269990148547,2.653895490293701,5992100
2008-12-29,2.302644729614258,2.5368120099669182,2.195318166072085,2.4880272083568395,13096600
2008-12-30,2.380699872970581,2.3904568301293043,2.224588325806799,2.292887025917863,12019400
2008-12-31,2.5758397579193115,2.634381512443232,2.3807003435486545,2.3807003435486545,11978200
2009-01-02,2.770979166030884,2.8295211579614357,2.566083008458907,2.5855969282276665,17537200
2009-01-05,3.2393133640289307,3.35639710291512,2.7709788737326697,2.8685486949085357,36158500
2009-01-06,3.3856687545776367,3.580808208979311,3.27834194997578,3.3173700269555564,30659700
2009-01-07,3.2002856731414795,3.3954250916819646,3.0539312837043098,3.3954250916819646,25676100
2009-01-08,3.3271257877349854,3.3563966604416944,3.1222294461638036,3.1222294461638036,23386700
2009-01-09,3.2100424766540527,3.4246958033690427,3.1515007237202135,3.2880981472325046,30671800
2009-01-12,3.083202362060547,3.2588276408042485,2.9270907705529825,3.2490706808740426,21301400
2009-01-13,3.0734450817108154,3.200285547579839,2.8002497668982653,3.0149030956085547,21294900
2009-01-14,2.8587920665740967,2.9758755863727093,2.800250074050515,2.800250074050515,16979900
2009-01-15,2.9173340797424316,3.1124735289721377,2.7514655130035375,2.8392783931002676,16682100
2009-01-16,3.317368984222412,3.3661537743324597,2.995388904247643,3.0441736943576907,25287200
2009-01-20,3.0051465034484863,3.414939293054836,2.9758756231372154,3.190528978044147,22219300
2009-01-21,3.3563976287841797,3.4051824307034266,2.985632668949333,3.1222303469475094,24215000
2009-01-22,3.1710145473480225,3.2685841326782654,3.053931044951731,3.258827174145241,15329100
2009-01-23,3.473480463027954,3.512508296806478,3.0539310172845853,3.112472767952371,31795600
2009-01-26,3.317368984222412,3.6100779575069244,3.239313087422108,3.463723354552554,15894900
2009-01-27,3.405181884765625,3.4734805965025393,3.2978553377504736,3.3661540494873883,10346000
2009-01-28,3.6686201095581055,3.7661897005207194,3.5125085313936686,3.5125085313936686,19046500
2009-01-29,3.4832375049591064,3.6295921177606485,3.3466400834602954,3.6100782004036756,17313600
2009-01-30,3.6295926570892334,3.678377457730699,3.3661545010010396,3.5027519427971434,24624100
2009-02-02,3.5125088691711426,3.902787735800948,3.4149392688258295,3.66862046234792,29865800
2009-02-03,3.6686201095581055,3.707647945943151,3.3759111040460086,3.5125085313936686,25730700
2009-02-04,3.8052175045013428,4.058898423335578,3.6100781035430773,3.7466755213768965,26393800
2009-02-05,3.9710865020751953,4.039384986483458,3.580807653783649,3.7271620474247795,21801700
2009-02-06,3.9808437824249268,4.1467123509007315,3.863760251235628,3.9808437824249268,33462900
2009-02-09,4.215010643005371,4.293066318112198,3.9515725068955683,4.000357071213074,32067100
2009-02-10,3.9223012924194336,4.215010531580731,3.8442456193760237,4.166225503304345,36212100
2009-02-11,3.7857038974761963,3.951572436758436,3.473480737342067,3.951572436758436,27143600
2009-02-12,3.8442459106445312,3.883273750123274,3.600321681278116,3.7466760793234015,26146300
2009-02-13,3.6393492221832275,3.8637595133995633,3.6100783449755647,3.8540025543303424,23726500
2009-02-17,3.219799757003784,3.4637239845438326,2.966118569667105,3.4637239845438326,27806600
2009-02-18,3.122230052947998,3.3076125154091955,3.063688296157387,3.2588274854594235,17991200
2009-02-19,2.9270904064178467,3.3661540139053727,2.8978195302685776,3.2197994005347823,17100300
2009-02-20,2.7417080402374268,2.8490348219544805,2.624624532136189,2.8490348219544805,32417400
2009-02-23,2.7417080402374268,2.8880626579882263,2.6929232451952445,2.780735876271173,20266700
2009-02-24,3.1417434215545654,3.2002851680907085,2.7319507305531197,2.8392774984936042,19236400
2009-02-25,3.1417434215545654,3.2197990836027564,2.985631864833962,3.122229506042518,18638300
2009-02-26,3.2100424766540527,3.366154050435204,3.131986806075601,3.200285517831746,19055600
2009-02-27,3.1417434215545654,3.2978549782751694,2.9953888225899856,3.122229506042518,8332300
2009-03-02,2.936847448348999,3.1710146968024584,2.8978196123774644,3.0539311888878546,10161600
2009-03-03,3.0149035453796387,3.171015143901048,2.9856326642739277,2.9856326642739277,14254400
2009-03-04,3.122230052947998,3.2295566070641177,3.024660225672717,3.112473093482896,13858100
2009-03-05,3.0734450817108154,3.1124729173628225,2.995389177782551,3.053931163884812,10515100
2009-03-06,2.839277982711792,3.151500916776125,2.6441385616874853,3.1124730790961164,26470900
2009-03-09,2.5172979831695557,2.849035085377451,2.4880271034378483,2.8002500532003323,22148900
2009-03-10,2.810007333755493,2.829521254187883,2.5855970161587303,2.5855970161587303,22971600
2009-03-11,3.122230052947998,3.2002857286688124,2.8392779958357828,2.8490349553008842,22710700
2009-03-12,3.4149386882781982,3.4929943552848015,3.0539309957484226,3.2100423297616287,33988700
2009-03-13,3.551536798477173,3.5612937581175936,3.414939130887015,3.4442100098082773,13162600
2009-03-16,3.561293840408325,3.7466760778599433,3.5125088084546796,3.7369191179940686,20522800
2009-03-17,3.590564012527466,3.6100779284142273,3.4051815789790076,3.571050096640705,16626600
2009-03-18,3.678377151489258,3.795460895905306,3.4832377325453505,3.5612936396974693,25042900
2009-03-19,3.58080792427063,3.7369192892801726,3.5222659297677685,3.619835765523016,15409700
2009-03-20,3.346640110015869,3.6491060640732615,3.346640110015869,3.590564311537814,17205500
2009-03-23,3.717404842376709,3.7466757191720865,3.4246958417986826,3.473480636457645,16158400
2009-03-24,3.6100783348083496,3.717404884267512,3.444209798474482,3.668620089058802,17986000
2009-03-25,3.6198348999023438,3.8637590820238037,3.463723339599887,3.658862731821901,18583800
2009-03-26,4.117440700531006,4.1759829237683,3.7661899199741837,3.814974950922417,40555900
2009-03-27,4.068655014038086,4.244280239624847,4.000356082574586,4.088168927992171,20241600
2009-03-30,3.7857038974761963,3.990600273619138,3.746675827991237,3.990600273619138,11101800
2009-03-31,3.9613285064697266,4.078411997636689,3.8442450153027643,3.8930298032889987,15048500
2009-04-01,4.078413963317871,4.078413963317871,3.688135238700375,3.844246868121972,22217500
2009-04-02,4.517477035522461,4.517477035522461,4.146712079139724,4.205253840897751,28590400
2009-04-03,4.3906354904174805,4.5467468256417005,4.195496321387206,4.322336548632646,24172900
2009-04-06,4.410150051116943,4.45893508312042,4.146711901844969,4.302823259858422,21403700
2009-04-07,4.205254077911377,4.390636566551145,4.068656626110503,4.205254077911377,28308000
2009-04-08,4.1759819984436035,4.1759819984436035,3.9125439132432,4.097925873172597,48840200
2009-04-09,4.341850757598877,4.536990405004085,4.244281166520527,4.322336839383207,101931500
2009-04-13,4.283309459686279,4.332094493051716,4.097926984245606,4.254038811865865,25297200
2009-04-14,4.195496082305908,4.439420262317915,4.039384290729276,4.2930656612610205,29259100
2009-04-15,4.3906354904174805,4.3906354904174805,4.078412354720563,4.127197379602371,28901300
2009-04-16,4.858971118927002,4.956540726686864,4.536991180695164,4.536991180695164,49211300
2009-04-17,4.878484725952148,4.97605432742148,4.69310225053614,4.956540407127614,28575700
2009-04-20,4.478448390960693,4.8492128155833605,4.439420556789886,4.800428255494093,19544200
2009-04-21,4.585776329040527,4.722374262342872,4.380879894335657,4.458936055614989,24447000
2009-04-22,4.907754421234131,5.151678587065384,4.673586980106946,4.673586980106946,36103600
2009-04-23,4.80042839050293,5.073623237382002,4.683344884697613,5.0053247582864815,23204000
2009-04-24,4.741886615753174,4.8687268471669665,4.517476331369319,4.819942285930429,26185400
2009-04-27,4.546746730804443,4.829698752620692,4.439420422700672,4.585774563796445,22356900
2009-04-28,4.4491777420043945,4.576018448777737,4.361364873430769,4.4491777420043945,19931700
2009-04-29,4.722372055053711,4.819941629486963,4.507718526052126,4.5565035458929675,14742800
2009-04-30,4.761399745941162,4.966296078898561,4.741885831623716,4.790670384793124,36756100
2009-05-01,4.771157264709473,4.819942291248329,4.585774815209711,4.585774815209711,13297600
2009-05-04,5.141922473907471,5.151679665903265,4.7809147445364815,4.956540013224079,19320900
2009-05-05,5.307790756225586,5.317547482495623,4.995567606359905,5.1126511130913475,25773000
2009-05-06,5.259006500244141,5.5029307409915305,5.161436896994897,5.268763693193348,22526600
2009-05-07,4.80042839050293,5.200463934628675,4.6735876932562554,5.054109319747782,25779000
2009-05-08,4.732131004333496,4.95654136364409,4.488206720963227,4.946784634238576,18493400
2009-05-11,4.546746730804443,4.673587420652684,4.410149315332436,4.458934339196673,19878200
2009-05-12,4.3125810623168945,4.64431821026392,4.166226410855053,4.576019248848764,25242300
2009-05-13,4.215010643005371,4.3125802368889055,4.078412746319901,4.224767369769463,19911200
2009-05-14,4.439420700073242,4.517476370934122,4.146711469096447,4.1954964960087455,17710600
2009-05-15,4.136954307556152,4.536990321486201,4.136954307556152,4.439420732203932,20959800
2009-05-18,4.566260814666748,4.615045840319093,4.24428094805703,4.24428094805703,25021000
2009-05-19,4.732131004333496,4.84921454869155,4.468692796903551,4.468692796903551,21936500
2009-05-20,4.683346271514893,5.102895857510518,4.683346271514893,4.780915888577987,26672700
2009-05-21,4.468692779541016,4.644318560644373,4.3125813876701615,4.634561366028121,20397200
2009-05-22,4.400392532348633,4.556503862281697,4.35160750912032,4.5272327552950165,8135900
2009-05-26,4.536991596221924,4.6638323305509255,4.351609091875375,4.36136582092065,12759400
2009-05-27,4.6540727615356445,4.8199412579092975,4.52723209192657,4.546746005308859,16166400
2009-05-28,4.741886615753174,4.800428368386115,4.429663469795661,4.771157259445397,15240900
2009-05-29,4.937025547027588,4.966296654520654,4.673587440583871,4.780914214393821,17532900
2009-06-01,5.190706253051758,5.278518633619044,4.907754266810526,5.1028934072360626,20826100
2009-06-02,4.946783065795898,5.180950080266272,4.897998038490321,5.083380490903616,19870700
2009-06-03,4.849213123321533,5.122408445103041,4.78091464181254,4.8101852866739625,27710700
2009-06-04,5.3663330078125,5.3663330078125,4.927269584181803,4.937026311357675,34308900
2009-06-05,5.171193599700928,5.502930219298822,5.112651378052776,5.395603898523764,17074900
2009-06-08,5.171193599700928,5.239492082876232,4.99556786525352,5.171193599700928,12901500
2009-06-09,5.444388389587402,5.512687337091546,5.171193530067861,5.229735285679191,18453400
2009-06-10,5.717584133148193,5.785882620406442,5.405360948436676,5.571229500775653,26441400
2009-06-11,5.454145431518555,5.766368119527757,5.298033622265449,5.766368119527757,25317200
2009-06-12,5.337060928344727,5.483415531441604,5.063866103462449,5.483415531441604,18813000
2009-06-15,5.190706253051758,5.298032547661598,5.063865579150955,5.288275823264526,16713300
2009-06-16,5.0736236572265625,5.259006122716374,5.024839091728317,5.239492203467369,12111200
2009-06-17,5.171193599700928,5.317547758075737,4.976053946453643,5.005325057277719,17596500
2009-06-18,5.132165431976318,5.307790689878167,5.0248386528564986,5.180949993213696,14768700
2009-06-19,5.20046329498291,5.366331807096554,5.14192154928076,5.21997721021696,19668300
2009-06-22,4.897997856140137,5.385846250039547,4.88824113019136,5.190707078579177,25984100
2009-06-23,4.732131004333496,4.976055287703765,4.634561384035118,4.946784634238576,25294800
2009-06-24,5.015082836151123,5.102895721796803,4.829700336037253,4.878485375895658,19099300
2009-06-25,5.171193599700928,5.229735356100556,4.917512190054015,5.005325057277719,25061000
2009-06-26,4.9760541915893555,5.249249533494586,4.927269624810649,4.927269624810649,25999700
2009-06-29,4.985811233520508,5.034595798825898,4.907755556833057,4.956540122138447,12436100
2009-06-30,4.937025547027588,5.102894070575201,4.829698773217638,4.985810571099876,16379200
2009-07-01,5.054109573364258,5.122408521135532,4.956539980297094,5.0053250094549355,15905400
2009-07-02,4.839457035064697,5.063867358010186,4.839457035064697,4.985811674420202,15697600
2009-07-06,4.771157264709473,4.946782988050559,4.732129429577785,4.87848404394586,14734700
2009-07-07,4.585776329040527,4.927270697047741,4.556505675653344,4.800429958373556,13720600
2009-07-08,4.605289459228516,4.7126162553949715,4.439421366378532,4.585775538584484,21738000
2009-07-09,4.917511463165283,5.015081042742282,4.644316640349687,4.644316640349687,25405000
2009-07-10,4.956539630889893,5.054109217078968,4.8296989362198515,4.888241153181783,17748400
2009-07-13,5.083380699157715,5.083380699157715,4.8101853725016115,4.956539995165648,17046300
2009-07-14,5.190706253051758,5.219976891491384,5.03459447546292,5.073622303548027,18784200
2009-07-15,5.444388389587402,5.541957982272953,5.327304878364742,5.337061605009039,19363400
2009-07-16,5.610257625579834,5.639528739640058,5.307791618117532,5.434632336964213,18748400
2009-07-17,5.610257625579834,5.610257625579834,5.463902985775862,5.610257625579834,14635000
2009-07-20,5.746854305267334,5.77612541542084,5.522444011585494,5.620014068598173,15618100
2009-07-21,5.707826614379883,5.941994105844688,5.620014212173039,5.766368370933953,32388900
2009-07-22,6.010293006896973,6.039564119832522,5.688313090848714,5.707827011056229,27385600
2009-07-23,6.049321174621582,6.137134052930949,5.824910847468762,5.893209804514779,21879800
2009-07-24,6.117619514465332,6.127376706736902,5.805396340503118,6.0005359986977025,16647800
2009-07-27,6.176161766052246,6.234703528615706,6.020050399216351,6.117620003488785,12301900
2009-07-28,6.244460105895996,6.312758589527446,6.059077643434799,6.127376592314774,17324000
2009-07-29,6.029807090759277,6.273731332597819,6.000536442277851,6.273731332597819,18631700
2009-07-30,6.010293006896973,6.224946594428183,6.000536279417494,6.185918754013155,19606700
2009-07-31,6.234703063964844,6.283488095089567,6.010292758238482,6.010292758238482,24461400
2009-08-03,6.605467796325684,6.673766744767218,6.303001822224924,6.31275854900313,25368500
2009-08-04,6.5957112312316895,6.5957112312316895,6.449356603982743,6.5078983618326145,15276000
2009-08-05,6.576197147369385,6.722551781309794,6.488384739203983,6.605468260256888,17496900
2009-08-06,6.624981880187988,6.810364346077827,6.478627252880376,6.712794749622263,26835900
2009-08-07,6.664009094238281,6.810363707829957,6.507897754539689,6.761578681549901,16418400
2009-08-10,6.468869686126709,6.673766044709798,6.400570744849522,6.654252127951812,17633200
2009-08-11,6.634737968444824,6.7127936326209,6.488383365490455,6.634737968444824,19848200
2009-08-12,6.5957112312316895,6.761579312515392,6.576196846699864,6.634739069798271,18726000
2009-08-13,6.839634418487549,6.898176167466592,6.488383459364829,6.69327981341571,28545200
2009-08-14,6.556683540344238,6.85915001538302,6.498141777021804,6.7518232166676,21905600
2009-08-17,6.410327911376953,6.507897494794344,6.234702195977177,6.293243946027612,18909400
2009-08-18,6.624981880187988,6.664009718770214,6.420085495007037,6.468870525859087,14723400
2009-08-19,6.5176544189453125,6.615224470581748,6.449355941097992,6.566439444763531,18508700
2009-08-20,6.624981880187988,6.654252991748925,6.4493566065679735,6.498141172171488,16099000
2009-08-21,6.966475009918213,6.985988927275186,6.595710580135726,6.664009058260887,20194100
2009-08-24,6.917689800262451,7.073801124474807,6.888418694348412,6.937203715788995,10647500
2009-08-25,7.025017738342285,7.073802771139219,6.8201213449928515,6.956719250724843,16126600
2009-08-26,7.0738019943237305,7.083559185911044,6.9762324046931035,7.00550304895804,16188100
2009-08-27,7.025017738342285,7.103073883867089,6.732308937306346,7.103073883867089,24094100
2009-08-28,7.376267433166504,7.395781349712641,7.1225865180667345,7.1908849933539765,26349200
2009-08-31,7.190885066986084,7.288454650715843,7.103072674253538,7.268940733969891,11537900
2009-09-01,6.849391460418701,7.307968747895045,6.8298775431909515,7.190885244528552,18832700
2009-09-02,6.820121765136719,6.985990328566124,6.790851115854225,6.85915007292768,19699000
2009-09-03,6.995746612548828,7.034774450018537,6.761579122482055,6.9567187750791195,24841400
2009-09-04,7.171372413635254,7.210400254002771,6.995747131981429,7.015261052165187,15770300
2009-09-08,7.561652183532715,7.571409377411445,7.249428958142509,7.473839299618586,21123000
2009-09-09,7.6104350090026855,7.649462842669491,7.356753624919974,7.532378876420599,23055400
2009-09-10,7.9324140548706055,8.01046971418939,7.581163122687644,7.639704867176732,31124800
2009-09-11,7.678734302520752,8.02022858132226,7.522622951239053,8.02022858132226,29072400
2009-09-14,7.7275190353393555,7.78606078981938,7.444566989394983,7.620192252835056,19574500
2009-09-15,7.951929569244385,7.981201146962209,7.571408363883649,7.786061482746988,22076300
2009-09-16,8.293421745300293,8.293421745300293,7.873871876896694,8.01046974650404,32824000
2009-09-17,8.020227432250977,8.381235112992002,8.010470241569536,8.19585221203231,28145300
2009-09-18,8.000713348388672,8.225124089921751,7.951928323664354,8.137311231517371,26965600
2009-09-21,8.127555847167969,8.234882181021746,7.8250903015358855,7.990957933674576,14153700
2009-09-22,8.42026424407959,8.449534890142104,8.049499315465182,8.215367860647866,22049700
2009-09-23,8.332449913024902,8.586131282370346,8.303179272099474,8.556860641444917,21233500
2009-09-24,7.912900924682617,8.459291556716645,7.815331800370936,8.459291556716645,29943400
2009-09-25,7.903143882751465,8.108040233207893,7.708004257662819,7.8348444789347145,18743600
2009-09-28,8.234881401062012,8.390993686195774,7.990957176817914,8.020228753685098,28150900
2009-09-29,8.195854187011719,8.38123713264369,7.9812015232760505,8.342209291010192,42728900
2009-09-30,8.000713348388672,8.244637541513308,7.88362984734848,8.19585251678899,46518200
2009-10-01,7.3274827003479,7.961685205654941,7.288454402934346,7.922657373489845,45492000
2009-10-02,7.278698444366455,7.386025226752139,6.995746398734793,7.220156689951129,29244600
2009-10-05,7.776304721832275,7.825090222154819,7.278699504221228,7.346998460275071,34334800
2009-10-06,7.698248863220215,7.951929830201905,7.649464294501864,7.8836313409465015,28888900
2009-10-07,8.020227432250977,8.049498073798379,7.639705370147072,7.659219286261493,21986100
2009-10-08,8.020227432250977,8.147068119618945,7.9616852186592535,8.078768715345781,23987600
2009-10-09,8.566618919372559,8.58613330491758,7.95192973216115,7.971444117706172,27846500
2009-10-12,8.664186477661133,8.908110643370636,8.547102989780194,8.595888009021463,20192900
2009-10-13,8.449535369873047,8.664188957678471,8.371479688943277,8.537348243543317,25274200
2009-10-14,8.693459510803223,8.849570870964005,8.53734815064244,8.820300223558135,21572100
2009-10-15,8.439777374267578,8.673945325277911,8.225124737378893,8.537347431396636,25642900
2009-10-16,7.756790637969971,8.273909765702067,7.678734955689546,8.234881924561854,55528600
2009-10-19,7.854359149932861,7.932414816748593,7.756789101164722,7.8933869833407275,29843600
2009-10-20,7.834844589233398,8.127553798362891,7.776302840457192,7.95192808678581,24048700
2009-10-21,7.454324722290039,7.912902093588918,7.4445679945169925,7.815332954864171,42083500
2009-10-22,7.4152960777282715,7.590921811111014,7.132344024221099,7.571407892429433,41535000
2009-10-23,7.268942832946777,7.659221745811061,7.220158259619122,7.620193901049493,23726400
2009-10-26,7.200643062591553,7.551893603267829,7.190885870504061,7.268941546209899,23192400
2009-10-27,6.878662109375,7.317725450293211,6.859148193450823,7.21039868008601,23846700
2009-10-28,6.664009094238281,6.859148734110013,6.527411672002013,6.859148734110013,37956100
2009-10-29,7.0738019943237305,7.10307310383717,6.732308197992285,6.771336033844536,30576900
2009-10-30,6.624981880187988,7.103073600693052,6.595711233875587,7.103073600693052,26209200
2009-11-02,6.4200849533081055,6.781092662357692,6.234702503060034,6.712794183225795,28297800
2009-11-03,6.48838472366333,6.507898643792076,5.971265142378746,6.156647616226104,39987000
2009-11-04,6.566440582275391,6.898177698710096,6.537169468664095,6.683524106223439,27511800
2009-11-05,7.06404447555542,7.073801666690816,6.654252218086883,6.712793969153817,27340800
2009-11-06,6.907933235168457,7.249427020418601,6.86890540058264,7.034773930196606,18512900
2009-11-09,7.3274827003479,7.4348090061776855,7.025016303195718,7.093315242108865,25064700
2009-11-10,7.220156669616699,7.512865440868961,7.103073161115795,7.395781932368056,16333600
2009-11-11,7.337240219116211,7.551893319233962,7.220156709961074,7.337240219116211,17682100
2009-11-12,7.425052642822266,7.493351119817336,7.2786980324423585,7.327483057651821,17636100
2009-11-13,7.3274827003479,7.415295090095137,7.190884822521605,7.3274827003479,19330300
2009-11-16,7.454324722290039,7.590922633101254,7.3567551183167215,7.3567551183167215,13330500
2009-11-17,7.532379627227783,7.532379627227783,7.337240439442811,7.434810033335297,12501600
2009-11-18,7.298213005065918,7.454324363918061,7.210400133087313,7.434810444061543,26648100
2009-11-19,6.946960926055908,7.103072726418481,6.683522815426635,7.0933155353496105,28498000
2009-11-20,7.083559513092041,7.132344077536403,6.771336346604325,6.878663132779558,22980400
2009-11-23,7.337240219116211,7.386025247221772,7.112829927277944,7.171371681855512,25303000
2009-11-24,7.346997261047363,7.47383749408851,7.249427206825483,7.346997261047363,21344800
2009-11-25,7.278698444366455,7.386025226752139,7.2103994982576545,7.337240198781781,11280300
2009-11-27,7.12258768081665,7.278699038670645,6.8786634515455125,6.95671913047251,7287600
2009-11-30,7.337240219116211,7.346997410836726,7.122587118998459,7.210399518240558,15458200
2009-12-01,7.5811662673950195,7.590923461481418,7.376269844066888,7.444568806925806,15331200
2009-12-02,7.9616875648498535,8.029986058752646,7.551894740438712,7.610436971281957,41423100
2009-12-03,8.166583061218262,8.625160871488943,7.873873800822144,7.903145378209718,69296100
2009-12-04,8.244636535644531,8.410505041172618,8.010469562133176,8.381234402107907,27532900
2009-12-07,8.322690963745117,8.46904599843735,8.166579671137429,8.234878129029118,16339600
2009-12-08,8.390992164611816,8.508075659357951,8.312936501447727,8.410505615154387,23356200
2009-12-09,8.38123893737793,8.478808097222695,8.293426042169502,8.410509592281624,14077600
2009-12-10,8.508076667785645,8.566617956848923,8.361721584133427,8.400749420341283,17202400
2009-12-11,8.430021286010742,8.51783322263314,8.361721872419485,8.51783322263314,10835200
2009-12-14,8.771513938903809,8.771513938903809,8.371478402965586,8.478804715132899,14678400
2009-12-15,8.595890045166016,8.781272045598836,8.517833437592278,8.73248701480165,21625100
2009-12-16,8.586132049560547,8.830056250227058,8.576374858214612,8.673944910680008,25443900
2009-12-17,8.51783561706543,8.664190746905122,8.488564963296414,8.508079352807295,11748200
2009-12-18,8.566618919372559,8.634918338283017,8.459292590366294,8.605646759965484,22744900
2009-12-21,9.083738327026367,9.083738327026367,8.781271885979482,8.820299723808398,36713500
2009-12-22,9.181307792663574,9.249606278741703,9.054467082449131,9.14227995340506,39551000
2009-12-23,9.747211456298828,9.756968648266383,9.464259402718984,9.513044432059724,60070000
2009-12-24,9.913079261779785,10.039919956449825,9.766725115120416,9.825266401585374,17088200
2009-12-28,9.795995712280273,10.196031246398276,9.77648226038272,10.020406457332426,29422900
2009-12-29,10.127734184265137,10.235060510941924,9.5618300427019,9.835024920922784,33330000
2009-12-30,10.381412506103516,10.40092595489766,10.000890484401108,10.059432691777177,20363600
2009-12-31,10.303359031677246,10.605824530759916,10.303359031677246,10.488741021712075,20612800
2010-01-04,10.586311340332031,10.771693334963592,10.518011927154475,10.55703976447149,34412700
2010-01-05,10.898533821105957,11.015617330717571,10.371657562605181,10.596067390069853,60659000
2010-01-06,10.947319984436035,11.064403506187041,10.722909203207099,10.810722077144634,32060400
2010-01-07,10.576553344726562,10.976588879453809,10.303358504265974,10.957074497029568,46461800
2010-01-08,10.830235481262207,10.898533963470223,10.361900506201009,10.488741209228062,32433400
2010-01-11,10.635092735290527,11.044885388183985,10.557037080500992,10.976586922867343,29135200
2010-01-12,10.010650634765625,10.400929031044226,9.893567115882044,10.391171838512987,46116000
2010-01-13,10.20578670501709,10.303356739431848,9.727695583477754,10.05943258389176,33519600
2010-01-14,10.46922779083252,10.683881379633004,10.176519451237546,10.176519451237546,33723700
2010-01-15,9.883808135986328,10.43995498273533,9.79599528007924,10.43995498273533,30994100
2010-01-19,10.030165672302246,10.049680060444503,9.795998597578592,9.893568677295402,18545400
2010-01-20,9.737454414367676,9.825267282434636,9.49353019440259,9.75696879860347,42195400
2010-01-21,9.56182861328125,9.991134786307489,9.522800779369774,9.825266259559475,38274500
2010-01-22,8.908112525939941,9.47401663553989,8.869084688398464,9.46425944353026,44447500
2010-01-25,9.103250503540039,9.191063358959545,8.947139174126217,9.05446548047399,23995600
2010-01-26,9.210578918457031,9.50328819336607,9.044711290855615,9.132523235880905,25159600
2010-01-27,9.483773231506348,9.503286683802168,9.122765524312296,9.249605290477596,21637400
2010-01-28,9.171552658081055,9.51304702608827,8.878844263214635,9.49353263683195,32249900
2010-01-29,8.508076667785645,9.269119939087336,8.361721584133427,9.220334911203263,42655600
2010-02-01,8.947142601013184,8.976413253865134,8.625162628149887,8.625162628149887,19407600
2010-02-02,9.122764587402344,9.269118721329848,9.025194544452747,9.044708925241423,21667700
2010-02-03,8.800785064697266,9.093493343073298,8.712972208985686,8.937382013140235,25361500
2010-02-04,8.400750160217285,8.95689803828189,8.342208865998124,8.888598621030075,26692400
2010-02-05,8.48856258392334,8.498319775943806,8.069013562510781,8.420264100774165,36413100
2010-02-08,8.693459510803223,8.83005741619246,8.381236790481658,8.55686253591109,20271500
2010-02-09,8.85932731628418,9.054466500024509,8.625160295795784,8.947140181591584,20847800
2010-02-10,8.332449913024902,8.517831879548481,7.981199430429064,8.400748385349868,70622100
2010-02-11,8.322690963745117,8.566615091068803,8.215364682701507,8.361718786897038,50941600
2010-02-12,8.234881401062012,8.527590656254342,8.117797885084494,8.21536794698096,44233500
2010-02-16,8.42026424407959,8.49831992057767,8.283666344959421,8.430021436266115,25227300
2010-02-17,8.51783561706543,8.576377855100768,8.35196795870947,8.576377855100768,18426500
2010-02-18,8.54710578918457,8.556862982327935,8.381237227735998,8.439778525601875,22489100
2010-02-19,8.683701515197754,8.917869464282811,8.449534496609715,8.556861744668662,28672300
2010-02-22,8.722728729248047,8.888597254870502,8.693458086637305,8.849569421223864,16121600
2010-02-23,8.400750160217285,8.615403743514099,8.215368154527146,8.615403743514099,28626100
2010-02-24,8.869085311889648,9.00568228763898,8.430021876057877,8.488563171236988,34303400
2010-02-25,8.849571228027344,8.869085614083362,8.508077846521301,8.65443201995287,20920800
2010-02-26,8.839813232421875,8.927625160966713,8.6544303232232,8.859326684155075,20385500
2010-03-01,9.532559394836426,9.552072849459405,8.97641151537652,9.015439355119575,39158600
2010-03-02,9.337418556213379,9.503287095143769,9.278877266295021,9.308147911254201,40226300
2010-03-03,9.2203369140625,9.464261175971547,9.16179561228277,9.34717764191487,25133700
2010-03-04,9.181307792663574,9.200822177541374,8.947140757112487,9.181307792663574,19757600
2010-03-05,9.23009204864502,9.347175556580623,9.093494157471644,9.32766210383986,15691200
2010-03-08,9.35693359375,9.415474887759451,9.132522818721522,9.249606337237518,26708500
2010-03-09,9.181307792663574,9.366690727014332,9.113009306585445,9.23009282436099,33738200
2010-03-10,9.630127906799316,9.717940773172389,9.337418662388087,9.395960883469147,39335100
2010-03-11,9.56182861328125,9.659397732811462,9.38620289543113,9.610613638294835,20021700
2010-03-12,9.72769832611084,10.000893196801355,9.46425971721504,9.835024649829275,33689400
2010-03-15,9.493531227111816,9.698427631391066,9.36669143776971,9.678914175529647,25969100
2010-03-16,9.961865425109863,9.991136071684952,9.561829843427702,9.610614874717568,24369500
2010-03-17,10.147247314453125,10.254574568195451,9.981378768212318,10.078948829705876,26403900
2010-03-18,9.913079261779785,10.147246268633566,9.805752949596044,10.049677147692977,20228500
2010-03-19,9.708185195922852,10.020408876122966,9.708185195922852,10.020408876122966,19780300
2010-03-22,10.078948020935059,10.108218664835517,9.513043942875555,9.591099613608106,19351100
2010-03-23,10.283844947814941,10.31311559330528,10.088705760384277,10.147247051364955,22122400
2010-03-24,10.176517486572266,10.371656652127974,10.117975271657084,10.361899461225955,18182900
2010-03-25,10.127734184265137,10.527769774284275,10.09846353708003,10.410686255046754,24965500
2010-03-26,10.235060691833496,10.469227734447141,10.010650841953032,10.283845725002285,25900400
2010-03-29,10.371658325195312,10.527769682822429,10.322873293312567,10.400928972126124,22226000
2010-03-30,10.527769088745117,10.635095408433113,10.41068557713175,10.45947060626158,37351400
2010-03-31,10.117976188659668,10.488741102066788,10.108218996873344,10.459470457204837,38781500
2010-04-01,9.922837257385254,10.78145061594677,9.86429503567779,10.7619362318786,127588500
2010-04-05,10.342387199401855,10.381415037001608,10.000892922531238,10.117976435330496,52480400
2010-04-06,9.981378555297852,10.381415054490537,9.961865101713625,10.371657862449899,42605400
2010-04-07,10.303359031677246,10.391170965590366,9.883809093049717,9.981378218674411,44194700
2010-04-08,10.32287311553955,10.420443177624763,10.117976729558265,10.274088084496945,33101100
2010-04-09,10.46922779083252,10.55704066490986,10.39117210954091,10.449714335758177,24270800
2010-04-12,10.557043075561523,10.68388381924816,10.322875978215729,10.48874457146,37146600
2010-04-13,10.498498916625977,10.586311786917925,10.371658207370615,10.527769563224266,28036500
2010-04-14,11.025375366210938,11.122944499772077,10.722908912028096,10.781451136562453,49938700
2010-04-15,10.90829086303711,11.103430043042861,10.84974864378688,10.93756150741372,29166900
2010-04-16,10.654608726501465,10.830234441602164,10.430197987150912,10.820477250652804,36300600
2010-04-19,10.527769088745117,10.73266546669277,10.225302652537806,10.547283472595863,26286700
2010-04-20,10.488741874694824,10.703395457320788,10.410686195648491,10.605825393264325,24288400
2010-04-21,10.478983879089355,10.810720954860773,10.293601888186105,10.674123061749889,38628600
2010-04-22,10.66436767578125,10.742423355251983,10.157004828724387,10.35214402740122,31721200
2010-04-23,10.732666015625,10.742423208049415,10.48874178799716,10.713151630776172,25333300
2010-04-26,10.703394889831543,10.761936180763914,10.615582022935945,10.703394889831543,17543000
2010-04-27,10.088706016540527,10.586311654995907,10.030163793576396,10.576554462752375,32056800
2010-04-28,9.991135597229004,10.225302619703816,9.483773715200243,10.16676132933363,66819300
2010-04-29,9.961865425109863,10.15700461977225,9.805754069379955,10.15700461977225,23934600
2010-04-30,9.122764587402344,9.903321209011555,9.103250206613668,9.893564949114108,52942300
2010-05-03,9.649641036987305,9.698425129303667,9.191063311337556,9.191063311337556,49168500
2010-05-04,9.28863525390625,9.434989421737885,9.083738860643697,9.415475036428544,50180800
2010-05-05,9.034954071044922,9.259363925159743,8.761758252343665,9.064224719299652,37391100
2010-05-06,8.537345886230469,9.21057618098317,7.142099811741667,9.064222052275104,66628800
2010-05-07,8.361721992492676,8.586132759520096,7.844602904859925,8.586132759520096,64580800
2010-05-10,8.869085311889648,9.02519667303009,8.615403884787874,8.976411640049424,38072100
2010-05-11,8.605647087097168,8.84957133269967,8.50807794715446,8.664189315460515,38756000
2010-05-12,9.103250503540039,9.161792717318683,8.65442996622684,8.683700607867701,40603300
2010-05-13,8.91787052154541,9.23009325001185,8.859328294709387,9.093495341059217,32338500
2010-05-14,8.722728729248047,8.849569421223864,8.537346752050746,8.742243111319842,41915900
2010-05-17,8.947142601013184,8.986170448314878,8.566620391948709,8.722731781155485,39765600
2010-05-18,8.85932731628418,9.191064393891251,8.732486614228709,9.093494336772574,48380400
2010-05-19,8.742242813110352,9.01543763931779,8.488561437812125,8.7812706454257,29982200
2010-05-20,8.52759075164795,8.800786555815325,8.273909332276993,8.488562912552194,38295700
2010-05-21,8.712974548339844,8.81054369049597,8.16658381637627,8.205611659338157,38500300
2010-05-24,8.576375961303711,9.015439392876146,8.55686250659901,8.761757968235326,28877200
2010-05-25,8.586132049560547,8.605645501755438,8.127554291768353,8.244637796428641,33075400
2010-05-26,8.478808403015137,8.917872894892358,8.420267091096424,8.732489902655892,36250000
2010-05-27,9.210578918457031,9.23009330434963,8.732487630053978,8.78127266428834,37377100
2010-05-28,8.869085311889648,9.171550841474978,8.595890429893874,9.171550841474978,42979200
2010-06-01,8.449535369873047,8.800786864554125,8.449535369873047,8.72273025312724,41912600
2010-06-02,8.956896781921387,8.98616742492525,8.537346866712488,8.54710405787943,42953400
2010-06-03,9.0154390335083,9.230092609686231,8.839814226178234,9.0544668718591,43996900
2010-06-04,8.644674301147461,9.152037141779937,8.605646461906277,8.75200155693353,33060000
2010-06-07,8.17634105682373,8.77151589804404,8.156826669981829,8.77151589804404,35437500
2010-06-08,8.332449913024902,8.390992125372657,8.069012283702248,8.244637059751717,33551900
2010-06-09,8.322690963745117,8.683698560524569,8.264149694265585,8.439774433200883,28670500
2010-06-10,8.556861877441406,8.615403167748264,8.37147895364328,8.508076848521004,24131800
2010-06-11,8.712974548339844,8.722730811207436,8.381237417915228,8.439778717109471,23505500
2010-06-14,8.693459510803223,8.947140936313046,8.683702318168898,8.869085256232655,26395800
2010-06-15,9.444744110107422,9.513042579586484,8.810540713170207,8.830055093305287,52149700
2010-06-16,9.66915512084961,9.737453598961519,9.230091747778662,9.28863396508671,39003100
2010-06-17,9.678914070129395,9.85453982345543,9.532559896022462,9.756969753719378,28516400
2010-06-18,9.756969451904297,9.89356735920992,9.581343704010942,9.659399385186408,24574300
2010-06-21,9.678914070129395,10.039921839357353,9.620371842188334,10.000893997562363,26685500
2010-06-22,9.405717849731445,9.874051885155245,9.366690013446128,9.698426156622812,26920700
2010-06-23,9.581341743469238,9.747210264651233,9.327661296805829,9.425230413061932,28385000
2010-06-24,9.38620376586914,9.659398628584444,9.288634637290768,9.58134295352293,33938300
2010-06-25,9.23009204864502,9.513044092113647,9.142279185069064,9.474016256135112,30363300
2010-06-28,9.776482582092285,9.844781061726634,9.405717678868532,9.493529611042554,57085700
2010-06-29,8.4592924118042,9.073981586040505,8.39099392483253,9.015439361138291,88352200
2010-06-30,8.28366470336914,8.70321457927608,8.244636872854324,8.508075426701996,38844700
2010-07-01,8.17634105682373,8.332452429570226,7.815333274723165,8.303181779804554,50082000
2010-07-02,8.020227432250977,8.234880044261153,7.864116103335606,8.20560940271375,21526600
2010-07-06,8.147068977355957,8.43002102342896,8.020228276633988,8.322693775627362,39807600
2010-07-07,8.673946380615234,8.68370264311754,8.234882000611638,8.35196645561069,30835500
2010-07-08,8.478808403015137,8.781274949586402,8.322696997235402,8.722732707170314,31355700
2010-07-09,8.361721992492676,8.498319891139673,8.234881285998405,8.488562698986946,30607300
2010-07-12,8.342209815979004,8.537349036426454,8.29342477824284,8.322695428685659,27460100
2010-07-13,8.51783561706543,8.586135049856209,8.303182915429572,8.537350006576311,39240800
2010-07-14,8.537345886230469,8.664186565342659,8.34220673778743,8.615401545607686,39357700
2010-07-15,8.449535369873047,8.527591050802817,8.273909622532509,8.527591050802817,27456000
2010-07-16,8.069012641906738,8.361720925148903,8.049498260092227,8.342207473831332,25501600
2010-07-19,8.22512435913086,8.2543950027247,8.029984253846635,8.127554306488747,21294400
2010-07-20,8.244636535644531,8.28366436456309,7.932413904296059,8.117795859035004,33100000
2010-07-21,7.971441745758057,8.361720035557768,7.961684555888854,8.342206586316204,37625200
2010-07-22,8.332449913024902,8.381234934898549,8.03974071227992,8.147067946501323,34883000
2010-07-23,8.273908615112305,8.400749313803502,8.13731165536563,8.254395162504352,25004500
2010-07-26,8.303178787231445,8.303178787231445,8.137310280845156,8.264150958110957,31013000
2010-07-27,8.22512435913086,8.390992890324261,8.137311497852355,8.361721316233437,29279000
2010-07-28,8.039742469787598,8.322694541912496,7.942173335208348,8.156825989580959,30374500
2010-07-29,7.590921401977539,8.108040917040624,7.493351348579923,8.078769342723145,54088200
2010-07-30,7.103073596954346,7.415296305447811,7.083559677673504,7.366511739869974,68687900
2010-08-02,7.464080810546875,7.561650400078837,7.122587014560756,7.2103994125152715,40160000
2010-08-03,7.288455486297607,7.425053384427949,7.249427648331375,7.3957822733290115,24109600
2010-08-04,7.454324722290039,7.493352563879366,7.2299144005271225,7.366512311338338,25854600
2010-08-05,7.512866020202637,7.610436083392406,6.6542530930712935,7.415296422261409,19310900
2010-08-06,7.395782470703125,7.512865987726476,7.229913922295774,7.405539663079341,26039300
2010-08-09,7.356754302978516,7.512865652034234,7.268941436510414,7.473837814770305,19864700
2010-08-10,7.093315124511719,7.1713707875478585,6.956717714198474,7.1713707875478585,31018700
2010-08-11,6.976233005523682,7.0738026035575245,6.8298783758486445,6.8591494878830686,41285800
2010-08-12,7.190885066986084,7.220156174729248,6.7225505998347685,6.800606266818575,39794300
2010-08-13,7.103073596954346,7.395782386166969,7.103073596954346,7.122587516235187,24019200
2010-08-16,7.005503177642822,7.171371715685995,6.97623253284021,7.073802124263102,21124200
2010-08-17,7.132343769073486,7.29821230455751,7.054288097139477,7.132343769073486,19181200
2010-08-18,7.268942832946777,7.288456755327561,7.07380360913894,7.1323453762812905,16292100
2010-08-19,7.005503177642822,7.259184580590853,6.946961422789086,7.181128907452539,28781800
2010-08-20,6.946960926055908,7.083558809529219,6.86890525849886,6.97623203401404,22306400
2010-08-23,7.200643062591553,7.268941546209899,7.005503408078429,7.005503408078429,28035000
2010-08-24,6.888420104980469,7.122587604500994,6.878663377843407,7.025017541639127,25197200
2010-08-25,6.92744779586792,6.985989553183879,6.751822523920042,6.8591493116235664,23354600
2010-08-26,6.615225791931152,7.0542892510013075,6.605468598719177,6.995747487475192,30011000
2010-08-27,6.664009094238281,6.761578681549901,6.24445963617407,6.742064764087577,42443000
2010-08-30,6.381057262420654,6.732308253220907,6.361543344334446,6.72255106155355,32212100
2010-08-31,6.303001403808594,6.4395988263753035,6.205431816260943,6.293244212429583,36309600
2010-09-01,6.566440582275391,6.615225616544694,6.390815296353318,6.47862770669007,31488100
2010-09-02,6.664009094238281,6.693280203056013,6.53716839810893,6.5664395069266615,22907000
2010-09-03,6.878662109375,6.917689941223355,6.6542518436227365,6.7810920645056605,22902100
2010-09-07,6.585953712463379,6.829877924036096,6.546925875831625,6.829877924036096,27020700
2010-09-08,6.439599514007568,6.634739175188733,6.36154383563452,6.61522525559547,27986400
2010-09-09,6.634737968444824,6.703036441974662,6.517654006932254,6.56643902966653,27505400
2010-09-10,6.3517866134643555,6.634738658140339,6.342029421803836,6.615224740067806,32895300
2010-09-13,6.878662109375,6.946960582485392,6.488383325643005,6.498140050980866,45834200
2010-09-14,7.093315124511719,7.200641893810636,6.781092007118709,6.878662051162335,48975500
2010-09-15,6.771337509155273,6.86890712004396,6.683524626731153,6.849393197866222,59837100
2010-09-16,6.92744779586792,6.9372049880448445,6.751822523920042,6.8103642812360015,24646600
2010-09-17,6.5957112312316895,6.976232889880123,6.556682927416574,6.907933939764338,57861200
2010-09-20,6.771337509155273,6.810365353510748,6.5957122095556375,6.634740053911113,32701000
2010-09-21,6.712795257568359,6.878663816718085,6.683524143792527,6.771337019871456,31321400
2010-09-22,6.556683540344238,6.712795374452643,6.5078989701998315,6.693281453345165,30376000
2010-09-23,6.507898330688477,6.732308633996649,6.429842653928857,6.449356573118761,29980300
2010-09-24,7.025017738342285,7.054288851070156,6.693281097168221,6.703037824578476,44573600
2010-09-27,6.8591485023498535,7.025016562550933,6.839634585546874,6.995745919970703,30018100
2010-09-28,6.976233005523682,7.025017571916332,6.8396355682763,6.9176912467033755,26826800
2010-09-29,7.112829208374023,7.366510584485385,6.9762317948324615,6.9762317948324615,42029700
2010-09-30,7.034775733947754,7.307970646096995,6.946962850989766,7.220158228387613,32572800
2010-10-01,7.112829208374023,7.161614231548812,7.015259627272908,7.103072482888143,26812800
2010-10-04,6.820121765136719,7.093317128181959,6.800607843865529,7.073803206910769,35870600
2010-10-05,6.761579990386963,6.976233589271453,6.75182326239144,6.976233589271453,60484400
2010-10-06,6.781092643737793,6.790849835157555,6.595710659247249,6.781092643737793,33564800
2010-10-07,6.937203884124756,6.937203884124756,6.781092090875801,6.859148220124507,44164500
2010-10-08,7.405539035797119,7.454323597800308,7.025016939830338,7.025016939830338,86693600
2010-10-11,7.483595371246338,7.708005679069514,7.376268580918242,7.47383817883081,47504600
2010-10-12,7.561652183532715,7.678735718585813,7.395783609583187,7.444568648479617,37610300
2010-10-13,7.464080810546875,7.708005017001031,7.464080810546875,7.698247825423584,43288300
2010-10-14,7.405539035797119,7.551893187055188,7.317726172843477,7.464080789350047,25761700
2010-10-15,7.425052642822266,7.52262222799271,7.3177258665105365,7.512865036851426,23822800
2010-10-18,7.356754302978516,7.45432389613834,7.317726465714586,7.434809977506375,16667500
2010-10-19,7.12258768081665,7.34699799035604,7.093316568594754,7.249427926448748,28607900
2010-10-20,7.503108501434326,7.57140744541173,7.161614712044288,7.190885355714252,39759700
2010-10-21,7.3177266120910645,7.5616508324941005,7.3177266120910645,7.522622994449497,20138600
2010-10-22,7.503108501434326,7.5226224189638,7.327483243669061,7.346997161198535,15422600
2010-10-25,7.620190620422363,7.68848955197551,7.512863860909821,7.512863860909821,16774300
2010-10-26,7.532379627227783,7.610435767590295,7.434810033335297,7.5909218488117975,16054200
2010-10-27,7.776304721832275,7.786061914946499,7.473838714019957,7.49335263499983,22069100
2010-10-28,7.74703311920166,7.815332066846798,7.590921770582509,7.805574874933842,20023700
2010-10-29,8.059257507324219,8.069014700721029,7.922659591260406,8.000715277440534,86548500
2010-11-01,7.942173004150391,8.098284357367596,7.854360135341447,8.088527165167257,32573000
2010-11-02,7.912900924682617,8.02022817107157,7.854359636195009,8.010470979491302,19620400
2010-11-03,7.893385887145996,7.942170904755041,7.737274109946096,7.932413715133868,25021700
2010-11-04,8.351963996887207,8.469047486921069,8.244636766483518,8.264151146737595,44741200
2010-11-05,8.449535369873047,8.566618891267701,8.264153360289123,8.361722496202777,24732700
2010-11-08,8.039742469787598,8.430021799595902,8.020229015070589,8.410507414381792,47037000
2010-11-09,7.708006381988525,8.117798730591652,7.639707424597045,8.098285274478181,48955100
2010-11-10,7.678734302520752,7.795817815982027,7.5616507890594775,7.727519332420546,40784800
2010-11-11,7.659219741821289,7.698247576371453,7.512865129633929,7.58116407272096,33282700
2010-11-12,7.532379627227783,7.668977523925787,7.278698683107319,7.610435767590295,38610900
2010-11-15,7.2396697998046875,7.4738367913220305,7.2396697998046875,7.464080065966368,35164900
2010-11-16,7.044531345367432,7.229913810409803,6.956718941583122,7.181129245029305,37492300
2010-11-17,6.92744779586792,7.142101371274967,6.917691068939526,7.073802421782083,29866900
2010-11-18,7.112829208374023,7.15185704081447,7.015259627272908,7.0933152921538,31839900
2010-11-19,7.210400581359863,7.36651241516607,7.083560327031078,7.093317054941641,31304800
2010-11-22,7.142101764678955,7.317727046300691,7.054288891243809,7.268942013225931,22884300
2010-11-23,7.2396697998046875,7.33723937960358,7.005502343038889,7.034773449602785,36899800
2010-11-24,7.561652183532715,7.659221796076963,7.288456803160209,7.298213997038939,54309300
2010-11-26,7.444566249847412,7.493350807776893,7.366510584961476,7.454322975333924,10180600
2010-11-29,7.386024475097656,7.4445662235553565,7.298211619786876,7.386024475097656,18392800
2010-11-30,7.093315124511719,7.317725388364845,7.054287292993648,7.288454282102068,29110000
2010-12-01,7.210400581359863,7.346998494096366,7.142102090240189,7.268942344568974,28868400
2010-12-02,7.717761993408203,7.717761993408203,7.239670756585773,7.259184675124474,47184900
2010-12-03,7.7275190353393555,7.78606078981938,7.551893306650774,7.610435526379306,29774300
2010-12-06,7.766547679901123,7.8446033606641805,7.610436318375008,7.678734806418405,26409900
2010-12-07,7.7275190353393555,8.08852675392376,7.688491199019339,7.922658216939437,36446200
2010-12-08,7.74703311920166,7.756789845866098,7.53237954960181,7.698248090133917,26081900
2010-12-09,7.990957260131836,8.12755516211165,7.903145320105971,8.12755516211165,30057700
2010-12-10,8.049498558044434,8.117797035929415,7.873872837200796,8.000713532199315,31090800
2010-12-13,7.942173004150391,8.1763400339762,7.942173004150391,8.1763400339762,28082700
2010-12-14,7.873873710632324,7.9909572273502425,7.805575225171141,7.951929388444269,25962700
2010-12-15,7.7275190353393555,7.912901025235179,7.688491199019339,7.805574707979388,20301400
2010-12-16,7.854359149932861,7.90314417431693,7.688490625325193,7.766546292140926,19343400
2010-12-17,8.010469436645508,8.020226626346506,7.805573105408658,7.864115313117825,42521900
2010-12-20,7.922657012939453,8.166581185494843,7.903143562993397,8.088525524716868,24265800
2010-12-21,7.942173004150391,8.088527165167257,7.893387973645749,8.000714296358312,30135600
2010-12-22,8.078771591186523,8.098285979496039,7.893389554732379,7.97144524697594,43106100
2010-12-23,7.74703311920166,7.903144933069329,7.71776200871131,7.883630549243417,35679400
2010-12-27,7.620190620422363,7.708003465955208,7.56164887848327,7.68848955197551,15087600
2010-12-28,7.571407794952393,7.659220195264714,7.4640810109612055,7.6201923584040125,15169100
2010-12-29,7.561652183532715,7.629951144937994,7.464082570988467,7.590923299920295,13879700
2010-12-30,7.708006381988525,7.727520303350579,7.493352781757351,7.522623896424724,13042600
2010-12-31,7.825090408325195,7.844603864520747,7.649464650079369,7.7177631425095585,15598400
2011-01-03,8.078771591186523,8.273910821795425,7.942174595008917,7.942174595008917,43343100
2011-01-04,8.234881401062012,8.37147930161765,8.156825723743665,8.176340108321789,44645900
2011-01-05,8.332449913024902,8.566616901422128,8.19585203787807,8.20560922835218,38533500
2011-01-06,8.371479988098145,8.48856351367678,8.342209339327773,8.459292864906407,25273800
2011-01-07,8.439777374267578,8.488562402832107,8.244638190506489,8.351965439447858,24517000
2011-01-10,8.342209815979004,8.469050541894147,8.186098439621043,8.469050541894147,30493200
2011-01-11,8.508076667785645,8.517832928964848,8.273908720041499,8.4105066120175,27511400
2011-01-12,9.113008499145508,9.269119842347632,8.62516008639037,8.634917277964753,92085800
2011-01-13,9.395962715148926,9.63012978412839,9.347177676487233,9.55207409446857,75174700
2011-01-14,9.474016189575195,9.620370340842234,9.41547397077018,9.493529642178867,40679500
2011-01-18,9.425230979919434,9.669155180975308,9.356932501382824,9.513043841179066,28222900
2011-01-19,9.142280578613281,9.444747051424194,8.995926404009479,9.376447630178225,43365400
2011-01-20,9.366692543029785,9.425233848019008,9.044712574097254,9.230094613892819,31235700
2011-01-21,9.60085678100586,9.756968122079615,9.49352953614491,9.756968122079615,56867600
2011-01-24,9.805753707885742,9.835024353381753,9.386203756955732,9.591100136421895,65245900
2011-01-25,9.737454414367676,9.971622372711922,9.649642476797771,9.805753828695897,51957000
2011-01-26,9.708185195922852,9.85454030771899,9.659400158657473,9.77648462029326,38736200
2011-01-27,10.33262825012207,10.391169531317143,10.078946883618391,10.108217524215927,82722000
2011-01-28,10.117976188659668,10.508255485639436,9.91307981363197,10.498498293853112,51669200
2011-01-31,10.283844947814941,10.371657814783001,10.000892893416218,10.244817110328809,34395000
2011-02-01,10.547285079956055,10.63509702917546,10.391172776850361,10.410687163675014,40680300
2011-02-02,10.625338554382324,10.732664868084253,10.420442187862655,10.430198448746841,28363400
2011-02-03,10.635092735290527,10.752177147971631,10.478981425711458,10.732662769025847,24584200
2011-02-04,10.781450271606445,10.830235299721718,10.547283253249558,10.635095187260628,28161100
2011-02-07,11.015618324279785,11.152216229729067,10.879020418830503,10.898534804107731,51404700
2011-02-08,11.161971092224121,11.181485475054359,10.752179288256002,11.054644778148779,39784000
2011-02-09,10.986345291137695,11.318082324835872,10.908289627973053,11.191241639569105,49451400
2011-02-10,11.035130500793457,11.103428974599098,10.752178484388338,10.8009625768227,36651100
2011-02-11,11.044889450073242,11.220515203186553,10.869264627457076,10.9375631178913,53461100
2011-02-14,11.36686897277832,11.659578240722649,11.230271996768849,11.249785451700012,66909300
2011-02-15,11.386382102966309,11.532736255555765,11.230270758738355,11.396139294604808,37154500
2011-02-16,11.347354888916016,11.532736887724196,11.269299212523405,11.513223433874575,32016100
2011-02-17,11.51322078704834,11.581519255566166,11.269296621773998,11.298567261067802,25476300
2011-02-18,11.415653228759766,11.60103615572044,11.366868199007111,11.5912789636705,23580000
2011-02-22,10.654608726501465,11.171727750357258,10.586310250849834,11.171727750357258,55901900
2011-02-23,10.293600082397461,10.615579909927225,10.020405274598811,10.576552080241704,59318200
2011-02-24,10.644853591918945,10.683881432758817,10.196032957011866,10.35214432037135,49024300
2011-02-25,11.161971092224121,11.17172828363924,10.839991219501108,10.869262793746463,39358300
2011-02-28,10.859505653381348,11.376624704352746,10.654609285185586,11.337596869005793,47717800
2011-03-01,10.693636894226074,11.025373952903227,10.674122511717078,10.927803901352192,28853400
2011-03-02,10.820477485656738,11.00585946523606,10.69363679205111,10.703393983212383,40712200
2011-03-03,11.288810729980469,11.347352942481592,10.986345268465886,11.005858718968327,35260500
2011-03-04,11.357111930847168,11.386382576482912,11.11318771272285,11.318084093167158,32879300
2011-03-07,10.761937141418457,11.38638352691899,10.586312322447311,11.376626334060282,52679800
2011-03-08,10.625338554382324,10.830234920901994,10.547282884326926,10.713150485321911,33531400
2011-03-09,10.069191932678223,10.576554778524908,10.049678478105632,10.566797585990066,57899800
2011-03-10,9.688669204711914,9.893565563226868,9.41547343969401,9.815509896220881,69326200
2011-03-11,9.991135597229004,10.039920626202182,9.659398516807835,9.669155708701878,46216700
2011-03-14,10.108219146728516,10.586311315878914,10.088705693363602,10.400928391178525,51157100
2011-03-15,10.176517486572266,10.283843795003671,9.610613441212243,9.76672477365681,56312600
2011-03-16,9.815508842468262,10.342385003443896,9.756966633250148,10.078946457707653,56646700
2011-03-17,9.961865425109863,10.117976780839772,9.893566939602298,10.000893264042341,27585700
2011-03-18,9.825267791748047,10.157004896976384,9.776483689623847,10.147247704352703,33230700
2011-03-21,10.108219146728516,10.176518559748308,9.93259434445614,10.030163472274785,27828700
2011-03-22,10.098461151123047,10.117974601136988,9.913078258257778,10.020405490073527,35892700
2011-03-23,10.352142333984375,10.439955191648684,9.942349618548901,10.098461882450417,52514000
2011-03-24,11.220515251159668,11.269300286177183,10.918048778448792,11.054646690398405,100897100
2011-03-25,11.269298553466797,11.41565270551952,11.132700662519785,11.240027909155653,34151500
2011-03-28,11.269298553466797,11.532736213261098,11.230270717552937,11.3375970336918,33898600
2011-03-29,11.47419548034668,11.5132233181507,11.181486231568,11.249784715100773,31040800
2011-03-30,11.298569679260254,11.60103611835486,11.259541841683244,11.591278926336347,33731000
2011-03-31,11.191241264343262,11.3961376059048,11.113185603795712,11.298567564971925,31666000
2011-04-01,11.025375366210938,11.337598082401929,10.947319687163189,11.24978521084894,38966300
2011-04-04,10.918047904968262,11.054645805989583,10.80096438859159,11.025375159519683,22508300
2011-04-05,10.752178192138672,11.074158032037854,10.683878789692525,11.015615820012142,41074600
2011-04-06,10.966832160949707,10.986346544215085,10.74242233637992,10.800963625182035,24136900
2011-04-07,10.8692626953125,11.025374034552677,10.732664808228856,10.957074625762365,28557000
2011-04-08,10.80096435546875,11.005860741123849,10.713151485831268,10.918047871486367,25275900
2011-04-11,10.478983879089355,10.85950598315016,10.430198850799968,10.820478146618054,28722000
2011-04-12,10.274088859558105,10.33263108732498,10.049679002528892,10.29360324564611,45066400
2011-04-13,10.361903190612793,10.498501120913671,10.225305260311915,10.371660385026557,31191900
2011-04-14,10.391170501708984,10.410684884260974,10.108218468183956,10.19603132867396,25868500
2011-04-15,10.488741874694824,10.537526906723055,10.244817645050759,10.342387709107221,25564500
2011-04-18,10.16676139831543,10.352143393074888,10.010650048939668,10.293602102307498,23112400
2011-04-19,10.264330863952637,10.322872151338094,10.069190758009153,10.186274263277053,20529600
2011-04-20,11.113186836242676,11.13270028829516,10.625338438469903,10.635094699247658,52613700
2011-04-21,11.240029335021973,11.43516853934587,10.966833518471393,11.191244301316718,43506100
2011-04-25,11.054645538330078,11.210756889719145,10.976589862635544,11.181486243957957,20447100
2011-04-26,11.327840805053711,11.366868644285276,11.035132476065522,11.083916577232163,27400000
2011-04-27,11.51322078704834,11.542491426342144,11.288810071137585,11.318081640928236,29748500
2011-04-28,11.20099925994873,11.483952236406207,10.996103817129757,11.415652824969534,37391800
2011-04-29,11.044889450073242,11.171730168377618,10.879020890021147,11.171730168377618,36678800
2011-05-02,10.966832160949707,11.13270069671738,10.879019297249528,11.093672860683634,21585500
2011-05-03,10.635092735290527,10.957072543921559,10.53752363205201,10.927801905999683,37000000
2011-05-04,10.478983879089355,10.713150898281995,10.342386916475492,10.605824580442958,29570000
2011-05-05,10.644853591918945,10.800964955278431,10.342388058034224,10.410686546879719,35304000
2011-05-06,10.605822563171387,10.859503917627341,10.605822563171387,10.830233278419914,22662600
2011-05-09,10.20578670501709,10.596064981682504,10.000890377143545,10.557037154015962,49677000
2011-05-10,10.371658325195312,10.449714004008872,10.127734096278669,10.244817614499008,24391600
2011-05-11,10.15700626373291,10.664369182471338,10.127735612420226,10.430201180478171,40700000
2011-05-12,10.40092658996582,10.459468800916408,9.981376714561089,10.137488966930364,30700000
2011-05-13,10.147247314453125,10.41068592218749,10.108219475955115,10.40092872993872,30547500
2011-05-16,10.293600082397461,10.605822719881631,10.06918936383307,10.12773157360978,38662500
2011-05-17,9.698426246643066,10.235059698419933,9.552072091838932,10.16676121691094,74861800
2011-05-18,9.815508842468262,9.854536671781387,9.55207029673202,9.78623727261078,37498700
2011-05-19,9.922837257385254,9.961865095024548,9.708183685120613,9.874052227711875,34770900
2011-05-20,9.756969451904297,9.92283800702644,9.688670963500044,9.854539518622188,21763200
2011-05-23,9.474016189575195,9.591099696688225,9.337418299361492,9.571586244084555,27594900
2011-05-24,9.38620376586914,9.60085733753683,9.366690312352285,9.591100145529879,23186000
2011-05-25,9.376447677612305,9.405719257078866,9.200822853298712,9.337419835487378,36418200
2011-05-26,9.552071571350098,9.591099405871056,9.259362347194422,9.356932398745304,36005200
2011-05-27,9.776482582092285,9.805753226150292,9.561829021173901,9.591099665231908,25521200
2011-05-31,9.952108383178711,9.981379030196226,9.795997025089177,9.893567089143682,27196300
2011-06-01,9.327659606933594,9.786236324301457,9.288631781402355,9.786236324301457,53891800
2011-06-02,9.181307792663574,9.42523202065356,9.113009306585445,9.415474828214661,45822100
2011-06-03,8.937385559082031,9.152039188153102,8.927628364465779,9.02519844963371,32043400
2011-06-06,8.820300102233887,9.200822235264496,8.800786647730751,8.94714081324409,49134700
2011-06-07,8.732486724853516,8.917869649628065,8.693458887611039,8.908112457693186,42494400
2011-06-08,8.293421745300293,8.654429403730212,8.28366455522187,8.634915954070225,56114500
2011-06-09,8.28366470336914,8.439776025428408,8.11779619105695,8.322692533883957,41172000
2011-06-10,8.234881401062012,8.439777786646935,8.176340108321789,8.400749947987764,46209900
2011-06-13,8.088529586791992,8.381238926957028,8.078772391670444,8.244640986747386,34694500
2011-06-14,8.195854187011719,8.351966484042853,8.000714978844229,8.195854187011719,35940800
2011-06-15,7.873873710632324,8.156825775324895,7.854360256427877,8.127555128769686,44050500
2011-06-16,7.678734302520752,7.93241571360204,7.620192545790115,7.922658521522671,54514800
2011-06-17,7.639706134796143,7.815331862652563,7.454323680530202,7.795817479336511,43133500
2011-06-20,7.717761993408203,7.912901178795211,7.620192400714698,7.639706319253399,32936000
2011-06-21,7.942173004150391,7.981200842454692,7.659220478571408,7.805575104836804,35254800
2011-06-22,7.971441745758057,8.117795871808738,7.903143277667318,7.951927366019651,29105100
2011-06-23,8.22512435913086,8.244637811361093,7.747032683029379,7.854359461786608,56026400
2011-06-24,7.034775733947754,7.581166023494842,7.025018540175263,7.5323809851296035,117825100
2011-06-27,7.16161584854126,7.229914338108651,7.025017938909344,7.073802973099109,34482700
2011-06-28,7.171372413635254,7.20064352653517,7.083560005432619,7.161615686167653,28892000
2011-06-29,7.288455486297607,7.405539465444833,7.132344134432676,7.190885891382026,38048800
2011-06-30,7.298213005065918,7.425053716757558,7.259185165352882,7.3469980373314865,37962400
2011-07-01,7.639706134796143,7.659220052863689,7.190885553994076,7.2786984179222864,30641400
2011-07-05,7.590921401977539,7.795817304466445,7.503108540019083,7.6884909901266605,32206100
2011-07-06,7.376267433166504,7.551892682081729,7.29821176698196,7.5421359564328965,24556000
2011-07-07,7.629949569702148,7.698248051758302,7.425053193036659,7.4445671115167755,23411000
2011-07-08,7.493351936340332,7.600678724347066,7.425053451903027,7.503109128544822,20454000
2011-07-11,7.307969570159912,7.51286595672968,7.26894173131315,7.366511793678592,22304000
2011-07-12,7.132343769073486,7.268941194958004,7.034774179155973,7.210399441007497,28775500
2011-07-13,7.307969570159912,7.57140818024836,7.190886053619628,7.220157165378968,30414100
2011-07-14,7.112829208374023,7.405538416925832,7.054287459713354,7.3372394775308205,31774800
2011-07-15,7.229913711547852,7.268941549417995,7.083559552159074,7.190885873677708,23618600
2011-07-18,7.054288387298584,7.366511553125585,6.956718793367809,7.181129092032852,25876500
2011-07-19,7.337240219116211,7.346997410836726,7.1030732008059365,7.1030732008059365,29174400
2011-07-20,7.4152960777282715,7.4152960777282715,7.220156890912469,7.346997594967001,29432900
2011-07-21,7.464080810546875,7.561650400078837,7.307969002047233,7.503108646359659,82188200
2011-07-22,7.893385887145996,8.000712181488442,7.50310714201886,7.522621056012796,47025800
2011-07-25,7.698248863220215,7.766547817724183,7.571408612353651,7.708006056113023,25080400
2011-07-26,7.668977737426758,7.795817980393906,7.6104359794614895,7.659220545141612,21586200
2011-07-27,7.249427795410156,7.610436001794854,7.200643229586872,7.610436001794854,45399600
2011-07-28,7.2396697998046875,7.376267211523137,7.132343029401677,7.298211547684023,31674500
2011-07-29,7.190885066986084,7.346996866202172,7.044530458767209,7.12258659099949,44891200
2011-08-01,7.229913711547852,7.405539447212027,7.025017330105332,7.386025528276955,38046900
2011-08-02,6.8689069747924805,7.200644110047628,6.84939305302739,7.142102344752354,35879400
2011-08-03,6.820121765136719,6.946962486023744,6.52741294606887,6.89817791547006,53044700
2011-08-04,6.244460105895996,6.6932807065392055,6.215188994876428,6.644495676589433,50716700
2011-08-05,6.156647682189941,6.585954394870592,5.941994558473896,6.361544078361355,55675500
2011-08-08,5.571228981018066,6.03956348176866,5.512687226580305,5.854181026758164,55283000
2011-08-09,6.039563179016113,6.049319904975732,5.6200137272858415,5.815152898963064,44655700
2011-08-10,5.5809855461120605,5.89320869266845,5.571228819945436,5.83466693992322,57549800
2011-08-11,6.2151899337768555,6.342030658608692,5.639529005749112,5.639529005749112,57387100
2011-08-12,6.029807090759277,6.3810581292763775,6.010293170022137,6.254217411860679,29275400
2011-08-15,6.322515487670898,6.322515487670898,6.029806252077933,6.117619115805524,23301800
2011-08-16,6.1371331214904785,6.312758386205763,6.039563529981987,6.254216631300668,20070200
2011-08-17,5.961507797241211,6.254216568843578,5.9224799610275625,6.195674814523104,29669900
2011-08-18,5.5029296875,5.74685388155007,5.463901853671867,5.737097155717276,45540000
2011-08-19,5.122409343719482,5.522444972158978,5.073624306727479,5.366333598182315,49901300
2011-08-22,5.132165431976318,5.385846360056766,5.093137131638526,5.278519580936946,35010000
2011-08-23,5.522444725036621,5.522444725036621,5.141923035372068,5.190708070181004,33804900
2011-08-24,5.171193599700928,5.522444138098698,5.054109621653148,5.4931734925231455,64872300
2011-08-25,5.249249458312988,5.405360814166641,5.180950507502746,5.190707699867868,31593800
2011-08-26,5.522444725036621,5.698070478149932,5.249249832802584,5.298034402362947,48604800
2011-08-29,6.00053596496582,6.010292691934008,5.766368469498394,5.8151535000849295,30866400
2011-08-30,5.805396556854248,5.9419944622556455,5.707826956745073,5.873695509554946,34539300
2011-08-31,5.7663679122924805,5.97126427655908,5.6883122430953925,5.922479715935143,33297600
2011-09-01,5.600499629974365,5.9127227858007565,5.600499629974365,5.79563927683405,25641700
2011-09-02,5.3663330078125,5.4834165254142135,5.317547976187515,5.463902605813928,22734400
2011-09-06,5.532200813293457,5.561471456134487,5.151679199620713,5.151679199620713,24119400
2011-09-07,5.912722110748291,5.92247930133913,5.678555119549604,5.678555119549604,32666500
2011-09-08,6.098104000091553,6.468868834956738,5.85417984008789,5.883450943997632,63001600
2011-09-09,6.195675373077393,6.546926395914822,6.039564014149001,6.039564014149001,54169600
2011-09-12,6.527411937713623,6.546925855970301,6.127376380827473,6.14689029908415,46726700
2011-09-13,6.693280220031738,6.781092616210664,6.5957106324726595,6.712794137543554,51199200
2011-09-14,7.025017738342285,7.171372371484532,6.761579584785664,6.781093504854726,68478100
2011-09-15,6.8689069747924805,7.239671953577811,6.732309522436841,7.171372994775694,60702700
2011-09-16,6.8591485023498535,6.985988728944976,6.771335644112212,6.9176902527587885,68700200
2011-09-19,6.712795257568359,7.064045831386938,6.634739574497565,6.800607668398719,57270300
2011-09-20,6.683523178100586,6.917690658727044,6.673766451750756,6.751822123543407,32775800
2011-09-21,6.449356555938721,6.771336454338716,6.439599363745494,6.712794696924947,48814200
2011-09-22,6.273730754852295,6.332272511672628,6.068834373356865,6.1273765954257255,46336300
2011-09-23,6.48838472366333,6.605468244435802,6.146890888786008,6.244460489429736,34163100
2011-09-26,6.4200849533081055,6.527411732977725,6.215188585415421,6.51765454153117,31674900
2011-09-27,6.303001403808594,6.576196248942014,6.254216377410523,6.5176544964134235,32075400
2011-09-28,5.971264362335205,6.342029261595831,5.9517504447556195,6.342029261595831,34898500
2011-09-29,5.727341175079346,6.049321104834441,5.473660201582346,5.981022613824922,50176800
2011-09-30,4.917511463165283,5.366331994467932,4.888240821916411,5.307790246721733,63504100
2011-10-03,4.224767684936523,4.907755823569123,4.215010957444581,4.839456870131296,56806200
2011-10-04,4.410150051116943,4.410150051116943,3.873516792697155,4.097926869841493,57671800
2011-10-05,4.829699993133545,4.858971108020094,4.25403907601825,4.390636526575436,53137900
2011-10-06,4.839457035064697,4.878484876859689,4.6540745539142,4.829699841991663,35914300
2011-10-07,4.829699993133545,4.907756144414811,4.7223736574629065,4.819943265003754,29683000
2011-10-10,5.034595966339111,5.151679950514487,4.966297479589401,5.083380998516231,26958200
2011-10-11,5.0736236572265625,5.161436526471351,4.995567980230544,5.034595818728553,23823400
2011-10-12,5.0736236572265625,5.17119371872012,5.054109737977558,5.151679799471116,25595000
2011-10-13,5.385846138000488,5.444387888220785,4.976053421209939,4.985810612204225,37580700
2011-10-14,5.5614728927612305,5.5614728927612305,5.307791906531945,5.454146554288525,31319900
2011-10-17,5.307790756225586,5.541957769688472,5.278519646918475,5.493173207841287,29637900
2011-10-18,5.6297712326049805,5.659042345032963,5.2687634824016305,5.327305242009048,31427300
2011-10-19,5.395604133605957,5.707826848007271,5.376090213955875,5.600500057307547,27546700
2011-10-20,5.454145431518555,5.502929993895741,5.239491868263724,5.38584648589229,23439600
2011-10-21,5.327304363250732,5.707825970554793,5.26876261329999,5.5322007207025665,39296000
2011-10-24,5.522444725036621,5.541958645910481,5.317548323236807,5.317548323236807,34548800
2011-10-25,5.3565754890441895,5.502930109754097,5.346818762462736,5.473659464761223,26533800
2011-10-26,5.337060928344727,5.473658806034323,5.083380019525469,5.395603141782244,50102800
2011-10-27,5.5614728927612305,5.620015124062742,5.356576478951738,5.5614728927612305,53855400
2011-10-28,5.73709774017334,5.75661165907535,5.5126874401759585,5.541958085904711,21809600
2011-10-31,5.454145431518555,5.6492846115243065,5.43463151351798,5.6297706935237315,23699700
2011-11-01,5.161436557769775,5.327305105016393,5.161436557769775,5.2590061546064515,30226500
2011-11-02,5.298034191131592,5.395604256859368,5.2102217833245685,5.268763543612102,22570800
2011-11-03,5.698070049285889,5.7273406957693425,5.229735518313781,5.376090146476665,32490000
2011-11-04,5.746854305267334,5.805396060325834,5.44438833817416,5.532201203386166,20811200
2011-11-07,5.707826614379883,5.766368370933953,5.551715263569029,5.668798776677169,24821000
2011-11-08,5.7663679122924805,5.815152938164903,5.610256573898305,5.7468539949932085,23164100
2011-11-09,5.219977378845215,5.580985054961495,5.200463462980779,5.580985054961495,36730300
2011-11-10,5.054109573364258,5.415117765585541,4.937026061683662,5.3663327364277,53084800
2011-11-11,5.298034191131592,5.3077913838037905,5.1321661029411905,5.1321661029411905,19289000
2011-11-14,5.219977378845215,5.298033042302956,5.093136693102158,5.268762401130529,22943600
2011-11-15,5.327304363250732,5.571228554003061,5.132165196748258,5.180949755749641,41898700
2011-11-16,6.576197147369385,6.673767213495361,5.317548132929267,5.317548132929267,72164600
2011-11-17,6.176161766052246,6.829878812550414,6.127377196540315,6.742065936080937,96098100
2011-11-18,6.1371331214904785,6.371300606359369,6.000535693378591,6.205432068170678,43618300
2011-11-21,5.9419941902160645,6.010292674541333,5.71758388761476,5.932236998027579,41397000
2011-11-22,5.951750755310059,6.205432162329927,5.863938354244235,5.912722918114466,38105400
2011-11-23,5.571228981018066,5.893208863050004,5.532201144726226,5.8834521366012975,39724000
2011-11-25,5.3663330078125,5.7175840258661825,5.327305168611929,5.522444364614785,18263700
2011-11-28,5.4834160804748535,5.717583561925834,5.41511760004005,5.61025678020878,22267700
2011-11-29,5.5029296875,5.610256463151605,5.424874019843735,5.493172961667206,20816100
2011-11-30,5.844423770904541,5.873694880426355,5.629770673655745,5.717583536972685,19709400
2011-12-01,5.746854305267334,5.8346671704793405,5.6102568767975,5.815153252126507,22135000
2011-12-02,5.659041881561279,5.863938256030642,5.541957906686993,5.844423872511169,27340600
2011-12-05,5.590743064880371,5.746854414675062,5.541958035445269,5.727340495950726,26033700
2011-12-06,5.512687683105469,5.62977120167709,5.366333052266668,5.610257281915153,31710700
2011-12-07,5.912722110748291,5.932236026681514,5.424873747169239,5.483415494968911,31511900
2011-12-08,5.678555965423584,5.951750829183646,5.639528127743575,5.824910124099356,32613800
2011-12-09,5.746854305267334,5.844423897031501,5.6492847135031665,5.6980697420095066,23982100
2011-12-12,5.678555965423584,5.707826611059328,5.493173503819279,5.580985905975037,19996300
2011-12-13,5.473659992218018,5.8053966371792045,5.434632151634348,5.659042467614725,20509300
2011-12-14,5.317546367645264,5.590741624657036,5.180948971763578,5.502928780394609,36992800
2011-12-15,5.4151177406311035,5.444388385792106,5.346818793174571,5.395603822107597,17193800
2011-12-16,5.541958332061768,5.561472251830527,5.376090246651582,5.454145925726622,23098300
2011-12-19,5.317546367645264,5.600498348881527,5.307789643420772,5.56147052148676,31607800
2011-12-20,5.649284839630127,5.678555950437145,5.444388459726566,5.45414565174508,19290700
2011-12-21,5.405361175537109,5.756612214938932,5.385847254750818,5.746855021921501,26623100
2011-12-22,6.25421667098999,6.390814565217241,5.551715142422261,5.571229060847795,67720600
2011-12-23,6.244460105895996,6.381057538407421,6.098105481295206,6.332272508457649,23493200
2011-12-27,6.098104000091553,6.2444585891434325,6.049318981991455,6.195673571043335,13530400
2011-12-28,6.020050525665283,6.17616189578024,5.912723726086959,6.107863403979237,19365100
2011-12-29,6.117619514465332,6.146890626031507,5.990778806426132,6.029806645015342,13894400
2011-12-30,6.1371331214904785,6.215188794697272,6.098105284887082,6.107862476662187,15259600
2012-01-03,6.5957112312316895,6.790850424064595,6.4298426846994525,6.478627250283412,42035300
2012-01-04,6.820121765136719,6.87866399419887,6.439600067724225,6.537169674080174,43038500
2012-01-05,6.985990047454834,7.151858604209806,6.732309081137307,6.790850842595198,53469800
2012-01-06,7.025017738342285,7.142101724005214,6.878663570448593,6.995747090862968,33006500
2012-01-09,7.112829208374023,7.161614231548812,6.946960687877896,7.054287459713354,28692200
2012-01-10,7.0738019943237305,7.259184447246173,7.03477415847148,7.220156611393922,26672800
2012-01-11,7.044531345367432,7.112830295198369,6.966475668559808,7.093316375996462,20210400
2012-01-12,7.093315124511719,7.142100146533531,6.946960523694732,7.044530102489906,30026700
2012-01-13,7.054288387298584,7.112830143657049,6.917690955795499,7.044531195281245,29225000
2012-01-17,6.985990047454834,7.200643638048996,6.96647612696887,7.122587956105142,30684100
2012-01-18,7.464080810546875,7.561650400078837,7.03477415135774,7.073801987170524,48911100
2012-01-19,7.6884918212890625,7.747033580507177,7.493352158646803,7.542137190619504,43923400
2012-01-20,7.571407794952393,7.786060897686252,7.493351655982474,7.639706276834364,38677500
2012-01-23,7.678734302520752,7.864117230040559,7.58116470796969,7.600678626879902,33180100
2012-01-24,7.756790637969971,7.776304558540077,7.581165352839014,7.659221035119439,29248700
2012-01-25,7.668977737426758,7.844603011322564,7.600678787176344,7.805575172679052,30951100
2012-01-26,7.366511821746826,7.610436048092767,7.268941759009619,7.581164936221897,42242300
2012-01-27,7.249427795410156,7.434810262135126,7.161615390828829,7.288455634168199,29119800
2012-01-30,7.376267433166504,7.405538540609943,7.112829327169432,7.161614351159007,21759000
2012-01-31,7.4152960777282715,7.4933517524545925,7.3372404030019505,7.4152960777282715,21798900
2012-02-01,7.512866020202637,7.649463922568897,7.415296422261409,7.551893859379128,26899200
2012-02-02,7.532379627227783,7.620192494355282,7.493351789670789,7.542136819241294,20660800
2012-02-03,7.756790637969971,7.776304558540077,7.551894239359573,7.688492148598881,15179500
2012-02-06,7.5421366691589355,7.688491289709589,7.493351640559213,7.5128655589494,32638600
2012-02-07,7.6884918212890625,7.727519660767805,7.512866078386174,7.542137190619504,20245400
2012-02-08,7.971441745758057,8.029983023979593,7.698246477649838,7.747031496499012,42113700
2012-02-09,7.9616875648498535,8.00071540857962,7.795818996374049,8.00071540857962,27434500
2012-02-10,7.717761993408203,7.912901178795211,7.610435674069606,7.893387725505027,26191000
2012-02-13,7.659219741821289,7.825088736532217,7.512865129633929,7.825088736532217,24807300
2012-02-14,8.137310028076172,8.156823476781849,7.72751736979199,7.72751736979199,41142100
2012-02-15,8.078771591186523,8.342210250381477,8.069015327529016,8.195855129551864,33448200
2012-02-16,8.254395484924316,8.293423322161667,8.098284135974916,8.176339810449617,18749000
2012-02-17,8.22512435913086,8.371478507597045,8.137311497852355,8.234880619997485,18917300
2012-02-21,8.010469436645508,8.254393596189528,7.961684418637339,8.225122957583357,18768100
2012-02-22,7.844602584838867,8.039741767447392,7.815331940071843,8.010471122680368,19381700
2012-02-23,7.629949569702148,7.834845481119124,7.5518934305331635,7.834845481119124,31618800
2012-02-24,7.756790637969971,7.873874161390607,7.659221035119439,7.698248876259652,17292600
2012-02-27,8.351963996887207,8.576373786827892,8.108039826692448,8.147067656703735,59879300
2012-02-28,8.664186477661133,8.937381282716657,8.556860179727817,8.58613081907384,71856200
2012-02-29,8.342209815979004,8.878843370082393,8.303181971889513,8.849571789142374,48164700
2012-03-01,8.498319625854492,8.62516032838928,8.322693894576014,8.38123611516785,33725100
2012-03-02,8.439777374267578,8.693458778405507,8.400749537515361,8.527590239584326,24787200
2012-03-05,8.000713348388672,8.381235424642007,7.971442705752862,8.351964782006197,30167800
2012-03-06,7.805574417114258,7.84460225197995,7.5909213253529515,7.776303308340744,37490200
2012-03-07,7.893385887145996,8.049497199097486,7.649461729597587,7.844600869536951,32056600
2012-03-08,7.9616875648498535,8.039743252309385,7.815333383487529,7.9324169146768275,18794500
2012-03-09,8.127555847167969,8.156826496310424,7.9226594421764585,7.961687284532119,25549500
2012-03-12,7.883631229400635,8.098284817519641,7.81533274111159,8.059256976997741,19889300
2012-03-13,8.28366470336914,8.293421893622064,8.000712699512498,8.039740530027315,31182100
2012-03-14,8.371479988098145,8.634918618522933,8.3129386905574,8.469050057995581,34004800
2012-03-15,8.615403175354004,8.673945396209577,8.254395449819572,8.420263989997153,34668100
2012-03-16,8.605647087097168,8.673946508603933,8.459292911934527,8.654432122317099,33081100
2012-03-19,8.42026424407959,8.586132789262274,8.40074985970654,8.547104951013234,26237300
2012-03-20,8.361721992492676,8.420264214911978,8.244638478151131,8.371479184645402,18186300
2012-03-21,8.52759075164795,8.761757786222487,8.498320104950404,8.52759075164795,30788500
2012-03-22,8.498319625854492,8.556861846446328,8.273908865832322,8.517833079053752,33388600
2012-03-23,8.195854187011719,8.400750588211869,8.049500013510386,8.283667063311375,47816200
2012-03-26,8.049498558044434,8.234880539659516,7.912900671777496,8.215367087619653,35598900
2012-03-27,8.371479988098145,8.439778478728062,8.108042288170504,8.127555743851703,39442300
2012-03-28,8.430021286010742,8.537347606658368,8.244638359759245,8.303180581337887,35128600
2012-03-29,8.215367317199707,8.547104385620603,8.205610125658621,8.400749303995324,45879200
2012-03-30,7.903143882751465,8.332450034399884,7.88362950151899,8.322692843783647,50946900
2012-04-02,7.903143882751465,8.04949802000738,7.766546005614876,7.971442356071304,27362500
2012-04-03,7.795818328857422,7.893388395076,7.727519840802684,7.834846169245431,26508300
2012-04-04,7.473837375640869,7.610435263287258,7.268941009419779,7.561650236949477,52000600
2012-04-05,7.405539035797119,7.59092148800564,7.395781844247381,7.464080789350047,19809500
2012-04-09,7.171372413635254,7.2884559347378035,7.1518584934514955,7.259185287086444,17380900
2012-04-10,6.976233005523682,7.23967115283933,6.8591494878830686,7.142101554805486,23149500
2012-04-11,6.995746612548828,7.249427556101934,6.976232693813974,7.054288368753391,22609600
2012-04-12,6.976233005523682,7.366511862907598,6.937205166310144,7.1030737155919494,57618700
2012-04-13,6.790849685668945,6.9274471057992075,6.7615785773025046,6.89817646268125,97311100
2012-04-16,6.946960926055908,7.025016593612956,6.781092399872944,6.87866244956773,56312600
2012-04-17,7.06404447555542,7.151857334780061,6.917690330512325,6.976232081579259,40078800
2012-04-18,6.898176193237305,7.054287524431298,6.868905086014198,6.985988584409693,28851500
2012-04-19,6.839634418487549,7.132343163382762,6.790849395047448,6.898176167466592,31230600
2012-04-20,6.478626728057861,6.673766370409593,6.478626728057861,6.634738534988946,50173100
2012-04-23,6.468869686126709,6.585953186674624,6.303001161059592,6.3908140190947655,35940900
2012-04-24,6.3517866134643555,6.576196438674234,6.342029421803836,6.498140766384101,28535200
2012-04-25,6.361543655395508,6.527412199863022,6.244460141153214,6.478627169637802,31170000
2012-04-26,6.439599514007568,6.517655192380617,6.342029916041257,6.342029916041257,24063100
2012-04-27,6.410327911376953,6.517654220511847,6.332271779394568,6.488383578110866,23209100
2012-04-30,6.429842472076416,6.5176548733231625,6.3517867975244116,6.410328553438415,19132600
2012-05-01,6.5176544189453125,6.66400903115148,6.361543080724594,6.410328106542813,29565100
2012-05-02,6.654251575469971,6.703036130690268,6.488383064174402,6.488383064174402,28171600
2012-05-03,6.312758445739746,6.800606873131484,6.263973882149681,6.742065117674297,34534500
2012-05-04,6.390813827514648,6.7225504024558,6.390813827514648,6.4883834083796925,34523000
2012-05-07,6.342029094696045,6.585953290645893,6.244459509365802,6.439598680026288,36590900
2012-05-08,6.088348388671875,6.273730854161687,5.941994226928607,6.273730854161687,35849500
2012-05-09,6.205432415008545,6.283488092578074,5.893209239481892,5.98102210937188,36700200
2012-05-10,6.1371331214904785,6.312758386205763,6.059077448283686,6.293244467904064,25417400
2012-05-11,6.205432415008545,6.254216980865232,6.068834514013332,6.088348433405714,18440800
2012-05-14,6.059078216552734,6.117619978880712,5.951751419660492,6.059078216552734,30453100
2012-05-15,5.873694896697998,6.029806240584136,5.815153142740696,6.020049514215504,44146400
2012-05-16,6.00053596496582,6.371300894727602,5.873695257639653,5.961508126596004,54051400
2012-05-17,5.805396556854248,6.098105822430325,5.766368716810578,6.010292949707791,32690400
2012-05-18,5.493172645568848,5.863937510849347,5.4541448139865265,5.854180320329541,33622900
2012-05-21,5.639527797698975,5.668798441621701,5.493173182339856,5.512687100037839,27203500
2012-05-22,5.571228981018066,5.698069681590802,5.493173308434385,5.668798571747668,25413200
2012-05-23,5.610257625579834,5.659042660597349,5.454146257921504,5.493174099836087,25617400
2012-05-24,5.600499629974365,5.688312494323649,5.532201149034708,5.610256821679179,22189900
2012-05-25,5.815152168273926,5.863937187687508,5.610255831134362,5.620013021116449,21177100
2012-05-29,5.971264362335205,6.000535471328831,5.873694774437276,5.893208692016862,20990400
2012-05-30,5.844423770904541,5.90296598994817,5.746854181245998,5.893208798358064,25220500
2012-05-31,5.698070049285889,5.844424212200235,5.600499987011607,5.844424212200235,30707900
2012-06-01,5.317546367645264,5.61025553835442,5.268761816026005,5.56147052148676,30331900
2012-06-04,5.259006500244141,5.424875058392137,5.171194089944105,5.3370621828435345,18704000
2012-06-05,5.463902950286865,5.5126879849875134,5.259006548941858,5.278520469772403,31258900
2012-06-06,5.610257625579834,5.668799388451707,5.502930827690445,5.532201941750669,35081500
2012-06-07,5.532200813293457,5.746853900038767,5.502929705203948,5.7273399830619205,33187500
2012-06-08,5.73709774017334,5.75661165907535,5.502930248100691,5.5126874401759585,19022300
2012-06-11,5.571228981018066,5.893208863050004,5.561471789320852,5.82490991691503,21462000
2012-06-12,5.776125431060791,5.795639349466462,5.580985781755567,5.580985781755567,21282500
2012-06-13,5.717584133148193,5.844424380305749,5.6687991006078295,5.766368700440006,31202500
2012-06-14,5.620014667510986,5.746854917697239,5.512687872508562,5.7078270768324595,32597900
2012-06-15,5.746854305267334,5.756611497068007,5.551715121739,5.629770795150333,27553500
2012-06-18,5.795638561248779,5.854180308504006,5.668797876238232,5.668797876238232,19383900
2012-06-19,5.951750755310059,6.000535784428808,5.834667243723281,5.873695080918874,22652800
2012-06-20,5.971264362335205,6.049320032653549,5.85418085685769,5.971264362335205,30272100
2012-06-21,5.512687683105469,5.82491039929646,5.473659843581594,5.77612583251589,51272200
2012-06-22,5.600499629974365,5.610256821679179,5.395603721906884,5.541957875491012,33486500
2012-06-25,5.454145431518555,5.590742857522581,5.415117595517405,5.522443911896316,19795900
2012-06-26,5.493172645568848,5.551714392942329,5.3858458760932395,5.473658729777687,17684200
2012-06-27,5.5809855461120605,5.600499463693804,5.424874205458113,5.493173149618462,13836100
2012-06-28,5.824911117553711,5.8346683112620905,5.46390332481851,5.4931744406950465,34680300
2012-06-29,6.156647682189941,6.166404874983132,5.922480638136073,5.951751286018527,32253900
2012-07-02,6.390813827514648,6.654251928474499,6.293243781401143,6.566439073071729,51141600
2012-07-03,6.722552299499512,6.761580142858835,6.410329552624921,6.420086280840456,46397000
2012-07-05,6.644494533538818,6.742064111404969,6.498139934115371,6.673765639522887,21914500
2012-07-06,6.556683540344238,6.585954654629745,6.390815443554962,6.53716961923676,22702200
2012-07-09,6.332272529602051,6.65425289089834,6.263974045742542,6.546926103799577,19842000
2012-07-10,6.010293006896973,6.322516195465752,5.912723405859404,6.273731162322689,36372300
2012-07-11,6.059078216552734,6.09810605810472,5.873695736556523,6.049321023540453,33358600
2012-07-12,5.981021881103516,6.029806445098318,5.79563942132682,5.990778607803068,38542700
2012-07-13,5.981021881103516,6.0883482010411925,5.8932090145649445,5.981021881103516,25684400
2012-07-16,5.854180812835693,5.9517503999999235,5.707826199465103,5.941993673907746,27492500
2012-07-17,5.6297712326049805,5.9322372232009135,5.6005001201769975,5.873695463593496,35517600
2012-07-18,5.698070049285889,5.815153565716781,5.541958228796161,5.56147214820131,24954300
2012-07-19,5.639527797698975,5.863938083850025,5.620013880000992,5.756611303886872,23679200
2012-07-20,5.688313007354736,5.981022271419568,5.659042360097383,5.834667639387153,44481200
2012-07-23,5.4834160804748535,5.659041807875215,5.434631518056923,5.571228944175035,42241400
2012-07-24,5.590743064880371,5.620014175591136,5.424874523099251,5.541958035445269,32284100
2012-07-25,5.698070049285889,5.785882453984789,5.571229340528153,5.571229340528153,27639700
2012-07-26,5.815152168273926,5.9322356565684125,5.746853234144596,5.776124338842431,22586300
2012-07-27,6.127376079559326,6.146889996856552,5.844423580876817,5.893208606744126,23951500
2012-07-30,5.961507797241211,6.088348032311317,5.863938206707089,6.049320196097668,27533800
2012-07-31,6.059078216552734,6.342030300428908,6.029807102764461,6.068834944316446,51573800
2012-08-01,6.117619514465332,6.263974141799136,6.020049917992307,6.156647353054542,23396400
2012-08-02,6.010293006896973,6.146890913598127,5.9224805985874385,6.039564119832522,17632000
2012-08-03,6.176161766052246,6.293245291179167,6.088348889582769,6.166405038249288,22472200
2012-08-06,6.410327911376953,6.478626387144891,6.1664037202092405,6.234702195977177,26896900
2012-08-07,6.654251575469971,6.8103628965724194,6.507896979312208,6.537167619394698,43058500
2012-08-08,6.722552299499512,6.771337336322962,6.478628045879442,6.585954847741878,31848700
2012-08-09,6.644494533538818,6.751821301815807,6.537167765261831,6.654251723949657,20530400
2012-08-10,6.5957112312316895,6.68352363538223,6.488384442549324,6.585954038965777,22000700
2012-08-13,6.556683540344238,6.615225768915251,6.439600013699368,6.595711847807773,15999100
2012-08-14,6.390813827514648,6.615224096128482,6.312757697574152,6.605466905417747,27521900
2012-08-15,6.332272529602051,6.429842589827396,6.263974045742542,6.400571478710087,34554600
2012-08-16,6.449356555938721,6.50789831335249,6.351786960249106,6.390814798524952,15837900
2012-08-17,6.410327911376953,6.527411411477822,6.351786161326519,6.44935574474391,14958900
2012-08-20,6.332272529602051,6.439599316700813,6.244460126747178,6.381057559714723,16021800
2012-08-21,6.303001403808594,6.468869935263845,6.254216377410523,6.3127581299391125,24481500
2012-08-22,6.166404724121094,6.322516083004384,6.107862964539859,6.2834882432835615,26041200
2012-08-23,6.1078619956970215,6.1468898292271605,6.010291946623198,6.137132638220389,18181300
2012-08-24,6.146890163421631,6.156646889710383,5.92247987579834,6.078591218406369,19076600
2012-08-27,6.0785908699035645,6.156646536732427,6.000535203074702,6.146889811003056,13222300
2012-08-28,6.049321174621582,6.146891246186915,6.029807253358231,6.088349017148283,14263800
2012-08-29,6.049321174621582,6.137134052930949,6.020050525350848,6.068835095884932,16111300
2012-08-30,6.029807090759277,6.107863238956409,5.971265328547855,6.059078204489273,18488300
2012-08-31,6.059078216552734,6.1468910926689855,6.02005037500075,6.068834944316446,20650100
2012-09-04,5.9419941902160645,6.068834431926647,5.922480271087626,6.059077704986693,18706900
2012-09-05,6.039563179016113,6.059077096183835,5.8736946504662315,5.961507510345224,29149500
2012-09-06,6.5176544189453125,6.537168336222902,6.234702385796018,6.244459577059056,45887300
2012-09-07,6.263974666595459,6.410329306190867,6.098106106070568,6.3908153852613845,63824900
2012-09-10,6.25421667098999,6.332272344692125,6.195674915713389,6.263973862827014,21166500
2012-09-11,6.205432415008545,6.3225159313628385,6.1371334645109386,6.283488092578074,29081200
2012-09-12,6.312758445739746,6.322515637606868,6.215188853311101,6.224946045178224,16725000
2012-09-13,6.439599514007568,6.498141272787355,6.263974237668209,6.312758804027093,30512400
2012-09-14,6.537168502807617,6.634738556930401,6.459112831708189,6.478626749483046,20525400
2012-09-17,6.410327911376953,6.5761959705622814,6.351786161326519,6.527411411477822,20437100
2012-09-18,6.322515487670898,6.410328351398489,6.2444598155790425,6.38105724173979,18295100
2012-09-19,6.48838472366333,6.556683211489662,6.390815123019603,6.390815123019603,24783700
2012-09-20,6.293244361877441,6.4395989792986965,6.23470260795864,6.420085061325763,37495900
2012-09-21,6.205432415008545,6.361543770147603,6.146890656831398,6.342029850755221,26892900
2012-09-24,6.1078619956970215,6.1078619956970215,5.961507387334761,6.098104804690249,38107000
2012-09-25,5.961507797241211,6.205432006200771,5.941993879134387,6.195674814523104,36271200
2012-09-26,5.795638561248779,5.951749887262715,5.7273396234934575,5.951749887262715,33656700
2012-09-27,5.873694896697998,5.922479924286668,5.756611388783394,5.863938170329366,38639200
2012-09-28,5.834668159484863,6.088349141071897,5.824910966030298,5.902967117921053,41019800
2012-10-01,5.6297712326049805,5.9517511430700525,5.5809862003078585,5.922480495890618,40669400
2012-10-02,5.698070049285889,5.707826776364194,5.600499987011607,5.6687989375538965,20219900
2012-10-03,5.698070049285889,5.756611807501335,5.629771098743599,5.737097888096186,14783500
2012-10-04,5.73709774017334,5.746854467000083,5.629770953588021,5.698069902369319,14778900
2012-10-05,5.746854305267334,5.88345219898568,5.707826468561667,5.766368223620167,17263600
2012-10-08,5.707826614379883,5.756611644132536,5.659042049875753,5.688312695528526,11144500
2012-10-09,5.620014667510986,5.717584269672935,5.561472440965256,5.68831315640007,16388700
2012-10-10,5.620014667510986,5.659042508375766,5.502930679668086,5.64928531553529,16794300
2012-10-11,5.610257625579834,5.649285467494416,5.532201941750669,5.629771546537125,23649500
2012-10-12,5.532200813293457,5.659041506267198,5.493172979339764,5.6200136723135055,20027100
2012-10-15,5.5809855461120605,5.620013846524041,5.502929875785087,5.620013846524041,15011600
2012-10-16,5.639527797698975,5.659041715396958,5.532201017735821,5.58098557935653,16460300
2012-10-17,5.639527797698975,5.707826277017666,5.532201017735821,5.610256688527753,16544400
2012-10-18,5.512687683105469,5.678556233706206,5.512687683105469,5.6395283941823315,16866700
2012-10-19,5.317546367645264,5.629769452051804,5.307789643420772,5.620012727827312,23348000
2012-10-22,5.307790756225586,5.337061400284197,5.219977893552754,5.32730467401416,26365300
2012-10-23,5.278521537780762,5.356577236896026,5.161437989107864,5.219979763444313,36240300
2012-10-24,5.044353008270264,5.3663329083303175,5.034595816026731,5.337061796848252,35474400
2012-10-25,5.551715850830078,5.571229771745619,5.054110169610916,5.073624090526458,46181100
2012-10-26,5.337060928344727,5.551714470286402,5.2785191801556675,5.463901615378584,28145300
2012-10-31,5.298034191131592,5.512687777434435,5.249249623516257,5.405360984283013,18546200
2012-11-01,5.649284839630127,5.6590420316486405,5.376089976591061,5.385846703361052,20757200
2012-11-02,5.571228981018066,5.727340326185429,5.512687226580305,5.678555763444882,24445700
2012-11-05,5.698070049285889,5.737097888096186,5.493173662907558,5.56147214820131,20052000
2012-11-06,5.9419941902160645,5.9419941902160645,5.71758388761476,5.737097806743198,46489800
2012-11-07,5.7663679122924805,5.87369469006272,5.6200137651721835,5.795639020865631,39729900
2012-11-08,5.551715850830078,5.785882901816573,5.52244473683248,5.727341139069949,30618500
2012-11-09,5.4834160804748535,5.659041807875215,5.454145436073796,5.551715026158162,22103800
2012-11-12,5.43463134765625,5.5517148520863815,5.366332404114428,5.493173099871316,19265200
2012-11-13,5.600499629974365,5.668798576162532,5.3273047757187175,5.337061502175023,29127300
2012-11-14,5.424875259399414,5.678556702495642,5.385847416653623,5.649285587812006,21264400
2012-11-15,5.337060928344727,5.502929447504624,5.2785191801556675,5.502929447504624,19620000
2012-11-16,5.337060928344727,5.385845951126505,5.200463515903588,5.346818119000465,25895300
2012-11-19,5.405361175537109,5.532201893272291,5.376090526981956,5.424875096323401,28105900
2012-11-20,5.424875259399414,5.45414637408305,5.317548459224196,5.3468195739078315,17348700
2012-11-21,5.385846138000488,5.424873971480686,5.327304387780192,5.395603328994774,17426100
2012-11-23,5.541958332061768,5.57122944433918,5.40536089368045,5.434632005957862,13674700
2012-11-26,5.5614728927612305,5.649285774464898,5.483417204690681,5.541958970743593,29431300
2012-11-27,5.541958332061768,5.639528396154112,5.512687685032901,5.57122944433918,34241300
2012-11-28,5.6297712326049805,5.64928515247412,5.444388761223884,5.483416600962162,24166600
2012-11-29,5.7663679122924805,5.776125103566359,5.600499382624425,5.6590415997707275,25011800
2012-11-30,5.824911117553711,5.8346683112620905,5.707827584544771,5.737098700421307,20270200
2012-12-03,5.785882949829102,5.883453020465039,5.756612300837182,5.873695827302014,15082300
2012-12-04,5.893208980560303,5.902966172452074,5.776125469350141,5.8541811434902495,20645500
2012-12-05,6.029807090759277,6.049321011496418,5.873695724862152,5.902966838592148,18644200
2012-12-06,6.25421667098999,6.263973862827014,5.95175070276996,6.000535731458052,30376200
2012-12-07,6.283486843109131,6.35178578002552,6.195673990680694,6.2639729275970835,22046900
2012-12-10,6.507898330688477,6.566440088258191,6.273730835161085,6.29324475435099,32458100
2012-12-11,6.605467796325684,6.673766744767218,6.468870364691136,6.537168847884148,24442700
2012-12-12,6.546926498413086,6.693281132324046,6.478627545188356,6.693281132324046,28353700
2012-12-13,6.498141288757324,6.634739191494408,6.459113449474884,6.576196967322204,24047400
2012-12-14,6.683523178100586,6.722551013996912,6.5274118345152825,6.576196396761438,23368900
2012-12-17,6.449356555938721,6.73230861606287,6.381057606331725,6.683523585593797,34772400
2012-12-18,6.537168502807617,6.546925694319294,6.3908143521204375,6.459112831708189,28810700
2012-12-19,6.654251575469971,6.703036130690268,6.537167619394698,6.54692480958782,25576000
2012-12-20,6.624981880187988,6.703037557352439,6.56644012231465,6.673766911040038,19997000
2012-12-21,6.166404724121094,6.332272810310315,6.029806819849666,6.322516083004384,58144400
2012-12-24,6.0785908699035645,6.224945477831918,6.029805845511289,6.224945477831918,6840000
2012-12-26,6.029807090759277,6.185918921904971,6.020050363014992,6.078592125226414,10342300
2012-12-27,6.068835258483887,6.107863567304833,5.922481077711863,6.029807414911534,18455400
2012-12-28,5.981021881103516,6.127376503584962,5.961507962455891,6.0102925264506935,15127400
2012-12-31,6.185917377471924,6.205431293337041,5.961507112398854,5.990777753572302,18787600
2013-01-02,6.468869686126709,6.507897519642681,6.293243970056363,6.439598578365493,29556500
2013-01-03,6.732308387756348,6.80060686979867,6.449356337227689,6.47862698231768,39091500
2013-01-04,6.790849685668945,6.790849685668945,6.683522908656641,6.78109249446397,18802700
2013-01-07,7.005503177642822,7.103073234314225,6.859149023132739,6.888419667935351,31133300
2013-01-08,7.054288387298584,7.112830143657049,6.888419844992005,6.966475520136625,30791800
2013-01-09,7.132343769073486,7.200642714639997,7.0640448235069755,7.073802015122979,20647500
2013-01-10,7.2396697998046875,7.259183715764466,7.103072388086237,7.190884777281013,18685600
2013-01-11,7.356754302978516,7.376268221610481,7.1225872793949385,7.21039968061452,25837200
2013-01-14,7.4152960777282715,7.503108944419642,7.27869864695721,7.317726484320371,31488200
2013-01-15,7.4152960777282715,7.434809996409852,7.24942753631058,7.356754321683531,20793800
2013-01-16,7.483595371246338,7.561651049576392,7.405539692916284,7.444567532081311,18978000
2013-01-17,7.620190620422363,7.678732362361457,7.512863860909821,7.512863860909821,28642800
2013-01-18,7.698248863220215,7.79581846590548,7.600679260534949,7.620193181072002,33156900
2013-01-22,7.649463176727295,7.737275573688202,7.512865287679667,7.649463176727295,23287200
2013-01-23,7.590921401977539,7.708004907756484,7.493351348579923,7.6884909901266605,23846100
2013-01-24,7.639706134796143,7.698247888998781,7.51286543473284,7.532379352800386,18816000
2013-01-25,7.678734302520752,7.883630683702246,7.639706464700327,7.698248221430965,30082500
2013-01-28,7.629949569702148,7.795817644158889,7.590921732741914,7.698248051758302,20638000
2013-01-29,7.395782470703125,7.629949969998368,7.356754631695341,7.620192777622152,35140300
2013-01-30,7.464080810546875,7.542136482172444,7.366511221014912,7.3957818652502505,21175000
2013-01-31,7.376267433166504,7.512864848989457,7.356753516620368,7.454323099351049,25680800
2013-02-01,7.639706134796143,7.6494633264541685,7.4640808721882275,7.4640808721882275,18710800
2013-02-04,7.571407794952393,7.815332007956036,7.542136684682609,7.610435631813094,27028200
2013-02-05,7.678734302520752,7.73727605925139,7.483595113418628,7.629949737869484,21156900
2013-02-06,7.756790637969971,7.864117898978402,7.51286639821936,7.51286639821936,46545300
2013-02-07,7.5421366691589355,7.8446026368310795,7.444567077208005,7.786060881660521,58974800
2013-02-08,7.561652183532715,7.620193951059264,7.473839299618586,7.590923299920295,24731700
2013-02-11,7.717761993408203,7.756789830485605,7.532379534666286,7.571407836992205,20221800
2013-02-12,7.7275190353393555,7.78606078981938,7.659220089155073,7.717761843635097,19868600
2013-02-13,7.756790637969971,7.786061751449412,7.659221035119439,7.756790637969971,15371200
2013-02-14,7.883631229400635,7.893388422155389,7.668978106530187,7.7080059470520865,24535600
2013-02-15,7.717761993408203,8.020228428630842,7.698248074869502,7.912901178795211,40145400
2013-02-19,7.922657012939453,7.922657012939453,7.688490030605529,7.708003945800022,24703800
2013-02-20,7.6884918212890625,8.049499569091706,7.668977901549691,8.000714537119006,32447700
2013-02-21,7.493351936340332,7.688491593193352,7.454324098019434,7.629949835712005,37865800
2013-02-22,7.825090408325195,7.834846671174385,7.532380656165957,7.571408964302818,28722100
2013-02-25,7.737276077270508,8.020228600000337,7.688491512505626,7.92265853997352,36297900
2013-02-26,7.766547679901123,7.883631201045709,7.659220886227641,7.786061600091887,25972800
2013-02-27,7.981202125549316,8.029986233399653,7.756791321349477,7.776305243638775,21590500
2013-02-28,8.17634105682373,8.293424586383603,8.020229684077234,8.029985947001007,44039800
2013-03-01,8.049498558044434,8.156824870506115,8.000713532199315,8.117797035929415,19215200
2013-03-04,8.195854187011719,8.332452097977534,8.000714978844229,8.029985627445066,40980800
2013-03-05,8.51783561706543,8.576377855100768,8.312940110185012,8.342210763954029,36701000
2013-03-06,8.439777374267578,8.6641881334656,8.430021112952293,8.605645913088761,19929100
2013-03-07,8.722728729248047,8.732485920283944,8.498318918404106,8.556861134122542,26147300
2013-03-08,8.976411819458008,9.015439660523155,8.703216932001977,8.81054326230685,34822800
2013-03-11,9.122764587402344,9.171548678380251,8.781270367575646,8.92762450150315,43535800
2013-03-12,9.093493461608887,9.220334151457127,8.97640996263288,9.132521294600888,35260600
2013-03-13,9.278877258300781,9.425231413467609,9.122765911323624,9.122765911323624,41491000
2013-03-14,9.45450210571289,9.503287134511634,9.34717578675328,9.386203623692868,25192800
2013-03-15,9.142280578613281,9.513045542173016,9.04471143904313,9.503288349066855,43397000
2013-03-18,8.956896781921387,9.093493736270728,8.761756680570388,8.830056088242022,28917300
2013-03-19,9.0154390335083,9.181307579123466,8.869084872317067,9.044710610144199,26663100
2013-03-20,9.083738327026367,9.24960593992647,8.96665388304257,9.103251780692299,31547600
2013-03-21,8.849571228027344,9.142280505387625,8.849571228027344,9.122767049828747,39419600
2013-03-22,9.795995712280273,10.020406457332426,9.493529298643974,9.513043681038495,99807600
2013-03-25,9.639885902404785,9.883810138000563,9.542315835967628,9.766726616574243,39368000
2013-03-26,9.678914070129395,9.85453982345543,9.561830544744419,9.678914070129395,29906700
2013-03-27,9.717942237854004,9.795997924061894,9.44474733612639,9.52280302233428,27592700
2013-03-28,9.737454414367676,9.786239444460104,9.630128092561977,9.766725990721365,21787500
2013-04-01,9.152036666870117,9.737454225109879,9.113008829654133,9.72769796367866,44911900
2013-04-02,9.073983192443848,9.474018853521404,9.025198151471576,9.27887962012958,36023200
2013-04-03,8.878841400146484,9.220334727538583,8.830056373234186,9.122765604210981,31012800
2013-04-04,9.083738327026367,9.103251780692299,8.820299723808398,8.869084753718806,30485200
2013-04-05,9.083738327026367,9.356933191828777,8.89835539946623,8.927626045213653,41684200
2013-04-08,9.161792755126953,9.181306206135748,8.83981290425799,9.064222708592208,27065000
2013-04-09,9.337418556213379,9.434988613406677,9.16179375596128,9.220335045879638,21306900
2013-04-10,9.844779014587402,9.971619686459311,9.39595853353942,9.405715723028829,49796900
2013-04-11,9.737454414367676,9.903322958383699,9.532558962874175,9.66915593053651,28744300
2013-04-12,9.76672649383545,9.8447821738054,9.591100748654508,9.678913621244979,19487800
2013-04-15,9.327659606933594,9.71793786224598,9.327659606933594,9.68866722572174,28377200
2013-04-16,9.630127906799316,9.649642290658683,9.464259365982855,9.542315040426244,28029600
2013-04-17,9.161792755126953,9.52280043851043,9.12276492261244,9.503286057004711,37553400
2013-04-18,9.005680084228516,9.347174301043028,8.888596592019882,9.298389279998542,34728800
2013-04-19,9.122764587402344,9.239848080643725,8.878840410525243,9.034951734847084,32770600
2013-04-22,9.083738327026367,9.200821840513115,8.917869783629213,9.132522426439722,25020600
2013-04-23,9.191064834594727,9.259363319554437,9.044710672396182,9.171550450036483,24320300
2013-04-24,9.191064834594727,9.26912051183356,9.083738511015598,9.171550450036483,21298900
2013-04-25,9.298389434814453,9.405716668998668,9.093493087413648,9.132520918799663,28185700
2013-04-26,9.200819969177246,9.493528228112256,9.181305588983252,9.2691184388625,20556000
2013-04-29,9.122764587402344,9.269118721329848,9.113007397008007,9.249604340541174,17186600
2013-04-30,9.191064834594727,9.230092673214143,8.966654064660279,9.181307642315604,27791600
2013-05-01,8.976411819458008,9.239850444520597,8.92762678550229,9.191065410564882,29159700
2013-05-02,9.093493461608887,9.132521294600888,8.84956927278464,8.878840845401344,26660200
2013-05-03,9.395962715148926,9.464261210976966,9.20082349099937,9.220336948165718,23335200
2013-05-06,9.522799491882324,9.698424255490929,9.464257283681569,9.49352792253353,21108200
2013-05-07,9.72769832611084,9.737454587905555,9.425231878544965,9.561829779138758,26888100
2013-05-08,9.991135597229004,10.010649981017089,9.581342842649565,9.67891290059592,37045600
2013-05-09,10.449715614318848,10.488743459739851,9.961867081307691,9.971624275287251,46665700
2013-05-10,10.557043075561523,10.635098774676788,10.34239036824321,10.34239036824321,35312700
2013-05-13,10.40092658996582,10.54728165209385,10.342385309512109,10.488739441143263,22562900
2013-05-14,10.391170501708984,10.449712718867978,10.26433073710895,10.439955527591984,20576300
2013-05-15,10.605822563171387,10.732663240399365,10.37165558851828,10.420440607528555,25065200
2013-05-16,10.791208267211914,10.986347463712734,10.664367556862109,10.664367556862109,35917300
2013-05-17,11.035130500793457,11.142456806844736,10.859504790439619,10.888775431999619,30543500
2013-05-20,10.937562942504883,11.12294495520962,10.810722226234429,11.035133010558194,24658400
2013-05-21,10.957075119018555,11.044887983918482,10.88877663765062,10.937561665983582,18960900
2013-05-22,10.654608726501465,11.39613848970781,10.53752522659998,10.957074201956065,51844400
2013-05-23,11.113186836242676,11.210755957499046,10.313114831157385,10.469226169565157,57163600
2013-05-24,11.308326721191406,11.376625203420435,11.015617478000234,11.025374669889247,28601200
2013-05-28,11.493708610534668,11.591278667547346,11.405895745322661,11.454680773829,25633800
2013-05-29,11.542495727539062,11.630308608639924,11.318085858501034,11.405897809104703,25205300
2013-05-30,11.601036071777344,11.69860520007961,11.46443817555772,11.522980396936715,25785400
2013-05-31,11.396140098571777,11.620549939106718,11.396140098571777,11.542494261486125,23852400
2013-06-03,11.444923400878906,11.698604800699002,11.13270071217541,11.454680592525143,26382900
2013-06-04,11.425409317016602,11.70836134564993,11.36686710086969,11.444922768734266,26370500
2013-06-05,11.727872848510742,11.844956321562005,11.386378687572007,11.405892134498853,40890700
2013-06-06,12.049854278564453,12.235236236936077,11.844957940102733,11.883985769786067,47860200
2013-06-07,12.342564582824707,12.410863993969919,12.069369729734891,12.254752649347168,32419000
2013-06-10,12.635274887084961,12.76211559793488,12.332809363940385,12.332809363940385,40488200
2013-06-11,12.498674392700195,12.879195487539745,12.323048699391586,12.557215670138513,49707600
2013-06-12,12.186453819274902,12.801142965909277,12.15718317338671,12.664545067602619,34199300
2013-06-13,12.596245765686035,12.60600295718081,12.166939575382882,12.225480863357541,30212000
2013-06-14,12.449892044067383,12.840170412330895,12.332808533588329,12.762114738678193,29740300
2013-06-17,12.91822624206543,13.171907649750281,12.762114892873843,12.840170567469636,50588300
2013-06-18,13.41583251953125,13.425589711955665,12.986526288324967,13.015796935101125,57594500
2013-06-19,13.630485534667969,13.767082500952151,13.308505642002327,13.484130445867285,83958500
2013-06-20,13.210935592651367,13.474374194390778,12.869441315692214,13.152393370988037,75247900
2013-06-21,13.562185287475586,13.708540367281056,13.36704611156528,13.51340119137075,73389200
2013-06-24,13.132881164550781,13.532916770664231,12.840171889432092,13.474375473938775,68189200
2013-06-25,13.41583251953125,13.48413100550798,13.093852613502268,13.406075327106837,32876400
2013-06-26,13.835379600524902,13.962220284071664,13.532913211990797,13.552427592765786,44886100
2013-06-27,13.991493225097656,14.176875220454512,13.923194742149928,13.952465387627948,38747100
2013-06-28,13.98173713684082,14.118335044016522,13.679271605197853,13.952466489052139,36612300
2013-07-01,13.923194885253906,14.245174780312604,13.835382017420251,14.118334074608109,33909600
2013-07-02,13.9622220993042,13.981735552119249,13.513401518593938,13.689026315917424,61198800
2013-07-03,13.79635238647461,13.942706526844745,13.767080814003037,13.942706526844745,24489300
2013-07-05,13.9622220993042,14.020763388246356,13.776839179827672,13.92319426317709,29746900
2013-07-08,13.689026832580566,14.011006725405915,13.53291548218004,14.011006725405915,53084600
2013-07-09,12.820655822753906,13.79635258742476,12.762113607455,13.737810372125853,91816900
2013-07-10,12.244994163513184,12.918224498669483,12.166938499451494,12.615759033054665,89592900
2013-07-11,12.391350746154785,12.566976490197774,12.166940900319496,12.557219297640476,52215600
2013-07-12,12.381593704223633,12.53770599554828,12.26451018360298,12.430378737106516,33419400
2013-07-15,12.752358436584473,12.86944195523249,12.342565656067867,12.449892912701369,30926300
2013-07-16,13.054823875427246,13.084094520188009,12.781629019833757,12.84017030935528,42885300
2013-07-17,13.259720802307129,13.38656150888551,13.0353100351309,13.123122903569552,32539300
2013-07-18,13.357287406921387,13.523155920278436,13.298746126028831,13.454857449071492,38727500
2013-07-19,13.396317481994629,13.396317481994629,13.113365428952047,13.33777619129453,27734400
2013-07-22,13.493887901306152,13.571943577991455,13.28899151738297,13.28899151738297,24337500
2013-07-23,13.308503150939941,13.718295834082305,13.2889887705537,13.552427322786736,38691100
2013-07-24,12.791385650634766,13.493887658667598,12.76211500502837,13.4646170130612,46712000
2013-07-25,12.967011451721191,13.103609349412828,12.488920205546043,12.635274364825113,42692600
2013-07-26,12.284021377563477,12.781626908796055,12.205965717428587,12.74259907872861,68782400
2013-07-29,12.166939735412598,12.557218095366911,12.088884063421734,12.362078915389755,40786800
2013-07-30,12.293780326843262,12.381592259187528,12.01082828574196,12.196210272464745,48759000
2013-07-31,12.91822624206543,12.967011271312062,12.34256494404867,12.362079327946137,45062600
2013-08-01,13.240206718444824,13.298748942231427,12.976769037647811,13.054824715698562,32858900
2013-08-02,13.171907424926758,13.269477481754654,13.006038886617548,13.171907424926758,26500600
2013-08-05,13.825624465942383,13.835381657780726,13.171907500725856,13.1816646925642,43741000
2013-08-06,13.79635238647461,13.893921503222389,13.601212291985188,13.815865837625394,29094900
2013-08-07,13.474372863769531,13.698782675241109,13.269476503927374,13.659754841485315,34736800
2013-08-08,13.610971450805664,13.708541512157932,13.279234358804434,13.474374481508969,39511800
2013-08-09,13.649999618530273,14.167119653476044,13.40607538976241,13.415832582232426,64619700
2013-08-12,13.493887901306152,13.815867800257289,13.435346609040709,13.610971416334106,35376800
2013-08-13,14.606184005737305,14.615940268329144,13.737813361257576,13.79635558929435,84457700
2013-08-14,14.459827423095703,14.703751642408367,14.21590320378304,14.459827423095703,47850600
2013-08-15,13.786596298217773,14.059791149655702,13.630484954538957,14.059791149655702,53528900
2013-08-16,13.669511795043945,14.001248841452819,13.610969580178933,13.825623127354724,30624000
2013-08-19,13.464616775512695,13.689026605364342,13.435346130422705,13.659755960274351,25506900
2013-08-20,13.464616775512695,13.571943094507349,13.318261689068681,13.474373967375037,24379600
2013-08-21,13.298748016357422,13.562185678813604,13.230449535442304,13.474373744992887,29709100
2013-08-22,13.523159980773926,13.737813579658416,13.406076453336158,13.415833646580262,15091700
2013-08-23,13.523159980773926,13.591459402985496,13.396319260092053,13.571945016497287,15663000
2013-08-26,13.445104598999023,13.581702516005247,13.386563299208628,13.562188129076993,16331500
2013-08-27,12.859684944152832,13.259720508856118,12.732844240381565,13.230449863523376,39898700
2013-08-28,12.91822624206543,13.025553492507425,12.742601439473413,12.859684951367104,36138600
2013-08-29,13.240206718444824,13.406075266926939,12.908469621480595,12.908469621480595,23787700
2013-08-30,13.240206718444824,13.347533973637415,12.976769037647811,13.25972110320605,22278600
2013-09-03,13.669511795043945,13.806108745567407,13.367045390819108,13.445101056974496,37060500
2013-09-04,14.391530990600586,14.898893885721424,14.089064506125133,14.606184594728417,117540600
2013-09-05,14.80132007598877,14.840347909570601,14.576909335020515,14.586666526040212,38713900
2013-09-06,14.889132499694824,14.986701615553786,14.596423291124099,14.86961811822488,38111000
2013-09-09,15.240381240844727,15.308679707149466,14.92815861716956,15.025727721819642,32745800
2013-09-10,15.864828109741211,16.245349216296074,15.48430607268949,15.51357671230982,80821300
2013-09-11,16.08924102783203,16.196568278148597,15.61114978886726,15.903858103010892,48497900
2013-09-12,15.80628776550293,16.440490267607778,15.747744621805506,16.118510421247237,55883900
2013-09-13,15.80628776550293,15.845314666974057,15.289167828805287,15.611147675165828,55788100
2013-09-16,16.040454864501953,16.28437904855645,16.011183292457634,16.138024910322518,35709000
2013-09-17,16.430734634399414,16.450249017481582,15.83555897735122,16.069725991355263,32439700
2013-09-18,16.85028839111328,16.87955811138746,16.41122397705636,16.46976527859914,43515600
2013-09-19,16.74295997619629,17.162509974059258,16.606362994936458,17.08445429034017,43702900
2013-09-20,16.811254501342773,17.06493587883935,16.71368445446042,16.821011692130394,30036800
2013-09-23,16.635631561279297,16.928341750702955,16.333166040436264,16.81125730273466,30442400
2013-09-24,16.625871658325195,16.74295421310571,16.420974395968816,16.713682643913753,34793100
2013-09-25,16.557575225830078,16.90882669480038,16.52830551074528,16.645388093072654,44413400
2013-09-26,17.045425415039062,17.103968573220534,16.762474261139083,16.89907124157395,49153400
2013-09-27,17.19178009033203,17.513759990897555,16.98688277488444,17.045424067443406,45015600
2013-09-30,17.045425415039062,17.211293974564665,16.7234454890181,16.89907124157395,30082400
2013-10-01,17.182022094726562,17.318619057975596,16.918583499037094,17.113723613102046,32979500
2013-10-02,17.230806350708008,17.68938320367235,17.123479100888964,17.22104915881591,49128100
2013-10-03,17.582050323486328,17.660105964371116,16.947848008673265,17.50399468260154,59041700
2013-10-04,18.0211238861084,18.099179575852993,17.572304135325602,17.640602631227818,48080600
2013-10-07,18.04063606262207,18.391887553918416,18.03087886997559,18.313831873740806,61970900
2013-10-08,17.494243621826172,18.196744635824206,17.2991035207742,18.147960541058175,57008600
2013-10-09,17.70889663696289,18.001606795033016,16.7331998320504,17.591814062530013,67714300
2013-10-10,17.982093811035156,18.138205163084773,17.621085146299095,17.913795327137713,78690500
2013-10-11,16.430734634399414,17.572299990790377,16.157538854231028,17.455215553291357,153906100
2013-10-14,16.65514373779297,16.733199405757674,15.77701700794156,16.167295347765084,62909500
2013-10-15,16.508790969848633,17.006396592497623,16.430735295373932,16.66490231879803,63043900
2013-10-16,16.54781723022461,16.87955429903282,16.499033133456226,16.66490166786033,49096400
2013-10-17,16.733198165893555,16.742955356290413,16.333162664591256,16.586844031928237,40714800
2013-10-18,16.616113662719727,16.83076624340254,16.547813337917702,16.752710590336648,34970600
2013-10-21,16.167299270629883,16.72344627244723,16.10875797070026,16.616120866075317,44886200
2013-10-22,16.35268211364746,16.52830787323586,16.001430594470666,16.294140814116115,48362800
2013-10-23,16.147781372070312,16.186810137532234,15.95264312774261,16.0892400848714,39244600
2013-10-24,16.420978546142578,16.50879141491827,16.00142858665741,16.03070016324735,30291300
2013-10-25,16.177059173583984,16.57709486859402,16.11851786384938,16.50879636373787,28678300
2013-10-28,16.313655853271484,16.342927438043965,15.90386297143,16.118517537772224,19926900
2013-10-29,17.074691772460938,17.074691772460938,16.518544966774062,16.606357816197644,51381400
2013-10-30,16.96736717224121,17.2112913782182,16.850284595528898,17.182021664537125,32373200
2013-10-31,17.250324249267578,17.367406853840382,16.76247572122718,16.860045799034147,42547400
2013-11-01,17.152751922607422,17.47473183446035,17.00639775558231,17.318620474834336,41364500
2013-11-04,17.455219268798828,17.552789343984387,17.094212409904976,17.191782485090535,37798300
2013-11-05,17.240562438964844,17.357646873180958,17.064936718137645,17.308860916843432,23797000
2013-11-06,17.074691772460938,17.3869144099698,16.967364542944622,17.338130320731686,21799500
2013-11-07,17.289348602294922,17.71865576444503,17.152751630199322,17.396675858080993,54192000
2013-11-08,17.669870376586914,17.679627568310984,17.182021956347576,17.26983482087018,33201300
2013-11-11,17.825979232788086,17.835736423149566,17.464970633388408,17.60156943745536,36990400
2013-11-12,18.17723274230957,18.216261512261276,17.67962895238461,17.72841305383006,32224800
2013-11-13,18.46018409729004,18.52848257762822,17.97233568230985,18.021119779410263,38821200
2013-11-14,18.72362518310547,18.733382376024586,18.440672171433857,18.450429364352974,31418000
2013-11-15,18.987062454223633,19.348071157880007,18.75289540090368,18.909006769783648,51592800
2013-11-18,18.821191787719727,19.396851176057428,18.6260516872367,19.104142886326805,47549900
2013-11-19,18.596778869628906,19.387094548813735,18.587021679158177,18.87973181029864,51853700
2013-11-20,18.34310531616211,18.752898185571848,18.060154115923847,18.72362846268196,44809000
2013-11-21,19.504175186157227,19.6212595992484,18.499206998852813,18.577264514909338,93347300
2013-11-22,19.69931983947754,19.826159610605085,19.18219984120113,19.426124052672144,40144800
2013-11-25,19.377338409423828,20.001783745471727,19.230982405417944,19.94324246046571,33866000
2013-11-26,19.81640625,19.91397632565077,19.348072120069595,19.445642195720364,33585000
2013-11-27,20.65550422668457,20.67501861205936,19.796891741130178,19.913974331390484,40572700
2013-11-29,20.587200164794922,20.792095572771267,20.392060085870458,20.782338382725673,20081800
2013-12-02,20.753070831298828,21.114077595551468,20.450603491418725,20.58720230526564,34102800
2013-12-03,21.299463272094727,21.367761757398302,20.811614821647304,20.918942076263864,43553100
2013-12-04,21.231163024902344,21.39703155872947,20.88966876572955,21.153107353748048,34609000
2013-12-05,21.12383460998535,21.553141708068768,21.065293325108396,21.328731898545534,30302800
2013-12-06,21.767799377441406,21.767799377441406,21.270193688042074,21.436062251175183,32237800
2013-12-09,22.5581111907959,23.094743694866178,22.050748400151356,22.109289687996807,65756700
2013-12-10,22.577621459960938,22.870331591969652,22.245884426947345,22.5581089399554,41919500
2013-12-11,21.95317840576172,22.353213952276082,21.748282967251725,21.92390683126287,52447500
2013-12-12,21.992204666137695,22.52883711051895,21.816578961142003,22.128801609581554,52600200
2013-12-13,22.519084930419922,22.636169380131854,22.099534955360607,22.177590634837163,31018700
2013-12-16,22.216617584228516,22.850820160621428,22.109290335871822,22.60689594962461,35065800
2013-12-17,22.362972259521484,22.421513550445972,22.001963599999957,22.294673776610566,26694900
2013-12-18,21.279949188232422,21.943423387978257,20.304252273546005,21.943423387978257,106635200
2013-12-19,21.09457015991211,21.738530037170822,21.036026999438146,21.20189556545899,37767000
2013-12-20,21.63119888305664,22.03123443609561,21.231163330017672,21.27019023565868,49176400
2013-12-23,20.96772575378418,21.143351490160207,20.704287149220143,20.918941654121557,40831000
2013-12-24,21.28970718383789,21.367762865517633,21.075054524467163,21.10432424197566,12857500
2013-12-26,21.211645126342773,21.709250645353258,21.211645126342773,21.299457974461898,17095500
2013-12-27,20.996997833251953,21.455574708447788,20.938454679061216,21.397033415251208,19386300
2013-12-30,20.78234100341797,21.153106827929975,20.714042525479954,20.92869701156394,19267100
2013-12-31,21.221403121948242,21.3970288248544,20.860394525864052,20.889666096679665,25122400
2014-01-02,21.133594512939453,21.260436150942727,20.7530733209179,21.153108897400593,26413500
2014-01-03,20.46036148071289,20.909182982016244,20.39206300162181,20.684773161861557,34590200
2014-01-06,20.167654037475586,20.460362349145246,20.138382461910997,20.460362349145246,38180500
2014-01-07,21.201894760131836,21.40679209201922,20.382309154570876,20.382309154570876,67904500
2014-01-08,23.28988265991211,23.904570804622225,22.987415322060468,23.6118625187591,93499500
2014-01-09,22.675195693969727,23.133772566228956,22.353215791959176,23.0264471728882,42782900
2014-01-10,23.13376808166504,23.14352527207621,22.616650016829308,22.82154543248261,33930200
2014-01-13,22.76300811767578,23.221584980949547,22.684952441778243,23.124016781823208,27619700
2014-01-14,23.094741821289062,23.211826248475397,22.31418517669296,22.31418517669296,33092200
2014-01-15,22.76300811767578,23.182558073497834,22.733736541341415,23.143529305052013,26949000
2014-01-16,22.567867279052734,23.01668879692223,22.343457450615013,22.909361548106776,28888700
2014-01-17,21.836095809936523,22.714224509004254,21.78731170931905,22.34345864473251,46943200
2014-01-21,22.5581111907959,22.616652478641353,21.777552621882602,21.855608292674532,29508700
2014-01-22,23.07522964477539,23.211828466377174,22.197102870450863,22.245886967526776,31254300
2014-01-23,23.065471649169922,23.0752288404438,22.675193303184482,22.74349178110769,29418600
2014-01-24,22.362972259521484,23.075230525584022,22.353215067535054,22.92887636777576,30019100
2014-01-27,22.343454360961914,22.802033007220015,22.011717329581334,22.53859444800712,30006400
2014-01-28,22.489816665649414,22.63617271459714,22.001968131808912,22.333705283700013,27555900
2014-01-29,22.1580753326416,22.70446692735765,22.099534040705638,22.284916969662657,21718400
2014-01-30,22.880096435546875,23.18256199823203,22.392247913347536,22.54835929157177,32630000
2014-01-31,22.480058670043945,22.92887837474035,22.441029898682043,22.538599966092555,29539000
2014-02-03,22.255643844604492,23.055714935703847,22.148318460355497,22.441026760662194,36010100
2014-02-04,22.441030502319336,22.616656256183532,22.099536187693875,22.392246397798967,20104700
2014-02-05,22.74349594116211,22.909364501169488,22.148322052542703,22.392246296024474,26097800
2014-02-06,23.5240535736084,24.16801339841362,22.92887785089676,22.93863504351432,65314700
2014-02-07,23.914329528808594,24.04116929788284,23.338668250176372,23.77773256811417,47809700
2014-02-10,24.265579223632812,24.626585982432186,23.972869079234368,24.041167554629173,28374800
2014-02-11,24.10947036743164,24.460721859504027,23.98263058473562,24.24606920378991,21177200
2014-02-12,24.285093307495117,24.54853189611092,24.187525114076525,24.304607690576436,23915300
2014-02-13,24.304607391357422,24.40217744456881,24.08019757166701,24.23630891240764,23317000
2014-02-14,24.470478057861328,24.685130704853446,24.11922658006137,24.28509512668978,32449600
2014-02-18,24.802215576171875,25.036382611720224,24.489992862107407,24.57780573306231,34133700
2014-02-19,24.802215576171875,25.0558969965978,24.55829134818474,24.802215576171875,27239800
2014-02-20,24.870515823364258,25.036384384580657,24.70464726214786,24.733918841536976,23288000
2014-02-21,24.470478057861328,24.968083697746554,23.943602702155527,24.948569313203414,44791800
2014-02-24,24.148494720458984,24.607071526000816,23.963111815668086,24.538773050813084,33037900
2014-02-25,23.670406341552734,24.39242180362061,23.514294990889088,24.19728168479401,37147600
2014-02-26,23.631378173828125,24.1289838145847,23.572836881090335,23.71919104343188,20936900
2014-02-27,23.602109909057617,23.74846408039729,23.319156898272563,23.563081137503435,39242800
2014-02-28,23.602109909057617,23.76797846617438,23.319156898272563,23.641136819617543,33877300
2014-03-03,23.88505744934082,24.16801041736605,23.13377045940553,23.280126469622154,35961800
2014-03-04,24.49974822998047,24.538775135834996,24.119225197183127,24.2655812118712,32780000
2014-03-05,24.22654914855957,24.51925741611936,24.080195014779676,24.470473325190657,25938700
2014-03-06,24.16800880432129,24.2655788509556,23.709430143438198,24.246064469429967,32312100
2014-03-07,23.826519012451172,24.285095897811253,23.738706140212873,24.21679741073573,23827000
2014-03-10,24.246065139770508,24.333877998069795,23.494778179207213,23.72894518100735,23662500
2014-03-11,24.0704402923584,24.460718642784958,23.963113048118355,24.324121685384153,21103100
2014-03-12,24.236312866210938,24.33388293533947,23.63137992640947,24.00214581689903,19272800
2014-03-13,23.5240535736084,24.333881950923708,23.026447916078144,24.304610373071032,35572900
2014-03-14,23.377695083618164,23.728946536885925,23.153285260027765,23.485022330115317,24575000
2014-03-17,23.348424911499023,23.582591922082695,23.270369241304465,23.52405063468527,17778700
2014-03-18,23.894817352294922,24.002144609034683,23.14353027710495,23.455754854802972,27425600
2014-03-19,23.397212982177734,24.021660310808247,23.172803124870253,23.865547082904904,19799500
2014-03-20,23.426483154296875,23.767977446772353,23.309398705650302,23.348427475530553,19735500
2014-03-21,23.084991455078125,23.670410042085734,23.084991455078125,23.52405586058243,32238500
2014-03-24,22.909364700317383,23.514297648248267,22.821551823021057,23.231344630072478,23740900
2014-03-25,22.95815086364746,23.33867209454402,22.850823599140504,23.065476267160093,17054900
2014-03-26,22.27515983581543,23.30939801403057,22.265402643634875,23.055716600318533,24590700
2014-03-27,21.699501037597656,22.275162415970954,21.387278295631326,22.255648029349473,35985000
2014-03-28,21.377517700195312,21.992207753986715,21.172622256260873,21.455573373264723,37763700
2014-03-31,23.084991455078125,23.1045058422104,21.6702300248926,21.758042905993463,39630300
2014-04-01,23.846031188964844,23.86554371132615,23.124015753763832,23.260612715263097,36880800
2014-04-02,23.758224487304688,24.0021487595337,23.41673013398517,23.972877176908195,24486300
2014-04-03,23.416723251342773,24.1289814702659,23.202070624829958,23.963112939462462,40670000
2014-04-04,22.03123664855957,24.246069130681285,21.894639673607394,24.18752783584381,77296000
2014-04-07,21.182376861572266,22.421512257481144,20.69452845634773,21.97269261795168,63603900
2014-04-08,21.67022132873535,21.88487577906181,20.87990757697116,21.523867205963263,44299000
2014-04-09,22.050750732421875,22.284917769565116,21.699499246209918,22.03123634741139,31636000
2014-04-10,21.153106689453125,22.392242058483344,21.09456540317434,22.14831786116215,37066500
2014-04-11,20.61647605895996,21.397034747834706,20.509150658247815,20.967727562003308,35232600
2014-04-14,21.367759704589844,21.6019267149888,20.733557152135095,20.840884396440686,31740100
2014-04-15,21.63119888305664,21.699497363673924,20.996996313189545,21.387274674569756,25067600
2014-04-16,21.933664321899414,22.021477185599597,21.465330289494464,21.816581744295185,21619500
2014-04-17,23.328914642333984,23.55332450108971,22.47030211879306,22.548357802751326,46206900
2014-04-21,24.704647064208984,24.7729455545754,23.963117141241337,24.431453102743312,45434800
2014-04-22,25.543743133544922,25.641313188080566,24.86075461278941,24.890026187448303,45903400
2014-04-23,25.612043380737305,25.816938834506022,25.338847581384886,25.55350208837398,32508700
2014-04-24,25.524229049682617,25.973050561410922,24.724157942899573,25.8071820250539,39791400
2014-04-25,24.646100997924805,25.055893721823562,24.441203705478465,24.977838053509224,26022500
2014-04-28,23.982629776000977,25.104680841068497,23.602108579750517,24.811972514874935,32168000
2014-04-29,24.489988327026367,24.685126556683677,23.85578582390091,24.14849409888379,19746700
2014-04-30,25.485198974609375,25.485198974609375,24.529014781055903,24.558286352417696,28811800
2014-05-01,25.612043380737305,26.168190310674255,25.22176499665823,25.573014611832335,28231400
2014-05-02,25.67058563232422,25.99256554384503,25.436418593126735,25.621801530364234,18326000
2014-05-05,26.090133666992188,26.18770372464467,25.319334119625104,25.612042431588492,21120800
2014-05-06,26.031593322753906,26.51944176775006,25.865724777015448,26.177947484053927,23078300
2014-05-07,25.777910232543945,26.216974548900176,25.416901587873934,26.041348822357683,24487200
2014-05-08,26.275514602661133,26.734091419643683,25.592526111756637,25.699853353154353,27015400
2014-05-09,26.187705993652344,26.40235865029092,25.807184782931248,26.295033252468745,20679100
2014-05-12,26.841421127319336,26.87069270338844,26.285274208964974,26.373087076178198,22396900
2014-05-13,26.95850372314453,27.104859742569456,26.56822534699761,26.831663948769567,29540000
2014-05-14,26.20721435546875,26.987770982923823,26.129158692723244,26.860931228835046,28161200
2014-05-15,25.231517791748047,26.236484222990317,24.636342196628316,26.158428559777384,41523500
2014-05-16,25.39738655090332,25.709609206732576,24.919295376540546,25.212003651132015,19890900
2014-05-19,26.28527069091797,26.343811974226863,25.524226563926963,25.72912384699886,21930500
2014-05-20,25.904754638671875,26.499930404949858,25.524233403704297,26.314547453634784,21830400
2014-05-21,26.334054946899414,26.5487075610264,26.148672044111553,26.275513663227297,19021300
2014-05-22,26.509685516357422,26.724338169815848,26.216977183369185,26.373088542428803,14936600
2014-05-23,26.665794372558594,26.73409285311239,26.40235578099908,26.519440219801314,12406800
2014-05-27,27.378053665161133,27.426839625282607,26.8121495547107,26.860935514832175,23525400
2014-05-28,27.914684295654297,28.217149763637266,27.485377209456836,27.612216966677487,25382300
2014-05-29,27.885417938232422,28.3244822972453,27.739063772226192,28.090315259436494,23288800
2014-05-30,27.89518165588379,28.197647251180644,27.700041481566355,27.9342085741505,24068700
2014-06-02,27.96347427368164,28.022015569259,27.368298542163405,27.914690170866212,14522600
2014-06-03,27.973230361938477,28.226911780749568,27.70979175075071,27.8659031067892,14002300
2014-06-04,28.265933990478516,28.30496275349728,27.77808561870709,27.885412856014838,14377400
2014-06-05,28.334238052368164,28.763543336075006,28.20739641686843,28.383022151564003,21878500
2014-06-06,28.822086334228516,28.83184166522026,28.34399323189339,28.441563290757582,18319800
2014-06-09,28.295207977294922,28.997709022635437,28.18788073082848,28.773299199109246,20635300
2014-06-10,28.792814254760742,28.82208583020634,27.895173078696914,28.29520863814985,24108900
2014-06-11,30.236845016479492,30.832020687708372,29.387989803114216,29.90510794015461,55472400
2014-06-12,30.110008239746094,30.461257873554594,29.817298040412407,30.314903704384868,28152900
2014-06-13,30.412471771240234,30.705180090334416,30.305144519108453,30.383200194933174,23275600
2014-06-16,31.13448715209961,31.4076810862365,30.5197989392975,30.666153098441423,35496500
2014-06-17,31.466224670410156,31.612580692556204,31.173516348106318,31.222300448158915,25195500
2014-06-18,31.28084373474121,31.641850543055035,30.929592257684188,31.59306644279451,30089900
2014-06-19,31.03691864013672,31.388168267399976,30.783237216505693,31.31011444889187,22402300
2014-06-20,31.075946807861328,31.154002485850228,30.63688245605242,31.105216523985813,28266500
2014-06-23,30.500280380249023,31.515004024279087,30.49052318950912,31.50524869453303,48594600
2014-06-24,31.71014404296875,32.16872270170313,30.40271026277915,30.744204493902195,59689500
2014-06-25,31.554033279418945,31.944313471127337,31.114968994243945,31.563788609317168,29796700
2014-06-26,31.22229766845703,31.612577878107913,31.02715756363159,31.52476501703586,20353300
2014-06-27,30.74420928955078,31.15400205862137,30.68566799711045,31.105216097425984,46770900
2014-06-30,32.149208068847656,32.246776253267925,31.124725383490432,31.280838572749275,31032300
2014-07-01,33.15418243408203,33.66154530267401,32.266298344543216,32.432168764077396,36348500
2014-07-02,32.93952560424805,33.437133106019445,32.72487481786527,33.173694497197225,26620500
2014-07-03,32.910255432128906,33.44688797362874,32.83220161688679,33.26150690568901,13883900
2014-07-07,32.061397552490234,32.83219892038718,31.973584691312254,32.793170154977425,21383200
2014-07-08,32.32483673095703,32.46143369041728,31.339380857157234,32.00285499338245,34637500
2014-07-09,32.09066390991211,32.1394480005791,31.085697498619357,31.7979556439226,39287700
2014-07-10,31.973588943481445,32.29556699596196,31.027161727363136,31.397927604088107,32916800
2014-07-11,32.00285339355469,32.36386015722256,31.84674205883443,32.0418821577317,18868300
2014-07-14,32.77366256713867,32.91025955240512,32.12970269231917,32.324842837837835,20349500
2014-07-15,33.193206787109375,33.32980374854796,32.5687614079684,32.90049848088555,27186500
2014-07-16,33.79814147949219,34.00303694406,33.39810588210284,33.58348696118965,30731700
2014-07-17,32.24677658081055,33.173689230168684,32.188237158358845,33.00782257057193,36943500
2014-07-18,32.34435272216797,32.92976935524369,32.197996702904945,32.3736224372253,28525600
2014-07-21,32.26628875732422,32.539482635396894,31.80771012885585,32.19799028780605,15789100
2014-07-22,32.81268310546875,32.87122252904031,32.20774843398566,32.53948548151298,14366200
2014-07-23,32.86146926879883,32.95903746222168,32.44191933750216,32.73462763975872,20897100
2014-07-24,33.05660629272461,33.44688275198264,32.81268210994297,33.04684724110026,22684000
2014-07-25,32.607791900634766,32.99807218879815,32.42241081085093,32.87123053684675,19655100
2014-07-28,31.202783584594727,32.64681441895134,31.13448510554994,32.52973184372998,34203200
2014-07-29,31.349143981933594,31.719906142348236,31.183273565336744,31.358899313738828,19377500
2014-07-30,31.73941993713379,31.944319121114447,31.495495704670137,31.593067630848644,16001600
2014-07-31,29.807540893554688,30.490529498723795,29.124554149379815,30.41247381764683,64996200
2014-08-01,30.334415435791016,30.60761122573393,29.807538239685552,30.129518128085312,26175300
2014-08-04,30.919837951660156,31.085706513420817,30.2953906162701,30.451501984869036,21821600
2014-08-05,30.334415435791016,31.3198676237766,30.149032511865677,30.597854033843745,31699300
2014-08-06,29.93438148498535,30.42222993979673,29.378234544259445,30.305145491804566,34903400
2014-08-07,28.95867919921875,30.431981482551627,28.665969064076705,30.1490285380137,35983600
2014-08-08,29.3099308013916,29.51482622238567,28.900138098409634,29.124547900734708,22893300
2014-08-11,29.992921829223633,30.090491889296697,29.417260521886057,29.583129065712036,20600100
2014-08-12,29.953895568847656,30.188062601484972,29.47580245026139,29.817296737396944,21496400
2014-08-13,30.617366790771484,30.812506908079307,30.139275550460805,30.139275550460805,17832900
2014-08-14,30.28563117980957,30.48076943361605,30.0514622976513,30.11976264052733,16873700
2014-08-15,30.724693298339844,30.958860316849655,30.4027134152646,30.63688043377441,20560700
2014-08-18,31.26133155822754,31.310115661933686,30.646641429962177,30.9198372493017,17508600
2014-08-19,31.61257553100586,31.90528380551769,31.485733913988597,31.515003624843487,15020300
2014-08-20,32.49070739746094,32.578520271048205,31.593067998114197,31.593067998114197,21265400
2014-08-21,32.38338088989258,32.51022253734841,31.9540755657194,32.237028578509886,16583200
2014-08-22,32.480953216552734,32.63706458379587,32.12970170975853,32.39314033985418,11758400
2014-08-25,32.40290069580078,32.88099392572679,32.38338630662123,32.69560908951567,12700600
2014-08-26,32.080909729003906,32.61754218952626,31.719899256772127,32.461430860610896,16075500
2014-08-27,32.188236236572266,32.246775657347555,31.81747044304923,32.032124911192184,12208200
2014-08-28,32.012611389160156,32.10042424466667,31.8077122449865,32.012611389160156,10890300
2014-08-29,31.80771827697754,32.18824320432667,31.710150073239852,32.14921443403623,13519100
2014-09-02,30.74420928955078,31.80771718969236,30.68566799711045,31.641850504610446,26980200
2014-09-03,30.910076141357422,30.91983333306168,30.129517553963066,30.675909123437325,23928200
2014-09-04,31.339378356933594,32.032125873482165,31.056427269054627,31.17351169710396,24800000
2014-09-05,32.13945770263672,32.14921675690864,31.24181825303012,31.319872077262204,17772600
2014-09-08,32.334598541259766,32.598037182434624,32.04189018061728,32.18824622193289,17933300
2014-09-09,31.202783584594727,32.217509161814384,31.08570100937337,32.207750109386296,20209400
2014-09-10,31.31011390686035,31.41744116219082,30.646639712079565,31.368657061219242,24643500
2014-09-11,31.26133155822754,31.407683869345984,30.9393497741876,31.075948614354495,11371100
2014-09-12,30.763721466064453,31.368654314511268,30.73444989144809,31.232053632968245,12561500
2014-09-15,29.29041862487793,30.753963836981832,29.144064475866337,30.63687940117617,37018500
2014-09-16,30.68566131591797,30.812501065420875,29.00746183607387,29.358713236226116,28739800
2014-09-17,31.202783584594727,31.48573655320197,30.51979693315286,30.70517798741901,19493200
2014-09-18,31.690628051757812,31.690628051757812,31.202779706647032,31.456462930417636,12485100
2014-09-19,30.861289978027344,31.7589311379276,30.68566611149831,31.690632657445086,25223300
2014-09-22,29.8563232421875,30.675908724752983,29.670940324204018,30.666151533175537,21713800
2014-09-23,30.441740036010742,30.724691132222368,29.378230405469104,29.768508742137158,22704300
2014-09-24,31.436954498291016,31.56379241218835,30.578340206277577,31.027159875425525,25781300
2014-09-25,30.929588317871094,31.768688134625332,30.588094076564563,31.62233213049832,36427700
2014-09-26,33.00782012939453,33.27125495491959,32.59802559260154,33.144417067663056,53975000
2014-09-29,33.66154479980469,34.003037243760936,32.393139508267716,32.60779030647372,33981900
2014-09-30,33.427371978759766,33.88595068292274,33.06636519143362,33.788382488073964,25768900
2014-10-01,32.685848236083984,33.417620957787356,32.41265427768439,33.417620957787356,36237600
2014-10-02,32.98831558227539,33.25175420831174,32.149215600527434,32.83220421743776,27337000
2014-10-03,33.115150451660156,33.56397384089342,33.04685196847017,33.251751140028304,22565400
2014-10-06,31.778444290161133,32.480947173039525,31.066186077015164,32.38337526042425,43417100
2014-10-07,31.095458984375,32.071153959450555,31.075944601015042,31.62233430813568,28827000
2014-10-08,31.53452491760254,31.61258245964057,30.110008273304647,31.124732126874036,28069300
2014-10-09,29.895349502563477,31.3979234751828,29.670939684105466,31.339380326981082,35910800
2014-10-10,27.114612579345703,29.14406167032599,26.919472492119336,29.02697724579141,85752700
2014-10-13,26.373085021972656,28.158610081243115,26.343813448183518,27.895171500122732,44360600
2014-10-14,26.724334716796875,27.719545897957556,26.55846618660343,27.114614925012482,41365600
2014-10-15,26.87069320678711,28.197639709879496,25.68034181159393,26.14867587150889,50523300
2014-10-16,27.612220764160156,28.1586123530085,26.5291985005019,26.665795467216935,42111600
2014-10-17,28.070798873901367,29.007466958384814,27.875658759136954,28.20739583764002,34712800
2014-10-20,28.968442916870117,29.007469827086144,28.109828560186678,28.402538761280947,22357800
2014-10-21,30.431983947753906,30.57833809668372,29.42701556604629,29.661182576532788,40875100
2014-10-22,29.82705307006836,30.783235557694443,29.583128852143698,30.753965842579703,25500600
2014-10-23,30.1392765045166,30.607612428681687,29.82705379573597,30.285632527627392,22071100
2014-10-24,30.305143356323242,30.363686506691106,29.866080894528462,30.227087683493455,17761300
2014-10-27,31.515005111694336,31.593062640306922,30.890559770744932,31.183268059066485,26775900
2014-10-28,31.817481994628906,31.876021436657386,31.36866223646219,31.71991005459988,20981000
2014-10-29,31.495494842529297,31.856505376525046,31.0857039297622,31.710149352257762,21418700
2014-10-30,31.046674728393555,31.300358003995466,30.188062284408396,30.978376243882636,26761000
2014-10-31,32.285804748535156,32.53948425912021,31.82722609718367,32.10042371087637,28541400
2014-11-03,32.69559860229492,33.085878816723884,32.178480481866316,32.383375919546936,19655500
2014-11-04,32.55900192260742,32.773656414579996,32.10042694701329,32.66632916859371,16503900
2014-11-05,32.89073944091797,32.93952353830944,32.30532282824428,32.69559932936406,23137200
2014-11-06,32.53948974609375,32.96879875915128,32.34435334596388,32.685845768179405,23576600
2014-11-07,32.2077522277832,32.56876275160803,31.5345227234952,32.500464268071056,19337500
2014-11-10,32.285804748535156,32.30531912965518,31.82722609718367,32.12969342156259,13827300
2014-11-11,32.39313507080078,32.56876079563068,32.0906677175964,32.17848058001135,11285000
2014-11-12,32.110172271728516,32.36385172883881,32.002845059186406,32.24676918878689,14322400
2014-11-13,32.13945770263672,32.402896338148736,31.954076613345443,32.17848647574709,10851300
2014-11-14,31.827232360839844,32.13945507623095,31.34914295626711,32.13945507623095,17434600
2014-11-17,31.505247116088867,31.622329677114074,30.919828727981564,31.124724140272555,18259300
2014-11-18,32.07115936279297,32.34435705387262,31.515012370292816,31.515012370292816,15538900
2014-11-19,32.15896987915039,32.412653164945425,31.554038825466577,32.12970016232343,14590200
2014-11-20,32.40290069580078,32.66633936674093,31.700401295282884,31.93456652145913,13613300
2014-11-21,33.46639633178711,33.55420918436506,32.70535409076995,32.890735125328916,25563100
2014-11-24,33.88595199584961,34.39331481709498,33.42737327391879,33.57372929385064,24974400
2014-11-25,33.95425033569336,34.12987607007357,33.563973820839244,33.92498062062605,13985200
2014-11-26,34.75432586669922,34.80310997197703,33.77862887318838,33.788387927437135,18288100
2014-11-28,35.07630157470703,35.33974016388199,34.85189175177755,34.968974328525974,11645700
2014-12-01,34.13963317871094,35.261682282248415,34.09084536039316,35.10557094080024,21342300
2014-12-02,34.734806060791016,34.9006764592425,33.79813798643886,34.19817354248435,14281500
2014-12-03,35.22265625,35.466580472567834,34.87140849597246,35.02751984953634,29011500
2014-12-04,35.193382263183594,35.61293217284185,34.803102065645,35.154353499032176,16477600
2014-12-05,35.603179931640625,35.612935262530925,35.14460121804581,35.212899700242296,14114800
2014-12-08,35.144596099853516,35.70074292931085,34.83237344899984,35.57390131428042,15815300
2014-12-09,34.79335021972656,34.84213431880706,33.700570767973026,34.003034415465024,16503500
2014-12-10,34.012794494628906,34.78359593811543,33.934736956154595,34.578696760614505,17037900
2014-12-11,34.33476638793945,34.9494563664003,34.05181716660521,34.305496677246715,13261400
2014-12-12,33.17368698120117,34.08108518756361,33.144417271959625,34.071326136491464,19798900
2014-12-15,32.53948974609375,33.61275855674931,32.441921546028816,33.51518663469612,27305700
2014-12-16,32.11994171142578,33.09563865850902,31.583309134927692,32.10043104783397,28611600
2014-12-17,33.00782012939453,33.076118598528794,31.710141771868713,32.27604762696679,19434600
2014-12-18,33.61275100708008,33.94448802357386,33.2224708505036,33.77861765433326,18200600
2014-12-19,33.65178680419922,33.95425045290737,33.300535334226225,33.749355002752516,18469600
2014-12-22,33.79814147949219,34.14939297417327,33.661544503113646,33.90546873864346,12687900
2014-12-23,34.120113372802734,34.33476410693535,33.91521424560302,34.07132556223919,10949000
2014-12-24,34.06157302856445,34.246954069162044,33.778620080819955,34.17865559515305,4672900
2014-12-26,34.149383544921875,34.37379333300716,34.129869164829145,34.178653254067264,6883700
2014-12-29,34.66651153564453,34.82262289918461,34.22745088455516,34.412831965637594,12365800
2014-12-30,34.5396728515625,34.871409957033585,34.44210092525429,34.568942568460756,11480500
2014-12-31,34.159149169921875,34.66651203929544,34.149393837928855,34.58845821738565,10714300
2015-01-02,33.90547561645508,34.65676286092603,33.50543993791748,34.38356885275085,15138200
2015-01-05,32.95903778076172,33.89570956781857,32.92976806684958,33.8664361319184,23706600
2015-01-06,32.07115936279297,33.39810787892971,31.836994166997474,33.27126622671375,40092000
2015-01-07,31.319868087768555,32.178482376884006,30.685667354457838,30.7637230297416,52552300
2015-01-08,32.851722717285156,33.04686290037529,31.7589429027656,31.768701959014287,31947100
2015-01-09,32.71511459350586,33.04685167548244,32.158967679896314,32.93952442513882,19328500
2015-01-12,30.890562057495117,32.18824065183457,30.63688065370655,31.602820309866445,41982700
2015-01-13,30.090490341186523,31.417438623524887,29.90510742268478,31.144242841574634,40260500
2015-01-14,29.319690704345703,30.44174361297644,29.075766482642347,29.534345210480893,35766100
2015-01-15,28.587915420532227,29.68069665249999,28.55864570764522,29.514828122495793,28512400
2015-01-16,28.285451889038086,28.54889048918948,27.817117840542775,28.441563238536524,58433300
2015-01-20,28.948928833007812,29.29042314068017,28.636706104048265,28.79281746852804,29884200
2015-01-21,29.748994827270508,29.99291902414317,28.783055230974043,28.783055230974043,27258700
2015-01-22,30.1392765045166,30.197819658158572,29.495316702408015,29.709971210440305,22299200
2015-01-23,30.197818756103516,30.373442628800863,29.71972565394614,30.139275604210315,21161800
2015-01-26,30.266117095947266,30.266117095947266,29.47580129807086,29.797783048979518,19175500
2015-01-27,28.929414749145508,29.709973440685598,28.67573331396955,29.690459054673383,27587900
2015-01-28,28.392778396606445,29.456288100352097,28.32447991561262,29.27090517980169,21685200
2015-01-29,28.987953186035156,29.105037629561803,28.15861233328161,28.57816228617713,30282700
2015-01-30,28.558645248413086,29.075763351703607,28.363505147665844,28.685485011203046,23451600
2015-02-02,27.748815536499023,28.675726313877753,27.40732130862525,28.539129367125774,34019600
2015-02-03,28.246423721313477,28.383020680778756,27.787845024261756,27.875657887059152,24009200
2015-02-04,28.324481964111328,28.529377421911366,28.00250205828686,28.109827452898905,20932800
2015-02-05,28.773300170898438,28.802571746648997,28.41229337494523,28.587917246466372,19785900
2015-02-06,28.2073917388916,29.173331258529572,28.158607647786226,28.822081708384538,18744100
2015-02-09,27.661006927490234,28.07079969163802,27.55367967514383,28.07079969163802,22390300
2015-02-10,30.334415435791016,30.38319953424786,28.295208855594506,28.392778913502266,43831000
2015-02-11,30.266117095947266,30.812506817409634,29.70997018254881,30.3344155785058,29782200
2015-02-12,31.163759231567383,31.271084624142524,30.188062340193277,30.305144925001454,23793200
2015-02-13,31.075946807861328,31.6125812224049,30.578341162809284,31.427196428314293,18739200
2015-02-17,31.544282913208008,32.04188670004886,31.436955657500206,31.524768528353103,19877400
2015-02-18,31.388160705566406,31.71014239956211,31.251563764593982,31.475973556475463,12348400
2015-02-19,31.03691864013672,31.417441706080357,30.949105768072357,31.339384165583862,13431000
2015-02-20,31.251569747924805,31.271084132083818,30.51004175982346,30.968618621595574,16531500
2015-02-23,30.636878967285156,31.13448455567248,30.51003920286985,31.085700460357504,13867900
2015-02-24,30.02219009399414,30.197815810554726,28.090310933815516,29.407500086032094,54985000
2015-02-25,29.739238739013672,30.168545862509543,29.612398970773118,29.856323176692182,16774700
2015-02-26,29.87584114074707,30.21733358117012,29.6221597128655,29.79778545993691,14932000
2015-02-27,29.92462730407715,30.451502720579327,29.87584319808422,30.21733566202343,15651200
2015-03-02,30.480762481689453,30.734443828673935,30.236838324319024,30.32465116985187,18443200
2015-03-03,28.93916893005371,29.94413737315053,28.665973137300785,29.64167000442598,28945700
2015-03-04,28.558645248413086,29.036736448150513,28.119580952228755,28.997707683603494,26709000
2015-03-05,28.56840705871582,29.11479682376122,28.265939667552882,28.734275612871738,24007700
2015-03-06,27.807361602783203,28.55864866114612,27.700034348447318,28.509862699632468,28302000
2015-03-09,27.96347427368164,28.080558725830592,27.23170156548482,27.846391682526917,17563000
2015-03-10,26.93899154663086,27.631735440578964,26.79263552532318,27.41708279618535,29749000
2015-03-11,27.202428817749023,27.495139005040492,26.938992068479102,27.251214779461346,17471600
2015-03-12,27.33902359008789,27.690273157290203,26.44138249880397,26.45113968969763,19567700
2015-03-13,28.02201271057129,28.07079866940401,27.280482885260284,27.29024007702683,23678700
2015-03-16,27.817121505737305,28.548894250802668,27.534168484368088,28.26594122943345,18183900
2015-03-17,26.987775802612305,27.29999850935351,26.792635680401986,27.05607428708768,24932400
2015-03-18,27.475627899169922,27.66101085381118,26.929238089747365,27.329273718556035,24544800
2015-03-19,27.368295669555664,27.5439213988481,27.241455898952257,27.417081628244695,21656600
2015-03-20,27.982986450195312,28.06104212513473,27.426839533627707,27.631734982470892,23608200
2015-03-23,27.33902359008789,27.817114777913883,27.143883494202477,27.77808601433925,18699400
2015-03-24,27.280487060546875,27.661010153705114,27.202431375462115,27.426843098450835,15670800
2015-03-25,25.92426872253418,27.192675925934733,25.758400159820045,27.182918732716924,35874000
2015-03-26,26.012081146240234,26.509686825692746,24.987600069187245,25.133954242909915,44702400
2015-03-27,26.031593322753906,26.480412998873188,25.416903239902037,26.275517545251983,30909000
2015-03-30,26.031593322753906,26.30478726091551,25.816938815919354,26.080377422855868,26142900
2015-03-31,26.470653533935547,26.646279256814346,25.9632926090561,26.060860800883013,25292100
2015-04-01,26.470653533935547,26.685308022340287,26.119403949171925,26.470653533935547,39424700
2015-04-02,26.08037567138672,27.085344070546434,26.060861288258803,27.075586878982474,41390500
2015-04-06,26.763368606567383,26.782882992913496,25.75840004167423,25.85597011241049,22460900
2015-04-07,26.216976165771484,26.78288028564589,26.207218973584705,26.68531022477221,17820600
2015-04-08,26.470653533935547,26.685308022340287,25.846208173472245,25.934021034911645,22105800
2015-04-09,27.143882751464844,27.182911513971533,26.353568920642637,26.412110203408844,18660000
2015-04-10,27.33902359008789,27.48537773150501,27.12436911241516,27.12436911241516,19698700
2015-04-13,27.202428817749023,27.4658674280131,27.10486061631269,27.339027649549372,13636800
2015-04-14,27.04631996154785,27.221945717953087,26.74385441495791,27.056077154791957,16671900
2015-04-15,27.485383987426758,27.758579811649398,27.202430970089637,27.319515426469138,20138900
2015-04-16,27.329267501831055,27.495136031727686,27.095100493917098,27.221940258664425,16393500
2015-04-17,27.33902359008789,27.397564874455963,26.929230877523626,27.075585018940746,18157100
2015-04-20,27.573192596435547,27.70003236530183,27.329268389313146,27.436595635965087,19901000
2015-04-21,27.856143951416016,27.8951727181724,27.475622780511433,27.641491317238,22172000
2015-04-22,28.783061981201172,29.026986235279146,27.865906264789558,27.885420651754444,29662800
2015-04-23,28.80257225036621,29.056253661658715,28.158612460544514,28.22691094416286,22039700
2015-04-24,28.4903507232666,29.01722609077529,28.187883339054583,29.01722609077529,18764300
2015-04-27,28.558645248413086,28.93916639777689,28.4318036246292,28.539130866139576,14871400
2015-04-28,28.285451889038086,28.734273414591655,28.061042056758343,28.50986172131783,12372000
2015-04-29,28.16836929321289,28.285451874780662,27.817117826521415,28.002500751830148,10964300
2015-04-30,27.446352005004883,28.148854939132686,27.1731580737277,28.090313648286727,18988900
2015-05-01,28.285451889038086,28.539133297221568,27.621977723172684,27.621977723172684,16701100
2015-05-04,27.973230361938477,28.441564430053955,27.797604621146633,28.363508752034708,13909600
2015-05-05,27.358537673950195,27.670760335171757,27.153640389402387,27.58294747907896,19347300
2015-05-06,27.309757232666016,27.61222276415481,26.7731246579929,27.534167083093372,19770700
2015-05-07,26.607255935668945,27.221944187535158,26.236490057214727,27.124374121573826,29689300
2015-05-08,26.519441604614258,26.763365825611825,26.109648838898586,26.70482453365076,34955400
2015-05-11,27.075586318969727,27.40732338130689,26.207216758672192,26.470653481474322,24591200
2015-05-12,26.216976165771484,26.90972006208579,26.207218973584705,26.88044848552545,19518800
2015-05-13,26.529193878173828,26.987770658669724,26.421866645315603,26.675548011439005,17530500
2015-05-14,26.041349411010742,26.85117772093381,25.82669491327597,26.665794798615792,32201100
2015-05-15,25.690093994140625,25.982802259259795,25.377871348415173,25.885234078215916,25864900
2015-05-18,26.109647750854492,26.177946232128612,25.40714669361409,25.524229272657138,20150000
2015-05-19,25.67058563232422,26.275518545996693,25.4266614005359,26.177948481082527,19527000
2015-05-20,25.94377899169922,26.334057353502967,25.621799110586874,25.82669455266108,22866300
2015-05-21,26.246248245239258,26.480415295830174,25.699858460527125,25.97305428338034,17258100
2015-05-22,26.665794372558594,26.97801706137253,26.54870993375636,26.568224317055737,20360300
2015-05-26,26.656036376953125,26.81214771665172,26.373085271622163,26.558466324393013,14966600
2015-05-27,27.446352005004883,27.72930498924949,26.72433654792448,26.76336531581784,23441800
2015-05-28,27.59270477294922,27.92444181698492,27.42683625093137,27.504891916528365,18667000
2015-05-29,27.2512149810791,27.729306243432085,27.2512149810791,27.729306243432085,18451300
2015-06-01,27.72930335998535,27.836630604391882,27.13412771154037,27.28048186055311,20206400
2015-06-02,27.114612579345703,27.71954349995861,27.095098198424306,27.67075940864892,18228000
2015-06-03,26.421871185302734,27.329269572853537,26.35357270210972,27.319512380826808,29623400
2015-06-04,26.334054946899414,26.577979133359385,26.060859188106456,26.246242090894313,22186200
2015-06-05,25.94377899169922,26.34381454517231,25.85596612766912,26.34381454517231,16585400
2015-06-08,25.290061950683594,25.982805807874563,25.1729775120488,25.865723230233787,23252600
2015-06-09,24.577804565429688,25.31933440660158,24.333880349030807,25.2803056387006,39816700
2015-06-10,24.577804565429688,24.968082939469085,24.42169321581393,24.89978445663645,23802900
2015-06-11,24.411935806274414,24.772942601170705,24.36314984683298,24.587561538275448,25793500
2015-06-12,24.519264221191406,24.763188465521182,24.109471416277614,24.28509716995414,21123900
2015-06-15,23.650888442993164,23.660645633584004,23.124013178044574,23.631374061811485,44190200
2015-06-16,23.650888442993164,23.728944106726058,23.299637025698225,23.465505543754855,19173100
2015-06-17,23.88505744934082,24.080197555633667,23.64113324697175,23.709431725876055,17951700
2015-06-18,23.875301361083984,24.216795632378204,23.836274454618565,24.04116990079866,21570800
2015-06-19,23.875301361083984,24.36314978836314,23.865544169219113,24.197281248648462,25589300
2015-06-22,24.031415939331055,24.109471623748508,23.416727657167893,23.553324639649862,26231200
2015-06-23,23.894817352294922,24.255826031605096,23.787490095555157,24.031414325604302,16168900
2015-06-24,23.475265502929688,23.894815442846816,23.416724213474332,23.846031345133024,21243700
2015-06-25,23.43623924255371,23.65089188379906,23.084987774157607,23.543564632679338,38347800
2015-06-26,19.182201385498047,20.099357015544626,18.957791539516773,19.77737710492109,149010300
2015-06-29,18.274803161621094,19.123660314638258,18.147963378799513,18.869978888000876,49126100
2015-06-30,18.382129669189453,18.635811085464194,18.099176676077345,18.43091376959092,34683900
2015-07-01,18.323585510253906,18.635808170370012,18.177229509954866,18.587022216605714,25027100
2015-07-02,18.606536865234375,18.909002338939935,18.352855484999626,18.3723698667855,26178100
2015-07-06,17.874771118164062,18.51873107487998,17.786958227612384,18.38213407224163,37875800
2015-07-07,17.75768280029297,17.913794142014726,16.9478545172386,17.68938245991996,46293200
2015-07-08,17.201536178588867,17.543030478700317,17.064939202941975,17.52351609332384,30898900
2015-07-09,16.733198165893555,17.57229793008558,16.723440975496697,17.435700986517123,47087100
2015-07-10,17.142993927001953,17.22104960315871,16.879555322100106,16.908826898531682,24282900
2015-07-13,17.182022094726562,17.416189115008073,16.967367597056306,17.39667473140277,35788100
2015-07-14,19.1334171295166,19.35782697368981,18.538241414888873,19.27977129480373,103878600
2015-07-15,18.430912017822266,19.172441811609442,18.313829443589217,19.0163304719694,41983200
2015-07-16,19.1334171295166,19.260256909833664,18.626054286259986,18.782165644032148,34717200
2015-07-17,19.631017684936523,19.748100242379053,18.899245187442762,19.05535650469527,34081300
2015-07-20,18.430912017822266,19.59199173476479,18.313829443589217,19.59199173476479,41989300
2015-07-21,18.421157836914062,18.645569552690407,18.06015100287233,18.382130926123132,29340300
2015-07-22,17.562541961669922,18.17723011149105,17.416187817521454,18.079661922721346,43635100
2015-07-23,18.245529174804688,18.469938970893114,17.8552490030063,17.884520574189313,32805200
2015-07-24,17.894285202026367,18.24553675823889,17.630846534866972,18.14796667473602,21567400
2015-07-27,17.67962646484375,18.216258949215693,17.14299211947789,17.66011208261359,27584100
2015-07-28,19.2700138092041,19.591993712335846,17.757684355917387,17.904038518978336,51809500
2015-07-29,19.387096405029297,20.0700830544286,19.19195629891865,19.494421788495572,41557900
2015-07-30,19.416370391845703,19.611510540907222,18.987063180506993,19.270016210546757,31248700
2015-07-31,18.060152053833008,19.54321197007624,18.02112327977664,19.53345477656215,55074900
2015-08-03,18.53824234008789,18.918763561024157,18.138206733207642,18.15772111915162,32958300
2015-08-04,18.547998428344727,18.723624169391776,18.147962845290518,18.70410978461007,19934500
2015-08-05,18.450428009033203,18.99681774540758,18.421156432426063,18.713866615515073,23370800
2015-08-06,18.265043258666992,18.49921026520188,18.00160653943645,18.469940552506234,29928600
2015-08-07,17.991851806640625,18.079664678714337,17.562544638835167,18.001608999203725,23718300
2015-08-10,18.36261558532715,18.499212557483407,17.874767129347173,18.12844854977606,25232400
2015-08-11,17.445457458496094,18.1772300372433,17.250319220759845,18.1772300372433,22959200
2015-08-12,17.7479248046875,17.884521757256604,17.094207892973518,17.22104765450284,20428400
2015-08-13,17.26983642578125,17.933308775729213,17.240564847888788,17.78695460825531,15468600
2015-08-14,16.53805923461914,17.55278279963578,16.411217625870997,17.32837301307362,37248200
2015-08-17,16.80150032043457,16.840529090576805,15.728235195441785,16.069727629215386,33001000
2015-08-18,15.981914520263672,16.586847421533502,15.874589125953309,16.586847421533502,32424300
2015-08-19,15.513581275939941,15.952645651888743,15.4940678206184,15.845318390880312,36874000
2015-08-20,14.381770133972168,14.996459209342358,14.30371446698836,14.97694575784488,54864200
2015-08-21,14.176875114440918,14.87937711413946,13.893923062277164,14.040278149566921,43715800
2015-08-24,14.089062690734863,14.089062690734863,13.17190802299676,13.474374468499098,54532000
2015-08-25,13.923194885253906,14.96719024617168,13.913437693161933,14.811078894688318,38655100
2015-08-26,14.069551467895508,14.391531418409988,13.767084974428796,14.25493349708676,43819700
2015-08-27,15.289169311523438,15.542850709165739,14.27444465145123,14.27444465145123,42971800
2015-08-28,15.572120666503906,16.138025655705516,15.230626420855911,15.855072695856231,34099400
2015-08-31,16.01119041442871,16.2746290970268,15.084278288819288,15.523341829318769,32916900
2015-09-01,15.435523986816406,15.816045165696815,15.298927022294016,15.416010533526222,27914200
2015-09-02,15.8941011428833,15.913613663763806,15.357466807300879,15.698961046127168,23478500
2015-09-03,16.18680763244629,16.79173851553464,15.864827811191217,15.991667557324686,26377200
2015-09-04,16.411222457885742,16.879556548863622,15.864832685078216,15.903859595495915,32420800
2015-09-08,17.10396385192871,17.318616456359635,16.63562802072541,17.12347637160878,26817000
2015-09-09,16.54781723022461,17.533271245096763,16.43073465358289,17.464972765223425,32951100
2015-09-10,16.781984329223633,16.996636937676428,16.30389129872555,16.401461342929114,20814300
2015-09-11,16.391708374023438,16.752717072254722,16.303895497723783,16.60636289875339,22107600
2015-09-14,16.294137954711914,16.508790589321077,15.96240088059246,16.48927620590369,15178700
2015-09-15,16.118515014648438,16.45025214616257,16.059971854267577,16.45025214616257,21319400
2015-09-16,16.274620056152344,16.294134435354835,15.913611484880763,16.059965606912193,22363200
2015-09-17,16.01119041442871,16.401468910317732,15.91362032520779,16.2746290970268,22827600
2015-09-18,15.12330436706543,15.79653585674227,14.986706444254871,15.68920858507068,36698200
2015-09-21,15.367223739624023,15.59163354442128,15.084271720685745,15.240383051065908,19024500
2015-09-22,15.035490036010742,15.435525641563713,14.80132298844273,14.976948739367305,22763900
2015-09-23,14.450069427490234,15.05500130713407,14.4403122365693,15.05500130713407,22567900
2015-09-24,14.967190742492676,15.14281648398384,14.245175252691133,14.440314448516268,32800800
2015-09-25,14.547638893127441,15.21111300366747,14.293957506097787,14.967188807792102,28917300
2015-09-28,13.718297004699707,14.37201298497525,13.58169912183038,14.313471699814789,30448600
2015-09-29,14.030522346496582,14.3329878819411,13.806111562637208,13.913438823373175,25529200
2015-09-30,14.615939140319824,14.957433428101796,14.342744268392494,14.372014914903296,28066300
2015-10-01,14.411043167114258,14.674480837252304,14.147604566479169,14.62569580782021,37460500
2015-10-02,15.523337364196777,15.56236520255974,14.78180750480344,14.850106919811422,49688200
2015-10-05,17.142993927001953,17.4064325319038,15.806290240193228,15.923372823931306,63718700
2015-10-06,17.77719497680664,17.8552506461507,16.918582614021986,17.20153371752147,51249900
2015-10-07,18.167476654052734,18.460184972521077,17.777196414769474,17.94306495816663,41913500
2015-10-08,18.265043258666992,18.635809081426025,18.00160653943645,18.13820349466665,33619600
2015-10-09,17.71865463256836,18.391885979593777,17.464973228457417,18.177231481733877,23392500
2015-10-12,17.591814041137695,18.177230634578127,17.289346692066978,18.089419634357235,22494700
2015-10-13,17.738170623779297,18.10893464123929,17.30886345014597,17.377161938020635,21778500
2015-10-14,18.36261558532715,18.830949656429322,18.069907256136833,18.31383148412682,34627900
2015-10-15,18.206501007080078,18.68459218603414,18.050389677666256,18.411398290056873,20397700
2015-10-16,18.050390243530273,18.3723701031643,17.786951669013188,18.284557244991937,15587100
2015-10-19,18.69434928894043,18.752890571947187,17.874763882870486,17.923549836204312,27543300
2015-10-20,16.674657821655273,18.58702258306753,16.20632382224744,18.440668440876816,67592500
2015-10-21,16.030698776245117,16.518547177903248,15.54285037458699,16.089240063365782,48737400
2015-10-22,16.313655853271484,16.596608923088183,15.67945307115826,16.001433059676952,33986100
2015-10-23,16.821016311645508,16.899071998388866,16.401466297527076,16.48927917773765,22439400
2015-10-26,16.177059173583984,16.83077635877021,16.099003473606285,16.742963463670964,14901400
2015-10-27,16.274620056152344,16.391702609380037,16.11850874451967,16.11850874451967,14697600
2015-10-28,16.508790969848633,16.694173894598823,16.17705388808264,16.391706527639545,15151700
2015-10-29,15.816044807434082,16.33316480011722,15.796532285082925,16.284380702748294,17073800
2015-10-30,16.157543182373047,16.21608634730159,15.806293497774274,15.981917409576411,19248400
2015-11-02,16.674657821655273,16.869797918572147,16.391704867225197,16.54781620036114,18767100
2015-11-03,17.40642738342285,17.55278150030382,16.674654938024446,16.68441212728232,22131500
2015-11-04,17.01615333557129,17.61132713986833,16.68441626255601,17.61132713986833,19246900
2015-11-05,16.10875701904297,17.28934944634874,15.962402847367894,17.094211171113393,26767000
2015-11-06,16.050214767456055,16.362437478048278,15.708720479873003,16.040457575125778,18047800
2015-11-09,15.455038070678711,16.050213737680227,15.416010234358694,15.96240087333594,23643000
2015-11-10,15.172083854675293,15.464793050457807,15.045243172152976,15.357465818055985,24591700
2015-11-11,15.12330436706543,15.406256476068055,15.09403371592646,15.259902289875988,16199800
2015-11-12,14.976947784423828,15.367226172152685,14.908648368698472,14.908648368698472,14296800
2015-11-13,14.635453224182129,15.00621815085439,14.49885532577749,14.928162474765184,21071200
2015-11-16,14.528125762939453,14.83059125144259,14.293957822537399,14.586667050167229,23731800
2015-11-17,14.908649444580078,15.347712895084292,14.576912325822226,14.664725202022499,25249600
2015-11-18,15.23062801361084,15.308683689836494,14.928162500860696,15.01597536923882,20071300
2015-11-19,15.484309196472168,15.88434569430481,15.328197846340913,15.328197846340913,18278900
2015-11-20,15.055004119873047,15.708721145759112,14.967191246172364,15.611151079314551,24068900
2015-11-23,14.947674751281738,15.289169005149219,14.70375055008982,15.162328308869782,14049000
2015-11-24,15.250140190124512,15.279410831847303,14.781805270075251,14.85010467475766,12222500
2015-11-25,15.201356887817383,15.39649607222192,14.976947058376423,15.025731156604785,10003300
2015-11-27,15.181842803955078,15.259898474474376,15.094029941996622,15.172085612515918,5019000
2015-11-30,15.542850494384766,15.620906164811927,15.123300567966027,15.21111342982083,13495300
2015-12-01,16.147781372070312,16.225837042000187,15.728233309318465,15.786774596517379,20138300
2015-12-02,15.435523986816406,16.18681101367768,15.337954859371418,16.08924095573566,16121100
2015-12-03,15.23062801361084,15.806290254144889,15.12330169142483,15.562365102818397,15210100
2015-12-04,15.12330436706543,15.542854398878614,15.02573428927257,15.162332212083129,19068500
2015-12-07,14.489097595214844,15.094029488825912,14.352499710658682,14.976945986562185,23579100
2015-12-08,14.2451753616333,14.342744495043503,14.069549618799012,14.254931623626359,18188000
2015-12-09,13.971980094909668,14.313474401286873,13.893924412965813,14.245175912210284,20917100
2015-12-10,14.303717613220215,14.440315525736295,13.913439192455918,13.942709841388952,14817000
2015-12-11,13.698782920837402,14.089061265392383,13.649997895143787,13.971977762025888,23718100
2015-12-14,13.328018188476562,14.128089269680338,13.181664040133379,14.079305173897264,35155800
2015-12-15,13.835379600524902,14.020761565402852,13.406072528444035,13.43534409960652,26455800
2015-12-16,13.728055000305176,14.098819931670894,13.445102938275689,14.011007062334663,21968200
2015-12-17,13.971980094909668,14.411044468965255,13.903681605833077,14.293960015552347,29024400
2015-12-18,14.011006355285645,14.372014076174601,13.913437229111262,14.030520738818733,38534200
2015-12-21,14.411043167114258,14.43055662058887,13.98173602470827,14.089062345061246,22217300
2015-12-22,14.25493049621582,14.586667570667295,14.16711856224074,14.440313416878476,27101100
2015-12-23,13.952466011047363,13.952466011047363,13.220693327920722,13.386561877202528,59121400
2015-12-24,14.12808895111084,14.235416192606273,13.845136921663086,13.854894112798481,14284200
2015-12-28,13.845138549804688,14.157362189375077,13.708541579833645,14.098819966175293,17658500
2015-12-29,13.991493225097656,14.15736176696818,13.884165974183176,14.001250417089345,16104200
2015-12-30,13.815866470336914,14.089061312437634,13.757325183706676,13.923193713320643,10943700
2015-12-31,13.815866470336914,13.942707165365064,13.689025775308766,13.757325183706676,13249400
2016-01-04,13.98173713684082,14.0110077846295,13.474375209682858,13.493888664709607,22622300
2016-01-05,14.459827423095703,14.713508834500168,14.011006822340518,14.069549044394261,29806700
2016-01-06,13.874407768249512,14.332984561626747,13.767080532376484,14.147602592250385,26835100
2016-01-07,13.328018188476562,13.923193834198672,13.298747544907322,13.523157363099802,26029200
2016-01-08,13.006040573120117,13.61097258460278,12.967012731427594,13.445104024785275,29064200
2016-01-11,12.225481986999512,13.13288040847853,11.913259274446336,13.045067537948677,43159100
2016-01-12,12.41086483001709,12.91822673421903,12.0986411892419,12.41086483001709,25671300
2016-01-13,11.766902923583984,12.654786795259245,11.620547856403187,12.469403896262948,35319800
2016-01-14,11.727872848510742,11.96203979461327,11.249780837097168,11.78641411978801,35810400
2016-01-15,10.810722351074219,11.376626519125251,10.644853791766453,11.074160979562013,37164600
2016-01-19,10.53752613067627,11.093673035547667,10.449713265591939,11.005860170463336,38131300
2016-01-20,9.805753707885742,10.137490791830677,9.08373824900385,10.127733599832993,65210400
2016-01-21,10.586311340332031,10.63509543910552,9.88380933812872,10.19603203666484,52299100
2016-01-22,10.80096435546875,11.288812804124026,10.615582354398457,10.908291609691037,35091300
2016-01-25,10.225303649902344,10.898535070466734,10.215547387522392,10.79120874031025,23874800
2016-01-26,10.293600082397461,10.459468591185141,10.108217193518591,10.293600082397461,26179500
2016-01-27,10.137491226196289,10.566797457021618,10.069191809783083,10.24481755127835,23013500
2016-01-28,9.649641036987305,10.29360073273121,9.47401532705827,10.225301328593856,37390400
2016-01-29,10.761937141418457,10.781451527135877,9.698427312744371,9.747212346540794,38448100
2016-02-01,10.693636894226074,10.83023478029813,10.25457352324036,10.732664728747094,25824800
2016-02-02,10.33262825012207,10.800962221670195,10.225301017102959,10.537524595298597,22090300
2016-02-03,10.498498916625977,10.59606804878597,9.932594786407948,10.410686046334028,18098100
2016-02-04,10.957075119018555,11.2692987420513,10.439956051882005,10.449713243648002,26164100
2016-02-05,10.732666015625,11.103430953278968,10.498498980421573,10.879020180002872,22658100
2016-02-08,9.922837257385254,10.498498560437627,9.698426493086528,10.449713530764248,27424400
2016-02-09,9.737454414367676,10.088705886635516,9.513044578638382,9.766725990721365,30178600
2016-02-10,9.65939998626709,10.030164960170898,9.581344300234413,9.835025745089204,22090500
2016-02-11,9.45450210571289,9.708183511068732,9.220335084075359,9.483773681290355,27105700
2016-02-12,9.776482582092285,9.99113521251367,9.249605406066163,9.639884692326588,23857000
2016-02-16,10.547285079956055,10.605826379435658,10.059436575305856,10.108220681373133,27494100
2016-02-17,11.152216911315918,11.366869579501664,10.654611222299838,10.703396257977385,34404700
2016-02-18,11.210755348205566,11.46443672457935,11.044886827537855,11.288811013167203,21616100
2016-02-19,10.888776779174805,11.113187540224345,10.68388040191089,11.113187540224345,17907100
2016-02-22,10.781450271606445,11.161971443812133,10.635095187260628,11.093672962748961,20001700
2016-02-23,10.235060691833496,10.810722036131544,10.137491555993034,10.732666355260328,22686800
2016-02-24,10.381412506103516,10.410683144543142,9.815508533621053,10.000890484401108,18551800
2016-02-25,10.459470748901367,10.47898420252119,9.96186511988574,10.410685719106239,16153900
2016-02-26,10.43995475769043,10.732663960905413,10.313114071947373,10.527767611704615,16418800
2016-02-29,10.371658325195312,10.625339746587922,10.264331999450942,10.391171779650158,20720000
2016-03-01,10.80096435546875,10.830235932345959,10.33263029139828,10.508256030673241,15638700
2016-03-02,11.396140098571777,11.405896360401545,10.70339526181619,10.742423100626487,18197500
2016-03-03,11.503466606140137,11.562008830537788,11.318084601458906,11.444924381742485,16323300
2016-03-04,11.591277122497559,11.991312628032496,11.31808230197317,11.513221459490591,35279500
2016-03-07,11.298569679260254,11.493708867145301,10.781450598740618,11.181486166529226,27748800
2016-03-08,10.40092658996582,11.17172693958345,10.391169399724577,11.161969749342205,29648400
2016-03-09,10.547285079956055,10.644854222587787,10.274089247393974,10.498500043391598,15133800
2016-03-10,10.615581512451172,10.791207237796835,10.40092795152836,10.683879992086931,17739000
2016-03-11,11.113186836242676,11.12294309702043,10.586310603867961,10.722907559726274,17261200
2016-03-14,10.879020690917969,11.064403633699696,10.742423712549462,11.064403633699696,13531300
2016-03-15,10.586311340332031,10.879019654961125,10.459470636427472,10.879019654961125,15156500
2016-03-16,10.459470748901367,10.625339291906577,10.293602205896159,10.449713556842932,20471800
2016-03-17,10.605822563171387,10.732663240399365,10.342384949310851,10.459468436637406,19976800
2016-03-18,10.8692626953125,10.898533338795788,10.488740608041837,10.576553468988681,44827100
2016-03-21,11.249785423278809,11.318084841608107,10.810721987720113,10.869264213359923,18083000
2016-03-22,11.161971092224121,11.318083363375058,11.054644778148779,11.17172828363924,13463400
2016-03-23,10.391170501708984,11.181485315622046,10.371657049653969,11.152214672291038,29424300
2016-03-24,10.244818687438965,10.342388761422972,10.078950119964464,10.244818687438965,22822800
2016-03-28,10.127734184265137,10.332630575555074,10.00089347246688,10.244817703502658,22898800
2016-03-29,10.196032524108887,10.274088202474543,9.854539163883414,9.93259484224907,30891600
2016-03-30,10.225303649902344,10.68388147965664,10.147247967879968,10.254575228533579,35166700
2016-03-31,10.215543746948242,10.235057195251148,9.76672327001985,10.05943243853781,48134200
2016-04-01,10.761937141418457,10.80096498235617,9.991136585025782,10.030164425963495,28458300
2016-04-04,10.53752613067627,10.947318880738464,10.518011747103296,10.791207534142776,22475200
2016-04-05,10.147247314453125,10.459470952934268,10.127733860452654,10.37165808368948,20760300
2016-04-06,10.215543746948242,10.225300005851297,10.0008902326355,10.166758730445784,18413000
2016-04-07,10.254573822021484,10.391170781576507,10.137490315047037,10.166760959166398,19470200
2016-04-08,10.459470748901367,10.625339291906577,10.313115659515981,10.38141507342798,18950000
2016-04-11,10.196032524108887,10.654610332379928,10.18627533168891,10.488741783228638,18258000
2016-04-12,9.922837257385254,10.283844988172985,9.80575374446737,10.254574342567777,25679600
2016-04-13,10.615581512451172,10.635094964991247,9.952107377142662,10.049677431334029,26108900
2016-04-14,10.147247314453125,10.527769437681517,10.137491052701424,10.527769437681517,17778100
2016-04-15,10.43019962310791,10.518012494431542,10.205789779056042,10.469227462529847,25325200
2016-04-18,10.625338554382324,10.830234920901994,10.303358682779557,10.371657161453784,26372800
2016-04-19,10.459470748901367,10.810721288531608,10.342387235691287,10.810721288531608,21005700
2016-04-20,10.488741874694824,10.508256259704954,10.244817645050759,10.371658356125323,19268600
2016-04-21,10.391170501708984,10.625338439847987,10.342386406322959,10.537525579357983,15629500
2016-04-22,10.40092658996582,10.54728165209385,10.24481526809342,10.40092658996582,18715200
2016-04-25,10.293600082397461,10.615579909927225,10.225300682575156,10.410683571454024,22500000
2016-04-26,11.230270385742188,11.366867342156285,10.449712760030426,10.557039072998213,47098100
2016-04-27,11.27905559539795,11.327839691770162,10.927804146337266,11.064402035471643,24353400
2016-04-28,11.337597846984863,12.108398359449074,11.240028715449679,11.249784977255246,41186400
2016-04-29,10.488741874694824,11.405896568737791,10.391171810638362,11.347355274701586,40162100
2016-05-02,10.361903190612793,10.59607027355949,10.176521149237642,10.537528968071454,23794800
2016-05-03,10.108219146728516,10.36190055395166,10.000892826978895,10.235059850340088,27847600
2016-05-04,9.756969451904297,10.2350607317283,9.561830248965634,10.000893688201904,40867200
2016-05-05,9.815508842468262,10.147244926381413,9.766723823202641,9.815508842468262,26456300
2016-05-06,9.747211456298828,9.96186502709986,9.610614490741204,9.737454264331271,20963300
2016-05-09,9.630127906799316,9.825267092907792,9.522801587063915,9.756968610394084,20476700
2016-05-10,9.844779014587402,9.864292463069416,9.600854860332994,9.698423963736674,19608200
2016-05-11,9.854537963867188,10.07894777921713,9.766725103774785,9.776482295006602,17808400
2016-05-12,9.395962715148926,10.010651969092937,9.122767801339549,9.903324697937768,41066600
2016-05-13,9.327659606933594,9.552069371114026,9.18130456331888,9.42522870551331,21517300
2016-05-16,9.444744110107422,9.454500369678103,9.278875600946678,9.376444710131501,16247600
2016-05-17,9.434988975524902,9.678913197373019,9.2593632380352,9.415474591138462,22112100
2016-05-18,9.805753707885742,10.030163540850232,9.444745978444796,9.444745978444796,26916900
2016-05-19,9.825267791748047,10.010650729609578,9.66915643175756,9.756969304376485,18852900
2016-05-20,10.53752613067627,10.547283322462755,10.030163323743256,10.059434899102715,31189700
2016-05-23,10.8692626953125,10.898533338795788,10.55703908633517,10.576553468988681,28369200
2016-05-24,11.210755348205566,11.220512538950002,10.888775497614581,11.035130567290343,25437300
2016-05-25,11.318083763122559,11.493708562312712,11.142458033435386,11.308326571362823,29175600
2016-05-26,11.659577369689941,11.737633044577638,11.405895961056407,11.425410345026851,23644100
2016-05-27,12.010828018188477,12.127911522536344,11.542493070300031,11.679090957287698,29838400
2016-05-31,12.41086483001709,12.596246831620453,11.96204421874376,12.352322606591406,49604300
2016-06-01,12.771871566772461,12.771871566772461,12.010828305084233,12.303536607697167,35762100
2016-06-02,12.791385650634766,12.888955709985481,12.440135111866873,12.635274300071258,31941900
2016-06-03,12.54746150970459,12.723087245414117,12.323051674517576,12.703573791722532,28326000
2016-06-06,12.4596529006958,12.723090644135201,12.449895705995042,12.576736445613012,24861200
2016-06-07,12.68405818939209,12.830412334763214,12.498676209888869,12.518189661706437,21409500
2016-06-08,12.274266242980957,12.771871857547028,12.20596776154927,12.762114665771923,25869800
2016-06-09,12.205967903137207,12.391349896529496,11.942529305135654,12.166940066081091,21881700
2016-06-10,11.84496021270752,12.069370043818331,11.757147346447798,12.020585014729926,21439300
2016-06-13,11.757146835327148,12.059612327631454,11.649819589899108,11.708361808359584,15538900
2016-06-14,11.630304336547852,12.020582630862807,11.454678638857697,11.776658464291748,21913200
2016-06-15,11.727872848510742,11.952282605901482,11.659573458024957,11.864469768488851,17491700
2016-06-16,11.659577369689941,11.69860520713379,11.298569640710085,11.581521694802245,22453100
2016-06-17,11.903501510620117,12.049856597976365,11.659577295523405,11.67909167936972,20604200
2016-06-20,12.020586013793945,12.352323122570239,11.991315366106953,12.205968953638163,21481700
2016-06-21,12.44013786315918,12.518193555703927,12.11815789878778,12.235241437604904,25060500
2016-06-22,12.41086483001709,12.723087540295205,12.362079798911866,12.4694061229457,26968200
2016-06-23,13.708540916442871,13.815867234868767,13.084094598017693,13.084094598017693,71203000
2016-06-24,12.888955116271973,13.513401420258717,12.810899444585756,13.171907158758762,77486100
2016-06-27,11.932774543762207,12.918228793271636,11.805934745367374,12.810902452130923,45700500
2016-06-28,12.674302101135254,12.732844322676145,12.313294371374715,12.332808755387362,34838100
2016-06-29,12.869441986083984,13.093852761903475,12.62551775569159,12.976769242974779,36879800
2016-06-30,13.425590515136719,13.445103970655849,12.898714189160282,13.015797713766474,48486100
2016-07-01,12.196208000183105,12.586486283990235,12.010826047998926,12.27426365694453,68847100
2016-07-05,11.620550155639648,12.147426454644815,11.513223829535722,12.079127968078415,37298900
2016-07-06,11.444923400878906,11.562007839639728,11.22051357599752,11.474194975817618,35747800
2016-07-07,11.903501510620117,12.244995783954327,11.601036004978535,11.610792266404655,33457100
2016-07-08,12.313295364379883,12.410865431317553,12.079128320326014,12.088885513119205,27955700
2016-07-11,12.332809448242188,12.66454562062063,12.303537870578747,12.479163614570998,22797100
2016-07-12,12.908469200134277,13.132879965077986,12.664544981563362,12.68405936568762,35226800
2016-07-13,12.967011451721191,13.064581511571939,12.752357878347778,12.918226421795818,23067400
2016-07-14,12.967011451721191,13.220692862935493,12.947497998049274,13.17190783301012,18698900
2016-07-15,12.81089973449707,13.171907456839701,12.723086869238616,12.986525465013981,18046200
2016-07-18,13.015796661376953,13.035310115318325,12.771872438878875,12.927983792398114,17180500
2016-07-19,12.898713111877441,12.937740950153287,12.73284456658083,12.898713111877441,30569900
2016-07-20,13.259720802307129,13.28899144828766,12.918226520711716,13.006039389150368,35666000
2016-07-21,12.859684944152832,13.171907642360852,12.762114885714308,13.152393258474332,16734700
2016-07-22,12.81089973449707,12.908468861064335,12.703573416123973,12.888955407949693,18755900
2016-07-25,13.58169937133789,13.981734905772186,13.542671537014959,13.659755039983756,51357000
2016-07-26,14.313472747802734,14.332986200785953,13.59145730798033,13.659755789167118,38959800
2016-07-27,13.845138549804688,14.528127121648177,13.718298772116455,14.489099283014012,35035800
2016-07-28,13.474372863769531,13.845136819201098,13.367045623068382,13.786595533815884,25504200
2016-07-29,13.406076431274414,13.601215643349564,13.288992904029325,13.57194499416258,21792900
2016-08-01,13.230451583862305,13.581702165018998,13.22069439065033,13.474375831178742,16363900
2016-08-02,13.074337005615234,13.249962730837446,12.703573033141447,13.22069208679941,23707600
2016-08-03,13.181665420532227,13.24996390617841,12.947498386462103,12.947498386462103,17316600
2016-08-04,13.689026832580566,13.854895375005388,13.269477811003412,13.279234072530661,23400100
2016-08-05,14.167119026184082,14.420799505692402,13.85489539444784,13.874409778523814,29098400
2016-08-08,14.069551467895508,14.36226076758973,14.03052362330276,14.176877807901263,16163500
2016-08-09,14.12808895111084,14.342742503604745,14.050033283021595,14.206145549697046,12573700
2016-08-10,13.85489559173584,14.147604843564165,13.689027046716356,14.128090459210316,15003200
2016-08-11,14.079305648803711,14.137846937916837,13.864652084229215,13.903679920470305,14451300
2016-08-12,14.567154884338379,14.625696176735893,14.079306438706118,14.108577084904875,24909900
2016-08-15,15.152571678161621,15.318440215549169,14.713508285869823,14.723265477597801,29105200
2016-08-16,15.113546371459961,15.211116444077032,14.859864927053318,15.20135925071589,21872700
2016-08-17,15.142815589904785,15.376982611068996,15.084273369365217,15.152571851247188,22552100
2016-08-18,15.386738777160645,15.416009420230605,15.133057389229087,15.172085223488022,16590700
2016-08-19,15.855072021484375,16.050212113838644,15.640419408689755,15.76725916602434,35059400
2016-08-22,15.79653263092041,16.03069965320718,15.52333684108881,15.75750386337558,22145800
2016-08-23,15.786771774291992,16.13802315667966,15.747743015807302,15.874584619888909,23741400
2016-08-24,15.133058547973633,15.84531681036134,15.006217844295609,15.806289903611065,26686900
2016-08-25,15.80628776550293,16.147780132102124,15.494064179261713,15.513577629997277,34837800
2016-08-26,16.10875701904297,16.40146536239312,15.894104357985809,15.94288846154608,24243700
2016-08-29,16.499032974243164,16.830770039850165,16.20632467446945,16.508790165701487,34467800
2016-08-30,16.333166122436523,16.596604735942154,16.108756278780987,16.58684754347963,23620900
2016-08-31,16.08924102783203,16.333165243283084,15.747746754001746,16.294138336527833,21963700
2016-09-01,16.235595703125,16.39170705711704,15.903858610643386,16.20632598737283,15719500
2016-09-02,16.294137954711914,16.557574686870513,16.16729632349293,16.54781749516182,16099500
2016-09-06,16.596603393554688,16.66490187427398,16.34292199303016,16.39170609040279,22998600
2016-09-07,16.74295997619629,16.92834292290199,16.606362994936458,16.79174408064786,23023500
2016-09-08,17.025911331176758,17.425946903820407,16.46976254533631,16.762472726461933,39212100
2016-09-09,16.401466369628906,17.308864895130885,16.28438376949635,16.908829266188306,31389600
2016-09-12,16.733198165893555,16.781984117877847,15.972155924876397,16.206322911419658,28239200
2016-09-13,16.342924118041992,16.733202530751605,16.059971105706108,16.508792676067863,24345800
2016-09-14,16.51854705810547,16.66490120534271,16.245351285200393,16.469761101697088,18591300
2016-09-15,17.025911331176758,17.035666662319574,16.440492829919627,16.489276929610174,24303700
2016-09-16,17.0551815032959,17.640600020229325,16.918584531709293,17.640600020229325,37447400
2016-09-19,16.53805923461914,17.338130203053762,16.440489195811423,17.201531404325475,23999900
2016-09-20,16.508790969848633,16.85028524354822,16.313650853164845,16.635630742997243,17775800
2016-09-21,17.230806350708008,17.26983511827641,16.811256404318005,16.830770788102207,31384900
2016-09-22,17.162506103515625,17.61132571843257,16.986880389506776,17.455214386201124,25278000
2016-09-23,17.0551815032959,17.308862922666854,17.006397402299015,17.025911787095435,17947600
2016-09-26,16.938093185424805,17.17226014076789,16.76246750366911,16.928335996327984,19567200
2016-09-27,17.562541961669922,17.64059762928203,16.928339429697292,17.103965147073016,28621000
2016-09-28,17.01615333557129,17.718654387312693,16.73320035994307,17.718654387312693,42715600
2016-09-29,17.113723754882812,17.338133585220824,16.928340831084686,17.025910888925495,31870200
2016-09-30,17.34789276123047,17.562545424235406,17.152752623230143,17.318621182232135,21363100
2016-10-03,17.299104690551758,17.5820576701112,17.17226491898673,17.552786094675863,26856100
2016-10-04,17.367403030395508,17.601571909977583,17.230806068134328,17.543028759585045,54502800
2016-10-05,17.26983642578125,17.884524673569317,16.860043640257803,17.12348039731314,67739500
2016-10-06,17.299104690551758,17.455216037552123,17.113723629110105,17.211291825239794,21606800
2016-10-07,17.182022094726562,17.36740315599481,16.879554731826484,17.28934748256764,23849000
2016-10-10,17.074691772460938,17.406428790062535,17.064934582414573,17.289344370499855,18857600
2016-10-11,16.45024871826172,17.04542250349007,16.128268847238523,16.97712402493878,38070200
2016-10-12,16.3721923828125,16.625873764972184,16.26486514316966,16.469760570494472,17901800
2016-10-13,16.44049644470215,16.58685063694689,15.777022121465148,16.15754339350039,28593700
2016-10-14,16.713685989379883,16.986881773540933,16.57708902779637,16.616117794531103,23539800
2016-10-17,16.577091217041016,16.75271696855318,16.518549920201718,16.6063627959578,12657800
2016-10-18,16.986881256103516,17.23080545778334,16.781985819969567,16.791741150362068,20185700
2016-10-19,16.80150032043457,16.830771898041245,16.440493501589852,16.586847667634853,18629500
2016-10-20,16.781984329223633,17.074692600840518,16.635628332421383,16.635628332421383,17129700
2016-10-21,16.528303146362305,16.655142902571473,16.391704338528783,16.586844429151625,18710300
2016-10-24,16.645381927490234,16.74295195061839,16.557569092774234,16.65513911590239,13838700
2016-10-25,17.113723754882812,17.18202223707316,16.684416616979703,16.684416616979703,27444000
2016-10-26,17.211294174194336,17.494247192370505,16.781988841849834,16.87955705129539,23610500
2016-10-27,17.10396385192871,17.464970589425892,16.977122238542524,17.386914927724305,21198300
2016-10-28,16.781984329223633,17.240561117688436,16.68441428502007,17.172262645044082,20832400
2016-10-31,16.74295997619629,17.328378534586612,16.74295997619629,17.113725869607688,23267600
2016-11-01,16.56732940673828,16.986879282645223,16.177051101590113,16.78198387031509,27146100
2016-11-02,16.274620056152344,16.606357058620187,16.098994365317175,16.538058592405097,24949700
2016-11-03,16.216079711914062,16.401460742015697,16.157536570940533,16.255106611569346,17255100
2016-11-04,16.274620056152344,16.606357058620187,16.050210278304576,16.059965606912193,18026600
2016-11-07,16.957616806030273,17.00640278345816,16.60636707352325,16.60636707352325,21673200
2016-11-08,16.986881256103516,17.12347821352615,16.645387001552965,16.87955401184632,18062700
2016-11-09,16.781984329223633,16.928338465032077,16.342920060804495,16.538060149211624,33873300
2016-11-10,16.577091217041016,17.328378326956713,16.342924168689553,16.92834272006535,30282200
2016-11-11,17.240562438964844,17.250319630232347,16.48927546031247,16.66490118113967,31043300
2016-11-14,17.279592514038086,17.543031143622798,17.1039686219759,17.33813567238644,26313300
2016-11-15,17.66010856628418,17.728407029496815,17.230801547670207,17.230801547670207,25153900
2016-11-16,17.796710968017578,17.884523836591203,17.494245454594044,17.50400264676824,21629000
2016-11-17,18.7138671875,18.869978545521327,17.806468755879663,17.90403881989154,45958100
2016-11-18,18.74313735961914,18.860221811478336,18.391887726030006,18.440671828724703,29121600
2016-11-21,19.016334533691406,19.191960293547062,18.879737547578944,18.91876446032778,22744000
2016-11-22,19.260255813598633,19.318797104182657,18.977304691614123,19.16268575529588,22219100
2016-11-23,19.426124572753906,19.445638956832603,18.996817427993054,19.152928778634436,20041300
2016-11-25,19.640775680541992,19.943243027154487,19.30904048208569,19.465151820533578,16308000
2016-11-28,19.504175186157227,19.78712809888129,19.465148289122574,19.68955806480425,22205900
2016-11-29,18.94803237915039,19.709076571130595,18.909003612949046,19.435880790703187,37924400
2016-11-30,19.055362701416016,19.279772560319387,18.88949414027128,19.104146806049165,26031700
2016-12-01,18.0308780670166,19.34806923972595,17.738169744634135,19.221229462958654,40713100
2016-12-02,18.333345413208008,18.73338098828652,17.85525230055893,18.011363653711808,25887600
2016-12-05,18.1577205657959,18.5382417751358,17.95282324161688,18.5382417751358,26635500
2016-12-06,18.596778869628906,18.62605044104109,18.128444892996722,18.167473654879636,22267800
2016-12-07,19.94324493408203,20.040814995189876,18.830949215043198,19.026089337258888,44735700
2016-12-08,20.157896041870117,20.479875916266145,19.796889262604804,20.245708904068486,36257400
2016-12-09,20.00178337097168,20.343277605601674,19.640774754707085,20.226193176787955,23978000
2016-12-12,19.5334529876709,20.011544260111126,19.016332944748594,19.806646937068624,28676100
2016-12-13,19.640775680541992,19.972512739992247,19.318795812368975,19.65053287181923,26252400
2016-12-14,19.5334529876709,19.835918514930185,19.299285947761046,19.445640115080426,19489100
2016-12-15,19.79688835144043,20.001783779810193,19.494421012903302,19.61150544411024,19453100
2016-12-16,19.777379989624023,20.489638401711513,19.69932429872395,20.031061450297884,36643400
2016-12-19,19.855430603027344,20.196924861260047,19.699319261148506,19.933486273966764,23555900
2016-12-20,20.14813804626465,20.294492190422744,19.972512328877368,20.226193713881894,23018500
2016-12-21,20.07984161376953,20.323765832528146,19.845674587080552,20.245710156965153,32034500
2016-12-22,22.62640953063965,22.919117829056564,22.21661679625958,22.353213754054945,85870000
2016-12-23,22.69470977783203,22.919119614836518,22.499569656353447,22.50932684852679,27780100
2016-12-27,22.73373794555664,23.065475053860407,22.64592507212363,22.782523909127327,24214100
2016-12-28,22.22637367248535,22.841061834841707,22.206859289935892,22.83130464356698,24026900
2016-12-29,21.72876739501953,22.24588548923903,21.611682964426237,22.03123287097753,19890500
2016-12-30,21.38727378845215,21.855607802704384,21.22140525911357,21.80682370742584,20268900
2017-01-03,22.00196647644043,22.18734942643056,21.514117979304327,21.53363236582841,24962900
2017-01-04,21.81658172607422,22.284915758088022,21.7092544791983,22.11904722245888,20426800
2017-01-05,21.57265853881836,22.021478208812024,21.426302518521716,21.855609665337386,19759400
2017-01-06,21.504356384277344,21.738523371386403,21.44581324175474,21.72876618096597,17782200
2017-01-09,21.797067642211914,22.001963086159474,21.406789276839866,21.406789276839866,21537200
2017-01-10,21.933664321899414,22.13856162419784,21.758038594499055,21.816581744295185,20644300
2017-01-11,22.236133575439453,22.323944585632603,22.01172187074174,22.060507833064797,20907700
2017-01-12,21.767799377441406,21.933667940574516,21.172625477606157,21.9141535540896,27592300
2017-01-13,21.640954971313477,21.76779473442214,21.455572061237188,21.728767830770984,14025700
2017-01-17,21.211645126342773,21.53362494911501,21.05553380990737,21.34824206297533,20053800
2017-01-18,21.77755355834961,21.797067942135236,21.00675400875802,21.153108165162084,19493400
2017-01-19,21.182376861572266,21.758038128616736,20.9677242332313,20.977481424655068,31259000
2017-01-20,21.426301956176758,21.787310609909312,21.358003474361045,21.36776066619101,19978700
2017-01-23,21.358009338378906,21.767802202779254,21.21165514273476,21.426307838946535,16070300
2017-01-24,22.294673919677734,22.528840945872442,21.71901261574295,21.728769807791995,29461400
2017-01-25,22.987417221069336,23.39720997172735,22.626410429414687,22.831305874246667,31611800
2017-01-26,22.94839096069336,23.406967822266342,22.723981125944505,23.221584894824453,19379100
2017-01-27,23.387454986572266,23.514296630954686,22.880093992025262,22.95814967280128,18626100
2017-01-30,23.592350006103516,23.650891295715866,22.860577372470004,23.241098546441336,30508100
2017-01-31,23.5240535736084,23.563080483084427,23.104503596024404,23.36794221371587,22712500
2017-02-01,24.148494720458984,24.246064768295977,23.71918762657254,23.83627205617571,28728200
2017-02-02,24.18752670288086,24.69488766936413,23.86554494387111,23.933845289142166,45499700
2017-02-03,24.00214385986328,24.626589273780333,23.90457379869021,24.294852182388365,25054400
2017-02-06,23.74846076965332,24.128981934287328,23.62161914077932,23.933843686703167,18900000
2017-02-07,24.00214385986328,24.089956728819633,23.621620807387714,23.99238666764656,19879300
2017-02-08,23.62162208557129,23.787490640242545,23.328913747207537,23.660650856550046,21559200
2017-02-09,23.85578727722168,24.285092525217806,23.826515703542604,24.14849557003667,27887400
2017-02-10,23.465511322021484,24.15825713660577,23.319157149107536,24.10947117163827,28578400
2017-02-13,23.319154739379883,23.61186491595431,23.241099064492186,23.4850232811405,16876400
2017-02-14,22.5581111907959,22.802035394644932,22.128804070943286,22.79227820317169,60685200
2017-02-15,22.460540771484375,22.69470778004881,22.23613095423437,22.509324867062563,28215800
2017-02-16,22.421510696411133,22.772762119235423,22.294670938721165,22.480053840877748,23819800
2017-02-17,22.78252410888672,22.811793826291545,22.45078699767425,22.45078699767425,22108700
2017-02-21,23.192312240600586,23.397207665234006,23.00692933665092,23.04595810000616,20256300
2017-02-22,23.172801971435547,23.475267497142227,23.075231906725403,23.280129228716127,16013300
2017-02-23,22.909364700317383,23.387455998378325,22.66544045471521,23.33867189365561,20172900
2017-02-24,22.675195693969727,22.69471007857501,22.089777182770323,22.401999892478234,22019600
2017-02-27,23.182554244995117,23.192311435495213,22.58737865144586,22.79227592996028,17999800
2017-02-28,22.870336532592773,23.367942189609703,22.75325208229706,23.21183082987822,21447500
2017-03-01,23.953357696533203,23.982629272936215,23.48502364004972,23.57283650826464,27989300
2017-03-02,24.099708557128906,24.63634098265054,23.787484058668515,24.275332394958625,45941900
2017-03-03,24.948570251464844,25.05589750949432,24.372908912751825,24.587563428810775,37862400
2017-03-06,25.085163116455078,25.290060406305077,24.558287827258045,24.880267687598984,25527800
2017-03-07,25.01686668395996,25.124193933173167,24.665617082797382,24.938811010257826,20313000
2017-03-08,24.763187408447266,25.2022517738961,24.43145216243441,25.01686883504057,24921100
2017-03-09,24.53877830505371,24.87051542213468,24.246069959861927,24.616833987837804,21786600
2017-03-10,24.568042755126953,25.124189566212266,24.207034163882,24.665612795544,28919000
2017-03-13,25.075407028198242,25.192489595148928,24.67537151262801,24.77293969808897,23768200
2017-03-14,24.95832633972168,25.0754107852088,24.636346440874767,24.96808353192845,14587500
2017-03-15,25.485198974609375,25.514468684977373,24.33387655495867,24.538771971509835,29779900
2017-03-16,25.407146453857422,25.592527512425225,25.202249150974563,25.56325779843769,19147300
2017-03-17,25.172977447509766,25.280304694233656,24.782699088051093,25.23152059717408,19126500
2017-03-20,25.57301902770996,25.96329934017568,25.18274057623869,25.358366344649372,26918800
2017-03-21,24.899784088134766,25.79742526563787,24.81197122265122,25.6608264410001,28397500
2017-03-22,25.426658630371094,25.514471493127452,25.00710869964493,25.104678753929107,25092500
2017-03-23,25.826696395874023,25.846210780605432,25.407148290113735,25.719371001839605,47118300
2017-03-24,27.739063262939453,29.144067324990726,27.475624652368435,28.987954108323557,107481800
2017-03-27,28.061044692993164,28.47083748917365,27.387813271912165,27.417084850565864,48190000
2017-03-28,27.99274444580078,28.35375125488656,27.924445960892342,28.031771353893827,24776400
2017-03-29,27.807361602783203,27.982987342244055,27.66100744023054,27.90493166481636,23060600
2017-03-30,28.265933990478516,28.295205562742588,27.641488670129124,27.709787144418108,25092700
2017-03-31,28.1976375579834,28.646459060229123,28.1976375579834,28.392777665219626,32337800
2017-04-03,27.943960189819336,28.334240460532857,27.61222307630939,28.24642758572174,21629100
2017-04-04,27.89518165588379,27.98299454822717,27.475631583797547,27.778097179094406,13957900
2017-04-05,27.573192596435547,28.207395162754988,27.543921021623017,27.943956572424234,22389900
2017-04-06,27.9244441986084,28.080555543116834,27.33902572620475,27.563435551311375,19423700
2017-04-07,27.826873779296875,28.15861084728943,27.661005245300597,27.758575299591467,20325500
2017-04-10,26.968263626098633,27.79760642190003,26.90972232904038,27.75857951085929,27422100
2017-04-11,26.519441604614258,26.87069307836887,26.03159316261913,26.831664309732083,38619300
2017-04-12,26.041349411010742,26.763364855677594,26.01207783559399,26.753607663872007,24621900
2017-04-13,26.090133666992188,26.568224902395887,25.71936968110563,25.904750743551876,26077500
2017-04-17,26.470653533935547,26.558466395374946,26.17794523646687,26.25600090652478,14108600
2017-04-18,26.48041343688965,26.675553562513603,26.2462464027374,26.343816465549374,14407100
2017-04-19,26.597496032714844,26.880447148076627,26.39259872897546,26.782878953051615,21231900
2017-04-20,27.280487060546875,27.397571518671178,26.831667336558088,26.831667336558088,23633000
2017-04-21,26.656036376953125,27.34878207523535,26.499925037254535,27.319510501169123,28361700
2017-04-24,25.92426872253418,27.08534866153314,25.875484617439447,27.06583427509752,44041000
2017-04-25,26.334054946899414,26.3633265192324,25.72912400663524,26.060859188106456,22881400
2017-04-26,26.138919830322266,26.412113760688545,25.748639596666308,25.93402252155348,24670700
2017-04-27,26.95850372314453,26.9780181072004,26.441385572622647,26.509684055824096,24626900
2017-04-28,26.997529983520508,27.514649947002454,26.84141864756255,27.339024228801268,28105100
2017-05-01,27.60246467590332,27.69027567995834,27.04631591026122,27.173157542440556,23938000
2017-05-02,27.095104217529297,27.592709875603887,26.782881497402702,27.592709875603887,25335300
2017-05-03,27.319509506225586,27.417079555232316,26.88044521619226,26.88044521619226,15061300
2017-05-04,27.114612579345703,27.48537651188325,27.04631224612082,27.26096671426858,15544600
2017-05-05,27.5146484375,27.534160957678814,26.948744410450413,27.124368258022642,15639600
2017-05-08,27.378053665161133,27.38781085718543,26.61701129720709,26.890205229910965,32326800
2017-05-09,28.109827041625977,28.197639911110972,27.378054369913787,27.426840331291082,31073400
2017-05-10,28.60743522644043,28.70500529688008,28.10007234894969,28.217156805676133,29267500
2017-05-11,28.324481964111328,28.59767590784471,27.992744865868648,28.46107893597802,22494600
2017-05-12,28.226911544799805,28.4122944764187,27.982987320404362,28.392780091828474,15902700
2017-05-15,28.12934112548828,28.480592599673557,28.031771064770805,28.37326534678492,21899900
2017-05-16,28.314720153808594,28.37326143777615,27.875655871567268,28.217150106533428,14940800
2017-05-17,26.343814849853516,27.817117311072018,26.30478608272474,27.651248772762806,38027900
2017-05-18,26.812152862548828,27.212188479927175,26.431631631626576,26.49017293000054,26863000
2017-05-19,27.143882751464844,27.475619788796404,27.05606989681862,27.10485584995198,19173200
2017-05-22,27.378053665161133,27.563436591634545,26.97801809713552,27.514652492507164,18032700
2017-05-23,27.60246467590332,27.62197719847441,26.890204563728222,27.397567370457484,21800800
2017-05-24,28.285451889038086,28.412293523626868,27.748819357761466,27.778089072671122,22216800
2017-05-25,28.714754104614258,28.939163898396302,28.480587120538154,28.490344310832214,20714000
2017-05-26,29.036741256713867,29.04649844946644,28.17812690442984,28.558649977803224,17784800
2017-05-30,29.953895568847656,30.11976411625669,29.153822547760814,29.212365701665753,34690000
2017-05-31,30.02219009399414,30.34416995402391,29.58312580259268,30.25635709574362,26402900
2017-06-01,30.012434005737305,30.080732484466214,29.54409998502993,30.00267681434832,20534800
2017-06-02,30.45149803161621,30.6173665718436,29.788025731700714,30.051462468890282,20206300
2017-06-05,30.45149803161621,30.988132419878507,30.31490106707391,30.53931089767742,24360800
2017-06-06,30.802745819091797,30.997885911711386,30.119759216910925,30.28562773733942,33125800
2017-06-07,31.71014404296875,31.758928135560396,30.929587395539365,30.929587395539365,32635800
2017-06-08,31.661367416381836,32.06140302514524,31.105218580325964,32.041888639109395,29156500
2017-06-09,29.8563232421875,32.12969677190047,28.83184045848364,31.876013512874863,53064200
2017-06-12,30.441740036010742,30.919831231053347,28.5001018217236,29.329444450264408,46550900
2017-06-13,30.77347755432129,31.456466049598095,30.02219058171559,30.97837298630797,33767900
2017-06-14,30.305143356323242,31.017403464513322,30.100247913017817,31.007646272785344,28935000
2017-06-15,29.817298889160156,30.217334498075044,29.348964790088232,29.729486012959885,33670600
2017-06-16,29.134309768676758,30.24660362920019,29.095280999748994,29.8855949605949,42881700
2017-06-19,30.441740036010742,30.490524130221537,29.59288302538806,29.768508742137158,24915000
2017-06-20,30.080734252929688,30.812506901179024,29.983164194297625,30.63688116784013,25793300
2017-06-21,31.2320556640625,31.368656354488987,30.3051447395265,30.422229184612224,30579000
2017-06-22,31.11497688293457,31.612584439622367,30.988137091166912,31.26133292242832,23050800
2017-06-23,30.9588623046875,31.300358454141566,30.871049434483687,31.11497366038446,45323800
2017-06-26,31.71014404296875,32.15896364999219,31.17351158048528,31.661359950377108,34750700
2017-06-27,30.890562057495117,31.87601423625871,30.8417779594948,31.71990288946483,33221500
2017-06-28,31.45647430419922,31.49549935720795,30.675915553197502,31.290603871453946,28415900
2017-06-29,30.705181121826172,31.602822354462358,29.895352760066995,31.505254152149387,53948400
2017-06-30,29.134309768676758,31.368656542949697,28.987953746191774,31.339383105259742,73308000
2017-07-03,28.431808471679688,29.544104257972705,27.865904316230136,29.358721316758164,36830400
2017-07-05,29.768512725830078,29.817296826569276,28.831842731485445,28.831842731485445,40444600
2017-07-06,29.36847496032715,29.739238936954525,29.192849233137437,29.21236361637941,27143800
2017-07-07,29.466047286987305,29.75875561420477,29.251392776766615,29.48555981073942,22023100
2017-07-10,29.758752822875977,29.846565685003327,29.026980212477387,29.42701575728243,24907900
2017-07-11,30.607606887817383,30.627119407838233,29.76850711412522,29.80753401516073,28530500
2017-07-12,30.68566131591797,31.00764114572629,30.402708385574496,30.997883955611645,22258600
2017-07-13,30.373445510864258,31.075948512288804,30.09049436050824,30.78323830803049,23773000
2017-07-14,31.017404556274414,31.173515907428843,30.500284542454047,30.588097410102677,28887600
2017-07-17,30.94910430908203,31.085703137517214,30.675910374199873,30.900320209565674,22320500
2017-07-18,31.124727249145508,31.134484440371157,30.63687885382663,30.871045860260416,14045000
2017-07-19,31.046674728393555,31.563792888829997,30.8808061827267,31.27108456635632,19984100
2017-07-20,31.22229766845703,31.241812051138368,30.656393597656006,31.153999190066315,23179300
2017-07-21,31.2320556640625,31.319868532628263,30.851536335267724,31.124730272144216,21146600
2017-07-24,30.900320053100586,31.232055277921432,30.73445151019311,31.222299946862844,17415500
2017-07-25,29.173336029052734,30.08073441554637,28.929411811650965,30.051462839500285,51216400
2017-07-26,29.085525512695312,29.319692557007862,28.95868572823219,29.12455428391119,26387400
2017-07-27,29.505069732666016,30.5393077748597,28.948922878476903,29.534341305357923,38967000
2017-07-28,28.56840705871582,29.251393799774018,28.256182474838507,29.23187941434527,31854900
2017-07-31,27.436594009399414,28.83183882818814,27.192669816737943,28.714756257867222,41112700
2017-08-01,27.651248931884766,28.236667415226947,27.153643314093614,27.534164490818707,28221600
2017-08-02,27.934202194213867,28.714760852215942,27.534166603123058,28.25618210560389,27226000
2017-08-03,27.153644561767578,27.70979149514895,26.9389919144432,27.700034302862274,30288400
2017-08-04,27.241455078125,27.612219048019753,26.607252522229405,27.18291379045614,23947500
2017-08-07,27.89518165588379,27.914696045514457,27.12438001442402,27.25122168602874,16589300
2017-08-08,28.139102935791016,28.626951458448982,27.914693062007014,27.914693062007014,21903300
2017-08-09,27.885417938232422,28.187883462777855,27.670765285489566,27.817119451495795,14181800
2017-08-10,26.821908950805664,27.6902786413905,26.763367654843403,27.612222959776066,26147600
2017-08-11,27.329267501831055,27.35853907569303,26.197459366416616,26.773120625411163,23375900
2017-08-14,28.529375076293945,28.64645951469197,28.022012278225873,28.11958233339189,25254600
2017-08-15,28.95867919921875,29.085518955084627,28.43180207255936,28.783053490332286,23973600
2017-08-16,29.94413948059082,30.11000803411554,29.231879303105725,29.290422459169193,37879500
2017-08-17,28.90013885498047,29.788022757852822,28.890381664059532,29.58312547050096,26152500
2017-08-18,29.64166831970215,29.85632280930573,29.03673733862328,29.23187558436092,31178100
2017-08-21,28.841602325439453,29.85632808205835,28.568408360960756,29.788029590938677,26247700
2017-08-22,29.7099666595459,29.797779515563775,29.0464925745192,29.124548239757996,18821200
2017-08-23,29.7099666595459,29.99291774816384,29.14406262131616,29.241630807119265,21200400
2017-08-24,29.485563278198242,29.88559890756965,29.378237871460744,29.807543220399484,18056800
2017-08-25,29.553857803344727,29.65142599731633,29.319688927029645,29.563613133946678,13929800
2017-08-28,30.324665069580078,30.451504870714274,29.680705147833734,29.69046234192013,22531000
2017-08-29,30.714937210083008,30.763723170479853,29.95389483783325,30.00267893723599,23151900
2017-08-30,30.841781616210938,30.910080105906726,30.617369900217856,30.88080852703956,17467900
2017-08-31,31.193029403686523,31.24181536556554,30.71493814323711,30.841779783128395,25694000
2017-09-01,31.80771827697754,32.08091594702218,31.34914325302433,31.34914325302433,26034000
2017-09-05,31.290597915649414,31.94431674547001,30.880805161146306,31.661363763577693,28866600
2017-09-06,31.466224670410156,31.905289014860042,31.280843601414986,31.290598932630203,29290200
2017-09-07,31.99309730529785,32.100424543247186,31.661360261630694,31.68087464325673,25353300
2017-09-08,31.661367416381836,32.21751439144343,31.52477043611949,32.00285986703771,19649300
2017-09-11,32.62731170654297,32.62731170654297,32.01262517527271,32.1004380685955,31012100
2017-09-12,33.45664596557617,33.70057017870171,32.74438770988817,32.87122562088201,38685800
2017-09-13,33.749351501464844,33.95424693036305,33.19320463903382,33.720081789333044,41588100
2017-09-14,33.73960494995117,34.00303987165475,33.466407251683854,33.59324890723694,23007000
2017-09-15,33.807899475097656,34.14939190535588,33.54446086233202,33.79814042166837,37417300
2017-09-18,34.56894302368164,34.929949850804896,34.16890742552115,34.27623468487931,41330100
2017-09-19,35.07630157470703,35.22265386514556,34.63723725941543,34.63723725941543,26392200
2017-09-20,35.09581756591797,35.710503913503096,34.48112749634467,35.15435699598045,42243000
2017-09-21,35.03728103637695,35.36901818339038,34.53967717685126,35.05679542408232,22464900
2017-09-22,35.193382263183594,35.33973826775752,34.73480358937392,34.73480358937392,21559800
2017-09-25,34.022544860839844,35.271439240252526,33.70056686659212,35.16411200150736,35607200
2017-09-26,33.34931564331055,34.51039345088489,33.26150278579734,34.37379649963942,55112600
2017-09-27,36.18859100341797,36.2471341457404,35.047023921049686,35.37876095023501,84593900
2017-09-28,37.03744888305664,37.52529727315587,35.925155149148445,36.2471368731681,52569900
2017-09-29,38.37415313720703,38.40342284727754,36.89109370117131,37.05696035422093,48711400
2017-10-02,39.037628173828125,39.38887962493583,38.40342747331743,38.6375926260639,54244800
2017-10-03,39.38888931274414,39.55475974855819,38.88152639435545,38.95958394579474,27322300
2017-10-04,38.59856414794922,39.447419264614446,37.96435978187352,39.16446631839681,37908400
2017-10-05,38.41318893432617,38.8912820906315,38.29610633926738,38.83273893210781,22501000
2017-10-06,38.70589065551758,38.70589065551758,37.86679452561787,38.0521755795513,25150300
2017-10-09,39.964542388916016,39.99381582559221,38.657108451019425,38.75468036995985,27279300
2017-10-10,40.95975112915039,40.97926551174692,39.47669154970576,40.442633017300196,48214100
2017-10-11,40.598751068115234,41.047570776073144,39.80843519124182,39.84746396288734,53023600
2017-10-12,39.59377670288086,40.73534013693052,39.3108237463772,40.20846298799015,66789800
2017-10-13,39.41815185546875,40.169435109385226,39.340094325614224,39.78891395631411,35371200
2017-10-16,40.48166275024414,40.55971656050828,39.52547659009552,39.88648709377963,33696800
2017-10-17,39.40839767456055,40.39385363985395,39.2718007024181,40.14017035845654,41233700
2017-10-18,40.63777160644531,40.93047989050622,39.8181861778821,40.04259598639506,43528000
2017-10-19,40.30603790283203,40.49141896298784,38.83273358637144,40.179196271152755,47676000
2017-10-20,40.49141311645508,41.14512811997395,40.432869974443484,40.97926146725574,36293700
2017-10-23,40.549964904785156,41.164651278030256,40.3938535481214,40.83291417987124,26844200
2017-10-24,40.5889892578125,40.98902483504136,40.42312257256583,40.72558994929527,26299400
2017-10-25,40.06211471557617,40.57923286426475,39.330342065022215,40.30603893242749,31061100
2017-10-26,39.61329650878906,40.17920255245197,39.33034720894627,40.16944349818818,27453500
2017-10-27,39.85722351074219,39.94503639523884,39.06691127226122,39.60354391219014,31094700
2017-10-30,40.63777160644531,40.84266703308917,39.691344556726854,39.740128650405715,29119500
2017-10-31,43.23312759399414,43.48680713045755,41.1744067006628,41.22319079744561,61972200
2017-11-01,43.301429748535156,44.22834255402024,42.71600937149748,43.701465331282826,38842900
2017-11-02,43.26239776611328,43.66243331915225,42.65746677122246,43.00871822696166,25813000
2017-11-03,42.64771270751953,43.90636266382646,42.296461210690765,43.68195281240552,27694600
2017-11-06,42.19889450073242,42.94042256989111,41.41833765898943,42.784311201542515,28841000
2017-11-07,42.88188171386719,43.164834722756396,42.27695064678458,42.5208748843811,32422900
2017-11-08,43.01847457885742,43.067258677315294,42.394029185825154,42.784305695476256,19519600
2017-11-09,42.442806243896484,42.62818727608075,41.54516707080946,42.62818727608075,32501100
2017-11-10,43.691707611083984,43.76000609885748,42.64771218713094,42.69649628954223,33840800
2017-11-13,44.491783142089844,44.755221787200846,43.116050476724915,43.25265118758857,30522300
2017-11-14,44.68690872192383,44.88204880896904,43.71121200868537,44.472257975962926,29899200
2017-11-15,44.257606506347656,44.62837232465317,43.535589251961945,44.091736118426304,22434500
2017-11-16,45.057682037353516,45.16500928924572,44.18931241311764,44.61861769869824,24192600
2017-11-17,45.038169860839844,45.418691065663786,44.61861988578053,45.40893573409914,22613300
2017-11-20,46.482200622558594,46.696855135760636,45.272338527392336,45.37966206200498,26975000
2017-11-21,48.19941711425781,48.42382690231277,46.979796273532536,47.1846916814974,35756600
2017-11-22,47.945735931396484,48.67750846691105,47.438373193467875,48.63847970507325,28711800
2017-11-24,48.472625732421875,48.66776587067894,47.838421213583565,48.12137422795688,14203300
2017-11-27,46.88223648071289,47.213973583942845,45.94556832641245,46.79442360862295,44469700
2017-11-28,46.76515197753906,47.67255037799362,46.657824724712874,47.27251480417944,30633200
2017-11-29,42.67698669433594,46.44317383578307,42.218407931817424,46.34560562851845,81370100
2017-11-30,41.35979080200195,43.45754061598406,40.84267263845727,43.08677475356177,63895700
2017-12-01,40.969512939453125,41.51590080098622,39.03762987421259,40.71582967060862,73138600
2017-12-04,38.93030548095703,41.262220337601015,38.120475315618435,40.93048326247249,73640500
2017-12-05,40.20846176147461,41.028047171940905,38.46196370362573,38.803459795812834,56540700
2017-12-06,40.56947326660156,40.72558460008876,39.32057887671623,39.82794164104656,39735300
2017-12-07,42.15010452270508,42.17937423707049,40.891454697159034,41.15489329241203,43189000
2017-12-08,42.15985870361328,43.49656602699335,41.828121635896856,42.969688850857615,44717800
2017-12-11,41.9647216796875,42.686739017312306,41.30125121747619,42.364757256455924,32824000
2017-12-12,40.84267044067383,41.808608230863705,40.696314425438715,41.652496884874026,28492300
2017-12-13,41.028053283691406,42.052534268889325,40.94999946829896,41.19392368963124,28565600
2017-12-14,41.213436126708984,41.69152549361789,40.86218466906844,41.26222022427282,24582800
2017-12-15,41.36954879760742,41.52566014800643,40.871941309343704,41.271976877365425,58721700
2017-12-18,42.64771270751953,42.66722709311985,41.94521343585048,42.31597559629108,35075500
2017-12-19,42.91115188598633,43.262403387365,42.24767765493518,43.01847914718409,51048300
2017-12-20,44.63813400268555,45.66261502228394,43.76976434110226,45.51626271776323,84338200
2017-12-21,43.3404426574707,44.47225432501948,43.27214419090997,44.44298089507396,50486100
2017-12-22,43.04774856567383,43.847819770145506,42.87212281620556,43.106291722826086,30372500
2017-12-26,41.22318649291992,42.150099122957066,40.51092833269851,42.140340071426735,41966200
2017-12-27,41.44761276245117,42.02327420590142,41.008548318804515,41.19393315167149,24175100
2017-12-28,40.793888092041016,42.00375014483919,40.73534493903921,41.789099361142355,28999700
2017-12-29,40.120662689208984,40.823165774374424,39.77917020169187,40.80365138623217,44642100
2018-01-02,42.608680725097656,42.65746854641578,40.188952922849204,40.53044906213505,37097000
2018-01-03,43.886844635009766,43.95514311794692,42.97944625085825,43.41851058544579,43376700
2018-01-04,45.74067306518555,45.838241269272075,43.9161171284626,44.872303394054896,52229500
2018-01-05,44.68690872192383,45.52600849082692,44.277117888917715,45.00889042384656,47381100
2018-01-08,44.44300079345703,44.96987810452673,43.818555264184326,44.20883558097424,32217400
2018-01-09,41.92569351196289,44.442989370059294,41.73055340372574,44.169795451720084,62982900
2018-01-10,42.25743103027344,42.31597045797763,40.38409118199074,40.930482746487364,53348000
2018-01-11,41.779335021972656,42.93065749808953,41.58419492531106,42.462323499294364,39402200
2018-01-12,41.769588470458984,42.296462003590555,41.64274682267335,41.77934380244778,28458500
2018-01-16,41.87691116333008,42.7940686752464,41.38906269000896,42.09156568262768,38174800
2018-01-17,43.18434143066406,43.30142773381683,41.93545063960642,42.159860471000336,38077100
2018-01-18,42.920894622802734,43.56485422318865,42.842837109065236,43.13554534160663,25152100
2018-01-19,41.711036682128906,43.125797735043115,41.613468494474596,42.88187354391955,41469200
2018-01-22,41.83788299560547,41.83788299560547,40.667046002510574,41.4378474261801,37879400
2018-01-23,42.88188171386719,43.57462565536409,41.691530243359814,42.198893104199215,41334100
2018-01-24,42.03302001953125,42.881875195171524,41.7012829579495,42.69649042070683,31305700
2018-01-25,41.9647216796875,43.6331661934181,41.81836937910681,43.15507307874937,40519200
2018-01-26,42.608680725097656,42.745281414004914,41.98423532090298,42.16962010914016,27177500
2018-01-29,42.237911224365234,42.36474911609903,41.35002737229093,42.198882462914426,29455000
2018-01-30,40.657283782958984,41.75982220677027,40.46214740096441,40.96951018252369,38861900
2018-01-31,42.657470703125,42.89163588054301,41.73055788104012,41.93545334177797,45114600
2018-02-01,41.45735549926758,43.01846877108794,41.076830649897964,41.9939879538316,35713500
2018-02-02,39.82794189453125,41.184159810705594,39.623046465897964,40.97926438207231,40657400
2018-02-05,38.44245910644531,40.52069081051209,38.06193419137406,39.164472723580126,45796800
2018-02-06,42.81357955932617,42.8623636582708,39.564507206177176,39.564507206177176,66972800
2018-02-07,40.98903274536133,42.501366198879836,40.72559780877591,42.208654096915616,51354800
2018-02-08,39.02787780761719,41.98423836050788,39.02787780761719,41.48663455613569,53794100
2018-02-09,39.427913665771484,40.18895609699272,36.60815007113024,40.052359119285164,65189300
2018-02-12,41.1646614074707,41.642754648516906,39.88650052338889,40.01333847302239,47941100
2018-02-13,41.593963623046875,41.87691292073613,40.95975909231902,41.02805758369111,30296800
2018-02-14,42.39402389526367,42.56964960538531,40.91096441089635,40.91096441089635,36765900
2018-02-15,42.442806243896484,42.85259706935251,41.23294070409711,42.66721603716824,35072300
2018-02-16,43.13555908203125,44.01368778136214,42.08180836482248,42.23791972003816,49404600
2018-02-20,43.80879211425781,44.16979892358041,42.83309521836778,42.950177803717864,36215900
2018-02-21,43.45753479003906,44.44298688464396,43.43802040810787,44.26736116925096,31618700
2018-02-22,43.174583435058594,43.74048936607232,42.96968800016931,43.69170154844237,24359600
2018-02-23,45.399166107177734,45.66260466192966,43.92586573281049,44.081977055405616,48476700
2018-02-26,46.813934326171875,47.05785853820194,45.565043551614124,45.82848214724517,41966100
2018-02-27,47.39934539794922,47.799380878560704,46.26753370237904,46.501702537804306,44731100
2018-02-28,47.62376403808594,48.25796475006439,47.174940663561486,47.61400498538537,45031400
2018-03-01,46.462684631347656,47.623766306815135,45.633343767717946,47.58473753812972,61278800
2018-03-02,47.91647720336914,48.05307417912159,44.83327502928372,45.233310624839504,52492900
2018-03-05,50.7655143737793,51.08749617448705,47.53595964419458,47.614013469767265,70984100
2018-03-06,52.43395233154297,53.31207729642374,51.91683045061422,52.10221524116893,73096300
2018-03-07,52.65836715698242,53.663333854493864,51.838781545597875,52.04367701794686,61670000
2018-03-08,53.87798309326172,54.12190731411569,52.98034002508522,53.263293014553,51685900
2018-03-09,53.26328659057617,54.47315221776726,52.316859536773165,54.40485001993676,65504600
2018-03-12,57.927120208740234,59.68337377210099,54.98051531241818,55.126871326859934,138651600
2018-03-13,57.985660552978516,61.87868866247862,57.097776622567274,60.65906767444187,142315800
2018-03-14,58.32716369628906,58.60036137893836,56.16111895307162,57.87834398320683,80306900
2018-03-15,57.409996032714844,58.68816009540104,56.81482042888377,58.31739429396752,50963700
2018-03-16,59.10771560668945,59.21503913126301,57.77100827295274,58.54180966008769,69323100
2018-03-19,58.678409576416016,59.507754154905655,57.32219151315481,58.893064080352566,71373300
2018-03-20,59.66386413574219,59.76143233238757,58.34667114910077,58.639379461025044,53890500
2018-03-21,59.585811614990234,60.220016112517996,59.12723286379359,59.85900556617712,51220200
2018-03-22,57.48805618286133,58.834518867886175,56.69774412238063,58.61010904071338,74274700
2018-03-23,52.89252853393555,57.370977494305706,52.375410363296425,56.28795332999572,118369500
2018-03-26,54.209720611572266,55.331769803188614,51.43874129185932,54.892705457778625,70260700
2018-03-27,51.12651062011719,54.12189931154059,50.424007776895024,53.72186379736968,67785100
2018-03-28,50.23863220214844,52.0534252079356,49.46783080108465,50.667937474164525,62987500
2018-03-29,50.87282943725586,51.39970659094141,49.897132658721645,50.89234381946508,61458800
2018-04-02,48.843387603759766,50.46304429063695,48.35553915925473,50.287418552856074,59875500
2018-04-03,50.29717254638672,50.51182704729631,49.09706585146051,49.56539989909112,52436400
2018-04-04,52.09245681762695,52.19978407198467,48.06282758449272,48.414079063485886,60272800
2018-04-05,48.628726959228516,50.93137192217079,47.99452257262588,50.79477497046876,89203500
2018-04-06,47.282264709472656,49.25317263686964,46.11142783789186,46.56025118202283,79392200
2018-04-09,46.79442596435547,48.6189819849665,46.755397192131056,47.93599335899366,50532900
2018-04-10,49.25318145751953,49.51662007995297,47.45789892544563,48.053074658870614,50346500
2018-04-11,49.25318145751953,50.541101130312924,48.89217462914266,49.05804132364419,38942200
2018-04-12,51.311893463134766,51.633871462930315,49.85810363306157,49.877618015168544,46656300
2018-04-13,50.96065139770508,52.19003164253698,50.32645061158316,52.10221876790613,43598900
2018-04-16,50.39474868774414,51.2045752164946,50.072766909405495,50.98016536582909,30879500
2018-04-17,50.98991775512695,51.41922676813768,50.482558648458685,50.58988217972312,33325300
2018-04-18,52.697383880615234,52.951067139428716,49.44831538879654,50.19960239068567,55393600
2018-04-19,50.170326232910156,52.78519387979723,49.74102099311818,51.61436073091223,52635000
2018-04-20,49.3897705078125,50.80453159886071,48.93119554709129,50.248384725867425,38510800
2018-04-23,47.82865905761719,49.643455757101414,47.62376361657555,49.575157276754204,43693000
2018-04-24,45.96508026123047,49.03852317656216,45.311361421189794,48.45310654182894,61915400
2018-04-25,46.443172454833984,47.16518982188464,44.960116394168736,46.40414740628163,43781200
2018-04-26,48.921443939208984,48.9604727100568,47.643283330844966,48.08234397592328,39041400
2018-04-27,46.365108489990234,50.14105374681879,46.04312678646847,49.867859856791306,50049800
2018-04-30,44.86254119873047,46.53098193689266,44.21858141968603,45.91629559461489,54743800
2018-05-01,45.65285873413086,45.73091255050863,44.306395973222735,44.48202171255807,34154900
2018-05-02,44.77473068237305,45.60407529051065,44.56983522419335,44.79424506724564,31640800
2018-05-03,45.48699188232422,45.730916125806,44.22834561466959,44.628381225100156,30489600
2018-05-04,46.42365646362305,46.54073903981967,45.018650661311575,45.194276386600514,28632200
2018-05-07,47.30177688598633,47.91646686625247,46.94077013909437,47.0871224149755,33996900
2018-05-08,47.389591217041016,47.67254417001114,46.71636179423864,47.350562453461464,25205500
2018-05-09,49.770286560058594,49.7898009405131,47.7993825199906,47.86768099058764,36489100
2018-05-10,51.38018798828125,51.39970236888753,50.34594814807348,50.54108823214877,37146300
2018-05-11,50.56060791015625,51.51679032812127,50.424010953588095,51.106999458416794,27646400
2018-05-14,51.71193313598633,52.40467700736107,51.57533617227729,51.70217780514487,33376300
2018-05-15,52.697383880615234,52.853495223735834,51.409464369373296,52.4924884406422,43307300
2018-05-16,55.126869201660156,55.52690474079269,54.13165801899164,54.238985262512934,59011900
2018-05-17,53.37062072753906,55.068331235011115,52.6193336741908,54.64878127376484,54832200
2018-05-18,52.09245681762695,53.32183699410303,51.56557959913721,52.297352273043536,46088800
2018-05-21,54.13166809082031,55.09760974024881,53.204755213931854,54.81465672231647,70858100
2018-05-22,57.59538650512695,59.029662131422555,56.883128218609535,57.61490088966023,111262700
2018-05-23,58.512535095214844,58.541804806582064,56.73676731384087,57.614892152746975,64066800
2018-05-24,59.99560546875,60.483453930541145,58.1125101084771,58.71744115894138,74725000
2018-05-25,59.85900115966797,60.59077380818219,59.13698756411398,59.37115272732516,54715900
2018-05-29,61.098140716552734,62.4250891369167,59.85900516877135,59.86876422238519,75591900
2018-05-30,61.049354553222656,63.08856493901059,59.43945318422725,62.15189308909217,84737600
2018-05-31,56.19038009643555,58.7857334926246,55.78058549599096,57.7905222881026,101882200
2018-06-01,57.31243133544922,57.897847923240114,55.49763470251439,57.38072981329189,74761500
2018-06-04,57.6636848449707,57.7222279984233,55.24395699875414,56.03427282141696,64350500
2018-06-05,57.96615219116211,58.67841047551545,57.400249929369544,58.346673383434194,41711300
2018-06-06,57.97590637207031,58.14177677581394,56.883126917127385,57.81979502136418,36749000
2018-06-07,58.18080139160156,58.805246749859194,57.13680611039185,58.395452157260166,42264700
2018-06-08,59.89802551269531,60.10292094590013,56.80506846616534,57.205104002321946,57144900
2018-06-11,59.89802551269531,61.02983364343019,59.58580283676761,60.210248188623005,42251500
2018-06-12,59.07844924926758,60.34685453280985,58.48327351756221,60.33709920103909,43633300
2018-06-13,58.59059143066406,59.78094270419102,58.561321718032374,58.83451562789579,33281400
2018-06-14,57.74174118041992,59.097959236927814,57.24413369140635,59.078444852850005,43421900
2018-06-15,56.8148307800293,57.663686051923754,55.90743235345688,57.107539109442385,45854100
2018-06-18,57.029483795166016,57.17583609503748,55.48788092699978,56.20013920794136,36975600
2018-06-19,57.810035705566406,58.01493114137232,55.72204513804798,56.23916325374518,43486600
2018-06-20,57.517333984375,59.63459450707845,57.37097795807335,58.66865664385032,57497600
2018-06-21,57.99542236328125,60.32734107943246,57.65392993726972,59.966330546805075,70419900
2018-06-22,55.71228790283203,58.94184577315555,55.63423409130733,58.73695033066663,63497500
2018-06-25,51.868045806884766,54.287773614013965,51.13627314949532,54.19020541515732,72196300
2018-06-26,53.26328659057617,53.43891230616823,52.3071042067904,53.08766087498411,42277100
2018-06-27,50.98991775512695,54.00482128945917,50.892349555072656,53.66332886728087,53007500
2018-06-28,51.84853744506836,52.01440786877682,50.531347997567394,50.736243472158456,36878900
2018-06-29,51.16554260253906,52.54127504250128,51.126517556389324,52.38516369193778,32582200
2018-07-02,53.15595626831055,53.20474035937096,50.07275481624954,50.26789490247873,38934200
2018-07-03,50.228878021240234,53.458436232342535,48.8824152019725,53.224267329083105,52190200
2018-07-05,51.55582046508789,52.014399164614176,50.67769183237543,51.350925024784324,51136400
2018-07-06,51.936344146728516,52.11196988177493,50.716723054455194,51.26311464370939,31841000
2018-07-09,52.99010467529297,53.175485762807035,51.81926754712701,52.49249712787784,32579700
2018-07-10,54.385345458984375,54.541456810130136,53.0291236760446,53.331591047259344,34852800
2018-07-11,52.86325454711914,53.663325649959496,52.463218995698966,53.06814998814186,38699200
2018-07-12,54.102386474609375,54.30728190240254,53.02911779771548,53.32182980540604,29647700
2018-07-13,54.98052215576172,55.214691063617565,53.97555547893835,54.160936561249024,28799000
2018-07-16,54.78538131713867,55.79034791280224,54.69756844903295,55.224441935679074,25735200
2018-07-17,55.575687408447266,55.74155779562414,54.151171010282674,54.47315273257364,24729100
2018-07-18,56.05379104614258,56.73677966192795,55.53666912685401,55.858650909919824,33729700
2018-07-19,54.853668212890625,56.16110190515834,54.31703206450701,55.85863459625006,39392100
2018-07-20,53.68284225463867,54.77562170730132,53.49746118918328,54.71708227715129,32588100
2018-07-23,52.970584869384766,53.2535378597898,50.95089261178294,52.2095387668475,42781500
2018-07-24,51.877803802490234,54.05361122423027,51.653393956003384,53.663330964781956,39011500
2018-07-25,52.09245681762695,52.902287029971006,51.02894704933689,51.35092881241006,39749200
2018-07-26,52.453468322753906,53.40965464425755,52.1510046392066,52.29735695389408,28862500
2018-07-27,52.648597717285156,53.30231649981071,51.819256937381674,53.136446110637294,30109700
2018-07-30,51.72169494628906,52.93156083154214,51.14603358283607,52.87301767319506,25747800
2018-07-31,51.50703430175781,52.902281005543124,51.48751991937065,52.47297203700126,29301700
2018-08-01,51.01918411254883,52.27783381731681,50.902097822346406,51.380190869036944,28200000
2018-08-02,52.10220718383789,52.24855946102463,50.13129933075768,50.44352198847457,28708000
2018-08-03,51.526546478271484,52.10220770709097,50.989910290567785,52.00463579933225,22958900
2018-08-06,51.389949798583984,51.52655048005522,50.24838630405579,50.95088920652729,28776900
2018-08-07,51.75095748901367,52.141233963179495,51.41922043887944,51.65338557898137,21918600
2018-08-08,52.09245681762695,52.229053787904675,51.185058404224044,51.555824267826644,18074700
2018-08-09,50.98991775512695,51.56557906821913,50.66793971735716,51.370442668110535,34538400
2018-08-10,50.12155532836914,50.68746139163984,49.78006285707737,50.0044727270675,31340800
2018-08-13,50.09227752685547,50.794780465303894,50.033734374655374,50.35571612877363,24609500
2018-08-14,49.3897705078125,50.511823306020226,48.79459486991038,50.47279454111139,32050200
2018-08-15,46.335845947265625,48.648246484677905,45.99434980991696,48.61897676964362,57746200
2018-08-16,45.955322265625,47.135918337284046,45.818725295843365,47.02859108331611,33663000
2018-08-17,45.96508026123047,46.209004479367344,44.51129028345991,45.08695158714245,34464200
2018-08-20,46.9017448425293,47.428622007405224,45.340631452513115,46.248029773581244,33022900
2018-08-21,48.72629928588867,49.14584922860359,47.68230395550173,47.71157739191568,38572900
2018-08-22,49.01900863647461,49.41904417369199,48.65799814236076,49.155605592306706,26740400
2018-08-23,48.492130279541016,49.019007429336746,48.19942199253932,48.83362266071169,26832000
2018-08-24,49.46782684326172,49.584909413173456,48.706780833865956,48.706780833865956,24785500
2018-08-27,50.804542541503906,51.17530844402025,49.92641375185695,50.102039509786344,29134100
2018-08-28,51.067970275878906,51.28262476129676,50.21911510843503,51.146024083856744,26198800
2018-08-29,50.570369720458984,50.892347746788396,50.05324785697823,50.82404926477949,31450800
2018-08-30,51.47776794433594,52.3754110476139,50.15082325747155,50.30693461604315,32416600
2018-08-31,51.24359893798828,51.93634280725604,50.95089062778946,51.419224668505194,29937300
2018-09-04,50.667938232421875,51.028945028428595,49.47758687230636,50.872833679723946,28975100
2018-09-05,48.33601760864258,50.345950519942534,47.87743894775949,50.14105509690495,39125100
2018-09-06,43.56486129760742,47.27250819651306,42.98920006726768,47.02858400945364,94413400
2018-09-07,43.76976013183594,45.330873561857246,43.56486469201839,44.042954051592666,47114300
2018-09-10,43.80879211425781,44.27712617764644,43.31118461304046,44.150284539024014,33078300
2018-09-11,42.54037094116211,42.68672692226189,41.32075017195463,42.58915874952017,48980700
2018-09-12,40.7255859375,41.154891188191044,39.69134599294097,40.237737539083305,66916000
2018-09-13,42.559898376464844,43.408757372073644,41.27197874683784,41.27197874683784,59922100
2018-09-14,43.22336959838867,43.47705286304342,42.4037840976369,43.03798853728566,40610300
2018-09-17,42.52086639404297,43.24287990884736,42.19888467815266,42.53062172392401,28205300
2018-09-18,44.22834396362305,44.75521748116414,42.813582659844165,42.86236676232169,36507400
2018-09-19,43.964900970458984,44.94059781090602,43.75024647452446,44.667400164628965,29264700
2018-09-20,44.940589904785156,46.07239789171219,44.79423391567038,45.27232692105622,75144100
2018-09-21,43.65267562866211,44.49177173402623,42.7355182722598,43.32093857417384,97053400
2018-09-24,44.06247329711914,44.540566431440176,42.79406803000668,43.125805135742716,36918900
2018-09-25,43.55510711669922,44.35517824196925,42.950176107297324,44.00392677780423,32547500
2018-09-26,43.27215576171875,43.67219133939414,42.89163456856268,43.213616330149065,30299800
2018-09-27,43.896602630615234,44.4137207666797,42.979445215571886,43.15507094517644,26952400
2018-09-28,44.130760192871094,44.501525971773404,43.40874673720535,43.56485805642936,28080400
2018-10-01,44.052711486816406,44.96010979782372,43.91611080996513,44.33566072675294,26693400
2018-10-02,44.647884368896484,45.55528269956879,43.78927385629375,43.808788239123984,32397000
2018-10-03,44.052711486816406,45.29184313278462,43.62340251783101,45.15524617792122,29505100
2018-10-04,43.086769104003906,43.66243034570953,42.45256471633256,43.41850615383406,34579600
2018-10-05,42.52086639404297,43.54534724298785,41.76957944561999,43.00871477182508,35367100
2018-10-08,42.02326202392578,42.78430435763803,41.574442376966665,42.22815746423477,27426600
2018-10-09,41.24270248413086,41.993989435828986,40.95974953050668,41.76957962770946,31576400
2018-10-10,40.598751068115234,41.71104500609288,40.315798056668,40.49142380708432,48452000
2018-10-11,40.94999694824219,41.8769059546724,40.423119769311235,40.94023789567605,48197000
2018-10-12,41.43784713745117,42.68673793632339,40.901210882946856,42.520871255467995,32851100
2018-10-15,41.31100845336914,41.515903916821784,40.61826452151203,41.008541063042536,27697300
2018-10-16,42.15985870361328,42.296455662910404,41.271974746194026,41.66225496303264,28827400
2018-10-17,41.32076644897461,42.335492221951554,41.08660125335758,42.27695278404164,27759000
2018-10-18,40.2962760925293,41.18416000954817,40.140164757294805,41.018293344231196,33560800
2018-10-19,39.46693801879883,40.96951204934612,39.291312289410804,40.65728563555446,28641400
2018-10-22,38.793704986572266,39.71086240452976,37.70092556044028,39.57426544151178,34441200
2018-10-23,37.73995590209961,38.15950586143743,36.50082040847259,37.222837742817845,46364200
2018-10-24,34.56894302368164,37.369192210805075,34.539673306397944,37.07648387200275,53096500
2018-10-25,35.886131286621094,36.25689715589881,34.20793512639398,34.72505329950013,39625700
2018-10-26,34.5396728515625,35.03727664877492,33.46640399410268,34.42258653999264,41257400
2018-10-29,33.817657470703125,35.320231726189206,32.99807185152787,35.26168856696646,34176400
2018-10-30,35.13483810424805,35.17386686727452,33.65178232911896,33.79813460748669,35319500
2018-10-31,36.803279876708984,37.11550251583799,34.92994031994751,35.69098625956347,44055400
2018-11-01,39.144962310791016,39.22301985677318,36.608151618189055,37.05697134162055,43981400
2018-11-02,39.340091705322266,39.9450226334512,38.67661763370177,39.21325008875103,33645700
2018-11-05,38.9498176574707,39.26204408325518,37.82776847882424,39.12544339360463,22904000
2018-11-06,38.832740783691406,39.57427260572742,38.5985755824086,38.77420134436509,19316600
2018-11-07,39.93526840209961,40.05235097031492,38.98884136055754,39.3400927871912,22957200
2018-11-08,39.457176208496094,40.42311765262295,39.35960801987181,39.681586019922214,15609300
2018-11-09,38.15950393676758,39.018118196523304,37.47651540564343,38.92054627951239,26102800
2018-11-12,36.530086517333984,37.593596168467826,35.94466993149373,37.3106469277715,24822400
2018-11-13,36.93012619018555,37.798499557984464,36.530090609913636,36.74474511903115,25870500
2018-11-14,37.10575485229492,38.022912392945884,36.69596390842086,37.68141621772891,23706400
2018-11-15,38.94005584716797,39.19373535604748,36.70570947078023,37.02769117411442,30046100
2018-11-16,38.481475830078125,38.7449143810751,37.39845563862942,37.51553819841003,25445700
2018-11-19,35.93491744995117,38.36440056796899,35.77880237789755,38.24731798591695,31039100
2018-11-20,35.242164611816406,36.091023441120264,33.22247269186434,33.271256783643416,38728600
2018-11-21,35.495849609375,36.315435046777424,35.48609055734132,36.10078056589008,22728400
2018-11-23,35.51536560058594,36.58863060967453,35.04702785343268,35.05678690590853,11257800
2018-11-26,35.68122863769531,36.87157982329668,34.66650315888718,36.83255106134538,26569700
2018-11-27,36.10078048706055,36.539844777922355,35.14459809917694,35.21289657531236,21397300
2018-11-28,37.769222259521484,38.05217522498437,35.11532949273077,36.383734589166,42293700
2018-11-29,36.98867416381836,37.769231041424256,36.81304840110844,37.369195409026936,23631300
2018-11-30,37.62287139892578,37.69116987980083,36.042239842133895,36.83255562052984,28176000
2018-12-03,39.05714797973633,39.262047169323495,38.198537337802385,39.22301839778418,35830000
2018-12-04,35.98370361328125,38.901035332863145,35.827592254260026,38.598571668378,36616300
2018-12-06,36.75450134277344,36.764260396327536,34.27623398437304,34.793352163088386,37494400
2018-12-07,34.45186233520508,36.705720018244705,34.35429040222346,36.705720018244705,30619800
2018-12-10,33.95425033569336,34.851893391635365,33.69081173412304,33.98352377274885,33979700
2018-12-11,34.354286193847656,35.37876717173008,34.24695894170973,34.7250520497819,26238800
2018-12-12,35.154361724853516,35.7202677715029,34.53967529458238,35.066548845959254,26642500
2018-12-13,34.168907165527344,35.48609654110946,33.91522387770408,35.40804272161738,23825400
2018-12-14,33.368839263916016,34.58846055483408,33.2322422748514,33.603004467458554,28922100
2018-12-17,33.05660629272461,34.364040061313716,32.783408677057565,33.329800186404,30891000
2018-12-18,33.2810173034668,34.09084368429224,33.14442035166403,33.55421120707233,46135400
2018-12-19,30.646638870239258,32.763903036538714,30.510041902475724,30.89056309038506,106669600
2018-12-20,30.519798278808594,32.10042800194068,30.110005525477614,30.832020974490472,60427600
2018-12-21,29.5831298828125,31.2710850830205,29.378234425894444,30.91007827007131,54630500
2018-12-24,28.314720153808594,29.612396757884905,28.295205772154787,29.13430557332983,23771800
2018-12-26,30.1392765045166,30.158790889063926,27.70003426592525,28.626947060987618,45711000
2018-12-27,31.15399932861328,31.23205313769782,29.49531401320247,29.67093973612761,39858300
2018-12-28,30.802745819091797,31.495489612003034,30.6368772986633,31.222295715528222,29873400
2018-12-31,30.9588623046875,31.61258116553549,30.695423694076066,31.2125437229436,21392100
2019-01-02,31.95407485961914,32.276056637125485,30.002680975062248,30.24660521063186,26004300
2019-01-03,30.24660873413086,31.368661837257076,30.110011741817523,31.046680022242306,29145500
2019-01-04,31.90528678894043,32.23702385693752,30.783233956071097,30.89056120189192,28557300
2019-01-07,33.17368698120117,33.612751229761614,32.50045761473345,32.88097872282336,44841500
2019-01-08,32.92000961303711,33.749350352429886,32.01261134796668,33.71032158959106,33434100
2019-01-09,34.578697204589844,35.40804181258053,34.07133436395737,34.12012218712437,54147900
2019-01-10,35.03728103637695,35.07630981178768,34.2274544175432,34.40307646291371,24437400
2019-01-11,35.13483810424805,35.837340950773815,34.15914136051234,34.55917687656447,30469800
2019-01-14,33.827415466308594,34.07133973262575,33.427379818428015,33.876203297163165,34612000
2019-01-15,33.16393280029297,34.373794636004845,32.83219577011631,34.16889922024538,30633600
2019-01-16,32.763893127441406,33.49566556656189,32.71510532057703,33.21271266349173,24890900
2019-01-17,33.05660629272461,33.3688289489261,31.866255089714148,32.422401928697276,29398500
2019-01-18,34.89091491699219,35.310464826566275,33.23223338275543,33.398100047383984,44872400
2019-01-22,33.04685592651367,34.39331881150383,32.73463318825344,34.39331881150383,37021900
2019-01-23,33.40785598754883,33.84691651630943,32.62729566533563,33.281014376891065,31011600
2019-01-24,35.700748443603516,36.53008929015986,34.24695847690061,34.451857647286715,65094800
2019-01-25,38.013153076171875,38.35464924902896,36.588636392565256,37.16429775402116,61032300
2019-01-28,37.154541015625,38.01315163730547,35.75929410290871,36.05200243857198,44213000
2019-01-29,36.48130416870117,38.03266228963495,36.34470720693147,37.34967375879835,30331000
2019-01-30,37.310638427734375,37.8179973681502,36.67643416923404,37.36917783978934,32848100
2019-01-31,37.2911262512207,37.87654273825288,36.37396904035311,36.71546509277792,34130500
2019-02-01,38.63759994506836,38.8912832509175,37.300896089134454,37.378953636161484,36839900
2019-02-04,38.51076126098633,38.64735824362353,37.57408932492377,38.58881508449817,30851500
2019-02-05,38.41318893432617,39.349860860762256,38.218048794569135,38.286351007174396,25094000
2019-02-06,40.51093673706055,40.9402420437677,39.38888378550061,39.41815722417701,47472600
2019-02-07,38.42293930053711,40.0523510968041,37.96436063409629,39.81818595963397,40396400
2019-02-08,37.64238357543945,37.83751995393464,36.53984517140001,36.88133755575443,35573200
2019-02-11,37.64238357543945,37.92533281305261,36.452032312282036,37.6618942356987,30356500
2019-02-12,39.41815185546875,39.77915862607623,38.28634372649328,38.432696011988696,43587900
2019-02-13,40.66704559326172,41.25246222292379,39.808431310700946,39.85721540950809,50101700
2019-02-14,41.20367431640625,42.11107261391975,40.30603507094522,40.38408887742592,41759200
2019-02-15,40.969512939453125,41.36954850464193,40.413362302982684,41.24270687021968,28968400
2019-02-19,40.940242767333984,41.457364677221406,40.49142306757306,40.68656320024821,25575900
2019-02-20,41.18416213989258,42.20864306298676,41.10610832923173,41.28173405570365,28048700
2019-02-21,40.52069091796875,41.8281249080731,40.41336366384262,41.4378483826915,24048800
2019-02-22,41.5354118347168,41.5354118347168,40.81339829821646,41.05732249443725,22834300
2019-02-25,41.711036682128906,42.920902307776394,41.662252588301754,42.74527659240841,25233700
2019-02-26,41.91593551635742,42.10132029875174,41.26222041756591,41.32075984612152,18051500
2019-02-27,40.315792083740234,41.72079415692618,40.013324731281855,41.584197198392715,29522200
2019-02-28,39.88648986816406,40.149928474857006,38.83273544139228,39.22301568582367,25777900
2019-03-01,40.56947326660156,41.5256556494591,40.110894596113276,40.6280126904169,26755800
2019-03-04,40.06211471557617,41.12562444992744,39.65232009583211,40.86218584908944,27047800
2019-03-05,39.01811981201172,39.68159026521565,38.54978203494461,39.2717993627672,28798800
2019-03-06,37.008182525634766,38.49124221262059,36.608146958367996,38.422943729574186,44890400
2019-03-07,36.91061019897461,37.37894419690287,36.23737705283767,36.62765724543844,31567800
2019-03-08,37.710697174072266,37.8765639067023,35.681245270431354,35.99346806760852,34080900
2019-03-11,38.081451416015625,38.588814285294966,37.88631500028311,37.96436882217841,25164700
2019-03-12,38.29609298706055,38.44244897134741,37.88630218623698,38.21803546957761,18623500
2019-03-13,37.886314392089844,38.75468408292055,37.70092958933599,38.442461356374416,22786300
2019-03-14,37.47651672363281,38.66686809911228,37.408218240317254,37.79849847811032,19757300
2019-03-15,38.579044342041016,38.87175257676926,37.49602052375807,37.642376502115766,30702000
2019-03-18,38.6473503112793,39.42790699613214,38.19853068273739,38.63759125910046,22296600
2019-03-19,39.38888931274414,40.05236361202252,38.9205551700751,38.95958394579474,32407300
2019-03-20,39.15471267700195,39.759643636181124,38.657105236751285,39.515719442094124,41714400
2019-03-21,42.920894622802734,43.13554534160663,40.637764453800486,40.686548538892865,84985400
2019-03-22,40.6085090637207,42.42330612240403,40.54021056985531,42.413550789847015,46605600
2019-03-25,39.56450653076172,40.95975332429087,39.086417158482504,40.335307935688085,34516000
2019-03-26,39.340091705322266,40.6377701378113,39.12543723450751,40.16943243385408,24689600
2019-03-27,38.27658462524414,39.85721238289508,38.06193014040699,39.398637422544645,26856700
2019-03-28,38.3839225769043,38.96933932544515,38.07169981475065,38.44246574055395,24584500
2019-03-29,40.32554244995117,40.51092346488809,39.242518623454,39.27178833055269,35716900
2019-04-01,41.22318649291992,41.72079018332558,40.70606842144122,41.24270087399295,28073000
2019-04-02,41.4085693359375,41.7500654366266,40.73533990850299,41.057321627268045,21438100
2019-04-03,42.833099365234375,43.76000852847756,42.4916031854181,42.4916031854181,39097200
2019-04-04,41.8476448059082,42.27695387897257,41.2231993054387,41.33052657370479,37038400
2019-04-05,42.267189025878906,42.481843532963175,41.68177237999779,42.24767464141777,21119400
2019-04-08,41.857391357421875,42.09155648915704,41.096345374313415,41.15488851824104,24546800
2019-04-09,40.70606994628906,41.564680413740305,40.26700566066755,41.506140990315934,29055900
2019-04-10,41.1451416015625,41.408580243951484,40.50118171638567,40.67680747797833,23252200
2019-04-11,41.25245666503906,41.69152093912518,41.10610438833546,41.17440286186134,18163900
2019-04-12,40.98903274536133,42.15011465411396,40.79389630670383,41.80861844248537,21740400
2019-04-15,40.80364227294922,41.203677835547225,40.198711263603286,41.14513468419576,16932300
2019-04-16,41.72079849243164,41.886668903593325,41.057328013749974,41.23295003440888,19337500
2019-04-17,42.101322174072266,42.97944713941349,41.72079726157067,42.30621762711973,22092000
2019-04-18,42.345245361328125,42.47208327374156,41.75006967912234,42.15010524424601,16193600
2019-04-22,42.345245361328125,42.51111204155562,41.49638641031915,42.091562092524924,19447900
2019-04-23,41.730552673339844,42.4135411792219,41.681768577631395,42.31596926581708,21489400
2019-04-24,41.98423385620117,42.345244367022076,41.350033143061125,41.77933841297076,19637000
2019-04-25,41.711036682128906,43.564862023463085,41.652493536343655,42.559891825082325,28346200
2019-04-26,41.07683181762695,41.25245753094787,39.77915707140876,40.48165992469244,26092400
2019-04-29,41.08659744262695,41.57444589723523,40.71583157496793,41.10611182744989,13452800
2019-04-30,41.037811279296875,41.330519592954744,40.569477233046655,40.842671162862246,16342700
2019-05-01,40.88169860839844,41.88666515085132,40.87193955579884,41.39881673653625,17673300
2019-05-02,41.52565002441406,42.150095273775776,40.6182518583143,40.97925857022893,17046800
2019-05-03,42.27695083618164,42.325734939521794,41.379307702371044,41.45736524530609,16577000
2019-05-06,41.106101989746094,41.26221330897992,40.00356370403926,40.393843863117546,25776000
2019-05-07,39.281551361083984,40.9109669454975,38.76443325034808,40.667042746548425,35094100
2019-05-08,38.78395080566406,39.50596813129337,38.618084123363985,38.89127805749974,26190100
2019-05-09,38.315616607666016,38.66686807708201,37.27162125245081,38.1497462040026,27844400
2019-05-10,37.99363327026367,38.33512939440572,36.734987186618866,38.06193175069448,30368100
2019-05-13,36.471553802490234,37.05697049604366,36.15933106966327,36.45203941643998,33092100
2019-05-14,37.57408142089844,37.67165333224896,36.49106111981652,37.095992082238354,24004000
2019-05-15,37.47651672363281,37.75946970993338,36.84231226771614,36.97891295633544,17532300
2019-05-16,36.403255462646484,37.06672970314094,36.19835626926689,36.76426230109569,29479200
2019-05-17,35.18362808227539,36.37397565186932,34.929944828993385,35.72026057992711,31096300
2019-05-20,33.778621673583984,34.34452759575715,33.495672434485265,33.905463297862084,34489500
2019-05-21,34.77383804321289,35.008006944448276,34.295748631090426,34.43234560598256,32501300
2019-05-22,33.88595199584961,34.58845493634139,33.788383797220504,34.34453071778043,20902400
2019-05-23,32.99806594848633,33.0761234801529,32.158966093010505,33.0663644277006,32186700
2019-05-24,33.17368698120117,33.52493838004953,32.77365149295442,33.329798300468504,19706000
2019-05-28,32.13945770263672,33.47616526675201,32.08091826495982,33.320053896299186,26758400
2019-05-29,32.480953216552734,32.60779114357063,31.38816992386218,31.534525959022627,28796100
2019-05-30,32.510223388671875,33.485920378060555,32.227270368471885,32.61755065302281,20957600
2019-05-31,31.817481994628906,32.6858517899481,31.72966910959725,31.807722939631535,18607300
2019-06-03,31.895526885986328,32.412648718245165,31.680876122055917,32.14921013697849,21174500
2019-06-04,33.65178680419922,33.72008528758417,32.295565023583904,32.54924829500359,25076000
2019-06-05,32.52973556518555,34.53967256669676,32.237027232651855,34.34453243767817,27070300
2019-06-06,32.656578063964844,32.99807050721382,32.13945615020263,32.45167887602698,21088100
2019-06-07,33.16393280029297,33.20295783997032,32.412645887187374,32.73462386595401,21430400
2019-06-10,34.090850830078125,34.67627124592715,33.681059888773525,33.75911371102692,21728000
2019-06-11,33.99327850341797,35.11533137303179,33.90546563777873,34.92994658891111,19208600
2019-06-12,32.15896987915039,33.271263782435874,31.934560032170726,33.183450909966574,28746500
2019-06-13,32.568756103515625,32.82243560172951,32.207745653382005,32.27604784496501,16586700
2019-06-14,31.86625862121582,32.04188435004092,31.456467735282644,31.661363178249232,19715000
2019-06-17,31.6418514251709,32.051642345169455,31.358898424988066,31.749178681929106,20050000
2019-06-18,33.45664596557617,34.04206258828222,32.10042793611627,32.10042793611627,33727300
2019-06-19,33.115150451660156,33.84692310468555,32.89074061803762,33.84692310468555,20436400
2019-06-20,33.320045471191406,34.40306573624324,33.19320385164944,33.99327488816758,21691500
2019-06-21,32.44192123413086,33.066366641314815,31.934558410296844,32.880985574178396,38858200
2019-06-24,32.38338088989258,33.25175431417945,32.217514192594486,32.393139943844545,27306000
2019-06-25,31.885766983032227,33.05660371342505,31.81746851494149,32.5394819553257,39590500
2019-06-26,36.13981628417969,36.69596325350523,34.832382209171385,34.99824890578248,100271600
2019-06-27,37.144779205322266,37.39846247352848,35.62269076204937,35.95442784371187,51612400
2019-06-28,37.65214157104492,38.442457359054806,37.12526437903833,38.403428591797706,61402700
2019-07-01,39.135196685791016,40.69630997496745,38.774189935541656,40.15967751443728,60928000
2019-07-02,38.63759994506836,39.05714995536689,38.08145294946124,38.65711433182512,29774500
2019-07-03,38.627830505371094,38.80345620005275,38.21803597711811,38.657100213822254,13479700
2019-07-05,38.461971282958984,38.598571979945035,37.85704022711731,38.00339625575101,18408000
2019-07-08,39.427913665771484,39.62305380049163,37.99363795586516,38.0814508303898,28148500
2019-07-09,40.34507751464844,40.4036206862504,39.105945352650295,39.154729467990556,28254700
2019-07-10,41.857391357421875,42.93065627551468,41.01829157106424,41.20367261052022,51625500
2019-07-11,42.42329025268555,42.48183339209409,41.40856483486173,42.16961075922328,30392400
2019-07-12,43.42827224731445,43.6136570611587,42.30622291978565,42.68674415790362,33257800
2019-07-15,43.32094192504883,44.16979714819712,42.64770871187248,43.603891184772834,26623300
2019-07-16,42.013511657714844,43.028233648569596,41.88667001311233,42.97944954587277,31238900
2019-07-17,42.31597137451172,42.686737219950246,41.564684352802026,41.954964581893954,19539300
2019-07-18,43.58438491821289,43.83806823250737,42.442821169854206,42.55014843959504,26456600
2019-07-19,44.413726806640625,44.88206090861362,43.54535709327475,44.033205581411856,39328400
2019-07-22,46.04314041137695,46.27730933068602,45.184529725217345,45.369910816595024,46042800
2019-07-23,45.80896759033203,45.9943486508578,45.10646467130707,45.64309719134532,29354400
2019-07-24,46.82369613647461,47.05786130950043,45.68212882151171,45.808970461393876,33169900
2019-07-25,46.609039306640625,47.51643768143133,46.43341357461738,47.22372936872197,28127800
2019-07-26,46.335845947265625,46.96029134791804,45.945565710863775,46.77490656073248,19676200
2019-07-29,45.682125091552734,45.8284811042351,44.73569797937961,45.73090918845085,21939500
2019-07-30,46.30656814575195,46.52122262774015,45.07719184433733,45.740665950493735,21301600
2019-07-31,43.799034118652344,45.65285975440523,43.35996976050156,45.57480221429471,34493900
2019-08-01,42.54037094116211,44.84301554894379,41.79884315115833,43.90634769146937,37906500
2019-08-02,43.00871276855469,43.33069074746008,41.193916292217224,41.60370712391274,31954100
2019-08-05,40.92072296142578,41.476869846589125,40.354820745815694,41.369546323723114,35172900
2019-08-06,41.584197998046875,42.14034489533513,40.67679964521066,41.63298209532008,26857000
2019-08-07,40.73534393310547,41.906180910310916,39.71086297379625,40.98902347920571,35604600
2019-08-08,41.593963623046875,41.72080155160154,40.65729168625073,41.06708635647191,18567500
2019-08-09,40.51093673706055,41.21343971347987,39.87673224757217,41.01829958425357,22900300
2019-08-12,41.106101989746094,41.369540538825824,39.97429399480399,40.05234779342719,23969200
2019-08-13,43.09652328491211,43.98441089277316,41.47686684292375,41.58419408000531,33040200
2019-08-14,41.01829528808594,42.10131935596933,40.64752945358802,41.83788076740407,24657200
2019-08-15,41.213436126708984,41.52565881750323,40.491418828004754,41.31100432183666,16104000
2019-08-16,42.49160385131836,42.81358564973485,41.5159068456762,41.60371972506354,17914100
2019-08-19,43.91612243652344,44.2673739688715,43.26240720175587,43.58438529174902,22613400
2019-08-20,43.15507125854492,43.87708856571631,42.96969019683313,43.760002263804346,13191000
2019-08-21,43.09652328491211,43.90635336690014,42.833088440059875,43.72097232593324,14973800
2019-08-22,43.691707611083984,44.34542649375827,42.97944929431152,43.41851365999001,20599000
2019-08-23,41.91593551635742,43.87708825670812,41.62322720761514,42.82333387885018,27519900
2019-08-26,42.374515533447266,42.706252619470106,42.11107693084193,42.6769829042878,12282800
2019-08-27,41.4085693359375,42.735517530870254,41.320756478273196,42.64770467320594,19122100
2019-08-28,42.101322174072266,42.20864570520076,40.74510037431048,41.07683746485848,11545700
2019-08-29,43.58438491821289,44.12102126691705,42.842856806713506,42.92091435633914,18674100
2019-08-30,44.1697998046875,44.813759619941216,43.95514529227348,44.02344377858915,16391500
2019-09-03,43.896602630615234,44.228339706314046,43.35996638905239,43.51607773514665,17108100
2019-09-04,45.672367095947266,46.345596526629,45.27233156954429,45.32111566359582,26978100
2019-09-05,47.83841323852539,48.43358888609389,46.726119474473805,46.735878526853455,33075500
2019-09-06,47.779869079589844,48.29698714485224,47.51643052125214,47.67254184597216,19565700
2019-09-09,47.935977935791016,48.78483298761912,47.672539391019384,48.336013417409994,19474400
2019-09-10,48.18967056274414,48.726303127458515,47.32130089442642,48.17015617759237,23111300
2019-09-11,49.25318145751953,50.141065530763285,48.62873600670922,48.804361754998176,31012900
2019-09-12,49.214141845703125,49.87761592153947,48.88240480778495,49.565393264909154,19671300
2019-09-13,49.27269744873047,49.71176183376044,48.84339211780594,49.282452780847315,14733000
2019-09-16,48.93119812011719,49.01901098478572,47.82865964638737,48.326263398183684,17495300
2019-09-17,49.60443115234375,49.67272963842108,48.7165471113501,48.96047133933724,13776500
2019-09-18,49.25318145751953,49.92641101130156,48.482379975805586,49.76054431680003,15247100
2019-09-19,48.609214782714844,50.053245615062664,48.540916303765066,49.926403987589666,16633600
2019-09-20,47.96525955200195,49.223909448821395,47.5847383557515,49.11658219408649,23195000
2019-09-23,48.394569396972656,48.97023077211436,48.277486799889715,48.33602995942551,16198500
2019-09-24,47.331058502197266,48.68728042055434,46.88223878808757,48.531169053821024,24959000
2019-09-25,48.26771926879883,48.49212907398738,46.69684691049126,47.29202252172458,23571800
2019-09-26,47.41886520385742,48.53116273422914,46.96029021741124,48.17991127432103,33341000
2019-09-27,42.15985870361328,44.80399619283033,41.867150401978314,44.78448553177759,75941400
2019-09-30,41.8086051940918,42.413539872601895,41.545170340984136,41.954961198696324,31423100
2019-10-01,41.27198028564453,42.28670600802919,40.735347706956574,42.0525371020987,28087300
2019-10-02,40.95975112915039,41.63298057978487,40.74509664257654,40.80363979036611,26408500
2019-10-03,42.40378952026367,42.4330629603831,40.74510392305833,40.97927283407085,23627100
2019-10-04,43.4672966003418,43.53559508628939,42.23792013129676,42.64771104698232,21860000
2019-10-07,43.086769104003906,43.64291596372096,42.98920091604883,43.22336605593612,14911600
2019-10-08,41.60370635986328,42.77454313490003,41.58419197938079,42.54037429109768,20664600
2019-10-09,41.83788299560547,42.32573143256266,41.789098896307394,42.13059131338215,12784000
2019-10-10,42.228172302246094,42.72577994297357,41.574456985277415,41.82813661165603,15572600
2019-10-11,44.00393295288086,44.70643597979321,43.20386171533674,43.31118898022487,27483700
2019-10-14,43.76976013183594,44.228338830274446,43.711216982464634,43.867328325466765,12443300
2019-10-15,45.33087158203125,45.418684441258975,43.94538393864702,44.1112506049728,17767700
2019-10-16,44.06247329711914,45.41869143698492,43.98441947799865,44.872303537176215,16646900
2019-10-17,44.39421081542969,44.999141876691965,44.17955629737372,44.65764943613789,11718700
2019-10-18,42.413536071777344,43.88683642788982,42.17936722979234,43.740484158388234,26215300
2019-10-21,44.12100601196289,44.19905981261239,42.85259732302379,42.891626084342306,15473700
2019-10-22,43.57462692260742,44.58935267379661,43.5355981501797,44.199072393496586,13802400
2019-10-23,43.57462692260742,43.73073829032971,42.88188296096405,42.979451170044754,13959200
2019-10-24,45.955322265625,46.01386541924068,44.47226626057726,44.784488969217655,25760200
2019-10-25,46.86272048950195,47.09688938104581,45.7796963448396,46.13094782116126,19855300
2019-10-28,47.50667953491211,47.56522268736616,47.05785986539567,47.32129846845659,15240000
2019-10-29,46.94078063964844,47.97501701972045,46.89199653677516,47.614010192072016,12183600
2019-10-30,46.71636199951172,47.16518161668543,46.11142732733382,47.04809904742007,12932800
2019-10-31,46.394386291503906,46.71636805117809,45.33087653444072,46.130947685040006,15445800
2019-11-01,47.204219818115234,47.36033118234345,46.10168121463491,46.32609106808869,18311700
2019-11-04,48.38480758666992,48.68727495412579,48.05307050435929,48.18966746966576,16021500
2019-11-05,47.49692153930664,48.51164712632266,47.42862305960249,48.41407521103958,13682600
2019-11-06,46.521217346191406,47.12614823713116,45.965070544168384,46.97979597038097,21803600
2019-11-07,47.223724365234375,47.887198455472294,46.8334441749811,47.34080693351526,19253600
2019-11-08,46.04314041137695,46.84321165920082,45.80897521405659,46.40415098372796,18518800
2019-11-11,45.13573455810547,45.604072320570744,44.73569899924029,45.58455793696902,14635900
2019-11-12,45.76019287109375,46.52123537468829,45.54553833028961,45.66262093346057,15170700
2019-11-13,45.174766540527344,45.418690769927586,44.696677135216355,45.36990666844521,15423600
2019-11-14,45.66261291503906,45.691886352182976,44.65764632681845,44.99913874359588,11797400
2019-11-15,46.550498962402344,47.34081480416474,46.18949214569089,46.44317170613961,17859200
2019-11-18,46.65782928466797,47.23349065173304,46.31633683047199,46.78467093422159,12631200
2019-11-19,45.447959899902344,47.00907333127367,45.155247874780706,46.94077485127542,18384000
2019-11-20,44.46250534057617,45.36990371258696,44.130768261325045,45.02841130247027,24660700
2019-11-21,44.44300079345703,45.057690989705016,43.94539692543939,44.19907652596057,14192900
2019-11-22,44.755218505859375,45.252826039693076,44.638135912834954,44.813761663365845,11253700
2019-11-25,46.365108489990234,46.394378200496725,44.823505888863465,44.9796172148774,18803600
2019-11-26,45.58456039428711,46.51146947241325,45.40893465439223,46.49195880974787,12849300
2019-11-27,46.989559173583984,47.09688642037846,45.965078246706945,46.19924340154214,15409400
2019-11-29,46.3553466796875,46.78465559216648,46.28704821124537,46.77489654125338,7343600
2019-12-02,45.262577056884766,46.78466550906066,45.22354828893427,46.413899657507265,16053800
2019-12-03,44.130760192871094,44.29663056316454,43.467286155672205,44.023432963031944,20321400
2019-12-04,45.174766540527344,45.46747487140996,44.61861959525386,45.05768395257197,16921700
2019-12-05,45.48699188232422,46.248038052939584,45.125985044128,45.574804758857205,13003800
2019-12-06,46.76515197753906,47.155432220181886,46.16997628240347,46.28705886640102,20468100
2019-12-09,45.32111358642578,46.609032964694265,45.301599205302,46.41389287544409,16540500
2019-12-10,46.30656814575195,46.75538776992016,45.58455461504445,45.896777285943024,19263100
2019-12-11,48.06283187866211,48.140889424073876,46.53098790884813,46.589531067906954,22081300
2019-12-12,49.73127365112305,50.082525141003195,48.121372229835174,48.160401000263725,36590800
2019-12-13,49.95568084716797,51.04846030725937,49.46783240866435,49.78005511154761,30039700
2019-12-16,51.65339279174805,52.98034117757715,51.40946856558794,51.477767051153705,38629600
2019-12-17,51.71193313598633,52.68762998760871,51.37044072671374,52.67787465676726,28344800
2019-12-18,51.75095748901367,52.41443158928214,51.09723871875454,51.71192872500075,39099100
2019-12-19,53.204750061035156,53.94628177952379,52.59006370201092,53.67308412019143,55792900
2019-12-20,53.72187423706055,54.570729522918974,53.30232425993765,53.56576287733959,44285000
2019-12-23,54.05361557006836,54.74635955039583,53.79993226443463,53.88774514377112,23693800
2019-12-24,54.0731201171875,54.28777462505564,53.70235797703671,54.102393554980246,8621900
2019-12-26,53.770652770996094,54.29752995124034,53.575512661055114,54.10238984129936,13537400
2019-12-27,52.7169075012207,54.18045299517565,52.5803105173031,53.89750369505574,17176700
2019-12-30,51.91682052612305,52.5705392507127,51.380188085392376,52.46321201816906,15271500
2019-12-31,52.47296905517578,52.59005534284522,51.49727232318969,51.62411394050443,13296400
2020-01-02,54.04384994506836,54.141421866906526,53.185235642833725,53.516972733107,20173200
2020-01-03,53.204750061035156,53.965796163903825,52.68763190192289,52.84374325497498,16815800
2020-01-06,52.26807403564453,52.82422087938337,51.868038521341376,52.44369974650813,18768700
2020-01-07,56.85385513305664,56.980696764010865,54.014577486544425,54.03409186992108,49908200
2020-01-08,56.12208938598633,56.97094469600675,55.673269679261836,56.67823635344679,29730800
2020-01-09,55.91718292236328,57.05874635045692,55.10735282114449,56.90263501699144,22376100
2020-01-10,55.29273986816406,56.10257005728441,54.90246335313239,56.07330034220379,19122800
2020-01-13,56.05379104614258,56.375769107219874,55.478129691379145,55.62448200205482,16163000
2020-01-14,56.12208938598633,56.88313182103991,55.08784927215342,56.39528334277715,26454300
2020-01-15,54.80489730834961,55.73181017915215,54.48291924197989,55.643997302507934,21638600
2020-01-16,56.27820587158203,56.434317249953025,55.38056265445717,55.41959142954713,22732700
2020-01-17,56.25868225097656,56.70750192488519,55.62447778681001,56.60993372516184,20549200
2020-01-21,57.53684616088867,57.74174161225571,55.878160721752195,55.975728920882716,24821700
2020-01-22,57.73198318481445,58.78573761238755,57.419760477827225,58.073479329448666,22604400
2020-01-23,57.761253356933594,59.088201647604535,57.5953829596057,58.863791822268716,26146100
2020-01-24,56.35625076293945,58.5613278199916,55.8488916551811,58.54181343554116,28555300
2020-01-27,54.06336212158203,54.629268079168035,53.29256071948582,53.80968257913912,27310100
2020-01-28,55.09760284423828,55.400066488595705,53.897496153752044,54.882948344122845,18544900
2020-01-29,53.95603942871094,55.80010602898258,53.94628409709594,54.62927269178614,19278300
2020-01-30,53.692596435546875,53.731625202802995,51.92658752007037,52.86325560228877,30783800
2020-01-31,51.79974365234375,53.85846451142011,51.41922249298612,53.80968041544902,28550800
2020-02-03,52.47296905517578,52.794950763285264,51.71192679526268,51.9558509782592,20471900
2020-02-04,54.15117263793945,54.65853542280735,53.60478108762297,53.946277202316246,19998600
2020-02-05,55.39030838012695,55.86839773297081,54.46339566573088,55.63423258275814,19795300
2020-02-06,57.25389099121094,57.73198035951847,56.0147555551265,56.66847437475615,23358700
2020-02-07,55.49763107299805,56.59041036900154,55.39030383712502,56.56114065812258,20891100
2020-02-10,55.936702728271484,55.94645805918936,54.83416423514428,54.931732432275616,15929000
2020-02-11,55.85863494873047,57.409992819330164,54.96099578938345,56.47332489949307,26776900
2020-02-12,57.82954788208008,59.702883889959004,57.46854112010112,57.60513807209382,47180800
2020-02-13,57.88809585571289,59.156501015409425,57.42951714550419,57.575869439706814,23679700
2020-02-14,57.0782585144043,59.088195111408275,56.844089662311674,58.697914931916436,20920200
2020-02-18,56.346492767333984,56.62944574550336,55.243954290942035,55.68301861534486,21513200
2020-02-19,58.53205108642578,58.78573060988925,57.136804402407144,57.15631878451784,23335500
2020-02-20,57.566123962402344,58.53206564622617,56.2879595311178,58.424738378913666,20797100
2020-02-21,55.60496139526367,57.30267171625324,54.53169269894852,57.205103526582704,27038900
2020-02-24,53.6730842590332,54.11214860374932,51.33141395719436,52.01440252430962,33321100
2020-02-25,50.83380126953125,54.102387749180664,50.297168779435935,53.507212111770485,41894200
2020-02-26,51.09724426269531,52.95106981257936,50.61915487862265,51.37044191843932,28075600
2020-02-27,49.350746154785156,51.565574625499124,48.77508489129006,49.39953025060923,36349200
2020-02-28,51.282623291015625,51.6338709998274,47.21396584690453,47.467649090032104,40121300
2020-03-02,53.26328659057617,53.36085477835496,50.83380000621122,51.907068681716886,33272700
2020-03-03,50.541099548339844,54.05361068218643,49.85811096214842,53.27305017111717,36893200
2020-03-04,53.94628143310547,54.03409430125764,50.94113325366504,51.73144906703461,28222000
2020-03-05,52.4144287109375,54.258494906421234,52.043662917150996,52.15099015129874,26223000
2020-03-06,50.2191162109375,51.89731220017667,48.78484070322649,50.931374438566046,30313700
2020-03-09,44.852783203125,47.41886311393528,43.82829858288307,44.374690132212905,31260800
2020-03-10,46.69684982299805,47.087126312976864,44.18930932437966,46.97980279057455,31652900
2020-03-11,42.657470703125,45.19428121642092,41.80861169951666,45.077198627711915,38483800
2020-03-12,37.866790771484375,41.5061390643396,37.07647509403804,38.442451981034466,40117200
2020-03-13,41.94520950317383,41.974479217835814,37.417972962051195,40.559718031359246,35264800
2020-03-16,33.63227462768555,38.188777539394856,33.61276024229634,36.44227912793944,36879100
2020-03-17,36.471553802490234,38.17902350100771,33.19321138581849,34.62748712360952,34869000
2020-03-18,33.846923828125,35.67147969516429,30.37344341526778,33.427373866997314,36519000
2020-03-19,35.40803909301758,36.393491260295654,32.832200039946116,33.81765220722419,31015200
2020-03-20,35.232421875,37.652150167578014,34.96898321884983,36.85207886608,37667400
2020-03-23,37.320411682128906,38.51076325884369,34.82262592636326,36.09103505262797,45286000
2020-03-24,42.2183952331543,43.34044416715606,40.14016029002074,40.803634321424994,45588000
2020-03-25,41.46712112426758,43.78928094938336,39.05714842318557,42.842853699746094,54091000
2020-03-26,43.70146179199219,44.63812985300768,42.27694531728262,43.80878903852297,62450700
2020-03-27,42.42329025268555,44.17954349308069,41.281726949124284,42.19888046793386,39791500
2020-03-30,43.43802261352539,44.462503524007204,42.10131902026794,43.09652649537281,33763900
2020-03-31,41.037811279296875,44.07222538800219,40.891455261473865,43.3209420810093,36723700
2020-04-01,38.920555114746094,41.27198487967293,38.3741671434034,39.5645150252492,37452800
2020-04-02,40.09138488769531,40.579233326960534,38.55954108616158,38.82297969000338,31457700
2020-04-03,40.21821975708008,40.8426650587544,39.564501023023304,39.97429557848932,28522400
2020-04-06,45.243064880371094,45.55528759523244,42.286704420657756,42.29645975212727,37899100
2020-04-07,45.408935546875,47.19445897491513,44.9210870869094,46.92126502837068,34646400
2020-04-08,47.11640167236328,47.50667817828069,45.6626117315028,45.93580937983189,27694400
2020-04-09,45.00889587402344,48.5994605112854,44.247849814589976,48.101853042964905,39799400
2020-04-13,45.04792404174805,45.26257855057131,43.31118475250753,43.80879225532724,30449900
2020-04-14,46.462684631347656,47.204216348417546,45.486987746141764,45.85775360467671,25738000
2020-04-15,45.30160903930664,45.526018887963225,44.53080756653723,45.27233932226096,22389400
2020-04-16,44.42348098754883,46.05289683113653,43.574625682344106,45.87727108219921,26589000
2020-04-17,44.58934783935547,45.750425778279975,43.76000326413379,45.64309852673461,23388300
2020-04-20,42.345245361328125,43.984416389636834,42.24767344179299,43.438024806204545,30463300
2020-04-21,40.403602600097656,42.02325906950605,40.18894812230052,41.954960594204735,32482200
2020-04-22,42.84284973144531,43.12580271912682,41.711041502707516,42.0622929740379,21346600
2020-04-23,42.70624542236328,43.63315804080554,42.364749340838465,42.75502951344181,22273100
2020-04-24,43.086769104003906,43.2428804379247,41.93544662059265,42.735517672185175,16581800
2020-04-27,44.17955780029297,44.286885062972054,43.496572895950735,43.906363838556075,16667200
2020-04-28,44.208824157714844,46.530979904419844,44.17955072222684,45.08694906060723,25234900
2020-04-29,48.618980407714844,48.92144407767032,45.20404111062351,45.44796534613003,35743000
2020-04-30,46.72612762451172,48.37505789741445,46.218764749925384,48.27748596653905,28585400
2020-05-01,43.964900970458984,45.77969396722049,43.438023783340455,45.23330611864252,28194000
2020-05-04,43.37948226928711,43.603892104416175,42.550141412419336,43.11604366579085,21377100
2020-05-05,44.3063850402832,45.808958785163576,44.01367678761508,44.34541379983559,21007500
2020-05-06,44.96011734008789,45.97483934157791,44.80400225464028,44.95035828625317,22011900
2020-05-07,45.45772171020508,46.34560579873284,45.21379746915911,45.97483991018618,16372100
2020-05-08,47.077369689941406,47.28226512070344,46.14070167332535,46.14070167332535,17437100
2020-05-11,47.028587341308594,47.54570546347499,46.287055675799216,46.579767698598594,17353500
2020-05-12,44.57958984375,47.379842615442385,44.53080574334172,47.340813846320444,26738900
2020-05-13,42.47209167480469,44.76498199057847,41.90618931751693,44.755222935700516,35117500
2020-05-14,44.618621826171875,44.667405930093445,41.47687640337412,42.013512712477,27543500
2020-05-15,43.3306999206543,43.69170673766728,42.189136314699034,42.22816136265488,28803900
2020-05-18,44.80399703979492,45.02841058801159,43.85757363735049,44.716187897433706,20307800
2020-05-19,44.0234375,45.106461517100364,43.9258693111751,44.66739722341267,17389500
2020-05-20,45.50650405883789,45.8967843182538,44.96987149363232,45.379662416229465,17876500
2020-05-21,44.12100601196289,45.438195069568835,43.672182700775,45.369896598255195,17445300
2020-05-22,43.847816467285156,44.20882699288135,43.164831628564194,44.052715640889666,13385400
2020-05-26,44.68690872192383,45.55527820118804,44.3454163610854,45.09670327691752,24303900
2020-05-27,48.248207092285156,48.375048717358354,42.833090642936,44.833268321453886,56071500
2020-05-28,45.34062576293945,47.604241755406754,44.950345603415805,47.51642890561331,38289300
2020-05-29,46.745635986328125,46.85296323546494,45.08695059509575,45.486986155158725,26337000
2020-06-01,45.21379470825195,46.511469655942015,45.19428032352127,46.335847637342454,21809100
2020-06-02,45.682125091552734,45.711394805294,44.46250405915975,45.36014707443476,23035600
2020-06-03,47.73109817504883,48.21894670286571,46.29682603421965,46.87248744592312,34662100
2020-06-04,49.97519302368164,50.71672097977516,47.41886463901754,47.672547900146306,34830800
2020-06-05,52.4144287109375,53.48769360843978,51.31189038103919,51.380188853317286,34110700
2020-06-08,52.39491653442383,53.312070145022666,50.96064111226412,53.17547319471941,22850600
2020-06-09,51.8582878112793,52.199780211719634,51.17529928841059,51.37043939808565,17840800
2020-06-10,51.1948127746582,52.00463919093795,50.316684157499004,51.63387336124985,18766700
2020-06-11,47.34081268310547,49.84835334675861,47.028589981778175,49.19463450698772,29897600
2020-06-12,47.50667953491211,49.2531778355818,46.20900462574706,49.06779676912628,24293600
2020-06-15,48.043312072753906,48.521401420471314,45.95531779415023,46.20900104647973,18092300
2020-06-16,49.78005599975586,50.882594532602944,48.648247751112535,49.91665296945601,20987200
2020-06-17,49.721519470214844,50.258152089237825,49.31172850652089,50.05325660739085,13905100
2020-06-18,49.25318145751953,49.799573087972796,48.804361754998176,49.272695843105915,13220200
2020-06-19,49.594669342041016,51.46800538170236,49.51661181272787,49.91664734548812,28081500
2020-06-22,49.90690231323242,50.150826559686166,49.01901820502032,49.85811448635077,15952200
2020-06-23,48.628726959228516,49.65320781898157,48.3652883858084,49.45806772141247,23194200
2020-06-24,47.11640167236328,48.88241058476483,46.85296307682528,48.44334998085626,19346500
2020-06-25,47.99453353881836,48.11161985730536,46.13095243910302,47.06762437705579,14971900
2020-06-26,47.311546325683594,48.15064256880883,46.97005016300397,47.95550615812156,16929700
2020-06-29,47.95549392700195,47.95549392700195,46.42365041747743,47.506670619724304,24666200
2020-06-30,50.26789474487305,51.19480736006487,49.73126230091596,50.52157425078433,47852100
2020-07-01,48.492130279541016,50.306926869734454,48.40431742124173,50.26789810560415,25218400
2020-07-02,48.618980407714844,49.5166198078244,48.27748424481264,49.27269557231787,18562400
2020-07-06,49.68248748779297,50.18009502241914,49.25318216469405,49.51662079090993,16321000
2020-07-07,47.8969612121582,49.360506569561295,47.81890367320898,49.292208083974884,19797900
2020-07-08,48.50188446044922,48.54091322365484,47.770111899288594,48.35553218140973,15311900
2020-07-09,48.76533126831055,49.16536685378734,47.54571012698029,48.63848962745546,18510800
2020-07-10,49.46782684326172,49.47758217325945,48.19942179025251,48.794593691796706,18128700
2020-07-13,48.25796890258789,51.00943392679282,48.179915084207266,50.06301044274312,23296400
2020-07-14,48.50188446044922,48.57994198686046,46.78465982126688,47.88719818890545,17455200
2020-07-15,49.28244400024414,49.41904467946215,48.209179003161054,48.98973570303857,15911400
2020-07-16,48.88240432739258,49.06778908681148,48.033549220645256,48.60921043602278,14014000
2020-07-17,48.26771926879883,49.20438725271305,48.08233450478259,49.0873046852207,15003800
2020-07-20,49.9654426574707,50.072769923377145,48.336030448130934,48.45311304639765,17604200
2020-07-21,50.26789474487305,51.38018839430821,49.984941806827244,50.365462926687954,16650200
2020-07-22,50.39474868774414,50.511831278963434,49.78005857036302,50.32645019936718,11412600
2020-07-23,51.360679626464844,52.88276799423563,50.316684334605306,50.48255472820274,33399900
2020-07-24,48.80435562133789,50.03373198286591,48.44334883833182,50.03373198286591,25348000
2020-07-27,50.33619689941406,50.45327947055586,49.26293193297391,49.37025545202766,15991700
2020-07-28,48.87266159057617,50.02398431798593,48.823877486259875,50.01422526392952,15614400
2020-07-29,49.16535949707031,49.39952835884141,48.5701838736404,49.16535949707031,14714800
2020-07-30,49.506858825683594,49.516614156315526,47.91647194954085,48.53116199501728,17644300
2020-07-31,48.843387603759766,49.467833017208086,48.06282711496111,49.38977547953292,17433200
2020-08-03,49.16535949707031,49.389769306857566,48.8043527354115,49.16535949707031,15143500
2020-08-04,50.05324172973633,50.22886743968529,49.06778966567844,49.12632908766965,15753100
2020-08-05,49.809322357177734,50.03373218112413,49.39953147570727,49.84835112360007,13198600
2020-08-06,47.516448974609375,48.81412416743343,47.14568303866435,48.78485444580243,32204700
2020-08-07,47.56521224975586,47.98476211197424,46.882223842284965,47.506669110148394,13637300
2020-08-10,47.95549392700195,48.46285293177233,47.096879795412654,47.66278194165076,15881500
2020-08-11,46.59928894042969,48.531172352811836,46.472451005203986,47.81891023906099,21532800
2020-08-12,47.30177688598633,47.54570106777585,46.50170586747569,47.20420870206557,17176600
2020-08-13,45.018646240234375,46.082155818046914,44.813750821515136,46.0138573451405,41051700
2020-08-14,44.491783142089844,44.960120992501935,44.19907477707388,44.491783142089844,18167300
2020-08-17,44.12100601196289,44.82350510575854,43.652672042103276,44.78448006642756,17303800
2020-08-18,43.32094192504883,44.06246989844506,42.97944579202062,43.96490170157307,20118100
2020-08-19,42.979454040527344,43.61365860787456,42.784313887344446,43.22337830150876,19455500
2020-08-20,41.94520950317383,42.59892461054566,41.223192191610494,41.642742137710194,22445400
2020-08-21,41.62322998046875,42.013510232783524,41.369550421855976,41.80861105322469,15476700
2020-08-24,42.69648742675781,42.75503057069225,41.847632310640684,42.07204211274118,14972200
2020-08-25,44.00393295288086,44.43324201243337,43.51608445574476,43.78928214509326,21524900
2020-08-26,43.86732864379883,44.70642851426988,43.60389005269829,44.49177402033877,15328900
2020-08-27,43.53559875488281,43.740497951980075,42.60868586778702,43.467300263179936,13777000
2020-08-28,44.57958984375,44.677161766554846,43.33069900775425,43.535594462662,13459100
2020-08-31,44.403961181640625,44.70642853944223,44.04295439599796,44.24784983741774,13241800
2020-09-01,44.647884368896484,44.67715780413582,43.964899579777935,44.423474549330685,14079800
2020-09-02,46.66758346557617,47.018831215218306,45.15525032694684,45.30160634745556,24636200
2020-09-03,45.20404052734375,46.66758592149838,44.73570272586447,46.599283712208496,20632800
2020-09-04,45.35039138793945,45.80897012119283,43.79903317070839,45.06743839414532,20608500
2020-09-08,43.93562698364258,45.106463921902375,43.447778569533334,43.89660193922474,20893600
2020-09-09,44.052711486816406,44.764969695738344,43.36972299051153,44.764969695738344,17529100
2020-09-10,43.779518127441406,44.83327254834312,43.60389239062445,44.36493849082732,13744700
2020-09-11,44.9698600769043,45.35038118613635,43.86732178765152,44.13076033757851,18365500
2020-09-14,47.83841323852539,48.38480479015948,47.12615501631671,47.174939112251124,26715400
2020-09-15,47.857933044433594,48.45310875944586,47.51644061220772,48.17015576017965,14456000
2020-09-16,48.9897346496582,49.97519048617942,47.77011366920273,47.91646967565253,23542200
2020-09-17,49.741031646728516,50.0434990507665,47.62377098442846,47.96526343899666,20556900
2020-09-18,49.506858825683594,50.90210186930744,48.75557181943197,50.24838677931526,25549000
2020-09-21,47.95549392700195,48.57018016346943,46.72611401009198,48.4043135122921,21257500
2020-09-22,48.492130279541016,48.57018408581382,47.59448731448297,48.072580370109726,10845300
2020-09-23,48.638492584228516,50.35572133992672,48.433597113306476,49.770300923307005,19160000
2020-09-24,48.26771926879883,49.13608877817687,47.896953462754055,48.316503361755,13842300
2020-09-25,47.945735931396484,48.394555526568396,46.61878780481205,48.36528581618384,17773000
2020-09-28,48.51164627075195,48.560430366539116,46.96028820399737,48.43358873990214,18904000
2020-09-29,49.477596282958984,50.13131523886407,48.384816634179465,48.50189923748006,35676600
2020-09-30,45.818729400634766,48.07259076991474,45.69189147275344,47.760368033303045,55392600
2020-10-01,46.75539016723633,47.00907342659105,45.90653496983125,45.955319066787766,24460000
2020-10-02,45.41868591308594,46.36511301298909,45.36990181682028,45.72115326511374,20277500
2020-10-05,46.443172454833984,46.570014098097296,45.83824139940565,45.848000453035056,16933700
2020-10-06,46.16998291015625,47.643287501738605,46.072414696483634,46.39439277919428,17926200
2020-10-07,47.23348617553711,47.80914748804824,47.14567330678157,47.24324150673739,13889300
2020-10-08,48.68727111816406,48.78483930798489,47.048100219656746,47.79938719163825,14569700
2020-10-09,48.67751693725586,49.37026083147657,48.111614680085836,49.019013079778745,13933700
2020-10-12,49.44831466674805,49.6044260075891,48.86289806909111,49.350746474467876,13108800
2020-10-13,50.58988571166992,51.46801446141844,50.38499024405811,50.62891448321175,22179400
2020-10-14,50.37522506713867,50.98015601985889,50.10202744172649,50.74598715836099,15899400
2020-10-15,50.677696228027344,50.70696966631554,49.09706827403337,49.52637357504739,14000600
2020-10-16,50.355716705322266,51.27287043502898,50.326446989881184,50.88259391519107,14225400
2020-10-19,51.350921630859375,52.68762515276366,50.05324315072792,50.70696191676067,24176200
2020-10-20,52.22904586791992,52.88276462624725,51.468003593497635,51.84852473070878,17343400
2020-10-21,52.0143928527832,52.648593479905124,51.88755123856379,52.0046338013884,12922200
2020-10-22,53.058387756347656,53.51696267584978,51.789982786724416,51.99487820109691,14842600
2020-10-23,51.56557846069336,52.80471394112287,51.107003459454994,52.77544422584908,16175700
2020-10-26,50.87282943725586,51.604602021156516,50.150815905453726,51.12651268398794,11678900
2020-10-27,50.697208404541016,51.04845987279227,50.28741750624,50.76550688759119,8964800
2020-10-28,48.78483200073242,49.61417265594995,48.36528214776714,49.5166044807434,15463700
2020-10-29,49.25318145751953,49.67273144265555,48.17991630418786,48.50189436139197,12420700
2020-10-30,49.1165771484375,49.204390009473556,48.10185158135149,48.79459541730932,15955700
2020-11-02,48.50188446044922,49.55563873507462,48.23844589179287,49.55563873507462,13103200
2020-11-03,49.8386116027832,50.33621550555973,48.79461224074256,48.911698577151675,11429500
2020-11-04,50.697208404541016,51.2240856069179,49.69224182081294,50.47279857137786,13554400
2020-11-05,53.25353240966797,53.448668789436105,51.497275215851865,51.594847127723796,16373600
2020-11-06,53.81943893432617,54.06336315062062,53.00961247166247,53.136450384304105,13922600
2020-11-09,54.599998474121094,56.42455438513632,54.512185602885125,55.09760598512101,20968500
2020-11-10,54.06336212158203,54.58048025924724,53.03888117704291,53.79016819556842,14502100
2020-11-11,54.99028015136719,55.556182441312764,54.49267262749576,54.609758940164596,14765500
2020-11-12,54.88295364379883,55.58545664147577,54.531702144960356,55.22444608878706,13785600
2020-11-13,56.52211380004883,56.7757933208516,55.370791321507795,55.40982008531984,14318800
2020-11-16,60.35660934448242,60.40539344388446,58.161291373496816,58.26861862537422,31397200
2020-11-17,60.483455657958984,60.688351124485905,58.834525427938615,59.51751403835017,17703600
2020-11-18,59.263824462890625,60.532229541225696,59.15649722083365,60.0053523831212,18734500
2020-11-19,60.32733154296875,60.4639284917803,58.2003123406491,58.58083347576348,12723600
2020-11-20,59.90779113769531,61.117653209157695,59.85900331511372,59.985844954246936,14115700
2020-11-23,62.6202278137207,62.9324505263248,60.7859165856804,61.0883839668855,20612600
2020-11-24,62.39581298828125,62.72755005917673,61.36157300913934,62.72755005917673,22625600
2020-11-25,61.888450622558594,62.44459752147519,61.08837951457374,62.11286044826283,12468500
2020-11-27,62.66901779174805,63.22516475032319,61.966511081248484,62.27873752657777,7500200
2020-11-30,62.53240203857422,63.66421385804778,62.034802048541536,62.99098070874108,20373500
2020-12-01,65.44975280761719,66.96207860483638,63.55689835367722,63.66422561306414,36160400
2020-12-02,67.4303970336914,67.70359090853141,65.13751136245587,65.96685203792725,23298900
2020-12-03,68.20118713378906,69.39153805997353,67.85969484610669,68.85490200506297,20462300
2020-12-04,71.5575942993164,72.57231978745737,68.82564793337556,69.38179476934006,31860800
2020-12-07,70.84535217285156,71.61615361352021,69.74281736084473,71.50882635950454,17460600
2020-12-08,71.41124725341797,71.76249867765146,70.2306550835125,70.25016574309196,15431100
2020-12-09,69.67450714111328,72.79673370305007,69.05981343637472,71.37221736891796,18367300
2020-12-10,69.54767608642578,70.20139124397768,67.97680343118942,68.43538218003165,15610600
2020-12-11,68.8158950805664,69.58669645668155,67.71336036089525,68.66953906971337,15322000
2020-12-14,69.80135345458984,70.44530950391325,69.30374597740162,69.66475649127953,13573700
2020-12-15,71.3722152709961,71.58686973656505,70.57214427276871,71.04047452130543,11538300
2020-12-16,71.21611785888672,72.5430662982568,70.86486636352541,72.3869586580834,13889300
2020-12-17,70.50387573242188,71.94790329641515,70.01602717410394,71.80154724012411,11988100
2020-12-18,69.72329711914062,71.66493179727773,69.33301688412415,70.93315914811298,23912500
2020-12-21,69.73306274414062,69.95746887574035,67.95729457923495,68.29878702556738,13180400
2020-12-22,68.72808837890625,70.03551858256878,68.06461422427827,69.77208370886741,11154200
2020-12-23,68.25,69.33302423104534,68.19146056393608,68.75736659247775,8524000
2020-12-24,68.86467742919922,68.92321685130051,68.06460640325507,68.60123514179271,4848500
2020-12-28,68.9427490234375,70.35750660207343,68.75736422365244,70.04528388052731,8345200
2020-12-29,68.50367736816406,69.66475904280334,67.4596819994975,69.27447880020408,9403400
2020-12-30,70.17211151123047,70.88437344491382,68.65978594964643,68.70856632287288,11620300
2020-12-31,73.35289001464844,73.84073844319917,70.61118422826567,70.63069489005815,23214500
2021-01-04,72.25035095214844,76.69952597404627,71.95763893482324,74.62129447175995,31155900
2021-01-05,75.38233184814453,76.77757847728174,74.1822215884631,74.58226082301536,33418200
2021-01-06,75.23601531982422,76.54344605783557,74.25055901593348,74.50424238449509,22390900
2021-01-07,77.1873779296875,78.13380505946903,76.15314165704847,76.1628932658263,27945300
2021-01-08,75.53844451904297,82.11464631502338,75.19695212761393,80.53401481815428,51272100
2021-01-11,76.758056640625,77.85083961076285,74.56273909313354,74.72860574350113,19920800
2021-01-12,77.52888488769531,77.68499998515586,75.92874235861252,77.2654499657026,18231000
2021-01-13,77.96794128417969,78.43627161813471,76.64099293134639,77.03126572831675,15067700
2021-01-14,79.32415008544922,80.21203027200076,77.61668074425914,78.06550036352347,17639300
2021-01-15,78.75823211669922,79.89003632157296,77.59715076037642,78.95336846251297,14322600
2021-01-19,83.42207336425781,83.5976990796258,78.99240916017689,79.30463182705601,26602500
2021-01-20,81.47068786621094,85.12955109373537,81.20725298917874,83.84163153540582,21191700
2021-01-21,82.94398498535156,83.03179412205496,80.5047430461374,81.95852915759586,14696200
2021-01-22,80.28033447265625,82.8854432381445,80.23155409724336,82.03659175499446,14229500
2021-01-25,79.30463409423828,81.47068216437516,76.97271935594968,81.1682185408072,19283400
2021-01-26,77.5776596069336,79.98763204788645,77.08981117577638,79.80224726197429,13678000
2021-01-27,73.26508331298828,75.7043257848919,72.52355896119322,75.45064992747757,23513400
2021-01-28,76.48487091064453,78.23136906117422,74.85545905495746,75.32378934637643,18351400
2021-01-29,76.3677749633789,77.44104725384177,75.0798556587983,76.45559153440534,17934400
2021-02-01,78.47529602050781,79.11925205486239,76.57269018721472,77.65570681572123,14900200
2021-02-02,79.63636779785156,79.7534466383897,77.97767893180176,79.28511638828691,11386200
2021-02-03,77.1873779296875,80.52425934984362,77.05078096703616,79.86078519811876,17456000
2021-02-04,79.27536010742188,79.36316924089424,77.04101368004027,77.22639844267128,11519700
2021-02-05,79.12901306152344,80.02665237714292,78.7582509382831,79.7827281645957,10958000
2021-02-08,81.9682846069336,82.01706497718845,79.65588067036387,79.76320790649002,12394800
2021-02-09,81.29507446289062,81.95854872653116,80.39743500148796,81.3243441821137,10362500
2021-02-10,80.34862518310547,82.38783524394562,79.32414807079616,81.9585262955634,9869200
2021-02-11,84.37828063964844,84.53438829026824,81.95854878123338,82.34882907374903,18750400
2021-02-12,85.87108612060547,86.17354977706552,83.38305605185991,84.01726052467511,14273900
2021-02-16,85.60762786865234,87.05166228521853,84.93440219579885,87.05166228521853,10312800
2021-02-17,83.95872497558594,85.19785681862602,82.83667200163431,84.58317042398082,10033500
2021-02-18,86.3882064819336,86.57359127943246,83.87090663327466,84.41729452824804,19168100
2021-02-19,88.74937438964844,89.26649246972002,86.65162491428467,88.05663059898885,21886500
2021-02-22,84.18312072753906,88.32007317422669,83.83186927561525,87.3541354034242,16077000
2021-02-23,86.08572387695312,87.03214343137608,80.43643904076228,83.16838535851515,23203200
2021-02-24,90.27146911621094,90.34952665061785,85.59788776423409,86.154034669925,21281700
2021-02-25,85.9784164428711,90.83738300211442,85.45153920560793,89.29578006093445,22546200
2021-02-26,89.30552673339844,90.68126279174066,86.08573176625794,87.559028571633,22787600
2021-03-01,92.45703125,93.42296900184158,90.32025286673678,92.24237676204058,19908900
2021-03-02,88.87622833251953,92.59363863715554,88.69085098074414,91.29595995484435,18679600
2021-03-03,86.94435119628906,91.06179329783204,86.24184823853129,88.36886777441941,26424100
2021-03-04,82.28052520751953,87.56880086602176,79.8607935071253,86.65164335510167,31971100
2021-03-05,86.76872253417969,87.14924371615179,81.27555186203716,85.40274543388112,30329100
2021-03-08,82.98302459716797,87.53952734869031,82.80739885682779,86.4174744211823,22708300
2021-03-09,87.12972259521484,87.98833305383285,84.20263235050182,85.86131384491568,22301400
2021-03-10,83.33428955078125,87.82249454245976,83.23671388950173,87.82249454245976,23407800
2021-03-11,87.13948059082031,88.02736826991168,84.73926730748433,85.4612808697945,20716500
2021-03-12,85.63690185546875,86.37843348176006,84.32947176245766,85.44176547990683,21916400
2021-03-15,86.690673828125,86.74922070791366,84.04653594696381,85.63691931965407,16144400
2021-03-16,89.20796203613281,92.3789767539466,87.92004251004134,88.5444878897235,28539000
2021-03-17,92.45703125,93.16928574843718,87.9102805693346,89.11039091384602,24616700
2021-03-18,87.6370849609375,91.20813876836814,87.23705314981794,90.71053132353462,27081000
2021-03-19,88.31031799316406,90.42757822762643,86.7296865234495,88.16396198678713,24963400
2021-03-22,89.06160736083984,90.17390117536928,87.47122417367349,89.59824360643572,19365800
2021-03-23,83.32450866699219,89.05184415034196,82.90495874292607,88.80791994900063,32043800
2021-03-24,80.98282623291016,85.03196903335068,80.90476871022803,84.94415245933952,24232800
2021-03-25,82.04635620117188,82.3780970481758,78.53384853088288,79.1680530622908,23630200
2021-03-26,85.8515625,85.99791851416909,81.98780392340691,82.11464927620897,23949100
2021-03-29,84.4855728149414,86.1052328934676,83.68550182689143,85.62714359967524,21772800
2021-03-30,84.4367904663086,85.10026449771286,83.17814087243985,84.16359659054946,13897000
2021-03-31,86.06622314453125,86.91508213218387,84.60267778621913,85.31493980261408,25372300
2021-04-01,90.16415405273438,92.08627069174148,89.03234207624538,90.73981165031037,39700600
2021-04-05,91.47157287597656,92.36921212457865,90.22268219201267,91.64719859365746,19795100
2021-04-06,91.21790313720703,93.76447269869125,90.40808034951372,91.55939557105081,22847000
2021-04-07,91.67647552490234,92.75949962855347,90.29098777852971,91.95942850588992,17621500
2021-04-08,92.9741439819336,94.04740891561224,91.50083980858834,92.69119103182256,17815600
2021-04-09,92.98392486572266,93.06197496644324,91.04228252224605,92.04724921730389,14080200
2021-04-12,93.26685333251953,94.60356062539309,92.44727159544142,92.87658056856375,18818300
2021-04-13,89.91046142578125,94.46696368595224,89.17868882727079,93.94984557404096,27102100
2021-04-14,88.46642303466797,90.28121959541677,87.33461866915475,89.43236818227572,19117400
2021-04-15,88.07616424560547,89.72509454515261,87.27609300944206,89.52019906998632,16017000
2021-04-16,88.4566879272461,89.1104030888195,87.89078191693916,88.24203340995885,12358700
2021-04-19,86.2613754272461,88.47620434405634,84.41730124698826,88.46644528973316,21361600
2021-04-20,85.35397338867188,86.78824166781372,84.42705680971528,86.23209469803058,17396900
2021-04-21,87.31511688232422,87.38341537021343,84.23191842964124,84.94417302563197,14781300
2021-04-22,82.6512680053711,86.21256251128413,81.86095604665807,86.05644746345305,34044100
2021-04-23,83.939208984375,84.3587589784659,82.51469230406047,83.16840748620905,18118600
2021-04-26,85.70520782470703,86.1540349268974,84.01725644098602,84.36850790288861,14757700
2021-04-27,87.28584289550781,87.99810490063406,85.89059604489873,87.15900497962572,17681000
2021-04-28,83.939208984375,85.62716801473437,83.2757347482307,85.52959980670843,19433500
2021-04-29,85.91986846923828,85.94913818582792,83.47087455753213,85.58813508925326,16463300
2021-04-30,83.97822570800781,86.32965863715091,83.48061824129715,84.8173255758038,14548100
2021-05-03,82.95375061035156,84.89539288171272,81.83170508389868,84.85636411081342,16300400
2021-05-04,82.35857391357422,83.36354046866622,80.03641066808477,82.09513159790427,17850500
2021-05-05,83.0805892944336,83.86114231770736,81.98780612907876,83.41232265443028,13172100
2021-05-06,82.73909759521484,83.05132029601286,81.25603418344198,82.80739607839014,13716900
2021-05-07,83.89041900634766,84.22215236448515,82.92447375864465,83.82212052414428,12746100
2021-05-10,78.88508605957031,82.93422933347023,78.8363056851715,82.88544151509545,24862900
2021-05-11,78.7192153930664,78.79727292091485,74.9530252800981,75.39208584728834,23227800
2021-05-12,74.93354034423828,78.02649836825998,74.55301907031652,77.2166679877688,23472600
2021-05-13,75.31404113769531,76.94345306693184,74.67007765295689,76.07508347858537,20153800
2021-05-14,77.7630386352539,78.2021066992029,75.20671756469805,76.8751583421607,18241100
2021-05-17,78.4362564086914,78.4655261183909,75.83114802978653,77.1776067837882,15011500
2021-05-18,76.96295166015625,78.95337378636394,76.88490158295247,78.59237077786851,20893800
2021-05-19,77.9874496459961,78.31918300243086,74.30907579082076,75.33355301861303,27300000
2021-05-20,79.15829467773438,79.50954619213243,77.58742191722567,78.54360824952644,17123000
2021-05-21,78.75823211669922,79.99736354496287,78.41673978953793,79.78270909818308,13076900
2021-05-24,80.8852767944336,81.58777977340787,79.38270263251123,79.44124206610014,15730400
2021-05-25,79.255859375,81.67558342411466,77.77279597614468,81.53898645895381,26272100
2021-05-26,80.24132537841797,80.43646925984055,79.05097375566295,79.59736917966826,12609800
2021-05-27,81.89024353027344,82.69031471411405,80.32912993302062,80.45596785393039,22286500
2021-05-28,82.09512329101562,82.67078823976559,81.19748407476949,82.17318081694366,11330300
2021-06-01,82.10490417480469,83.67577694292508,81.58778595498444,82.85618759069918,11067200
2021-06-02,82.290283203125,82.75862104869792,81.42191344968839,82.33907103178088,10314200
2021-06-03,80.03640747070312,82.02682983990303,79.89981051395198,81.64630868267115,14742100
2021-06-04,81.72434997558594,82.3195255020217,80.83646248914182,80.95354876194004,12591100
2021-06-07,81.99755859375,82.18294336472144,80.64134065995276,81.16821781641708,9006400
2021-06-08,78.5728759765625,82.91473196903614,78.06551682639213,82.904972915001,29666500
2021-06-09,76.74830627441406,78.60212405598051,76.61170188745987,78.2216029371137,21434900
2021-06-10,77.35324096679688,78.87532558984847,76.62146836817963,77.47032726240693,22683300
2021-06-11,77.41178131103516,78.79727643827641,77.28494340560131,78.12404325748898,12675700
2021-06-14,78.53382873535156,78.97289673595036,77.4410531476754,77.56789104439484,14303000
2021-06-15,80.18276977539062,80.89503177206747,77.97769274559843,78.68019568917657,22308600
2021-06-16,78.53382873535156,81.09015688104829,78.172825704698,80.71939479865465,18116400
2021-06-17,78.68018341064453,79.46074376924815,77.43129279205894,77.76302610588156,16003900
2021-06-18,75.07986450195312,77.35323979373584,74.27979343735704,76.98247769589032,39881500
2021-06-21,75.19695281982422,75.41160730897725,73.87000456321995,74.9822983306712,19810100
2021-06-22,75.77262878417969,76.37755612962576,75.17745304857972,75.7238409590412,16771800
2021-06-23,77.09957122802734,77.92891960699885,76.17266208491193,76.20193180295054,16662200
2021-06-24,78.62165832519531,78.93388103677312,77.97769479532923,78.47530230077332,15721000
2021-06-25,80.03640747070312,80.82671949818844,79.11925009482329,79.58758783509566,19603800
2021-06-28,81.35359954833984,81.56825404340813,80.16325566073805,80.62182692095763,18365500
2021-06-29,80.91454315185547,81.80242344832433,79.88030683351383,81.5097188485553,18530800
2021-06-30,82.91471099853516,83.32450183664264,81.40237809659887,82.78786566009099,40670800
2021-07-01,78.16307830810547,80.25106905330557,77.96794190805886,80.24131000011029,53299000
2021-07-02,78.37773132324219,78.92411918815773,76.97272544891491,78.65092525569996,22685500
2021-07-06,79.1095199584961,79.55833971592291,77.82160012814764,78.82656691586179,21126500
2021-07-07,76.31900787353516,79.82175594949554,76.05556555859972,79.70467709305858,23026900
2021-07-08,75.23601531982422,75.9872989247446,74.11396199685704,74.39691509179515,23114500
2021-07-09,76.82637786865234,77.03127334050238,74.8652323049547,75.5287065469355,15441100
2021-07-12,77.62643432617188,77.79230843809825,75.82139675123838,76.83612230736833,12639300
2021-07-13,76.54341888427734,77.56790360762913,76.20192645781896,77.3532490984334,14263400
2021-07-14,76.58245086669922,78.79728709289795,76.41658417317122,77.42155083204628,15952300
2021-07-15,75.05061340332031,76.55318771563567,74.48470734206305,76.43610139276183,16616800
2021-07-16,73.18701934814453,75.72382954960348,73.02114523405241,75.28476896541908,19132100
2021-07-19,72.76747131347656,72.86503950760832,71.42100492493992,72.04545030015434,23436900
2021-07-20,73.55777740478516,74.07489549137424,71.97714598957143,72.84552294573902,14855800
2021-07-21,75.31404113769531,75.3628215130998,73.50899603627914,73.51875508895047,15945800
2021-07-22,73.69437408447266,74.39687693310658,72.65037886330153,74.3773662735225,19042200
2021-07-23,74.09440612792969,74.1919743043255,73.07968071666889,74.0846470770977,12345200
2021-07-26,74.4456787109375,75.59700138569984,73.6748772432259,73.96758185573894,12023900
2021-07-27,72.41620635986328,72.97235315111307,70.7477659861139,72.97235315111307,23940500
2021-07-28,73.71390533447266,74.16272502470525,72.57233427986235,72.73820841379917,14348300
2021-07-29,75.20671081542969,75.24573958054326,74.10416867190493,74.23101401951797,14529400
2021-07-30,75.69457244873047,76.21169064994669,74.21150889100161,74.27980738089853,12528900
2021-08-02,75.75311279296875,77.55815071386807,75.587246093227,77.11909005126292,14904200
2021-08-03,78.89484405517578,79.09973949044837,76.04581117808664,76.95320950228003,25807600
2021-08-04,79.98762512207031,81.07064169700695,77.60692260208641,78.4948027990468,29176900
2021-08-05,79.50952911376953,81.0511318242772,79.18755483137802,80.1437335143177,14821000
2021-08-06,80.00713348388672,80.86574394388263,79.08022454916357,79.22657310645374,14612600
2021-08-09,78.26065063476562,80.04617782085029,78.1338127124449,79.74371415163635,13363300
2021-08-10,74.0651626586914,77.88013404832414,73.92855823057238,77.88013404832414,40705000
2021-08-11,73.20652770996094,74.20174258735733,71.92836731900493,74.19198353531112,31624900
2021-08-12,68.54269409179688,70.44529970465527,67.13768844293212,70.42578904574333,72492400
2021-08-13,69.19641876220703,69.50864145620776,68.1816931457106,68.3475672675049,25301400
2021-08-16,69.20618438720703,70.01601463554412,68.22072839156765,68.49392234426524,18135900
2021-08-17,69.05980682373047,69.71352178442005,67.91824354420248,68.46463127922964,17545800
2021-08-18,68.90372467041016,70.1330975280805,68.8646958972175,69.51841109924533,14004300
2021-08-19,68.57197570800781,69.0988529178115,67.36211365807513,68.43537873998201,18022600
2021-08-20,68.52320098876953,69.30375409280526,67.88899647400625,68.43538439122898,14603100
2021-08-23,69.99649047851562,70.1330874430588,67.22551497609545,69.11836181789786,22265000
2021-08-24,70.23067474365234,70.92341873426633,69.94772171470115,70.38678239591448,18092700
2021-08-25,72.24060821533203,75.15794021925366,70.42581116358717,71.02098694098616,36552100
2021-08-26,71.0014419555664,71.46002057216963,69.95744683767225,71.45026896532997,20315100
2021-08-27,72.2015609741211,72.3479169784043,70.3965234385632,70.69898705516637,14994200
2021-08-30,71.3819808959961,72.93333522260603,71.05999916799094,72.31864892330364,12810700
2021-08-31,71.90886688232422,72.80651379172974,71.53810469720675,71.8893562174138,14807400
2021-09-01,71.92837524414062,72.51379188382964,71.24538296118973,72.51379188382964,14007100
2021-09-02,72.19180297851562,72.21132108282599,70.55263208330352,71.4307606778771,14803300
2021-09-03,72.01618957519531,72.90407737376306,71.81129410875128,72.20157437796813,9222500
2021-09-07,71.85031127929688,72.67965206499375,71.3819809870337,71.96739757435056,12028400
2021-09-08,70.51360321044922,71.46003028070527,69.38179881338347,71.42100151612014,17375500
2021-09-09,71.09905242919922,71.48932532539224,69.68428712657533,69.88918263027017,14638100
2021-09-10,71.71370697021484,73.79193824747986,71.67467820919894,71.97714180210336,18240600
2021-09-13,72.54307556152344,73.39193469103641,71.73324520803176,72.74797105265183,15796700
2021-09-14,71.70396423339844,72.31865805428811,71.13806567984955,71.99667628562939,13945100
2021-09-15,72.02594757080078,72.13327482935797,70.01601426323327,71.17708855602402,15258800
2021-09-16,72.8162612915039,73.13824307417981,71.01122340810353,71.51858999486139,12867700
2021-09-17,72.49425506591797,72.6893913940844,71.53806919236546,72.60158227960163,20449600
2021-09-20,70.6111831665039,70.99170433953358,69.45986059467724,70.83558927163621,23228300
2021-09-21,70.38676452636719,71.35270224619411,69.91843424450137,71.14780681738087,16026800
2021-09-22,72.17230224609375,72.76747796184421,70.87462355804918,71.26490381420999,16996100
2021-09-23,72.24060821533203,72.97238097993956,71.46980667666814,71.82105819919795,17304500
2021-09-24,72.25035095214844,72.68941153416043,71.29416481366516,71.51857835281126,14804300
2021-09-27,73.35289001464844,74.03587483702897,71.72347804984327,71.86007501431938,18435200
2021-09-28,71.32344055175781,73.16750706234976,71.28441178321904,72.68941767470871,27311500
2021-09-29,69.89894104003906,71.53811249843103,68.51345291701134,69.43061059134322,38169200
2021-09-30,69.35176849365234,70.93460198216415,69.23451853160728,70.54377622972845,16923300
2021-10-01,69.3615493774414,69.92824647357187,68.49196579568871,69.70351919256052,17813800
2021-10-04,69.0000228881836,69.92822748494125,68.74598504262791,68.98047750155115,19525700
2021-10-05,68.88278198242188,69.57649421140697,68.01319852254043,69.57649421140697,14512100
2021-10-06,68.33560943603516,68.76551095988346,67.4464808591329,68.19882157103167,17899300
2021-10-07,68.92185974121094,70.02593560167614,68.51149605371569,68.78507184537918,15236100
2021-10-08,68.51148986816406,69.31267923757814,68.10111876333787,69.30290654464926,13666200
2021-10-11,67.63214111328125,68.74598968638266,67.59305779175718,68.29654267042783,12700200
2021-10-12,65.18949127197266,67.83732488156596,64.1635745524617,67.79824155893509,36911700
2021-10-13,64.85729217529297,65.8734362854444,64.71073902116044,65.20903465397548,17532400
2021-10-14,66.24470520019531,66.5182809488096,65.27740993339182,65.73662956330014,15541600
2021-10-15,66.12747192382812,66.88957811688365,65.9320627553869,66.52806295544723,11786100
2021-10-18,65.71710205078125,66.07860972402297,64.76935201828472,65.4728368858855,11849300
2021-10-19,66.0199966430664,66.33265579466465,65.1113298189868,65.82458746871082,16930300
2021-10-20,66.70394134521484,67.61260823927975,65.47285003406837,65.6584865276892,19457800
2021-10-21,67.0654525756836,67.1240738381589,66.11770240896038,66.39127823968825,11140700
2021-10-22,65.96136474609375,67.50511486510742,65.54122838002763,66.93842536909578,17892100
2021-10-25,67.18269348144531,69.48855724955783,66.96773894222412,68.02296625055655,23341300
2021-10-26,67.35856628417969,68.2183770069111,66.89934656765466,67.77870267861944,14267900
2021-10-27,66.67459869384766,67.1142803404418,65.90272009391407,66.94817440939289,13541900
2021-10-28,67.98389434814453,68.73622790740134,67.5930685252238,67.70054581288656,16966000
2021-10-29,67.51490783691406,67.95458972195362,66.47922565086289,66.8211954807493,11440900
2021-11-01,69.07817840576172,69.34198893063386,67.35855719240611,67.38786781641846,11988400
2021-11-02,69.1368179321289,69.22474981793246,68.43333302817389,68.87300736595496,9761100
2021-11-03,69.6155776977539,69.69374434597496,68.6482896527594,69.09773669845768,10266900
2021-11-04,70.5828628540039,70.81736278906969,69.4103929962012,70.70988551575994,15936600
2021-11-05,71.24725341796875,72.04844276968049,70.7001018961306,71.32542005091146,13019300
2021-11-08,72.84963989257812,73.30885959212797,71.44267762142468,71.63808677024619,18742300
2021-11-09,73.85602569580078,74.52042736857928,72.84965421814718,73.37726796897563,20127300
2021-11-10,71.72603607177734,73.42611975677471,71.52084674630768,72.45883166325338,15228300
2021-11-11,72.83988189697266,73.240472928209,71.93121510126345,72.32203343777249,12192600
2021-11-12,75.52681732177734,76.23029497115343,73.23071803745461,73.29911200840994,26553200
2021-11-15,75.01871490478516,76.4843058678775,74.84284369103884,75.97623761393318,12650700
2021-11-16,75.04801940917969,75.38022387665868,74.04164822265366,74.80375426859064,11807600
2021-11-17,73.72900390625,74.81354194401139,73.46520078151057,74.72561005389225,11600500
2021-11-18,75.25321960449219,75.72221206884682,74.01235566729221,75.13597707919027,16848200
2021-11-19,81.1253433227539,81.93630543876945,77.11939621055454,77.11939621055454,47216100
2021-11-22,81.93631744384766,85.65891662282604,81.74090826998999,81.74090826998999,34775200
2021-11-23,83.45076751708984,85.69800291168518,82.39554005125426,83.08925233313254,31823300
2021-11-24,84.23240661621094,85.16061880413068,82.66911090238742,82.8058988114481,21666100
2021-11-26,81.50639343261719,82.12194638119183,80.09943123811972,81.22304496419694,16487200
2021-11-29,84.16400909423828,84.29102430315888,82.22943305987651,82.44438015473098,18889800
2021-11-30,82.07311248779297,84.92612841855485,82.02425646289235,83.61687044030572,27301000
2021-12-01,83.19673156738281,87.00727031367182,83.05017095129811,84.56461822686894,31633400
2021-12-02,80.9787826538086,81.67249480934976,79.48388107664711,80.73451749533433,22994500
2021-12-03,79.74769592285156,82.49323406676045,78.79017317006793,81.7897491797164,19167200
2021-12-06,80.55865478515625,81.3207684217089,78.68269995913857,79.95288189901116,15094900
2021-12-07,83.86111450195312,85.04335695337419,82.39552357722573,82.48345545460653,21716900
2021-12-08,84.04676055908203,84.35941969392796,82.10241179720838,83.48007100206127,12908500
2021-12-09,82.98177337646484,84.5548418481957,82.68865215706344,83.34328855314227,11964300
2021-12-10,83.57776641845703,83.71455430905243,82.20010736468498,82.40528920057808,11955900
2021-12-13,82.41507720947266,85.37557024868681,82.26851659820434,84.62323671060355,13054400
2021-12-14,81.37939453125,82.82544033377216,81.00811411263102,81.3110005737575,12082500
2021-12-15,83.69502258300781,83.82203778958501,80.17759812291544,81.56502997301033,13971500
2021-12-16,80.79315185546875,84.3398795211034,80.2459927932224,83.9099704267059,16503200
2021-12-17,81.0960464477539,81.37939497444664,79.08330358397103,79.74770522653756,23165900
2021-12-20,80.14828491210938,81.3403001124645,79.0539817414604,80.25576218128114,22346800
2021-12-21,88.59986114501953,89.04930815509842,85.34624735089534,86.94862624052658,58363600
2021-12-22,88.2676773071289,88.40447268988935,86.88025263108199,87.93548018232177,18593900
2021-12-23,92.25407409667969,92.82077111993728,88.27743714792712,88.61940691907155,36400100
2021-12-27,92.26384735107422,92.75237772835315,90.60284705007865,91.57013510986397,17110100
2021-12-28,90.80801391601562,91.73621849778908,89.94819582320915,91.59943061109364,13683800
2021-12-29,93.96392822265625,94.53062523274136,91.75577634923235,91.8437082364619,32234600
2021-12-30,91.73623657226562,93.31907772866417,91.2867895053732,92.23453966019554,19327800
2021-12-31,91.11024475097656,92.35243157961072,90.99286977048511,91.9416303413849,13660600
2022-01-03,93.65331268310547,93.74133832459691,91.43302333164127,91.85360769753639,18705500
2022-01-04,94.23038482666016,94.47491043494482,91.49170249126952,93.50659111558977,19725000
2022-01-05,92.33285522460938,96.2941649168649,92.28394712647257,93.29139126453512,28613100
2022-01-06,93.55550384521484,94.59229008762912,92.05900824253621,93.01754449547363,22320300
2022-01-07,92.38177490234375,95.06178103129449,91.88294801770375,93.98586234913856,14857900
2022-01-10,91.83403778076172,93.5750589354139,89.04644731054168,92.19593837112797,20290000
2022-01-11,92.13724517822266,92.20571204927748,89.64308847922909,90.4353490531962,14924900
2022-01-12,93.02732849121094,94.1228059672778,91.72645038756839,93.07623660067983,13339200
2022-01-13,93.52616119384766,95.9616342631848,93.21316870084982,94.38688868400926,23679800
2022-01-14,95.22805786132812,95.29652473629943,92.33287542173731,92.37200041633945,18385000
2022-01-18,90.83637237548828,93.84892208952006,90.51359679323625,93.4381208733788,19900500
2022-01-19,88.02921295166016,92.70454106778682,87.80424612402567,91.66775494763472,19043800
2022-01-20,83.2071762084961,88.35199725206574,83.07024246069606,88.3030891439959,24701300
2022-01-21,80.13595581054688,83.2756646330421,79.73493011511692,82.375811925392,29716300
2022-01-24,81.13358306884766,81.22161615655003,75.93986222658698,78.51226859767064,29757100
2022-01-25,78.95243835449219,80.61520969033418,77.90586893343936,79.14805587788648,22128400
2022-01-26,80.17506408691406,82.93331287172077,78.84484407386813,81.42703410805612,21018700
2022-01-27,76.99623107910156,81.8671774188444,76.67345545859342,81.6813430156097,22694000
2022-01-28,77.53417205810547,77.54395517131707,73.86628814829422,75.67578351366423,24434600
2022-01-31,80.4684829711914,80.5076079635493,76.3115476778631,77.2309663424505,21898200
2022-02-01,79.66645050048828,80.58586929452724,78.65900605799726,80.40002742024353,15237400
2022-02-02,82.65943908691406,82.84527347566483,80.73257609096527,81.10425233079619,19862800
2022-02-03,80.17506408691406,83.31477225433969,79.92075534439147,80.85973286024802,19598200
2022-02-04,79.39257049560547,80.39023912852353,78.09169250480502,79.44147860083191,15657500
2022-02-07,79.09916687011719,80.24354522129819,78.71770741972352,79.57843509660361,11799800
2022-02-08,82.27798461914062,82.55185212394527,79.22630214632493,79.37301901313593,18315700
2022-02-09,86.19039154052734,86.83593528430683,81.73023924446093,82.74746669927153,22386900
2022-02-10,89.02688598632812,92.56761971162103,86.54251221099894,87.2369640883333,33820700
2022-02-11,87.79447174072266,92.50892491503613,87.00220373833619,89.28118407527843,31000000
2022-02-14,87.89227294921875,91.12978916227401,86.76745381592215,89.97562815405871,23499100
2022-02-15,93.89783477783203,94.38688600063324,89.01710566372822,89.01710566372822,27069700
2022-02-16,93.9565200805664,94.37710443757989,91.52104704044764,92.37199886854364,15573600
2022-02-17,91.67755126953125,93.89784067711707,91.44280129496092,92.9588631658255,17943300
2022-02-18,88.81169891357422,92.60673345404255,86.9533029027778,92.46001660486645,19530500
2022-02-22,88.58674621582031,91.91229632425924,86.72834990854591,87.872728082495,24825700
2022-02-23,85.39812469482422,89.85827705471327,85.16338219030258,89.46703457229076,19135400
2022-02-24,86.88485717773438,86.99244906249011,81.95521909718943,82.28777040473936,24472300
2022-02-25,88.12701416015625,88.49869780339365,85.36876602201905,86.03387587260742,15008700
2022-02-28,86.9141845703125,87.7846951564936,85.25141338514916,86.51315898266552,17269800
2022-03-01,84.37113189697266,87.87273351415836,82.80616923812842,86.62076338708296,20794800
2022-03-02,91.25697326660156,92.01010896620816,85.12426594015024,85.26119970371508,28398700
2022-03-03,87.22718048095703,90.17127106950352,86.45447861727666,89.61375294790247,22099800
2022-03-04,80.11636352539062,85.50570186254393,78.75679445370707,85.50570186254393,28211500
2022-03-07,74.0423583984375,81.15316795722472,73.97389151995797,79.96966479360424,26715500
2022-03-08,75.47039031982422,78.49272337632135,72.31111605190674,74.58031348840503,28343200
2022-03-09,77.70044708251953,78.72744999345728,75.84205126830553,78.21884009408737,19647900
2022-03-10,74.06192779541016,76.03769170341245,72.19374830476539,76.03769170341245,21692000
2022-03-11,71.22542572021484,75.02046083867285,71.04936696685529,74.9813433044419,22786500
2022-03-14,67.88030242919922,70.89285936259522,67.44993502090594,70.17884138632031,24893400
2022-03-15,71.50907135009766,71.91987259177851,66.84351844335367,68.51608021452347,22851000
2022-03-16,77.92543029785156,77.96455529630036,74.48251251999147,74.79550504525147,35742800
2022-03-17,78.75680541992188,78.81549664088065,75.50950560794422,76.48760805085712,21612200
2022-03-18,77.67111206054688,79.4219087196986,76.35066790347632,77.36789525428601,28601200
2022-03-21,76.63433074951172,78.1406095218598,73.87608194880418,77.26031576369144,30878200
2022-03-22,77.38745880126953,77.9841018177458,75.81271345776051,75.99854782551333,16768000
2022-03-23,73.99346923828125,76.50719282751761,73.43595100914575,76.15507526571295,28059800
2022-03-24,76.49737548828125,76.82015101925582,73.67066060452247,74.23796169611511,23348000
2022-03-25,76.38981628417969,76.58544129365681,73.4848501888413,76.55609194548693,22491000
2022-03-28,78.11125946044922,78.42425193476231,75.57797032513734,76.86906521447001,26605300
2022-03-29,80.2533187866211,80.74237007121395,77.52441172311327,80.30221943768214,41290700
2022-03-30,77.42658996582031,84.35154932221708,76.87884754460748,82.45403573080036,70087000
2022-03-31,76.18440246582031,78.2090743247287,75.14761621277759,75.9692187237179,34588600
2022-04-01,74.51184844970703,77.18207154742481,72.43826847158316,76.7125790658823,33536100
2022-04-04,75.96920776367188,76.46804205182177,74.83461291763281,75.21607223729781,24305700
2022-04-05,72.97622680664062,76.31155239111217,72.67301742505133,75.03024052715249,21171400
2022-04-06,72.16439056396484,73.25008477509198,69.90497651167102,71.5775306433815,28080100
2022-04-07,71.67535400390625,73.044699072751,70.55053457370055,72.05681340319674,22658600
2022-04-08,70.65673828125,71.35213916724877,69.37367541141697,71.00933696605607,20562600
2022-04-11,70.54900360107422,71.41091486997107,68.6488891828549,69.0994377857026,21127900
2022-04-12,70.48043823242188,72.07692130913347,70.09845757313181,71.29337449605045,18658500
2022-04-13,70.89180755615234,72.23364196824895,70.38250245323776,70.87222205980217,18892000
2022-04-14,68.68805694580078,71.31295386275747,68.64887848763405,71.06809410361049,18543500
2022-04-18,69.68709564208984,70.61755982722084,68.60971409285196,68.8055989299761,17476700
2022-04-19,71.2345962524414,71.90061501986823,69.3148893849854,69.50098517181121,15139000
2022-04-20,71.69493865966797,74.66264539008127,71.39131493187273,72.29239710454247,19042600
2022-04-21,69.46183013916016,72.95842797899653,69.19738482834464,72.44912285454393,17645300
2022-04-22,67.98287200927734,69.52059110849278,67.88492212054739,69.18757792637115,18682400
2022-04-25,68.67826080322266,68.72722826645054,66.53328714464811,67.01321013042732,20072100
2022-04-26,65.70077514648438,67.73801022215687,65.66159668666062,67.27767265988665,18628700
2022-04-27,65.10332489013672,67.07199977657743,64.50586637968719,64.77031167606134,17123600
2022-04-28,68.73704528808594,69.3540893113298,65.68119220803194,66.25906523799885,21058400
2022-04-29,66.78795623779297,69.86339448847697,66.62144590763938,67.67924195466544,16843500
2022-05-02,69.14840698242188,69.28552787451721,66.19050384540054,66.75858038266875,15342800
2022-05-03,69.79483032226562,70.48043468325437,68.75661982523354,69.02107255913427,13539100
2022-05-04,72.10630798339844,72.38054973104485,68.71744965278876,70.2943397017556,17201900
2022-05-05,69.82421875,71.06810319772653,68.91334003051303,70.82324340724647,16603600
2022-05-06,68.9035415649414,70.43147169491313,67.47356132636692,69.09943387520833,15159800
2022-05-09,66.53331756591797,69.9319734195022,66.09257283271339,67.77720229403785,21770900
2022-05-10,67.49315643310547,69.13860705634093,66.21988252985578,68.13958239615829,17662700
2022-05-11,65.58324432373047,69.42264398289403,65.44612344108374,67.24829535555557,17237300
2022-05-12,66.31781768798828,67.48335255764593,64.5156534089641,64.642977796332,27022900
2022-05-13,70.44126892089844,71.13666989025671,66.62145435929332,67.6792505405123,22872000
2022-05-16,69.02106475830078,70.55878362774702,68.87414741968591,70.03968217416391,13394700
2022-05-17,72.94862365722656,73.19348341947587,70.66652887965652,70.76447129005086,17671500
2022-05-18,69.58914947509766,72.69396955869178,68.64888138447232,71.67535202095361,20635100
2022-05-19,67.97306060791016,70.2257655762799,67.6302584901719,69.30509809900084,17558000
2022-05-20,67.48333740234375,69.236533818278,64.75070214885015,69.14838043718451,20313300
2022-05-23,68.15916442871094,68.75662288668657,67.11116487452091,67.35602465328053,12356200
2022-05-24,65.25022888183594,67.0034255888542,64.65277049392644,66.95445064983478,18764500
2022-05-25,66.47454071044922,67.43438693484977,64.54504430488352,64.57442628506524,16241200
2022-05-26,69.14840698242188,69.57936262759475,64.98579032481646,65.02496879006202,14902500
2022-05-27,71.8124771118164,71.93001249817956,70.16701906537023,70.28455445173337,13078700
2022-05-31,72.32176971435547,72.94861752776801,70.4510451736711,71.9593820790931,15453000
2022-06-01,72.0377426147461,73.83990681734666,71.05830359876057,72.96820669092168,13595400
2022-06-02,73.82032012939453,73.85949858610265,71.62637138889946,71.62637138889946,11373200
2022-06-03,68.50196075439453,70.21597887186059,67.68902465384726,70.21597887186059,30306600
2022-06-06,69.00147247314453,70.65672672426838,68.5705244075022,69.28551067125329,13198700
2022-06-07,69.30511474609375,69.41285364790834,66.71939604759868,67.2384975895085,14328000
2022-06-08,67.18952178955078,68.95251518543203,66.36679651982448,68.40402419975374,16363000
2022-06-09,64.66256713867188,67.2776752570381,64.64298164426751,66.54309592017141,15073700
2022-06-10,61.33247756958008,64.21202728058161,60.99946811432707,63.506829907983764,26626900
2022-06-13,57.630191802978516,59.706601469018516,57.3755393029861,58.78593013979874,24278600
2022-06-14,57.49306869506836,58.639010504710484,56.53321894599474,58.13949827041439,17036000
2022-06-15,57.904441833496094,58.84470626244202,56.366722658089856,58.11012689573469,19726200
2022-06-16,53.87894058227539,55.82802593883267,53.13456854704688,55.82802593883267,22706200
2022-06-17,54.603729248046875,55.162009230246895,52.49793371079164,54.75064660599998,24139800
2022-06-21,55.63214111328125,56.72911187846188,55.181600016043596,55.65173034397815,15502800
2022-06-22,55.18160629272461,55.965156928407865,54.456819619552505,54.80941833967601,13513800
2022-06-23,55.06406021118164,55.6615185820094,53.82996501393603,55.44604081252708,13366600
2022-06-24,57.23841857910156,57.78690580980888,55.955355773516196,55.97494500349827,15647600
2022-06-27,57.57143020629883,58.815318335501395,57.169860317049476,58.35498449033401,16159900
2022-06-28,56.67034149169922,59.3442095300455,56.621370288646055,57.7673121323959,19393600
2022-06-29,54.86817169189453,56.33733015075413,54.18256366384075,56.05329195200478,17351400
2022-06-30,54.14339065551758,55.25015785202896,53.10518763134656,53.85935616445513,29572400
2022-07-01,52.54690933227539,52.85053306277603,50.3431713521266,52.194310657649396,43681700
2022-07-05,55.56357192993164,55.720282014581684,51.018975738817225,51.10712539494932,33745900
2022-07-06,56.1904182434082,56.924997543864386,55.29912884163857,55.68110948007362,23565000
2022-07-07,57.63998794555664,58.090532758650134,56.65075612588537,57.884847713781205,22945500
2022-07-08,58.037437438964844,59.30338854149783,57.01682552326792,57.13459102832603,19283000
2022-07-11,56.73223876953125,57.517323472077734,56.63410084197597,57.026645065038785,13941800
2022-07-12,58.076698303222656,58.95992095988658,57.01683111522595,57.33086500568884,21523100
2022-07-13,57.76265335083008,58.312210682106645,56.29061836734748,56.31024594969,13987600
2022-07-14,58.24352264404297,58.547744589606,56.25136960429332,56.8598097518404,14803800
2022-07-15,60.38287353515625,60.549706112479,58.292586564004175,60.33380645132434,20317800
2022-07-18,59.323020935058594,61.16797281784016,59.01879897102986,60.93244553220837,13233000
2022-07-19,61.236663818359375,61.589949110219926,60.23567946580704,60.32400172466692,19103700
2022-07-20,62.11988830566406,62.33578801217127,60.696920114154345,61.060024846658166,15176200
2022-07-21,62.453548431396484,62.492803603287534,60.775429140635964,61.43293642370453,12924700
2022-07-22,60.14735412597656,61.74696288044245,59.87257169938843,60.14735412597656,22201700
2022-07-25,59.02860641479492,60.67728595386842,58.58699515547546,60.20623144820855,14479400
2022-07-26,58.547733306884766,59.55852938450672,58.43978348430801,59.18561658015932,11044800
2022-07-27,60.73616409301758,61.226842431133505,58.49867206915408,59.36226699244014,14589800
2022-07-28,60.912818908691406,61.138530533215416,59.0678669967648,61.089463439810935,10120300
2022-07-29,60.70673370361328,60.93244532379967,59.63705461620347,60.20623962719977,14199700
2022-08-01,61.37405776977539,62.79702593875682,60.84412417687264,61.33480259765387,13347200
2022-08-02,61.305355072021484,62.1198791973228,59.744997748278315,60.59877704056684,11535800
2022-08-03,63.052162170410156,63.32694082316881,61.27590535924424,61.334788103511826,12290100
2022-08-04,63.6410026550293,63.77839204189064,62.46337719988632,62.924616207418,11338400
2022-08-05,61.295555114746094,62.041388504298936,60.64785966780796,61.68809939804545,15047100
2022-08-08,60.30437088012695,61.45255643965749,59.84313202617258,60.83430440463894,11454300
2022-08-09,58.0472526550293,59.41133792434173,56.663539801691925,57.900047646631734,33107200
2022-08-10,60.25531005859375,60.4123269995637,58.282780760105766,58.88140901742223,17418400
2022-08-11,61.15816116333008,62.904975231812976,60.84412725761584,60.84412725761584,18298500
2022-08-12,63.82744598388672,64.2003588655772,61.069832079463154,61.49181579510467,16194000
2022-08-15,63.4937629699707,63.90593839290213,62.698866595667184,63.4937629699707,9689100
2022-08-16,62.66944885253906,63.35639565062109,62.04138106939019,62.92460372918034,9275400
2022-08-17,60.47119903564453,61.6390159089737,59.62723167146408,61.6390159089737,14728400
2022-08-18,61.80584716796875,62.23764278680254,60.10810045337235,60.598778824420286,11303900
2022-08-19,59.38189697265625,61.089459413063636,59.15618536301015,60.68710328394164,14050300
2022-08-22,57.22291564941406,58.49867872495212,56.88925419178912,58.44961163427356,13096800
2022-08-23,56.78130340576172,58.18464388868579,56.683165482450846,57.262166127458535,12769100
2022-08-24,57.22291564941406,57.478066767090056,56.29062595220504,56.80093193113607,9961300
2022-08-25,60.05903625488281,60.12773093064864,57.48788251507584,57.50750635651259,12171600
2022-08-26,56.55558776855469,60.078658477486904,56.53596018529076,59.93145347479682,15754000
2022-08-29,55.947147369384766,56.91869221119894,55.46628465228058,56.241557392926545,11607600
2022-08-30,55.25038528442383,56.72242043628368,54.54381095716481,56.408386570039895,12743700
2022-08-31,55.47609329223633,56.09434906410394,54.76951901082351,54.9461635170714,14172200
2022-09-01,56.241554260253906,56.32987651368107,53.76853490787204,54.22977001481057,17594500
2022-09-02,55.27982711791992,57.70377572696185,54.95597759588345,57.213097355570035,12809700
2022-09-06,54.20033264160156,55.63311259254718,54.102198464416375,55.27982730853315,12133300
2022-09-07,53.9746208190918,54.68119887139606,53.00307599717344,54.27884275685144,17030600
2022-09-08,54.35734558105469,54.87746342039811,52.738109314888355,53.4741268204854,18415300
2022-09-09,56.3691291809082,56.60465644310488,55.12280568552071,55.12280568552071,13925600
2022-09-12,56.85980987548828,57.05608197809837,55.9667753650124,56.38875907537145,10711500
2022-09-13,52.6203498840332,55.19150736199976,52.149299075383674,54.66157379842689,22361800
2022-09-14,52.11986541748047,53.21898409431547,51.48198193676813,52.8853225994717,19984900
2022-09-15,51.707679748535156,52.45351288751131,51.01091743616995,51.71749541128873,15620800
2022-09-16,51.86469650268555,52.02171341405913,50.53005462779932,50.92259503444405,24901700
2022-09-19,51.12869644165039,51.78620755566666,50.91280045472035,51.001122731421646,19251400
2022-09-20,49.852928161621094,50.62820098604798,49.64684411773426,50.569318226260584,19373800
2022-09-21,49.16597366333008,51.53104337660959,48.79306077864534,48.81268836366755,31117300
2022-09-22,48.73417282104492,49.4309351688458,48.429950901046006,48.87156215795454,21317000
2022-09-23,49.16597366333008,49.21504449767513,47.54673720657818,48.36126139531492,24591700
2022-09-26,47.96872329711914,49.51926515473962,47.90002861793477,48.999147228463904,19266800
2022-09-27,49.637027740478516,49.70572241560764,48.47902644033182,48.89119449110657,17297500
2022-09-28,50.04920196533203,50.235658428886815,49.16597925674732,49.17579492216464,17784300
2022-09-29,49.0776481628418,49.36224251150877,48.30237919532596,49.10709141022105,25582100
2022-09-30,49.16597366333008,51.08943581613666,48.88138303945574,49.59777304666051,38917700
2022-10-03,50.75577926635742,52.100237149975065,49.69591203413603,50.05901303321362,24632400
2022-10-04,52.95401382446289,53.788169378884774,51.67825068993562,52.561473337304854,24275500
2022-10-05,53.709659576416016,54.17089849064228,51.19738471026133,51.89415091401867,20418300
2022-10-06,53.601715087890625,54.082581636323184,52.30632422480573,53.385819106429565,17149400
2022-10-07,52.03314208984375,53.74430736735901,51.63976964054805,52.67237138207983,21977700
2022-10-10,50.528499603271484,52.24949751038517,49.928608303984,52.190490517323575,17227400
2022-10-11,52.819881439208984,53.87214839106123,49.49589973685215,49.80075981077645,32813700
2022-10-12,51.87579345703125,52.878889818605195,51.52175900571366,52.711705215937364,18131900
2022-10-13,53.950828552246094,54.993259210526105,49.89910865548017,50.49899622700081,27605000
2022-10-14,51.846290588378906,54.52121040336627,51.72827660646245,54.32452793646068,20403000
2022-10-17,52.61336135864258,54.07866970881375,51.97413210322695,53.69512990467788,18261700
2022-10-18,51.67911148071289,54.2261887131376,50.80386165496273,54.09834209488302,19774800
2022-10-19,52.15114974975586,52.5445221796339,51.19722779723951,51.226729416463236,14786100
2022-10-20,52.81005096435547,54.186847043071886,52.28883190285803,52.613364738402346,15711800
2022-10-21,55.12109375,55.34728155557776,52.45600694124119,52.603522521672225,20199200
2022-10-24,55.30795669555664,55.86850999386653,54.15734472696213,55.2981203210725,15293600
2022-10-25,54.94408416748047,56.084859726258976,54.42286888029473,55.740661659528314,17313000
2022-10-26,54.531044006347656,56.48806221353734,54.04916298337181,55.150604249751645,23511300
2022-10-27,51.34474182128906,55.298120278380914,51.256233208388586,54.45237214432695,27335800
2022-10-28,53.144405364990234,53.53777398356843,50.60716145623614,50.97103221155408,19171100
2022-10-31,53.20341873168945,54.01966524206219,52.288830985803756,53.016568883623755,15932500
2022-11-01,53.950828552246094,54.52121450180873,53.213257991473085,54.17701640737247,11729700
2022-11-02,52.56420135498047,55.33746664336008,52.53469597856571,53.83282374794597,17302700
2022-11-03,52.593692779541016,53.46894249670269,51.04971218267609,51.83645329071594,12769200
2022-11-04,55.229278564453125,55.966849060106334,53.911485795493626,54.34419246907826,18882700
2022-11-07,55.62265396118164,55.87834342932155,54.54088159233682,55.49480735137281,11411300
2022-11-08,56.53723907470703,56.910938760512934,55.54397536667317,56.42906146774517,14190100
2022-11-09,55.04243087768555,55.7111617867104,54.59005143818449,55.28828771919534,19952500
2022-11-10,59.27117156982422,59.3793491872029,57.09779785304901,57.6288458133512,24982500
2022-11-11,61.48387908935547,62.13294099786734,58.88763145530798,59.64487097381811,17579400
2022-11-14,60.756134033203125,61.71005966191581,59.97922936029532,60.91348224244135,13988200
2022-11-15,62.054264068603516,63.372060614557356,61.385533172810945,62.44763650782654,16325000
2022-11-16,57.894371032714844,60.3627759521029,57.156800469399975,59.52686039612598,25901900
2022-11-17,57.76652526855469,58.012382110646556,55.57347893579489,56.350387457159826,14212300
2022-11-18,57.60917282104492,58.67127235033748,57.13712441749554,58.57293112129319,9703700
2022-11-21,56.212711334228516,57.058459518028435,55.878345860435005,57.058459518028435,9968400
2022-11-22,57.64851379394531,57.70752078914915,56.03569343981894,56.59624676408291,8955700
2022-11-23,57.953372955322266,58.08121955885284,56.792928403835646,57.27480944700316,8996800
2022-11-25,57.441993713378906,58.150062634818674,57.42232471539694,57.697683184188946,4360500
2022-11-28,54.82607650756836,56.80276389333452,54.55071804127677,56.37005719609377,15512600
2022-11-29,54.20651626586914,55.583316101779474,53.86231818263043,54.786738571527074,12874200
2022-11-30,56.69459533691406,56.724096960640374,51.738119971076806,52.69204582066052,31461400
2022-12-01,54.57038116455078,56.96010599249923,54.186841375890076,56.87160113912831,21764200
2022-12-02,53.773807525634766,54.50154166011971,52.495352727408495,53.43944207826996,15946500
2022-12-05,53.144405364990234,54.35402033841592,52.81003997588645,53.46893438153032,13806900
2022-12-06,52.790374755859375,53.72463138791626,52.35766811904903,52.96739195989024,17988000
2022-12-07,52.928062438964844,53.341103898288026,51.57093157472841,52.239662507744754,11367300
2022-12-08,54.28519821166992,54.77691195679106,53.15425509730002,53.65580521815136,13609100
2022-12-09,53.96065139770508,54.93424601215379,53.61645336563983,53.7738015733664,9932200
2022-12-12,54.432701110839844,54.46220648168816,52.456013831969166,52.63303105114893,13250600
2022-12-13,54.324520111083984,56.930599936956455,53.74429791374655,56.24220014751724,14210500
2022-12-14,53.685302734375,55.170276480359966,53.16408740490311,54.32453205470979,11235300
2022-12-15,51.17755889892578,52.82971710522384,50.990705306209826,52.67236888326581,17785000
2022-12-16,51.207061767578125,51.669273822128496,50.76451871018709,50.88253269314311,22951400
2022-12-19,50.86286926269531,51.42342261291479,50.253141538456774,51.305408617042666,16470000
2022-12-20,49.8400993347168,51.10872154041146,49.61391149014357,50.48916124785491,16942000
2022-12-21,50.341644287109375,50.892364949168545,49.90893760715562,50.08595482883616,20400800
2022-12-22,48.61081314086914,49.141864798537235,47.62738581251084,48.679652753736015,40959600
2022-12-23,49.3680534362793,49.71225150620806,48.17810724997973,48.18793987277301,17425700
2022-12-27,49.191036224365234,49.476231054638184,47.715895207546325,48.787831163160504,15159100
2022-12-28,48.30595016479492,50.24330323607315,48.02075908569782,49.014019054090035,12518700
2022-12-29,49.81059646606445,50.0859549218667,48.522305295102704,48.58131228626501,13204300
2022-12-30,49.2635498046875,49.302977317940055,48.42573582815101,48.74114841414225,11989800
2023-01-03,49.6479606628418,50.229503346739136,48.83971540861361,49.835239478343425,12422800
2023-01-04,53.423057556152344,53.738470136851696,51.97412842855471,52.28954100925405,25077300
2023-01-05,53.925743103027344,54.59599575118168,53.11749792613789,53.11749792613789,18030900
2023-01-06,55.95621109008789,56.46875741996179,53.25548692113968,54.63541963695511,21069800
2023-01-09,55.552093505859375,56.695465033403046,54.8522720881418,56.005498613675165,15715900
2023-01-10,56.38991928100586,56.458915561446354,55.05927243249313,55.35497131438315,10571300
2023-01-11,57.22772979736328,57.631852427912406,56.10406817484675,56.52790456298544,12143000
2023-01-12,56.44904327392578,57.40513966724803,55.62108440218615,57.27700214566541,14888100
2023-01-13,56.113922119140625,56.15334963093693,55.31553192533069,55.9167883201736,12520600
2023-01-17,56.03506851196289,57.75998271650018,55.73936968604512,56.34062609608617,10962700
2023-01-18,55.69994354248047,57.21786898219076,55.55209600589445,56.68560882644591,10035300
2023-01-19,55.552093505859375,56.27162867957083,54.48757324227673,54.91140959610895,12034200
2023-01-20,57.621986389160156,57.73041016219714,55.9463548058939,56.64617995185596,13826400
2023-01-23,60.93383026123047,61.022540291129324,58.01626179346881,58.075399306724826,20175400
2023-01-24,60.38185119628906,60.83526006616454,59.99744235271066,60.32271368805516,10183200
2023-01-25,60.65784454345703,60.785978327525825,59.5538966806081,59.80031300999165,10787200
2023-01-26,61.8997802734375,62.14619659917572,60.411427320385144,61.68293646359789,12219500
2023-01-27,62.95443344116211,63.41769351488576,61.071813114288915,61.24923314593261,15895800
2023-01-30,60.825408935546875,62.37290326196302,60.80569517699199,61.86035681958096,16169000
2023-01-31,59.435611724853516,59.47503923586517,57.809266375774044,58.25281271460474,23856300
2023-02-01,61.7026481628418,62.323618373635,59.524328685633,59.75103126036373,20902200
2023-02-02,62.264469146728516,63.00371804990489,60.97325013558964,62.64888173479229,15877600
2023-02-03,61.51536560058594,62.87558464307689,61.01267799793405,61.1112430149201,12187100
2023-02-06,59.12020492553711,60.303004051199395,58.88364735641351,60.066442722061026,11484300
2023-02-07,61.239383697509766,61.495655010874536,58.84421681330872,59.22862566336316,12713100
2023-02-08,59.38633728027344,61.436523011104974,59.36662352209065,60.569136451136636,9510500
2023-02-09,59.31734085083008,60.933831417423896,58.83436317665758,60.32271995542219,10094700
2023-02-10,58.962493896484375,59.889017861258445,58.40066501486405,59.63274655526203,11429700
2023-02-13,59.25819396972656,59.41590025983837,57.996543648832095,58.96249514576874,11466200
2023-02-14,61.180240631103516,61.41680194111898,58.18381742431805,58.66679504225967,12496200
2023-02-15,60.95354080200195,61.05210582556984,59.59332166868023,60.45085316578231,10457400
2023-02-16,59.18920135498047,60.470565511205294,58.99206754017324,59.908736583014296,12683400
2023-02-17,58.16410446166992,59.3173347536985,57.671271839096825,58.98220841994822,10874900
2023-02-21,56.77431869506836,58.8540730400743,56.66589867254494,57.50371265758792,12667500
2023-02-22,56.163204193115234,57.730412054720865,56.01535666504795,56.90245311349498,12260300
2023-02-23,57.907833099365234,58.89349834360975,56.616610275799694,58.292241943018276,16094600
2023-02-24,57.346004486083984,57.533279529783734,56.52790052462894,56.87288561777841,9867400
2023-02-27,57.07002258300781,58.706226836599335,57.00102631255631,58.32181420977917,8514000
2023-02-28,56.99116516113281,57.89797915758874,56.5771875558047,56.813745113130885,10493300
2023-03-01,56.51805114746094,57.71070531492906,56.39977235862494,57.03059757910346,9141400
2023-03-02,55.621089935302734,55.88722000198056,53.93560327302435,54.70442095897284,16625500
2023-03-03,55.9660758972168,56.05478592678326,54.64528421256885,55.65066329431712,13769200
2023-03-06,56.015357971191406,57.80926842567477,55.72951414624258,56.458904325750126,14472200
2023-03-07,54.76356506347656,55.91679165212792,54.51714874008801,55.69008908581222,13278300
2023-03-08,56.07450485229492,56.104073611537196,54.556579210938885,55.03955691864859,11515700
2023-03-09,54.802982330322266,56.73488893461085,54.7438448261188,55.82807501667715,10200000
2023-03-10,54.14258575439453,55.69993470063775,53.74831819938877,54.86212084626809,14180700
2023-03-13,53.127357482910156,53.7680376273892,52.00369596056571,53.19635374831537,17365200
2023-03-14,53.492061614990234,54.625574566984795,52.93023263878095,54.18202814577807,14657000
2023-03-15,53.35405731201172,53.49204983577964,52.12197583549205,52.56552591904199,14643600
2023-03-16,55.75907516479492,55.89706767907006,52.841507331505085,52.920358585370586,14791800
2023-03-17,55.84779357910156,56.89260011013837,55.414102217546535,55.985786114141135,26655200
2023-03-20,56.81373977661133,57.04044231442747,55.27610451837759,55.88721587075218,10610200
2023-03-21,57.78955841064453,58.66679993847212,56.774320580449256,57.54314208215297,14613700
2023-03-22,57.33614730834961,59.544039181313224,57.25729604146589,57.56285363067506,16949300
2023-03-23,60.46070861816406,60.89439998914007,58.28238924482977,58.3316717569838,23903100
2023-03-24,60.28329086303711,60.51985219440937,59.632751901781894,59.64260690058229,18735600
2023-03-27,58.93292999267578,60.539561746364015,58.32181479113551,60.312859175475765,15901000
2023-03-28,58.430233001708984,59.01177563154443,56.99116268381599,58.94277936698891,20496300
2023-03-29,62.629173278808594,63.4965560247179,59.99744500561227,60.03687251952124,51939800
2023-03-30,62.18562698364258,63.18114733116302,61.58437051949022,63.11215105757323,23038300
2023-03-31,59.475040435791016,60.776118245309966,59.04134908595619,59.48489543373556,35416500
2023-04-03,58.75551223754883,58.95264605996264,57.04045287056808,58.95264605996264,23610800
2023-04-04,56.44904327392578,59.23847367751552,56.1336307285025,58.82449612165277,21303200
2023-04-05,56.202632904052734,56.29134292679208,55.207108897753976,56.00549910240812,19456200
2023-04-06,57.83720779418945,58.41992570101302,56.09892898810652,56.24707907721599,21496500
2023-04-10,62.489070892333984,62.98289948756253,60.247088617882795,60.424867213574124,43280100
2023-04-11,62.78537368774414,63.49648814290369,62.26191652914812,62.85450939670537,23090200
2023-04-12,61.19524002075195,63.56561883928774,61.076722210109146,63.56561883928774,16694100
2023-04-13,62.22240447998047,62.58783659421689,60.0396829413385,60.75079357341839,23286500
2023-04-14,61.85696792602539,62.43968579114705,61.0075821801586,62.400178601196735,14953000
2023-04-17,61.76808547973633,61.995246195713015,61.21499606195825,61.45203546032412,11546800
2023-04-18,61.16560745239258,62.66684676886098,60.721160982449135,62.5483289660804,12175200
2023-04-19,59.90140914916992,60.45449475569785,59.63474125990262,60.22733405764343,11652600
2023-04-20,60.701412200927734,61.185365899379285,59.13103706100751,59.140915743130186,14382200
2023-04-21,60.375492095947266,60.6915421320668,59.980427666991034,60.395245694156436,9606200
2023-04-24,58.77547836303711,60.12857144084177,58.617453361610465,59.35819626222533,13402600
2023-04-25,57.42238998413086,58.60757939785886,57.31374708746058,58.40017228655012,15987300
2023-04-26,60.266841888427734,60.42486688734317,58.60757751600905,58.84461689818879,25385000
2023-04-27,61.1359748840332,61.195231897682184,59.3878213967457,60.00016773266602,13524600
2023-04-28,63.56562423706055,63.644638629274226,61.531048848921344,61.65944535246178,18094700
2023-05-01,61.58042907714844,63.308829294026374,61.54092564986318,63.101422172228254,12823400
2023-05-02,61.1359748840332,61.80758200121527,60.49399627367562,61.4618997619409,12237600
2023-05-03,60.158203125,61.412528288329256,60.069313821532155,60.73104614015135,10818100
2023-05-04,59.76313781738281,60.2075843280334,59.16067006696021,59.802645011132505,13357900
2023-05-05,60.47425079345703,60.97795808272992,59.368075768117,59.86190437538117,12312700
2023-05-08,60.11869430541992,60.59276932189461,59.56560867000612,60.494005106317374,11510400
2023-05-09,60.177955627441406,60.63227705129519,58.81498758826669,59.140916284257464,11895200
2023-05-10,59.24955749511719,61.54092191353964,59.05202530022975,61.15573243808318,14548700
2023-05-11,60.84956741333008,61.047099628662615,59.32857425316727,59.84215650598641,15536600
2023-05-12,60.16807174682617,61.4223967789661,59.4075790571128,61.22486836313111,12131400
2023-05-15,63.8421630859375,64.06932756555257,61.037216387026504,61.461909299607676,22227200
2023-05-16,62.94339370727539,64.41500461180837,62.51870080444569,63.75327608781663,15259000
2023-05-17,64.11870574951172,64.51377014970534,62.656973496976676,63.78290590724449,15947700
2023-05-18,66.73600769042969,67.74341488479595,64.27674296738418,65.16563610078246,30688000
2023-05-19,67.3285903930664,67.54587618553461,65.61006895253162,66.73599757238819,16812100
2023-05-22,65.41252899169922,65.92610733634845,63.960671939105396,64.93845029760166,37491000
2023-05-23,65.19525146484375,66.72611554695331,64.89895130173808,65.03722270179375,15896200
2023-05-24,65.70882415771484,65.90636009434196,64.0791884728623,64.14832416687541,15806600
2023-05-25,68.75082397460938,69.01748812513998,66.67674519030639,68.88909539121444,29021500
2023-05-26,73.01750183105469,73.66935170699566,68.93848004329763,69.01748689764747,33410000
2023-05-30,70.80514526367188,73.84712363489673,70.69650237163961,73.47181662120195,24454700
2023-05-31,67.35822296142578,68.98785896787884,67.08168013079899,68.04958757321977,30403600
2023-06-01,68.23723602294922,68.92860062149018,67.2594574519116,68.08909346311538,18153000
2023-06-02,68.31625366210938,69.67922555924461,67.44711795041505,69.12613234705077,13468200
2023-06-05,66.93351745605469,68.64216753169542,66.67673203885248,68.64216753169542,12441100
2023-06-06,66.70635986328125,67.99030954183162,65.99524556243465,66.20265264431066,12476600
2023-06-07,66.23228454589844,67.8224131236799,66.11377051316623,67.56562769594285,14610800
2023-06-08,64.51378631591797,65.69897227826243,63.21995742791526,65.67922244415574,25856800
2023-06-09,64.6224136352539,65.58044236547875,63.674263587310996,65.11624225617585,14649300
2023-06-12,66.61747741699219,66.7063704863671,64.97797032692463,65.02734866748698,14731100
2023-06-13,67.03228759765625,68.02981580620917,66.76561597084378,67.71376584736782,11911900
2023-06-14,68.26686096191406,68.35574648335111,66.6866035853717,66.70636094695257,11085800
2023-06-15,67.9705581665039,68.6619150903321,67.5162368258132,67.74339372854588,11842600
2023-06-16,66.82489013671875,69.6298329832487,65.24463257983972,69.28415446839135,32259700
2023-06-20,66.07426452636719,66.78537887660592,64.95820712965461,66.48907871893111,13261600
2023-06-21,64.98785400390625,66.37056820955029,64.53352501036346,65.92612543419717,10427200
2023-06-22,65.43228912353516,65.83723219011401,64.70142490960359,64.72117473799032,8639500
2023-06-23,64.4742660522461,65.14587330425812,64.03969443764213,64.64216598144235,12663600
2023-06-26,64.64215850830078,65.87672996594767,64.60265885265513,64.81993709961098,13815900
2023-06-27,65.96562957763672,66.01500791970868,63.002657785149395,64.46438631638273,18305200
2023-06-28,66.2421646118164,66.89402194637405,64.58290030184588,64.83969327017702,27100100
2023-06-29,63.53599548339844,67.1113100624277,62.76562023268413,67.00266715735174,51141900
2023-06-30,62.33104705810547,64.29648279400377,62.1236399484583,63.70388997569377,31549600
2023-07-03,63.111297607421875,63.5261118296742,62.479193824406984,62.65697242469035,12921300
2023-07-05,61.294002532958984,62.96314171784432,61.25449534373245,62.716227436597876,16553000
2023-07-06,60.47425079345703,61.02734018993368,59.75326147896493,60.23721517183366,15607300
2023-07-07,60.01412582397461,60.845319122923776,59.994335057963596,60.78594682489075,15028100
2023-07-10,61.8249397277832,62.1712724833741,59.9448621855719,60.19224110754992,16953100
2023-07-11,62.93319320678711,63.00245899962484,61.65672089970414,61.94367756658793,13454500
2023-07-12,63.1212043762207,64.02165969426667,62.468124196586565,63.79407532186831,13953600
2023-07-13,63.85344314575195,63.97218774053208,62.88371826992991,63.50711418106644,11384700
2023-07-14,63.40815734863281,64.85284912503407,63.012349624415,63.62585197442283,13860200
2023-07-17,64.47686004638672,64.98150772277732,62.67593762508263,63.13111403582701,11333600
2023-07-18,64.25916290283203,64.43727606110126,63.081636603751775,63.69513915988065,10393100
2023-07-19,64.27894592285156,65.0705615882888,64.12062731940802,64.94191970174651,9463900
2023-07-20,64.01176452636719,64.86274851902074,63.57637526052453,63.72480410564404,12745100
2023-07-21,64.96170043945312,65.4663555076518,63.66542987405675,64.60547422065464,24540200
2023-07-24,64.79348754882812,65.9413217676613,64.53621136811861,64.67474295402253,10272700
2023-07-25,64.99139404296875,65.30803877748943,64.39768610941822,64.7143308439389,8610900
2023-07-26,66.6735610961914,67.16831891612297,64.31851659110305,64.31851659110305,14920600
2023-07-27,70.32487487792969,71.5815563947799,69.22651193473857,69.74106428529201,25068300
2023-07-28,70.4535140991211,71.37376399267824,69.91918227006717,70.82953489289201,11932900
2023-07-31,70.64152526855469,71.01753851703216,70.12698042593259,70.37435935110595,11193800
2023-08-01,70.01814270019531,70.33478746587924,69.15726120470774,70.25562438710658,13141100
2023-08-02,67.45528411865234,69.117670812931,66.6339842677408,69.01872075184177,14004400
2023-08-03,68.45468139648438,68.6624787419269,66.45586344312953,66.86156086535429,11075200
2023-08-04,69.17704772949219,70.18635044391287,68.40521912504599,68.77134265987024,11255500
2023-08-07,68.65259552001953,69.49368989194718,68.10836642281373,69.11766909995913,10537500
2023-08-08,66.94074249267578,68.03910558725505,66.25797420431404,67.97972950821962,14767800
2023-08-09,66.00069427490234,67.25738344356239,65.92153875632513,67.06937304445442,10043200
2023-08-10,64.75391387939453,66.7527323968435,64.24925872695403,66.35692458217262,12775300
2023-08-11,63.69512176513672,64.62526129372114,63.3982640659557,64.21956382420562,11823100
2023-08-14,67.56413269042969,67.76204036564538,63.526906708900256,63.69513012018506,21954000
2023-08-15,64.64506530761719,66.92094698706967,64.63516803635265,66.88136545141755,13808500
2023-08-16,63.54670333862305,64.54611637042663,63.41806145815551,64.31852442380371,9895400
2023-08-17,62.89361572265625,64.03155644899779,62.73529337052601,63.81386179930523,9933300
2023-08-18,62.923301696777344,63.19047138102588,61.10259271037089,61.65672284526076,9576500
2023-08-21,63.28941345214844,63.51700534959557,62.200947860811624,63.01235030701592,11311900
2023-08-22,62.74518585205078,64.39767891448727,62.626445033547775,63.62585793216388,8876000
2023-08-23,64.50652313232422,64.93201513407186,62.507697431312565,62.90350517353906,10747400
2023-08-24,63.02225112915039,65.54551531131946,62.70560641941089,65.44656525503937,12661600
2023-08-25,63.05194091796875,63.71491461781485,61.973368665851176,62.794664724966694,9409000
2023-08-28,64.62525939941406,65.41687487442289,63.98208031904964,65.03096440644237,9904900
2023-08-29,65.98091125488281,66.32724026140106,64.18989014302689,64.21957440795616,9955000
2023-08-30,67.37612915039062,67.97973440983155,65.82258960135579,66.4855709441134,16892200
2023-08-31,69.20672607421875,69.80043394659458,67.2573790612372,67.2573790612372,18420900
2023-09-01,69.65202331542969,69.87961529324866,68.82083358650581,69.47391015217354,10772000
2023-09-05,69.55305480957031,70.4139361288097,68.80102081400736,69.17704158649141,11144300
2023-09-06,69.67179107666016,69.91916995555856,68.90985990198669,69.39472039079436,9192800
2023-09-07,69.13745880126953,69.55305354809363,68.37552754935365,68.72185650504039,12043200
2023-09-08,69.44420623779297,69.86969825467942,68.88018263860907,69.03850121148972,9805000
2023-09-11,69.2957763671875,70.11707612831395,68.58332392618166,70.08739186817286,9310400
2023-09-12,69.57283782958984,70.93837415798957,69.05829305109172,69.22650888738873,11062100
2023-09-13,70.107177734375,71.10659058972844,69.62231721123325,70.30508538115058,14525500
2023-09-14,71.03732299804688,71.47271226049979,70.53266794833142,70.91857841299483,11170300
2023-09-15,69.14735412597656,70.87900659415894,68.90987247274514,70.54257488119822,16416100
2023-09-18,69.76084899902344,70.30508559253661,69.17703842544095,69.9092778472002,12735700
2023-09-19,69.9686508178711,70.3149797860459,69.23641134952933,69.8795980329427,10399000
2023-09-20,68.94945526123047,71.55187887155631,68.91977099771206,70.20613689641289,15522100
2023-09-21,67.18811798095703,68.56354420903396,67.11885218347854,68.27658374822144,14978600
2023-09-22,68.1578369140625,69.01871826831345,67.07926845301066,67.87087646264551,15487200
2023-09-25,67.8609848022461,68.46458995014919,66.9011534178951,67.57402435902944,14900000
2023-09-26,67.22769927978516,68.32606231410283,66.88136274419949,67.2573835429712,12752500
2023-09-27,67.49485778808594,68.12814716454946,66.05016592619073,67.40580500830428,20852300
2023-09-28,64.51641845703125,66.38660246337237,63.160786825104594,65.27834974815121,46749800
2023-09-29,67.31674194335938,68.00940736093222,65.66425277972608,65.66425277972608,24315500
2023-10-02,67.24748992919922,68.55365042625725,66.35692423815827,67.5245531332106,14880500
2023-10-03,67.11884307861328,68.91976111815997,66.40639065867751,66.46575917720392,12481500
2023-10-04,67.39590454101562,67.78181500057016,66.41628626286985,67.59380463074453,12912800
2023-10-05,68.32605743408203,68.81091798010401,67.62349469163131,67.89066814003486,14045000
2023-10-06,69.34199523925781,69.70872950209028,67.39931014830536,68.10303733211985,15113400
2023-10-09,68.86624908447266,69.33209096938,67.97419775656498,68.99509800217044,8588700
2023-10-10,68.45986938476562,69.49068344516259,68.28145911350461,68.87615749704126,9007600
2023-10-11,69.58979797363281,69.64926554286646,68.32110608331394,69.10412851355765,11165300
2023-10-12,69.13385772705078,70.09529036342578,68.68783586328902,69.76820363026734,11408700
2023-10-13,68.5986328125,69.44112282823097,68.47969010973786,69.2528063346913,10287900
2023-10-16,68.46977996826172,69.4113850680378,67.53808108831494,68.40039861945716,11294100
2023-10-17,68.39049530029297,69.01492753506223,67.02268811660748,67.46871006115681,11843000
2023-10-18,68.52923583984375,68.9356176434875,67.3794868898734,67.40922066828664,11201000
2023-10-19,66.9334716796875,69.16359627618708,66.58656492152093,69.0644811398538,18111000
2023-10-20,66.62620544433594,67.9147172044398,66.5469103188528,66.96319838464022,11506100
2023-10-23,66.2892074584961,67.55790682839047,65.64495533498682,66.22973989312592,9762000
2023-10-24,67.46869659423828,67.74622197651875,66.53699775772567,66.69558801159995,8450700
2023-10-25,65.91256713867188,68.5887134563444,65.31786879718906,67.88498620335643,11924300
2023-10-26,63.9599609375,66.84425853671539,63.31570510295657,65.86299844267367,16697900
2023-10-27,65.07007598876953,65.68459432007762,64.30687362233913,64.34652118597184,9980300
2023-10-30,65.48637390136719,66.95330372814338,64.59432249062495,65.77381310938416,10667700
2023-10-31,66.279296875,66.47752712118188,64.68351843863861,65.49627454718299,8268400
2023-11-01,68.78694915771484,69.04465453714647,66.40814830311386,66.40814830311386,16777500
2023-11-02,69.81776428222656,70.40254883388084,69.13385704005496,69.69882159080554,11926000
2023-11-03,71.9388656616211,72.54347782550246,70.52149727839102,70.67017376429631,14457900
2023-11-06,72.2758560180664,72.34523736737339,71.38380469697674,71.93886305343248,10073900
2023-11-07,72.15692138671875,72.48400057173383,71.07654601197201,71.83974842167383,8248400
2023-11-08,71.64151000976562,72.1370932362438,71.08645921595003,71.97851053601075,9917600
2023-11-09,72.92010498046875,75.42775452990547,72.85072364138547,72.9002849815873,22435900
2023-11-10,74.69430541992188,75.14032730444688,72.92011653983349,73.78243408684851,12306000
2023-11-13,74.11942291259766,74.53571098982069,72.74170220797886,73.4949907967631,9116000
2023-11-14,76.4883041381836,76.76582950163238,75.23944000266401,75.32864134291583,12972700
2023-11-15,76.45857238769531,76.81539288217243,75.63590249420643,76.81539288217243,9954000
2023-11-16,75.99273681640625,76.79558685606688,75.80442031594313,76.21079466515357,12989000
2023-11-17,76.87486267089844,77.25151073820159,75.79449493721174,75.92334384539473,9376900
2023-11-20,77.92550659179688,78.21294576077523,76.44866318270125,76.65680722327185,11424100
2023-11-21,76.03237915039062,77.2416034560029,75.63591104923906,77.16230832337257,12016700
2023-11-22,76.41893005371094,77.75700321853861,76.17113844681693,76.5180451840686,8579500
2023-11-24,76.19097137451172,76.32973407918233,75.69538812583089,76.00264732017293,4349600
2023-11-27,76.82532501220703,77.5984337475582,75.98283491758079,76.19097899540603,11005600
2023-11-28,75.44758605957031,75.56652118311297,73.33639687269765,74.41677213753844,19225700
2023-11-29,76.0125503540039,78.3219622191756,75.70528364111046,76.7658313408414,14062900
2023-11-30,75.44758605957031,76.31980973421302,74.3077432329582,76.14139948689984,21701600
2023-12-01,75.25926971435547,75.86388186075158,74.4266859545641,75.33856484614512,14354700
2023-12-04,73.63375091552734,74.93217644710221,72.6822321028466,74.75376619709961,11659300
2023-12-05,73.03905487060547,73.31658025433752,72.3947951943706,72.82099705138755,8800500
2023-12-06,72.48400115966797,74.73395327914271,72.28577089065699,74.63483814463723,8883900
2023-12-07,72.99940490722656,73.55445565644453,72.34523147107741,73.36613162567444,10641300
2023-12-08,74.29783630371094,74.68439061487086,72.78135284269895,72.83091419007839,12007100
2023-12-11,77.10283660888672,77.81647764018527,76.29008044812996,76.5081382701378,18547600
2023-12-12,77.4695816040039,77.56869674714912,76.41893991306274,76.73611290832783,10262100
2023-12-13,79.08517456054688,79.56093023751362,77.3407194336685,77.60833861871241,11629900
2023-12-14,81.46398162841797,81.67212569766363,80.07634693811286,80.09616694194548,17342800
2023-12-15,80.69086456298828,82.25690181150156,80.39351160230859,82.1577866786083,19547800
2023-12-18,80.83952331542969,81.13687623871604,80.09614856921277,80.86925709535853,12416600
2023-12-19,81.44413757324219,81.54325269633964,80.4529712182693,80.94855439575574,14316400
2023-12-20,77.99488830566406,80.89900622976643,77.93541317807856,80.74041597220467,29085000
2023-12-21,84.72491455078125,85.2601377986625,82.37584725663505,84.24915131021994,53969700
2023-12-22,85.7259750366211,86.71714138133125,84.86366515640269,85.38898210917921,22531800
2023-12-26,86.29094696044922,87.09379691076474,85.66651483198137,85.93412644075339,11203900
2023-12-27,85.89448547363281,86.71714785402767,85.45836982956833,86.7072416344805,9186300
2023-12-28,85.24030303955078,85.98367777536082,85.08171279948519,85.98367777536082,9606200
2023-12-29,84.69940185546875,85.49339977993728,84.39173125649677,85.19564866523024,8549200
2024-01-02,81.721923828125,83.44886823785455,81.13635620693988,83.3694669282318,13597100
2024-01-03,81.64251708984375,81.97003418866379,79.97512771390979,80.59046883518488,12915600
2024-01-04,82.08914947509766,83.62751767254686,81.98990162380673,82.8434467747349,19134200
2024-01-05,82.82359313964844,82.90299444999013,80.40191375123274,80.868386984333,15483700
2024-01-08,84.31233215332031,84.86813374382558,83.20074411656097,83.26029131220862,16219800
2024-01-09,82.70448303222656,83.55802802590996,82.27771053538486,82.50597979408839,12138700
2024-01-10,81.76162719726562,82.39682255108366,81.04703810331478,82.33727535295256,10748600
2024-01-11,82.76404571533203,82.82359291186167,81.20583097175908,82.17847809045543,10579300
2024-01-12,81.77154541015625,82.42659480725368,81.09664947320364,82.12884370455028,10187500
2024-01-16,83.97489166259766,84.58031341887789,81.7120072623949,81.92043002850558,13713500
2024-01-17,82.65486907958984,83.33969211387175,82.00974669953992,83.06179510637345,10245400
2024-01-18,84.18330383300781,85.1757973974489,83.40916006428377,84.58030277320924,15077700
2024-01-19,86.85311889648438,87.13101589883256,84.9773065585087,85.41399860271639,18156800
2024-01-22,88.57012176513672,89.2747912728711,87.34935894614789,87.6074018157127,14371200
2024-01-23,86.87297058105469,88.51058666714421,86.22784817476173,88.3319375018958,16850900
2024-01-24,87.4188461303711,87.90516591882024,85.9598791928977,87.74637086574796,19752800
2024-01-25,88.53043365478516,89.36413228751769,87.83569110427963,88.48081351382099,15892400
2024-01-26,87.38906860351562,87.83568771559213,85.64227766547366,86.58514360080208,14934500
2024-01-29,88.40141296386719,88.89765981054256,87.3592915569985,87.83569186154229,12108100
2024-01-30,85.51325225830078,88.12350770179113,85.11625330365437,87.41883815405325,12980400
2024-01-31,85.10633087158203,86.2675466300124,84.15353787193719,84.32225997588847,11396700
2024-02-01,84.96739196777344,85.54304016973468,83.9848252589958,85.4239381917724,10459000
2024-02-02,85.83085632324219,85.95987777499309,84.30241515548764,84.43143660723854,10450000
2024-02-05,86.32710266113281,86.56529902149698,84.96738360864104,86.08889872864287,8409300
2024-02-06,83.96495056152344,86.53551272452124,83.09155898693471,86.17821445034298,12990300
2024-02-07,84.53068542480469,84.63986033604186,81.85095550128085,83.50841813969838,16374800
2024-02-08,84.24285125732422,85.38422037402046,83.89548002323188,84.86812705081542,12524500
2024-02-09,84.9177474975586,84.9773022608537,83.32975929864767,84.42150071214112,12161500
2024-02-12,85.05668640136719,86.25761015014056,84.74901585217893,84.88796433065906,10366000
2024-02-13,80.91800689697266,82.92284833077892,80.16370959509624,81.85095336055333,21207900
2024-02-14,81.21575164794922,82.55561646948122,80.87829989249943,81.56312288729083,12870900
2024-02-15,81.01725006103516,82.08914496924268,80.89815567487338,81.6226717644417,11527600
2024-02-16,78.90323638916016,80.72942086719503,78.65511300428858,80.35227604815516,15553100
2024-02-20,80.10416412353516,80.16371132134363,78.5558764035078,78.7345255690591,12627200
2024-02-21,80.87831115722656,80.88823821462614,79.33995043384373,80.18356858177962,9913300
2024-02-22,85.26513671875,85.66212813786977,83.25036816330001,84.36196382436285,17510900
2024-02-23,85.35444641113281,86.16829082984233,84.41158055520866,85.90032089958888,10232800
2024-02-26,88.78848266601562,91.65678876190886,88.23268863479433,89.00683248460278,28920100
2024-02-27,91.1605453491211,92.05379119862732,89.81075330367302,91.20024600600205,21422700
2024-02-28,89.03660583496094,90.10850081115089,88.62968736955825,89.78097608418301,14190700
2024-02-29,89.92984008789062,90.14818987780016,88.15327574613781,89.96954073806734,17027000
2024-03-01,94.4357681274414,95.3389333714165,91.23001044825443,91.23001044825443,23446200
2024-03-04,95.05110168457031,96.64901686772623,93.90974018699438,96.20239780972909,20913200
2024-03-05,93.7608642578125,94.6541099422559,92.57979454326373,93.54251447137915,12887500
2024-03-06,94.84268951416016,95.70616170418351,93.85019587731168,94.33652321129782,14232400
2024-03-07,98.23701477050781,98.94168428134695,96.7383473919521,98.1873870642287,24843300
2024-03-08,96.8872299194336,101.08547369203632,96.58947880455557,99.13026004891326,22379000
2024-03-11,93.80057525634766,95.73593480939881,92.82792816550304,95.18014079870217,15673300
2024-03-12,96.68872833251953,96.768129640817,92.93710359490794,94.6144202650956,14993700
2024-03-13,93.45320892333984,94.6243442012601,92.40116046921733,94.60449765931479,16732600
2024-03-14,90.74369049072266,92.7485242384957,89.62217544448764,92.5996562556384,16718900
2024-03-15,92.5500259399414,93.98913859594839,91.32925551001735,91.78580921833858,29579500
2024-03-18,93.07605743408203,96.3512896539172,92.9867366362211,96.0932391732201,23140300
2024-03-19,93.2944107055664,93.45321333713265,90.31692951283556,91.8850714249841,21054700
2024-03-20,95.52751159667969,95.95428415916547,92.88747491429669,94.27696750649167,39807400
2024-03-21,109.02542114257812,112.64802432016259,107.96345328667394,112.51900287730285,89554100
2024-03-22,109.38272094726562,110.5042360118566,106.24644504569353,108.4894751748755,37281400
2024-03-25,116.25077056884766,120.49864946167726,109.33309666080093,109.41249039256986,55766100
2024-03-26,117.90824127197266,121.54076386620014,117.28296546543237,118.10673696070361,44295100
2024-03-27,118.35487365722656,119.20841884450788,116.20116414677008,118.40450137104855,29320700
2024-03-28,117.11801147460938,118.84661518001113,116.58154668753275,118.65786452526085,21047800
2024-04-01,123.48603820800781,126.54586340775684,118.22074164096426,118.4194289312762,44309400
2024-04-02,121.94618225097656,122.87009252966031,120.1281640284966,121.90644327798184,25026400
2024-04-03,127.17173767089844,127.43997385542222,120.53548806022752,121.39978612729777,40130100
2024-04-04,123.27741241455078,129.68517256707688,122.84029883971486,129.32752936438908,36009900
2024-04-05,122.77075958251953,124.86694321914531,120.40633974966944,123.5853896512958,23326500
2024-04-08,122.1448745727539,128.85067305856572,121.80710465752301,128.21486462330276,27955800
2024-04-09,121.82698059082031,125.31399821865743,120.4758856575112,124.07218357991266,19212900
2024-04-10,121.39978790283203,123.66486401858242,119.14465600520094,119.21419731712521,22242300
2024-04-11,126.67501831054688,126.72468634393414,121.28057570556966,122.09520573157754,21745300
2024-04-12,121.71768951416016,125.16496785865563,121.03221304831033,124.42981577988238,24808200
2024-04-15,120.57523345947266,123.96289975621787,119.82020805836903,122.82042880521095,17732600
2024-04-16,120.97259521484375,121.74749381174686,117.58492927806124,118.74726580426487,17452400
2024-04-17,115.5682373046875,123.60525786563628,115.43908373371563,121.22097228574607,25546500
2024-04-18,111.19705963134766,116.8498027659361,110.7500093557184,115.24040813068656,32146900
2024-04-19,106.07083129882812,110.15391826225729,105.02771159468163,108.94191359354919,33787500
2024-04-22,108.40544891357422,109.50818087316695,105.9317487991177,106.89539813132349,19820900
2024-04-23,111.72357177734375,112.15075629051009,108.19682296346788,108.99157973671679,17887500
2024-04-24,111.04803466796875,113.20382313214878,108.51473726988176,111.98188173221286,20505900
2024-04-25,110.84933471679688,112.31963888500981,107.36231737255271,108.65380752358668,18342800
2024-04-26,114.0879898071289,114.30655039425471,110.86920841524118,111.26659061188491,20630700
2024-04-29,113.61112976074219,113.99857529263691,111.37586357853363,113.06472832887296,14419100
2024-04-30,112.22029876708984,115.51855797990382,112.19049642995608,113.43231100676007,14845600
2024-05-01,108.98164367675781,112.98526021882823,108.03786763493909,109.79627373183928,16686200
2024-05-02,111.59442138671875,111.67389933473707,108.71341019624631,111.00828099437655,15439200
2024-05-03,113.94889831542969,114.72379694938054,112.70708378461883,114.276739170628,15564400
2024-05-06,119.34334564208984,120.57523116237823,117.24716202514531,118.99563907565147,22538700
2024-05-07,118.42935943603516,120.61495741344339,118.39955710197529,119.36320632689174,12508300
2024-05-08,118.53864288330078,119.6811137225571,117.44584765509502,117.5253256010023,10867900
2024-05-09,117.03853607177734,118.84661776558576,116.67096381333812,118.53865018052922,11524800
2024-05-10,120.44608306884766,121.05208921765185,118.39957497386399,119.25394404990155,13922400
2024-05-13,122.19456481933594,123.29729686430429,120.85340647744981,122.12502350025845,16643200
2024-05-14,123.99269104003906,124.22118824164384,120.87325364077294,122.18460944186931,13887700
2024-05-15,126.97303771972656,127.11212032767686,124.61856244268685,125.40339006151132,14265100
2024-05-16,127.05253601074219,129.27787325323752,126.21804022938262,127.09227498786906,15874700
2024-05-17,124.46955108642578,128.1850579246885,124.0423665979498,127.51944717596182,13774700
2024-05-20,128.15525817871094,130.16203468304684,125.81071176381543,126.29750093233018,19123200
2024-05-21,126.66508483886719,127.9764482875738,122.4727176809026,123.38669137596975,15717800
2024-05-22,125.45307159423828,127.03266363946445,124.41988098151303,126.95318568938532,11190100
2024-05-23,125.4431381225586,131.085943870249,123.84368791858465,130.90712984720832,20747400
2024-05-24,128.64205932617188,129.5460888048967,125.7709770910537,126.98298931403548,14048900
2024-05-28,131.80123901367188,132.42711845352542,128.42350919999606,130.89719430252129,14143000
2024-05-29,130.71835327148438,132.22840383157504,129.0493468295174,129.1486980454069,11242500
2024-05-30,125.4630126953125,130.80777996756717,124.87687226692422,129.4467560263671,12639700
2024-05-31,124.18144989013672,126.48625729692029,120.21758013188513,125.52260803306335,24153800
2024-06-03,127.33069610595703,127.99630689210272,124.33047545921546,127.29096470987679,16134300
2024-06-04,125.81071472167969,127.02272693170602,124.59870251165334,126.51606447452045,12995500
2024-06-05,132.8344268798828,132.9933676232481,126.81410472285718,127.95657563700509,22301800
2024-06-06,129.21827697753906,133.2516886751858,128.33409036356284,132.96357917742773,15505000
2024-06-07,130.0825653076172,131.67207889911012,128.77120181473765,129.35734982624146,12139500
2024-06-10,133.93714904785156,134.78157379399232,128.8606108769452,128.8606108769452,14652100
2024-06-11,134.1855010986328,134.9603920542914,130.91703718155145,134.4338639731097,14125000
2024-06-12,139.8283233642578,140.7820436428971,135.93399461431406,137.60298615334585,16973600
2024-06-13,142.20266723632812,143.27559682729472,139.34152166041721,141.85495309855293,16312900
2024-06-14,140.43431091308594,141.55691600901838,138.73550210237698,140.8714320180107,14028500
2024-06-17,146.86195373535156,147.77592740003882,141.2092116332521,144.62668760661148,23909000
2024-06-18,152.44512939453125,156.50834238477458,150.5178310622567,150.74633582126808,42192600
2024-06-20,143.2458038330078,156.3792365916521,141.97418686275248,155.98184681415353,41285000
2024-06-21,138.62623596191406,141.6662107310052,134.81138528080675,136.74861295801992,49893500
2024-06-24,138.09971618652344,141.89470897949926,136.98705512670102,141.50726342053466,32410100
2024-06-25,140.1958770751953,140.20582129231315,136.84795022187527,139.1527650808159,31160600
2024-06-26,141.42776489257812,143.12657373253785,138.62622421306818,142.10330467809897,55490300
2024-06-27,131.36412048339844,136.4903351447133,130.22165703596536,134.90080628327794,68172700
2024-06-28,130.668701171875,134.53322768690722,129.89381005690288,131.95026235662348,38140600
2024-07-01,130.6587677001953,131.21509820919835,126.43659052916406,129.6454427537287,24749000
2024-07-02,131.7217559814453,131.8409804923152,128.5725159421942,129.05931272764428,20776000
2024-07-03,135.92405700683594,135.92405700683594,131.56278987197123,131.79129465741374,14507100
2024-07-05,130.7382354736328,136.23202156060248,130.05275145024308,135.92405399273017,30104600
2024-07-08,129.94773864746094,132.51308716218134,129.3511403241769,130.54432179861936,20500700
2024-07-09,130.3951873779297,134.4420790215249,130.13666951462415,131.00172347872,21850900
2024-07-10,135.61538696289062,135.72476283653046,131.9463414960329,132.34407884205433,22460200
2024-07-11,129.4903564453125,135.65514060508008,129.33127669369824,135.58554605852265,25401500
2024-07-12,132.79151916503906,133.66651097599586,129.97759004637066,131.00173905060515,20726900
2024-07-15,130.12672424316406,134.5812911872695,129.29149863069205,133.14946718181614,20416000
2024-07-16,126.76593017578125,130.22616917451367,126.51735002773066,129.67928981437674,21312600
2024-07-17,118.82130432128906,122.33125460755362,118.55284111382865,121.88381339976502,31414100
2024-07-18,116.7829360961914,120.94914129050287,113.44201871213419,119.81561656227593,30404900
2024-07-19,113.61106872558594,116.54431132807963,113.20339365677128,116.02726797740601,18038900
2024-07-22,114.6252670288086,114.92356621584305,112.99458200143076,114.70481449015958,23837800
2024-07-23,113.60112762451172,115.6792540202708,113.18351479656933,114.47612701440016,14707700
2024-07-24,109.6536636352539,113.39231084306883,109.37525510874724,110.83690745897064,25261000
2024-07-25,106.83975219726562,110.07129435178398,104.443443344361,106.19344983521366,29068400
2024-07-26,108.78861236572266,110.00167703486771,107.16786505363811,109.37525783461598,18547900
2024-07-29,107.23747253417969,110.39941226723214,106.53150583600954,109.91219730940902,13517700
2024-07-30,101.9775161743164,108.6295232766465,101.58973175531693,108.38094313184868,23915100
2024-07-31,109.19628143310547,110.70764531650454,107.1380382181119,109.22610983554449,26503600
2024-08-01,100.93347930908203,107.2474131689223,99.38233412092055,106.57127490384258,31643700
2024-08-02,92.17350769042969,97.13517246757362,90.55276799982121,96.60818381420059,36039400
2024-08-05,89.90645599365234,91.72606429296471,84.4277556100435,87.13230094373266,36977600
2024-08-06,88.4945297241211,90.34396657018446,86.65503820774258,88.69339080143516,26460000
2024-08-07,86.3070297241211,93.04852206975333,86.08827798187467,92.84965340131838,29483800
2024-08-08,91.54708862304688,92.32265740344053,87.53003287115287,87.97748165019313,24760700
2024-08-09,92.55136108398438,93.99312288552599,90.93061368916099,91.26868662993415,21627200
2024-08-12,94.10249328613281,95.98175845965564,92.103906919379,92.5712387769543,18886600
2024-08-13,96.88658905029297,97.22465436887322,94.37095947428922,96.07124656811709,23565500
2024-08-14,99.83972930908203,101.37097626872459,97.51301529498735,100.42637478781911,22459000
2024-08-15,106.34257507324219,107.43633369860004,102.16643198282227,102.92211769141585,29128000
2024-08-16,107.37667083740234,108.84826854496212,104.75166527132363,106.22326297888341,18383300
2024-08-19,108.01303100585938,108.10252379380765,104.16501560353784,106.64087147451275,15744600
2024-08-20,107.37667083740234,108.56986001311492,105.5570700510971,107.71474375897648,16075500
2024-08-21,107.71473693847656,107.78433906703115,105.60677483843837,107.54570428142442,13658900
2024-08-22,103.66786193847656,110.36958027427622,103.36956274114763,108.33122012667715,17967000
2024-08-23,102.265869140625,103.81701438885413,99.74029398167401,102.45479247652705,25465100
2024-08-26,98.34825134277344,101.60962160267421,97.05563156573436,100.09825008619184,26752300
2024-08-27,97.30421447753906,97.93063372426404,96.12097053654995,96.53858336769994,17234600
2024-08-28,94.32125091552734,97.12523465035561,92.17351481937088,96.8070523678951,25564300
2024-08-29,95.02721405029297,97.42353020172705,94.45050631433824,96.01158926437864,18984300
2024-08-30,95.69341278076172,97.85109425630708,94.45051202607473,96.369551094754,18819400
2024-09-03,88.07691192626953,93.34680603753233,87.80844114241681,93.09822591192379,28897200
2024-09-04,88.78288269042969,90.21470670788327,87.31128494070644,87.85816427683488,16356500
2024-09-05,88.88232421875,90.18488187087796,87.26158425518372,87.59964964218362,13890700
2024-09-06,85.889404296875,89.14083666478693,84.77577016293971,88.8624281313031,23587100
2024-09-09,85.78003692626953,87.46044120899029,84.52719840153348,87.35106533342477,20526400
2024-09-10,86.35672760009766,86.69480049015701,84.38797740209509,86.47604878236498,17019000
2024-09-11,90.13516235351562,90.31414036187307,85.59111759328577,87.69907237386903,20879600
2024-09-12,86.7146987915039,87.53004138171461,83.64225177258469,86.605322918397,30900000
2024-09-13,90.7019271850586,90.95050733735877,87.37095466144908,87.58969882317929,21267200
2024-09-16,86.68486785888672,87.73884523874212,85.43202181278996,86.74452466572716,26494300
2024-09-17,88.22607421875,89.0612999197127,87.04283022298837,87.55987362081319,17744800
2024-09-18,86.8539047241211,88.69339635569435,86.21754013358833,87.49026931465384,20130600
2024-09-19,88.74311065673828,89.87663549689722,87.08259712953084,88.84254119628375,25208900
2024-09-20,90.38373565673828,90.45333778882673,87.82833225568598,87.89793438777443,28711000
2024-09-23,93.03857421875,94.26159184177675,92.0541989913787,92.15362952986989,23394100
2024-09-24,93.46613311767578,94.46045368275743,92.23317774107241,94.19199046805349,23043200
2024-09-25,95.22608947753906,95.63376460318054,93.39654304283108,93.62524014020201,54762900
2024-09-26,109.25594329833984,114.14800634864358,106.91929143760481,112.45765680019181,107965900
2024-09-27,106.88945007324219,110.33974330332995,106.4221182405472,109.87241147063499,42960200
2024-09-30,103.12098693847656,106.14372242657268,101.6792251249534,105.47752945541724,39544700
2024-10-01,99.74028778076172,103.60819395196751,98.37807353918822,102.81274209680026,34309800
2024-10-02,99.28291320800781,101.54002528220536,98.765869819215,100.01870834877373,26334900
2024-10-03,101.2417221069336,101.94768881506364,98.83546810129639,98.90507023911022,22176700
2024-10-04,101.66927337646484,103.64796909118529,100.82410244996122,103.06132362450445,21911200
2024-10-07,102.44073486328125,104.11306678581258,100.35030477090798,101.69415485732067,21749300
2024-10-08,102.07243347167969,102.4706110489598,100.79827130006782,101.71407441158814,18858300
2024-10-09,101.23625183105469,101.82356542009835,99.86254727190622,101.78374690604412,18442700
2024-10-10,105.20806884765625,106.09400994802111,100.39013471149832,100.9077678275395,27605600
2024-10-11,106.43244934082031,107.15912392589368,104.51124972216888,104.5610247629867,19133900
2024-10-14,107.84597778320312,108.21429335765782,106.31300669831786,107.31839574047432,15021900
2024-10-15,103.84430694580078,108.99073024273089,102.24164783869412,107.36816567601392,23419100
2024-10-16,108.74187469482422,109.13009572731724,105.12842985600251,105.53655634892364,20450900
2024-10-17,111.5390625,113.61952859377666,110.50380391938685,110.83229336946395,26584800
2024-10-18,110.6431655883789,112.38518571542839,109.35904698337266,111.24042811301771,16700400
2024-10-21,108.58260345458984,110.63320754578383,107.19894238019712,110.59338903207265,14829400
2024-10-22,107.32835388183594,108.02515893089725,105.88496873966375,107.74643691127272,13758100
2024-10-23,104.57098388671875,106.61163150263722,103.0678672330346,106.07409294579776,15174700
2024-10-24,106.36276245117188,107.03966195476572,105.06869500829843,106.29308195497565,13206300
2024-10-25,107.4179458618164,109.3789564980677,107.22880981073723,107.84597781808132,12265000
2024-10-28,105.90486907958984,107.686707727008,105.83518857805305,106.293090101667,12381000
2024-10-29,107.68671417236328,108.25411474586775,105.11847679982496,106.10396040757365,15164600
2024-10-30,103.60540771484375,106.3130060094062,103.16741163936886,105.77546744257937,14321800
2024-10-31,99.19561004638672,102.02265635800573,98.6182529507669,101.73397781019582,19830300
2024-11-01,99.27523803710938,100.1512225338952,98.91687901692318,99.54400350494663,13623400
2024-11-04,101.26611328125,103.31671722545438,100.53943874866835,101.03715874247362,15765800
2024-11-05,105.00897216796875,105.1383842392306,101.32584690085777,101.5348884068133,12071900
2024-11-06,111.32007598876953,111.80783954538258,106.51209814690927,107.88580284689543,20304500
2024-11-07,112.89285278320312,113.34079774035304,110.86215429455495,112.04672271697974,13569800
2024-11-08,111.3897476196289,113.7788053551871,110.06581047687057,111.62865111480318,13045700
2024-11-11,108.1545639038086,111.00152307944674,106.28313173278201,110.44407148220662,14479700
2024-11-12,103.62532043457031,104.61080407881994,101.60457809960553,104.52121810870898,21859700
2024-11-13,99.46437072753906,102.86877397010441,99.36482823870362,102.33124301147205,18416200
2024-11-14,98.72775268554688,101.82357210645755,98.11057706908626,100.82813197355007,18459700
2024-11-15,95.90070343017578,97.7522227751388,95.20389834104168,97.1051927329168,18518300
2024-11-18,97.06536865234375,97.6228126917088,95.09439386449449,96.10974704431563,14236400
2024-11-19,97.28436279296875,97.73230779312019,96.06992467482735,96.5576881897086,14160300
2024-11-20,97.92144775390625,98.08071422458715,96.08983397614051,97.53322671302759,10490600
2024-11-21,102.29143524169922,102.81901732308876,97.61286182894615,99.64356071183474,18915200
2024-11-22,102.17196655273438,103.23708710691514,101.18648302559261,101.89324455270275,12063700
2024-11-25,104.00358581542969,105.91482899989997,103.33663517123401,103.3764536869028,22837900
2024-11-26,101.33580017089844,104.24248329542829,99.85258902765273,103.52576524398698,19275700
2024-11-27,97.7522201538086,100.57927414235475,96.19933594274865,100.47973164580577,17046400
2024-11-29,97.50334930419922,97.7522093152815,95.66178674111123,96.79658778407808,13729400
2024-12-02,98.10062408447266,99.63359514258804,97.08527093786043,97.15495144050203,16525600
2024-12-03,99.3847427368164,103.20723693148169,99.17570121286994,100.65891253144201,23479700
2024-12-04,102.72941589355469,102.93846499905148,99.34492560909601,100.31049613237421,16306200
2024-12-05,100.41004180908203,103.77462648529074,100.1512252664183,103.40631092821562,13448900
2024-12-06,100.70867156982422,101.72402470943332,99.5738704805706,100.41999303384144,12381000
2024-12-09,102.35115051269531,104.02349018014112,99.91232531186425,100.19104732400434,14141900
2024-12-10,97.65267944335938,104.52121815534615,96.8264622771403,104.48139963707713,23548500
2024-12-11,101.59461212158203,102.19188224519002,97.8517628893746,99.04628794738035,15248400
2024-12-12,97.79203796386719,101.51498958363159,97.31423094604655,100.9376324753765,19334900
2024-12-13,102.0326156616211,102.72942073073625,99.2155182065022,100.310500855657,23926000
2024-12-16,107.76634979248047,110.62325808361778,104.06331132150132,105.12843194883303,42741200
2024-12-17,108.10479736328125,109.98617861471246,107.18899425991268,109.24955503979473,35811500
2024-12-18,103.42622375488281,111.52910523586812,102.26156070736592,109.74726661708172,63024300
2024-12-19,86.69287872314453,90.58505334181335,84.2241914125226,89.66925022963443,91396800
2024-12-20,89.70906066894531,89.83846514229472,83.15906327132268,85.02053891192995,49578400
2024-12-23,89.3108901977539,90.68459485107901,87.99690952230212,89.58961222063678,26041500
2024-12-24,88.87288665771484,89.29096965699216,87.82767915952152,89.17152171125858,13021300
2024-12-26,89.4104232788086,90.2167272736286,87.69826521038684,88.09644274169963,14468200
2024-12-27,88.2258529663086,89.08193205635828,87.18064542236785,88.5941685358526,19422600
2024-12-30,85.03132629394531,86.76564793357343,84.3037151501409,86.70583875686285,22022900
2024-12-31,83.88507843017578,86.11775889963174,83.81529979867341,85.16089584129347,18691500
2025-01-02,87.04473114013672,87.36368552942879,84.46318763553033,84.70240913085375,18860000
2025-01-03,89.57643127441406,89.90534750922625,87.22413989775922,87.66269741233285,17484600
2025-01-06,98.93575286865234,101.18836472842197,95.16810208259801,95.25780443251747,42903300
2025-01-07,101.57710266113281,106.39131911922841,100.82955262425479,103.07220273488886,53570000
2025-01-08,99.08527374267578,103.141978491073,97.97889902906994,102.48413077834627,33516900
2025-01-10,99.01549530029297,100.4507938731306,96.55357011559587,97.79948690327505,20512600
2025-01-13,94.74948120117188,95.68641309616986,92.5766019329341,95.52693209086259,22699100
2025-01-14,97.0419692993164,97.09180901360496,95.06843372236958,96.73298436325099,18613400
2025-01-15,102.8529281616211,103.59050879270265,99.02546772123797,99.11517768695579,27568100
2025-01-16,102.26483917236328,104.45765708324492,101.53722809260168,103.97922173403398,16243800
2025-01-17,105.4045639038086,105.53413651662386,102.16518014317145,104.29818914951008,18908900
2025-01-21,109.02269744873047,109.87988878812001,104.88625988837612,105.08560352822244,23533600
2025-01-22,108.87318420410156,110.30847501800731,107.40798500275312,108.81337503368799,20004300
2025-01-23,104.4975357055664,105.83316253986813,103.01240493096525,104.44770359362428,22677600
2025-01-24,102.8529281616211,105.37466259847963,102.38446221874739,105.1553800205836,19743800
2025-01-27,90.81238555908203,95.78608336292277,88.07136856188643,94.55013600980331,50696200
2025-01-28,87.96172332763672,93.14473401166885,87.75241022432294,92.30748159841373,34793600
2025-01-29,88.71924591064453,90.15453689784606,87.47332910661419,89.58639913938713,25342800
2025-01-30,92.19783782958984,92.85568551181791,90.00502743110741,90.36385205696412,22497100
2025-01-31,90.94195556640625,93.9620566273961,90.84228374480223,91.35061992079704,20492100
2025-02-03,89.62626647949219,91.10143527353343,87.73247147796297,88.36041839366737,18607900
2025-02-04,90.36384582519531,91.15125845069116,88.50992125427867,88.7591045825796,12827500
2025-02-05,93.29424285888672,93.34408256968189,89.92528677167128,90.09472962121936,15660000
2025-02-06,94.23117065429688,96.29440835906071,93.27430756268615,94.57005633895255,16141100
2025-02-07,91.99850463867188,95.61664448824123,91.29081716522109,95.27775114558436,15602800
2025-02-10,95.61663818359375,95.9455620403591,92.86565178928166,92.88559071637368,16217900
2025-02-11,93.7726821899414,95.52692753787349,93.25437655186907,93.94212504664976,12124000
2025-02-12,91.3805160522461,92.33737917895621,87.06465871682013,89.30730880880476,22874700
2025-02-13,95.34752655029297,95.75618331506662,91.71940975534324,91.75928000632871,16579900
2025-02-14,99.19490051269531,100.37104618015015,97.6798691534262,98.08853348064324,21284500
2025-02-18,106.441162109375,107.52759787962857,101.71664786000557,102.30471692365347,29641900
2025-02-19,104.01909637451172,106.8398536712046,103.28151580093763,105.41452463048297,17875900
2025-02-20,102.84294891357422,104.50749180819166,102.00568893257794,103.64033864743047,14488000
2025-02-21,98.51712036132812,103.32138239386833,97.43068466331088,103.30144346842526,18650800
2025-02-24,95.09833526611328,100.37104814496136,94.96875506008249,99.89262038192021,14883700
2025-02-25,92.91548156738281,95.61662795961244,92.45698515143512,95.18803232663302,18608200
2025-02-26,97.39081573486328,99.39425191857532,95.1880359208545,95.6864026010684,21335200
2025-02-27,91.52006530761719,99.56370396539857,91.19114144320706,97.520397345912,22386300
2025-02-28,93.32414245605469,94.15143297610547,89.57643046968985,90.70273643729021,23359100
2025-03-03,90.24424743652344,95.88575480675875,89.09800244862443,95.49702936978461,20281800
2025-03-04,90.90208435058594,93.28427660262042,86.51646341084758,89.90535093619586,23611500
2025-03-05,94.03182983398438,94.73951727399894,90.13460600663801,91.8489887539102,14010300
2025-03-06,88.97838592529297,92.98525839115116,88.73917204216588,90.63296699439667,18708100
2025-03-07,92.65634155273438,93.03509753002092,89.19767522893513,89.99506503892796,19133900
2025-03-10,86.79554748535156,91.07153474242884,85.47985968351797,89.29734287838241,21897900
2025-03-11,88.75911712646484,90.80241614461876,85.78884808737685,87.61287213339313,21962100
2025-03-12,95.32758331298828,96.67317190390702,91.93868817715676,92.16794020884099,23584700
2025-03-13,94.57005310058594,97.79947447921775,93.6929305310961,93.94211385697668,18824700
2025-03-14,100.46076202392578,102.4442593947396,98.42742494046703,98.42742494046703,24623600
2025-03-17,102.77317810058594,104.10879716249039,100.63019984020659,100.7298716560324,17095100
2025-03-18,101.38772583007812,102.97252833540952,99.96239671939993,101.56713815185834,18434100
2025-03-19,101.72660827636719,103.26157862348244,100.1617371439952,100.49066099076397,16633100
2025-03-20,102.66353607177734,104.34801788347349,101.01892450701466,101.248176525764,29204400
2025-03-21,94.41059112548828,98.17824225099355,93.39391877463835,97.87921918204415,63239600
2025-03-24,96.62333679199219,98.0984979435421,95.0185954335077,95.78607679412225,35406600
2025-03-25,93.87235260009766,96.06516305428471,92.94539022716526,95.86581941462131,22191700
2025-03-26,91.82904815673828,96.32431805472513,90.67284133240948,95.68640926796317,27107200
2025-03-27,90.86222076416016,91.90878627573862,89.31728094607983,90.79244212558254,15658700
2025-03-28,88.15110778808594,90.59310167210991,87.31384774490998,90.17447545275826,17118000
2025-03-31,86.71892547607422,86.9185286590859,83.93441767113322,85.83067836723755,21089500
2025-04-01,88.53534698486328,88.71499290573567,86.08019114252313,88.35570106399089,15337100
2025-04-02,88.4255599975586,89.75294327898315,86.52929925471975,86.95845296170762,14520400
2025-04-03,74.19363403320312,83.18589706877633,74.06389272138524,82.75674335814968,44839500
2025-04-04,64.59257507324219,71.19953619076833,63.734267703967944,70.51089989820971,50737700
2025-04-07,68.23538970947266,72.31733329313347,61.41883540296099,63.81410778186269,50181800
2025-04-08,65.41096496582031,72.82633699616683,63.39494150948836,71.4590315276293,40822100
2025-04-09,77.71669006347656,78.40532639401624,63.57458638402169,66.06966050550777,63132600
2025-04-10,69.91207885742188,72.90617203993463,67.36709660653695,72.35725191072487,44882300
2025-04-11,69.41307067871094,70.03184512876761,66.69842468741828,68.90407265175018,30807800
2025-04-14,70.88017272949219,74.63277218706051,69.83224453433434,74.52298814551438,32634700
2025-04-15,70.90013122558594,72.65666811758895,70.41109811193456,70.97997554212542,19132700
2025-04-16,69.19349670410156,70.31128664212245,67.0377459132792,67.79625166720257,28475000
2025-04-17,68.66454315185547,70.34123571483532,66.86808411495812,70.30131355686281,20694100
2025-04-21,66.60859680175781,67.86611818245731,65.52074650343825,67.62659283854377,19826100
2025-04-22,70.07176971435547,70.26139807916097,67.30722663767833,67.40702823491193,20351200
2025-04-23,72.78641510009766,75.25155336138306,72.35726138318108,73.54492093765633,26385500
2025-04-24,77.26757049560547,77.43723396517107,73.45509177313222,74.42318321557772,23875600
2025-04-25,79.62291717529297,80.1418975933235,76.74859044826026,77.39731216361206,19746200
2025-04-28,78.40532684326172,79.45326262505819,76.76855632182387,78.61491247674628,16882400
2025-04-29,76.7286376953125,78.03606377542548,76.31944885329165,77.78655596963564,17098000
2025-04-30,76.79849243164062,76.99810322632666,73.35528807781883,73.47505455463046,19779300
2025-05-01,77.61688232421875,79.7327111889632,77.48714101064607,79.24367803770987,15349200
2025-05-02,80.56108093261719,81.50920754158271,78.9442676223495,79.423325956109,18899700
2025-05-05,80.26166534423828,80.9902314530224,78.89436750635541,79.2536593388553,12513600
2025-05-06,80.35150146484375,81.06010276856138,78.38537860096375,78.88439424705005,13173800
2025-05-07,82.45734405517578,82.70685186597825,80.04210265968352,80.83054825554423,14889700
2025-05-08,84.98235321044922,86.04026378370095,83.19587655367383,84.08412366034241,17580500
2025-05-09,85.69094848632812,86.10013726654263,84.51327151630865,85.40151856160429,13017600
2025-05-12,92.1082992553711,94.01453486500009,91.76896469197263,92.62727212281301,27765300
2025-05-13,96.7391586303711,97.2182169275269,92.36778498170759,92.36778498170759,28009100
2025-05-14,95.13233184814453,97.45774632683042,94.13430066735646,96.11040575564124,28044400
2025-05-15,95.26207733154297,95.4217659823604,91.98853613352516,93.82491754605586,24196100
2025-05-16,97.80706024169922,97.99668861142055,95.51158537395057,95.71119618796618,22609300
2025-05-19,98.45577239990234,98.82503904443789,95.51157600069318,95.52155844400781,14380100
2025-05-20,97.9068603515625,98.4358156754997,96.7790878234393,97.72721442886932,12331300
2025-05-21,95.65130615234375,98.62544246620728,95.07245384569309,96.96871464062295,15764300
2025-05-22,94.64329528808594,97.02858911498923,94.18420187520637,95.22215517951497,13245200
2025-05-23,93.18617248535156,93.65524073616402,90.75097400959822,92.07835728461941,16545000
2025-05-27,96.19023895263672,96.5096086142583,94.00455592425324,94.99260462514916,17612600
2025-05-28,95.99063873291016,97.01860962504067,95.41177882385897,96.5096115936768,10500300
2025-05-29,96.60941314697266,99.43383536197545,95.92076925407326,98.3958821083202,14628700
2025-05-30,94.2740249633789,96.41979353723578,92.03843723763609,95.85091606550384,23758200
2025-06-02,97.9866943359375,99.04460487217622,94.21413797185228,94.3937838755884,16850300
2025-06-03,102.04869079589844,102.72735232043632,96.7691048033442,98.16635001437797,22757600
2025-06-04,103.04672241210938,103.70542666547848,101.49977099116595,102.17843251840661,14595900
2025-06-05,106.08073425292969,108.81533753392063,105.3222284297037,106.09071669668062,28833700
2025-06-06,108.34626770019531,110.83137094084064,107.82729481183956,107.8672169746937,20710100
2025-06-09,110.73155212402344,112.30844315533281,108.36622319143272,109.29439245777321,20159700
2025-06-10,113.915283203125,114.69374633889538,111.01101630318365,111.31042110150936,22949400
2025-06-11,115.80155944824219,117.02914118019079,114.5041234509223,115.37240572570109,21614100
2025-06-12,115.95126342773438,116.25067582911258,113.29649681959346,113.88533917847096,17076500
2025-06-13,115.37239837646484,116.86944508796147,113.43622314070308,113.57594689129289,17453000
2025-06-16,119.60405731201172,120.7218550154939,117.08902199714417,117.57805516112904,21374100
2025-06-17,120.10306549072266,123.26683003775634,119.11501677968452,119.36452456833672,20837700
2025-06-18,121.58015441894531,122.73787420813515,119.9433839416843,120.2228314454547,20180000
2025-06-20,123.35665130615234,123.91555394010966,120.14298971479863,122.52828360614531,29290400
2025-06-23,121.83964538574219,124.26486140007016,119.57411039694433,123.42651126932331,23399200
2025-06-24,127.65816497802734,127.84779332856152,124.71396858778488,124.86367477955537,26420600
2025-06-25,126.99947357177734,127.24898137840167,125.37268541376143,126.36073419596902,39407000
2025-06-26,125.7519302368164,129.59435641888476,123.54628221543518,129.27497912753216,62678100
2025-06-27,124.51437377929688,127.28889927772855,123.14706830361798,124.8936228914885,36888600
2025-06-30,123.00733947753906,124.83373831305275,121.61009434193777,124.65409240112726,22799700
2025-07-01,120.65198516845703,123.74588021196982,118.84555122274642,122.10910973438568,24825800
2025-07-02,121.50031280517578,122.75783421451985,117.82755778589,120.26275628333042,29303800
2025-07-03,122.04923248291016,123.38659059350852,121.59013905922534,122.08915464336626,13247900
2025-07-07,119.79655456542969,121.38492180971349,118.78759972973583,121.05525967692276,19148400
2025-07-08,124.29191589355469,125.32085435626867,121.82445737805347,122.32394266065565,26238200
2025-07-09,122.11416625976562,126.02014503606789,121.15515538068198,124.69151228441973,20464000
2025-07-10,122.98326873779297,124.22199012320603,121.89438684217694,124.15206248745386,15378400
2025-07-11,124.40180969238281,124.68152024564414,121.1151954484803,122.00427868772137,15820600
2025-07-14,118.48789978027344,120.31601775042712,116.89953261261086,120.2560743336489,32117700
2025-07-15,119.98635864257812,121.26503978331854,118.99737988865246,120.81550606468164,24958900
2025-07-16,116.31014251708984,118.96740024146523,114.69180746736764,118.90746444680384,30614800
2025-07-17,113.1434097290039,114.08243688910105,110.83578251258983,113.81271818668415,34702400
2025-07-18,114.2722396850586,114.6818212656015,113.16338177375998,114.12239257945654,19349900
2025-07-21,113.11344146728516,115.8006671291676,112.55401276309966,113.47306386217069,22189800
2025-07-22,109.1075668334961,112.8836743672185,108.01868494940764,112.74381909719474,27917600
2025-07-23,109.7169418334961,110.17646739074941,108.76791519916665,109.32734391274784,17810000
2025-07-24,111.61498260498047,112.61395315229545,110.13650284147651,110.94566654590871,20293100
2025-07-25,111.14546966552734,111.38522047242313,108.71797083377793,110.87574333892145,16372300
2025-07-28,111.13548278808594,111.88471076193821,109.74691421960303,111.60500020447994,12932300
2025-07-29,111.84474182128906,113.42311711886428,110.55606889768958,111.93465313395623,16653300
2025-07-30,114.62188720703125,114.77173432486532,112.29429144663375,112.48409068245198,16378800
2025-07-31,109.02764892578125,112.1544241098819,106.829916689643,112.0745122555345,29224300
2025-08-01,104.77203369140625,106.39036880572694,103.27357779273405,105.38140636658954,24003300
2025-08-04,107.6590576171875,107.76894499230718,105.35143798275553,105.91085907678975,14780600
2025-08-05,108.94772338867188,110.52609865271732,106.72002337839712,109.18748180299747,17836000
2025-08-06,108.66801452636719,108.84782952909832,106.64010554206294,107.78892319164852,13021900
2025-08-07,111.75484466552734,115.16133047575278,110.67595457967106,114.022504592307,18986500
2025-08-08,118.76760864257812,119.20715812555396,111.55504001795362,112.05452529532052,28962200
2025-08-11,123.59264373779297,127.14897663162957,121.52477490255617,124.84135698664467,35065800
2025-08-12,127.61849212646484,128.4176716424093,122.91334158965522,124.57162879615997,25961200
2025-08-13,124.1420669555664,128.46761888988613,123.22301587828788,127.44866466032654,18438200
2025-08-14,125.16101837158203,125.61055206057983,121.27502362726487,123.0731660047964,12235900
2025-08-15,120.74557495117188,123.25298558214216,119.31704673817252,123.04320267804947,18986700
2025-08-18,123.42282104492188,123.5526844795526,120.53579661207677,121.22508114547473,12208800
2025-08-19,121.92436218261719,124.11210256738832,121.18511846684768,122.81344538796367,11491200
2025-08-20,117.08934020996094,118.78759476080297,113.34320055278965,118.57780423304561,25795000
2025-08-21,115.6707992553711,117.60880453372445,115.4909842540647,116.87955268910953,13174900
2025-08-22,117.55885314941406,120.57574081896952,116.39005944979274,117.52888525273768,17038300
2025-08-25,116.30015563964844,117.9584504970796,115.98048535191411,117.55886073202647,8674800
2025-08-26,116.38007354736328,118.23815945149079,115.69078140248156,115.97049194778407,12584300
2025-08-27,117.62879180908203,118.60778638101361,116.32014272126692,116.72971671680631,15349300
2025-08-28,121.8744125366211,122.44382547066006,118.60778204587977,118.75762153783151,17295500
2025-08-29,118.88748931884766,122.64361316345263,117.93846270722425,122.47378999622359,16774000
2025-09-02,118.35803985595703,118.43795171146074,114.13239087110259,115.74073414430484,13771900
2025-09-03,118.59778594970703,119.31704597142598,117.17924958550606,119.23712649755933,14101300
2025-09-04,124.08213806152344,124.28193675565576,118.39799287426825,118.72765500343095,18589100
2025-09-05,131.23475646972656,131.27472382791095,125.53064315691913,127.63846400871803,28416000
2025-09-08,131.32467651367188,132.1238407671408,128.26781379613715,130.41560964580776,19492600
2025-09-09,135.1007843017578,137.8579375655598,131.4245647069407,131.62435577073836,20705000
2025-09-10,139.8558807373047,142.09358031661085,138.19758592165144,139.87586441690135,25791300
2025-09-11,150.41500854492188,156.0991383786341,147.45804890155375,147.56793627580583,52446400
2025-09-12,157.06814575195312,158.11706794781253,153.05229484895605,153.39194120019985,32288300
2025-09-15,157.60760498046875,160.1749516451217,156.38885955826413,156.79844118638326,20101400
2025-09-16,158.65652465820312,159.395753177613,157.00821395327105,157.8173777342912,16911600
2025-09-17,159.8253173828125,160.4246906179694,155.10017530419447,157.247971315316,18843600
2025-09-18,168.7161407470703,170.27453241390646,162.4326225020797,162.82222041878873,28212800
2025-09-19,162.56246948242188,163.5314721124132,159.21592736504815,162.58245316101113,37309900
2025-09-22,164.45053100585938,167.08781271136408,161.42365138623745,164.2107878236834,25851200
2025-09-23,166.2386932373047,168.8160390909545,165.0599000593962,165.50943375923583,43316500
2025-09-24,161.5435333251953,165.82911025062023,158.13704011291244,164.91005917960578,57096400
2025-09-25,156.66856384277344,158.78637667504805,154.4907999692328,157.22798494993413,32209200
2025-09-26,157.1081085205078,158.75640389219194,155.02024840847136,158.35682175453564,24045000
2025-09-29,163.73126220703125,165.6293153417636,159.80531537828122,159.83528327444876,26506500
2025-09-30,167.14776611328125,168.77607780654705,163.79122432762813,163.9410638186067,20092500
2025-10-01,181.9624786376953,182.2022370559559,165.3296251640435,165.42952831575562,41674800
2025-10-02,183.5608367919922,185.98832788839937,181.0234583264217,184.76959785278888,25122200
2025-10-03,187.754150390625,191.77253126367356,184.84532187608136,185.13521330677412,29399300
2025-10-06,190.8828887939453,200.91882749602368,189.3534926417827,194.93124102646516,36392300
2025-10-07,185.61502075195312,195.22114084061838,183.16601311335563,194.77132560130494,27828200
2025-10-08,196.46063232421875,196.87047043078664,188.7237674235732,188.91369314381822,26833900
2025-10-09,192.25233459472656,196.54059548383745,189.4234755828833,192.89207553804124,19721500
2025-10-10,181.52667236328125,193.3618874721706,179.53747047441783,192.88208557657433,26990300
2025-10-13,192.69215393066406,193.32188913280405,187.91408555822773,190.71294257357613,20928400
2025-10-14,186.9844512939453,192.3822795953426,186.17478086189237,186.8845008316357,15912400
2025-10-15,191.86248779296875,192.80211061596378,187.34430891666108,192.4022630037176,17793100
2025-10-16,202.44821166992188,206.25667064811313,195.12116989251402,199.8792574370277,42041300
2025-10-17,202.29827880859375,203.30786545455393,195.47103510197374,199.19952456456414,23283100
2025-10-20,206.68650817871094,214.66328149266184,205.41701674850762,209.5753405535362,23268400
2025-10-21,202.2082977294922,205.78685376366087,200.75888636784225,204.21749574529215,13717300
2025-10-22,198.38986206054688,205.49699176106762,192.32230571272814,202.16833453397535,21949800
2025-10-23,206.62652587890625,208.91559434018603,195.1211644863374,196.62055870408992,19397900
2025-10-24,218.9315643310547,219.73124434280865,209.89520612770175,212.3042366340331,25821800
2025-10-27,220.01112365722656,224.88914260699457,215.65288373524083,224.71921308799338,23873100
2025-10-28,221.8203887939453,222.80997923631963,217.47213937204407,218.84158123822988,14957500
2025-10-29,226.53848266601562,232.30614152845402,226.008697921322,228.9674940140305,23217300
2025-10-30,223.91954040527344,227.30817093033278,220.6508717966085,226.00870806585266,14795100
2025-10-31,223.6796417236328,231.1566168877976,218.731643677533,227.65803025382013,16320000
2025-11-03,234.605224609375,237.52404367708658,231.7064017363582,233.78556365841868,21199300
2025-11-04,217.94195556640625,228.57765839256956,217.31220508736538,222.0502965076263,23696200
2025-11-05,237.4040985107422,239.78314235771174,224.63925071166045,225.57887358408126,28617400
2025-11-06,238.2337646484375,246.310503790759,234.7851608021287,237.74395701852092,32016800
2025-11-07,237.82391357421875,242.45204861781568,226.30856168470285,233.9354851706905,30613800
2025-11-10,253.1977081298828,256.96618989035056,247.70991976927402,247.8598683435185,27870600
2025-11-11,241.01263427734375,249.88905318897986,238.69356383091994,248.239710349249,22622500
2025-11-12,244.8011016845703,249.08937789611238,240.74274357942264,244.8011016845703,17263100
2025-11-13,236.85430908203125,249.39924404757497,230.06705780888643,243.50163275431441,32324600
2025-11-14,246.73033142089844,255.06696005288,231.13662462863041,231.3565370124347,36171100
2025-11-17,241.852294921875,260.47476155453484,239.36331017249526,246.82028920231596,30304400
2025-11-18,228.40773010253906,238.83351107436096,225.42893771810816,235.38490725900564,33843900
2025-11-19,225.82876586914062,234.25536954991546,216.2726288831853,226.81837157265042,35256600
2025-11-20,201.28868103027344,230.50688881000934,199.5194067459256,230.14703356948263,47420700
2025-11-21,207.2862548828125,211.91439007520125,192.5122245685346,204.44740539337903,36679700
2025-11-24,223.83956909179688,226.0186967328067,212.27424902289934,213.32382808036323,33052800
2025-11-25,224.4393310546875,226.09866438875292,215.91277678429563,219.13147773249395,17441600
2025-11-26,230.16700744628906,233.73557307635716,225.9087332746246,229.5272665108377,17817600
2025-11-28,236.38450622558594,238.0038624490475,233.37572714027206,235.5248528794066,12914700
2025-12-01,240.36289978027344,242.26212638666388,231.40651145928933,232.1961857159643,18238200
2025-12-02,239.39329528808594,244.2713142879226,234.23537532467347,238.65358862193494,18166200
2025-12-03,234.06544494628906,237.70397442791526,227.99788881821237,236.29454015482838,19188200
2025-12-04,226.5584716796875,234.06544887191552,223.2398202409587,230.18701075132503,23513900
2025-12-05,237.12420654296875,240.47285984000328,226.5984600098333,228.8575418809541,21161000
2025-12-08,246.82028198242188,249.12934667146627,241.5124288135532,243.3916744750837,20495400
2025-12-09,252.3180694580078,255.40681803682304,242.73194561822234,244.39127896088533,17067100
2025-12-10,263.6034851074219,264.6430736170199,250.47879838160074,255.02696379268292,21960700
2025-12-11,258.3556213378906,262.7438632309367,251.44842329409698,261.42438894596455,18867000
2025-12-12,241.04261779785156,255.71669738148933,239.22336071510762,255.5667488056733,25936900
2025-12-15,237.4040985107422,250.00900725651238,235.90470420435855,247.0102186437451,27483600
2025-12-16,232.41610717773438,239.30332439175388,230.48689383128,235.70478722013033,22577300
2025-12-17,225.42893981933594,237.35411519182603,221.60048453411136,236.46447518186082,41957100
2025-12-18,248.4496307373047,263.5435237304493,244.9010612885171,256.4264038913951,65006100
2025-12-19,265.8126220703125,268.2716200619119,251.6483311790547,251.6483311790547,62312100
2025-12-22,276.4783020019531,279.8769228912229,268.181665962978,277.03807341876205,30961900
2025-12-23,276.1584167480469,281.7461555531578,272.2100302677145,275.80858250054854,20767600
2025-12-24,286.5642395019531,289.1831767401188,277.13805438724796,277.8877515587193,18592600
2025-12-26,284.6750183105469,290.75254995440923,283.30557635904245,290.7225632877798,17878500
2025-12-29,294.3699951171875,294.5,278.5,280.3299865722656,26642900
2025-12-30,292.6300048828125,298.8299865722656,292.010009765625,294.70001220703125,23056400
2025-12-31,285.4100036621094,293.1700134277344,284.17999267578125,293.1700134277344,17573800
2026-01-02,315.4200134277344,315.6000061035156,294.8599853515625,295.1300048828125,42604300
2026-01-05,312.1499938964844,325.5299987792969,309.54998779296875,325.1300048828125,34608600
2026-01-06,343.42999267578125,344.54998779296875,318.05999755859375,318.2799987792969,48732400
2026-01-07,339.54998779296875,346.29998779296875,337.17999267578125,340.7099914550781,32781100
2026-01-08,327.0199890136719,343.6600036621094,321.3599853515625,342.8999938964844,33897700
2026-01-09,345.0899963378906,345.79998779296875,326.19000244140625,332.75,33295400
