Price,Close,High,Low,Open,Volume
Ticker,NVDA,NVDA,NVDA,NVDA,NVDA
Date,,,,,
1999-01-22,0.03760487586259842,0.044767182564057095,0.03557500511306033,0.040111498943295396,2714688000
1999-01-25,0.04154453054070473,0.042021283082058776,0.037604892442198896,0.0405891879322616,510480000
1999-01-26,0.03832092881202698,0.042857423315880556,0.03772406783925186,0.04202127079500529,343200000
1999-01-27,0.03820173442363739,0.03939545281059342,0.036291053409990705,0.03844011059603312,244368000
1999-01-28,0.038081638514995575,0.038440119915249205,0.0378432622848092,0.03820174368506283,227520000
1999-01-29,0.03629106655716896,0.038201748262999026,0.03629106655716896,0.03808164307853887,244032000
1999-02-01,0.037008028477430344,0.037246404729959465,0.03629106560972293,0.03629106560972293,154704000
1999-02-02,0.034142911434173584,0.03724639578578374,0.03306838273796726,0.03629105689495783,264096000
1999-02-03,0.034858956933021545,0.035336628060826776,0.03342594696507993,0.03366524191024664,75120000
1999-02-04,0.03676873445510864,0.037724073512403644,0.034858964856831084,0.035336636093216016,181920000
1999-02-05,0.037843264639377594,0.03820174606193556,0.03641116964373299,0.03736559338657319,136848000
1999-02-08,0.036530353128910065,0.03820174299830211,0.036530353128910065,0.03808163783039401,154080000
1999-02-09,0.03509733825922012,0.037484775253268224,0.03461966710789582,0.037246395643418535,86976000
1999-02-10,0.03473977372050285,0.036052678662176665,0.03414291273915956,0.03509733973483648,148224000
1999-02-11,0.03772406652569771,0.03915616120688361,0.03485895840075903,0.03485895840075903,132240000
1999-02-12,0.03987313061952591,0.04011150683198657,0.0382017408443719,0.0382017408443719,109728000
1999-02-16,0.04011150076985359,0.04226056140778014,0.03605267443293916,0.04058917188522663,211008000
1999-02-17,0.03796244040131569,0.03963382993572969,0.03724639310442706,0.039156158816967004,67728000
1999-02-18,0.03855930641293526,0.039633835173797954,0.03748477765207256,0.03915616399190552,70704000
1999-02-19,0.03987313061952591,0.040589178019551024,0.03772406965680744,0.0382017408443719,75360000
1999-02-22,0.04011150076985359,0.04106684300059967,0.037962440131927046,0.04058917188522663,205248000
1999-02-23,0.04202127084136009,0.04285742336315774,0.03867941021102042,0.04106684727380585,138096000
1999-02-24,0.045364055782556534,0.05013984583935655,0.0442895269280999,0.048229164360836504,612768000
1999-02-25,0.04393194988369942,0.04870682339866475,0.043214983846468706,0.04727472543369419,149136000
1999-02-26,0.0419020801782608,0.045841716727673405,0.04154451420510508,0.044409622140986045,172608000
1999-03-01,0.0421413779258728,0.04393195751266321,0.04011150677976465,0.04297661513877809,92160000
1999-03-02,0.041782885789871216,0.04226055685377029,0.04106683857522525,0.042021261940618115,55248000
1999-03-03,0.03891778737306595,0.042021271878786216,0.0386794111659423,0.042021271878786216,61392000
1999-03-04,0.038081638514995575,0.04106685226085658,0.03772407246197863,0.04082755726795875,57360000
1999-03-05,0.040230683982372284,0.04034987034334857,0.03844010495687879,0.03844010495687879,78768000
1999-03-08,0.04082755371928215,0.0420212722918805,0.038440116574085456,0.039156163965118146,75888000
1999-03-09,0.0421413779258728,0.04273823892662777,0.04070836778051962,0.04070836778051962,143184000
1999-03-10,0.04142442345619202,0.04273824746570869,0.04082756233618448,0.04273824746570869,235344000
1999-03-11,0.03963382914662361,0.04142440844218732,0.03963382914662361,0.040708361159555125,54288000
1999-03-12,0.03891778737306595,0.03987312972680567,0.038201739989072434,0.03987312972680567,90768000
1999-03-15,0.04058917239308357,0.04106684351443329,0.039633830150384124,0.03987312509231687,108816000
1999-03-16,0.039276257157325745,0.04130521231520775,0.038917775897459574,0.040827541279187786,79152000
1999-03-17,0.03951464965939522,0.040349883466652976,0.03855930727426998,0.03963383605913542,51360000
1999-03-18,0.039992306381464005,0.04058916375780476,0.03867939844122111,0.03963382171835278,46320000
1999-03-19,0.04011150076985359,0.04130521917703405,0.039873124593419206,0.039873124593419206,105312000
1999-03-22,0.03891778737306595,0.04106684828766905,0.03891778737306595,0.040946743129221884,36672000
1999-03-23,0.036530353128910065,0.03915616666460119,0.03581430568851202,0.03915616666460119,163968000
1999-03-24,0.03629106655716896,0.03653035816326772,0.03485896806353641,0.03629106655716896,60864000
1999-03-25,0.03676873445510864,0.03820174474878858,0.0360526835664249,0.03617187339257431,40320000
1999-03-26,0.039992306381464005,0.04011149273807877,0.03724638538204315,0.03724638538204315,88272000
1999-03-29,0.04118603095412254,0.04214136972665815,0.040469980278873205,0.04118603095412254,65952000
1999-03-30,0.03772406652569771,0.04166370333507213,0.037484774985929704,0.04130522199122934,69504000
1999-03-31,0.04034987464547157,0.040827545733607015,0.037127204342585,0.038917780143517114,153600000
1999-04-01,0.03915616124868393,0.04058917469396649,0.03844011390732658,0.040349879738468805,30432000
1999-04-05,0.03796244040131569,0.03963382993572969,0.037724064223189746,0.03867940646071511,98640000
1999-04-06,0.037008028477430344,0.038440123518200205,0.03629106560972293,0.038320937099673186,69696000
1999-04-07,0.04011150076985359,0.04034987694628797,0.037008016663685236,0.03724639284011962,89280000
1999-04-08,0.04082755371928215,0.0420212722918805,0.03987313011878243,0.04034988253771649,130128000
1999-04-09,0.04011150076985359,0.04106684300059967,0.039873124593419206,0.04106684300059967,48624000
1999-04-12,0.03844011202454567,0.039633830455862704,0.03772406471826002,0.039633830455862704,33312000
1999-04-13,0.03688792884349823,0.03915617692708817,0.03629107106735693,0.03915617692708817,36144000
1999-04-14,0.035814303904771805,0.03760488350567146,0.035814303904771805,0.036768730939010105,48288000
1999-04-15,0.03676873445510864,0.03676873445510864,0.03581430732960095,0.03676873445510864,35856000
1999-04-16,0.03796244040131569,0.038559301316878354,0.03653034580753843,0.03653034580753843,38928000
1999-04-19,0.03629106655716896,0.038440124521751405,0.03581431062418903,0.038440124521751405,31296000
1999-04-20,0.0355750173330307,0.037724075195820064,0.03521653249132312,0.03629106483819281,67680000
1999-04-21,0.036171864718198776,0.036291054515765274,0.035336627619138715,0.03557500721427171,37488000
1999-04-22,0.03461967408657074,0.03629106407183987,0.03426210801519186,0.03629106407183987,227184000
1999-04-23,0.03294920176267624,0.034619676517982596,0.032709910156159,0.03450048668066037,126048000
1999-04-26,0.03127780184149742,0.03342594355358668,0.030560835841699916,0.032949187821493836,123504000
1999-04-27,0.03461967408657074,0.034858965676282036,0.031516189121218716,0.03199386036883256,226944000
1999-04-28,0.03438130021095276,0.03485896807597433,0.033306767812802965,0.03485896807597433,120096000
1999-04-29,0.03438130021095276,0.034619676469790195,0.03366525267161858,0.034500486632633894,48144000
1999-04-30,0.034858956933021545,0.03629105496938314,0.034500475604272614,0.034739770549439324,99312000
1999-05-03,0.03509733825922012,0.03521652464867072,0.03414291130367069,0.03521652464867072,33840000
1999-05-04,0.03318758308887482,0.03509734954573645,0.032471535512910314,0.03509734954573645,96048000
1999-05-05,0.03390361741185188,0.03390361741185188,0.03151618058331115,0.03342594629364179,144576000
1999-05-06,0.03324715793132782,0.0343812829716505,0.03223222266839786,0.03366523579135335,35616000
1999-05-07,0.033425938338041306,0.03366523322144741,0.032232220207883966,0.032232220207883966,25008000
1999-05-10,0.033425938338041306,0.03414290081049536,0.03318756221692626,0.03318756221692626,19680000
1999-05-11,0.03521653264760971,0.03629106499924804,0.03414291905875349,0.03485896656709333,171744000
1999-05-12,0.03629106655716896,0.03641117174162911,0.03509734773776396,0.03557501901809027,168480000
1999-05-13,0.03629106655716896,0.037246405702346407,0.03617187672005519,0.03629106655716896,69936000
1999-05-14,0.03438130021095276,0.036291066570117866,0.033903628930456016,0.036291066570117866,28464000
1999-05-17,0.03605268523097038,0.03605268523097038,0.033784437533207604,0.03390362736485998,35760000
1999-05-18,0.03772406652569771,0.0382017376736153,0.035336629548676626,0.0364111616485866,151536000
1999-05-19,0.03605268523097038,0.040827560289800696,0.035455827556354104,0.03939546527726338,451728000
1999-05-20,0.03318758308887482,0.03629106842663358,0.031874674364724076,0.03629106842663358,178176000
1999-05-21,0.03247151896357536,0.03270989511311718,0.03151617684060685,0.03270989511311718,303504000
1999-05-24,0.032351426780223846,0.033425955700221124,0.03187467087488301,0.03270990820265404,162624000
1999-05-25,0.03259071335196495,0.03294919471917235,0.03223223198475755,0.03247152695559622,130080000
1999-05-26,0.03247151896357536,0.03414290488209634,0.03247151896357536,0.03247151896357536,104736000
1999-05-27,0.03223223239183426,0.03270990357691758,0.03223223239183426,0.03270990357691758,82320000
1999-05-28,0.03259071335196495,0.03270990316380813,0.03223223198475755,0.03270990316380813,88656000
1999-06-01,0.032709911465644836,0.032709911465644836,0.03199386389664813,0.03247153519693258,98544000
1999-06-02,0.031516183167696,0.03270990167985348,0.031516183167696,0.03270990167985348,130128000
1999-06-03,0.032351426780223846,0.03259071837245009,0.03199386070508696,0.032351426780223846,41568000
1999-06-04,0.03259071335196495,0.03270990316380813,0.032351421796600735,0.03259071335196495,78912000
1999-06-07,0.03294920176267624,0.03342595769648995,0.032709910156159,0.032769503367082516,125136000
1999-06-08,0.033784426748752594,0.03438128764831766,0.03294918967745075,0.033068379471056106,153312000
1999-06-09,0.03438130021095276,0.03509734775028694,0.033903628930456016,0.033903628930456016,95184000
1999-06-10,0.03450046852231026,0.0346196582969003,0.034142902614013516,0.0343812821631936,36096000
1999-06-11,0.033784426748752594,0.03461966382005443,0.03259070836509639,0.03450047402644908,61008000
1999-06-14,0.03247151896357536,0.03390361338562751,0.032232224051632924,0.033844016786636844,51648000
1999-06-15,0.03247151896357536,0.03270989511311718,0.0319938479020911,0.03247151896357536,49296000
1999-06-16,0.033425938338041306,0.034381280347083605,0.032471515091290065,0.032949182680338016,64416000
1999-06-17,0.03247151896357536,0.03366523723608569,0.03247151896357536,0.03318756617460143,74928000
1999-06-18,0.03127780184149742,0.0327098963162236,0.03127780184149742,0.0327098963162236,158736000
1999-06-21,0.03294920176267624,0.03294920176267624,0.03136674721820838,0.03223223887499731,83472000
1999-06-22,0.032351426780223846,0.032949199794880285,0.03163537586718179,0.032949199794880285,193056000
1999-06-23,0.03294920176267624,0.03294920176267624,0.0316353777565134,0.03199386261582804,210912000
1999-06-24,0.03223223239183426,0.033187574762000904,0.03199385618061178,0.033187574762000904,115200000
1999-06-25,0.032709911465644836,0.033068392923835496,0.03199386389664813,0.03199386389664813,73536000
1999-06-28,0.03318758308887482,0.03378444082158571,0.032471535512910314,0.03378444082158571,109152000
1999-06-29,0.033546049147844315,0.03402280147100665,0.03318756785076243,0.033665238936371786,92688000
1999-06-30,0.036530353128910065,0.036530353128910065,0.03390362424599871,0.03461967168639675,269232000
1999-07-01,0.03461967408657074,0.03653035566155117,0.032709907858874,0.03653035566155117,88992000
1999-07-02,0.03712720796465874,0.03712720796465874,0.03438128971956814,0.03509733704040185,224880000
1999-07-06,0.03724639490246773,0.03748477450757528,0.03676872717612002,0.03748477450757528,198096000
1999-07-07,0.036530353128910065,0.03748478021068384,0.036530353128910065,0.03748478021068384,63120000
1999-07-08,0.03736558556556702,0.03796244310821439,0.035575009522150654,0.03676872802291965,186048000
1999-07-09,0.04052957147359848,0.040827540787182044,0.03724638620371567,0.03724638620371567,211728000
1999-07-12,0.04237976297736168,0.04417033937783986,0.041305230652142914,0.04297662063902943,401040000
1999-07-13,0.04249895364046097,0.04309581477728432,0.040589187219956954,0.04285743509531531,138864000
1999-07-14,0.04082755371928215,0.04345428583657746,0.04058917750981512,0.04249894347344615,137952000
1999-07-15,0.04106684774160385,0.042498942490548336,0.04106684774160385,0.04118603755131803,137040000
1999-07-16,0.0419020801782608,0.042260561498448763,0.041066843088707214,0.041782890382050894,103872000
1999-07-19,0.04082755371928215,0.042141377451508366,0.04058917750981512,0.0420212722918805,43632000
1999-07-20,0.04011150076985359,0.040827548061661015,0.03867940618623874,0.040827548061661015,178752000
1999-07-21,0.03891778737306595,0.03963383475705946,0.037724068812202576,0.03963383475705946,112080000
1999-07-22,0.03712720796465874,0.038679407754179315,0.03676872663070819,0.038679407754179315,213264000
1999-07-23,0.03712720796465874,0.038201736619443,0.037008018163872974,0.037008018163872974,80256000
1999-07-26,0.03724639490246773,0.038081632036476756,0.03724639490246773,0.038081632036476756,60528000
1999-07-27,0.03736558556556702,0.03748477537086579,0.03676872802291965,0.037246395760268246,98592000
1999-07-28,0.03796244040131569,0.038440111520078375,0.037127206723101096,0.03724639310442706,244224000
1999-07-29,0.03832092881202698,0.03844011520477762,0.0370080204737261,0.03724639667470173,388800000
1999-07-30,0.03844011202454567,0.03939545427460844,0.0382017358432914,0.03832092564165557,452304000
1999-08-02,0.03879860043525696,0.038917786829416635,0.03820173945542571,0.03844011565921944,313344000
1999-08-03,0.037843264639377594,0.03879860714498641,0.037484783216819625,0.03879860714498641,255216000
1999-08-04,0.037843264639377594,0.03820174606193556,0.03772407480913116,0.038081640884395494,89952000
1999-08-05,0.03844011202454567,0.03844011202454567,0.037246393593228636,0.03784325451662418,240576000
1999-08-06,0.03844011202454567,0.038559301822909835,0.0382017358432914,0.03832092564165557,183984000
1999-08-09,0.03844011202454567,0.03891778314957705,0.0382017358432914,0.038559301822909835,31056000
1999-08-10,0.03915616124868393,0.04082755088689632,0.03844011390732658,0.03867940886282426,212064000
1999-08-11,0.041782885789871216,0.04226055685377029,0.03939544923278114,0.03987312029668021,197712000
1999-08-12,0.0438118614256382,0.0448863904204089,0.041782905206476637,0.042021281467997496,239616000
1999-08-13,0.04333510249853134,0.04428952965710048,0.042976621075877984,0.04345429232880949,84672000
1999-08-16,0.04166371002793312,0.043692665987043015,0.040230699769455716,0.043692665987043015,223440000
1999-08-17,0.041782885789871216,0.04249893300451719,0.04070835729443644,0.041782885789871216,193536000
1999-08-18,0.04273822531104088,0.04321497758345729,0.04046997525992929,0.04130521220674395,279888000
1999-08-19,0.05181032419204712,0.05419867706919399,0.04417034034399591,0.04572254053576773,1966992000
1999-08-20,0.05133356153964996,0.052287985168583184,0.04942288017194016,0.051930422551467625,353088000
1999-08-23,0.0482291504740715,0.05061658714143091,0.046557761054430366,0.05061658714143091,507984000
1999-08-24,0.047990795224905014,0.048468463103542414,0.04512568622307703,0.047513123930792336,398064000
1999-08-25,0.047751493752002716,0.04858764638682921,0.04584172759613733,0.04810997515718185,350352000
1999-08-26,0.04703544080257416,0.04846845090889192,0.04631939342298653,0.047751488182161794,275376000
1999-08-27,0.049662165343761444,0.051571931118484196,0.04775148422197211,0.0479907791704004,552384000
1999-08-30,0.049482475966215134,0.05145275405296016,0.047393926819907416,0.05049741161128641,158640000
1999-08-31,0.05372099578380585,0.05395937198718602,0.0487068300648234,0.04966216898808598,786864000
1999-09-01,0.051213450729846954,0.05372099283290253,0.05037821359355075,0.05372099283290253,565344000
1999-09-02,0.05061659216880798,0.050855883701305844,0.04846844679681973,0.049542060101544376,341088000
1999-09-03,0.050975073128938675,0.05228797795655888,0.05061659179860909,0.051571930642957856,258864000
1999-09-07,0.05073670297861099,0.05181031640315235,0.05049740800393336,0.05181031640315235,124416000
1999-09-08,0.05061659216880798,0.05121344968719245,0.05061659216880798,0.050855883701305844,170064000
1999-09-09,0.04990053549408913,0.05145273498826083,0.04894519340639675,0.05109425372252125,209472000
1999-09-10,0.05061659216880798,0.05133355483471086,0.05037821256790083,0.05073669731632639,167424000
1999-09-13,0.04894520342350006,0.05085588457445048,0.04846844762897446,0.05085588457445048,174432000
1999-09-14,0.04751310870051384,0.04894520336094732,0.047274729095818604,0.04894520336094732,250368000
1999-09-15,0.04787159338593483,0.04846845095553114,0.04655776967344408,0.04691625103715409,212736000
1999-09-16,0.04667694494128227,0.04775147335048489,0.04608008414217172,0.04727471767177766,158112000
1999-09-17,0.046557772904634476,0.04679706788974604,0.04488638305957972,0.0463789898839433,171648000
1999-09-20,0.044886380434036255,0.046319393972839594,0.044886380434036255,0.04572253298125793,229104000
1999-09-21,0.04058917239308357,0.04417032765943284,0.039992314889762376,0.043931951480015864,737328000
1999-09-22,0.04154453054070473,0.04178290681138175,0.038201750174021304,0.0405891879322616,375984000
1999-09-23,0.038081638514995575,0.04178289971412715,0.03772407246197863,0.041663709891296585,379584000
1999-09-24,0.03461967408657074,0.03915616937928935,0.03199386036883256,0.038201745646820294,684912000
1999-09-27,0.03676873445510864,0.03748478192831752,0.03461967327274496,0.036887920865783186,432000000
1999-09-28,0.04011150076985359,0.04058917188522663,0.03676872514022057,0.03682831833046067,413184000
1999-09-29,0.03688792884349823,0.042498957541985447,0.03629107106735693,0.04094675708646328,594048000
1999-09-30,0.03676873445510864,0.03939546345838239,0.03629106321872371,0.03820174474878858,342528000
1999-10-01,0.036530353128910065,0.03748478021068384,0.03461967168639675,0.03617187173510093,347760000
1999-10-04,0.03724639490246773,0.037843255846843386,0.03676872717612002,0.037724066044289614,177600000
1999-10-05,0.04082755371928215,0.041066848691380775,0.03724639800148711,0.03724639800148711,478080000
1999-10-06,0.04572251811623573,0.04775147322435159,0.04058916414678395,0.04094673005100154,1508736000
1999-10-07,0.04273822531104088,0.04763228449436623,0.04249893041248344,0.04763228449436623,487296000
1999-10-08,0.044886380434036255,0.04620020416085904,0.04106684852248298,0.042738238269772966,398928000
1999-10-11,0.04369267076253891,0.04536406085013783,0.042498951951798945,0.04524487101388924,544464000
1999-10-12,0.04309580475091934,0.044409628491786445,0.04297661493766469,0.043931957307079196,322992000
1999-10-13,0.0419020801782608,0.04261812747160448,0.041066843088707214,0.04261812747160448,280368000
1999-10-14,0.04106684774160385,0.042021271320030064,0.04058917657108557,0.042021271320030064,192336000
1999-10-15,0.04082755371928215,0.041066848691380775,0.03891778775565111,0.03903697756812186,210720000
1999-10-18,0.038679417222738266,0.0409467495410586,0.038440122215520935,0.0409467495410586,215184000
1999-10-19,0.03712720796465874,0.03987312620974934,0.036411160643825026,0.03987312620974934,308928000
1999-10-20,0.03844011202454567,0.03891778314957705,0.037127207210338534,0.03772406471826002,348720000
1999-10-21,0.040230683982372284,0.040230683982372284,0.03724638674504093,0.0383209185959025,382128000
1999-10-22,0.04118603095412254,0.04237974930790277,0.040111498975490795,0.040111498975490795,286752000
1999-10-25,0.03915616124868393,0.041544516990821526,0.03915616124868393,0.040946740691098354,213840000
1999-10-26,0.042976606637239456,0.04440961991459158,0.0405891699374461,0.04082754610244136,481248000
1999-10-27,0.04106684774160385,0.043454284831584894,0.040349881604521264,0.043214989865020585,214128000
1999-10-28,0.03915616124868393,0.04202126937668119,0.0389177850557541,0.04130522203532384,222768000
1999-10-29,0.0422605499625206,0.042976597060403784,0.039395442808732396,0.03963381892060831,330528000
1999-11-01,0.044886380434036255,0.046557770181326244,0.04154451970208409,0.04154451970208409,782544000
1999-11-02,0.047751493752002716,0.047990788748188434,0.04536405636648997,0.045722537771669104,837504000
1999-11-03,0.0524071641266346,0.053720987625796995,0.04930368014094328,0.04966216144644591,2011680000
1999-11-04,0.05574994906783104,0.057182959097736866,0.05300494609094267,0.05300494609094267,1260336000
1999-11-05,0.053959377110004425,0.057779824649577025,0.051333563573099386,0.057302156850333894,616368000
1999-11-08,0.05551157519221306,0.05706377509112554,0.0506165958771042,0.05228798216972802,470016000
1999-11-09,0.054675426334142685,0.05563076879473981,0.052527283941887125,0.05539239256095319,272352000
1999-11-10,0.054198674857616425,0.054914722334794865,0.05312414596821515,0.05485512912912722,144048000
1999-11-11,0.05801820382475853,0.06088330891186801,0.05300495301725223,0.054198671663104964,562704000
1999-11-12,0.0611225925385952,0.0611225925385952,0.057063769559993274,0.0605257384498103,501504000
1999-11-15,0.05992888659238815,0.06339085259024181,0.05897354420372301,0.06153976101300245,362208000
1999-11-16,0.06565912067890167,0.06685283618208647,0.061122617867358085,0.06136099756140642,723792000
1999-11-17,0.06816571950912476,0.07162768512611642,0.06589746894983743,0.0668528112334023,786384000
1999-11-18,0.06840410083532333,0.0701955992393611,0.06780724664732507,0.06959782287321829,235968000
1999-11-19,0.08189443498849869,0.08475954787048544,0.07640259577524645,0.07664189084253734,2165184000
1999-11-22,0.08177520334720612,0.08404344691312104,0.07688022123991209,0.0839838537238535,540192000
1999-11-23,0.075925812125206,0.07676104590401708,0.07258303265376989,0.07341826643258098,553248000
1999-11-24,0.07353746891021729,0.07640257415031498,0.06792735335700888,0.07556734026643155,406848000
1999-11-26,0.07306070625782013,0.07353746554057161,0.07067235360080981,0.07282141126922416,71760000
1999-11-29,0.07043399661779404,0.07377677027679228,0.06876260637281945,0.07282142763312069,298608000
1999-11-30,0.06613584607839584,0.0718660620401006,0.06613584607839584,0.07067234019614811,314688000
1999-12-01,0.0694786086678505,0.07043395068855358,0.066135830357692,0.066135830357692,223536000
1999-12-02,0.07461197674274445,0.07556731894597542,0.06971791004354995,0.06971791004354995,309888000
1999-12-03,0.07282140851020813,0.07664186273421675,0.07186607294835874,0.075328038961191,342768000
1999-12-06,0.07485129684209824,0.07520885609346306,0.07306071355763853,0.07306071355763853,178608000
1999-12-07,0.07234372943639755,0.07556732214463067,0.06947862488338062,0.07544812893159014,186384000
1999-12-08,0.0755673199892044,0.07628336727027397,0.07186605968018273,0.07210534778458502,201696000
1999-12-09,0.07329905033111572,0.07735787554076866,0.07067231930734072,0.07544810695670867,214944000
1999-12-10,0.07246291637420654,0.07497046180017641,0.07115001497419134,0.07461198047315912,98304000
1999-12-13,0.07222455739974976,0.07413432008841989,0.0706723539283764,0.07162769636179843,183840000
1999-12-14,0.07103081792593002,0.07413430193035167,0.07031477065759797,0.07234372608602141,273888000
1999-12-15,0.06876260042190552,0.07091165838725476,0.06709121032157785,0.07055317694391432,205968000
1999-12-16,0.06828491389751434,0.07019559868852952,0.06804654109544339,0.06912106989198646,132576000
1999-12-17,0.07186607271432877,0.07294060150432563,0.06983711688182698,0.07019559826088678,262080000
1999-12-20,0.0778355747461319,0.07923833058873683,0.06947863288841456,0.07198617175311406,402432000
1999-12-21,0.08117834478616714,0.0812975311681386,0.07497046114912631,0.07783556569923485,388368000
1999-12-22,0.08308812975883484,0.08404346535264688,0.07831325516040948,0.08141673989684779,251184000
1999-12-23,0.08857997506856918,0.088818347899271,0.08284975753259526,0.08320732360959796,280224000
1999-12-27,0.08523719757795334,0.09060893384922712,0.08428185503931564,0.09048974059938486,202416000
1999-12-28,0.08499790728092194,0.0883406875889425,0.08475953442990349,0.08523720231026705,179184000
1999-12-29,0.0878630056977272,0.08881834130611417,0.08475952091394111,0.08481911411719284,132144000
1999-12-30,0.08857997506856918,0.08917683615452175,0.0864309103864107,0.08786301221996763,139776000
1999-12-31,0.08965359628200531,0.08977369805488247,0.08810230790098579,0.08840028079568917,127344000
2000-01-03,0.08941519260406494,0.09096739591590208,0.08428183709449126,0.09025134854578086,300912000
2000-01-04,0.08702775090932846,0.08810227958104162,0.08261044300433806,0.08786299145958106,300480000
2000-01-05,0.0841626524925232,0.08595322862950697,0.08296893051390143,0.0845211338587799,188352000
2000-01-06,0.07867081463336945,0.0841626515574566,0.07544813693051443,0.0841626515574566,120480000
2000-01-07,0.07998461276292801,0.0808198462679716,0.07711950199141908,0.0783132235750472,71184000
2000-01-10,0.08261043578386307,0.08595321472496836,0.0787909045047219,0.08022299904378091,239856000
2000-01-11,0.07926765829324722,0.08308811182024703,0.07926765829324722,0.08213276960174244,148128000
2000-01-12,0.07723869383335114,0.07938775760905288,0.07616416536097381,0.07926764906611466,123552000
2000-01-13,0.08046136796474457,0.08117833048625699,0.07616416273912564,0.07711950481353749,132192000
2000-01-14,0.08392336219549179,0.08726614186349275,0.08141673853356612,0.08165603351709504,604560000
2000-01-18,0.08750540763139725,0.08786297355103338,0.08117833179404847,0.08499786262852108,261648000
2000-01-19,0.08666928857564926,0.08786301072727441,0.08595324108651063,0.08786301072727441,164688000
2000-01-20,0.0864308774471283,0.09216109279928567,0.08571483021871436,0.0873862195932955,179568000
2000-01-21,0.08547557145357132,0.08655010033827479,0.08332650685321467,0.08619161892761922,544272000
2000-01-24,0.08165603131055832,0.08822148188830692,0.08117835670360922,0.08822148188830692,256944000
2000-01-25,0.08093905448913574,0.08284973908418432,0.07831324473027093,0.08201358317547132,237120000
2000-01-26,0.0775962546467781,0.08308809667378479,0.07616416034257593,0.0809390330396832,232464000
2000-01-27,0.07353746891021729,0.07819315050696828,0.07067235683916986,0.07819315050696828,458208000
2000-01-28,0.07138929516077042,0.07306068453317364,0.06852419090389882,0.07258301687618617,194448000
2000-01-31,0.07079246640205383,0.07329909026640337,0.06685282539335849,0.07174688670974319,182400000
2000-02-01,0.07246291637420654,0.07306069264523465,0.06828490356825385,0.07091163537723022,92976000
2000-02-02,0.07449278980493546,0.0759258066458753,0.07246291885056831,0.07282140018983642,149040000
2000-02-03,0.07568652927875519,0.07843244820256658,0.07520885461047581,0.07688024461390693,108240000
2000-02-04,0.07747706770896912,0.07807392849937154,0.07592578705916563,0.07807392849937154,123696000
2000-02-07,0.07270220667123795,0.07783556140007261,0.0725830202958496,0.07783556140007261,217488000
2000-02-08,0.07616417109966278,0.07879090271145461,0.07258301948651982,0.07449278166715068,468816000
2000-02-09,0.07807397097349167,0.08034222218180517,0.07795478455231851,0.07902931353041352,589056000
2000-02-10,0.09407088160514832,0.09550389171146607,0.08284974344955237,0.08284974344955237,970080000
2000-02-11,0.09550391137599945,0.09884669151918578,0.08857997825036264,0.09872658292127251,423792000
2000-02-14,0.11078386753797531,0.11078386753797531,0.09478693825640887,0.09574228069771802,650112000
2000-02-15,0.10648665577173233,0.11114234383230731,0.10195016094338259,0.11102315743103124,450480000
2000-02-16,0.11138071864843369,0.11508198655662444,0.10648665769683027,0.10768037974934809,1019568000
2000-02-17,0.1153203547000885,0.11603731744799171,0.10959013796893095,0.11126152774573891,535776000
2000-02-18,0.12869149446487427,0.1303628776906184,0.11281375001541477,0.11364898395462543,960864000
2000-02-22,0.12510937452316284,0.12630309636490353,0.12033450081809628,0.12463262899361946,542496000
2000-02-23,0.12582635879516602,0.12713926724489963,0.12212510456639467,0.12367730116906359,511392000
2000-02-24,0.12463269382715225,0.1273776980857337,0.11937922750371972,0.12654246396560553,244320000
2000-02-25,0.11687251925468445,0.1247517982092899,0.11173917176179976,0.1247517982092899,278736000
2000-02-28,0.11603732407093048,0.11746941895413601,0.11412664604067724,0.11627569688175787,517872000
2000-02-29,0.12224428355693817,0.12367729366984948,0.115320351825101,0.115320351825101,306048000
2000-03-01,0.11866309493780136,0.12224424610211883,0.11675332616557411,0.12224424610211883,383568000
2000-03-02,0.11066466569900513,0.11961846866969976,0.11030710650654724,0.11961846866969976,191040000
2000-03-03,0.11245521903038025,0.11364893387758722,0.10982940294196666,0.11078382971014886,273696000
2000-03-06,0.11173921823501587,0.1217675583215748,0.11078387572312226,0.11317222858738128,432096000
2000-03-07,0.15913309156894684,0.16665388317514054,0.13704747592427372,0.14325535935461953,1952208000
2000-03-08,0.16044600307941437,0.1618790130100595,0.14755347677686365,0.15904325424835242,668736000
2000-03-09,0.19157442450523376,0.20628778594750335,0.16187906766944524,0.16235582701424248,952944000
2000-03-10,0.22538815438747406,0.2769600830897812,0.20007985779605256,0.20151286790619766,2161200000
2000-03-13,0.28507864475250244,0.2865107394098232,0.20246728679962858,0.20437797135945834,2415168000
2000-03-14,0.21034659445285797,0.2835264899591512,0.20628776711597813,0.2835264899591512,1567776000
2000-03-15,0.20175129175186157,0.23123853605828035,0.19482735875009594,0.22541845727030987,995616000
2000-03-16,0.17987464368343353,0.21536072244833418,0.1769206001657588,0.20819748968027205,750384000
2000-03-17,0.19076848030090332,0.2043779698416645,0.1756966350125408,0.1757268961134567,557616000
2000-03-20,0.1906493604183197,0.2046164139883175,0.18456066084739495,0.198289341562784,365280000
2000-03-21,0.18121784925460815,0.19267826983874914,0.16617626241283215,0.19100688677859223,536640000
2000-03-22,0.1825317144393921,0.18814182424820416,0.17954649320128732,0.1826509008731504,230592000
2000-03-23,0.18575429916381836,0.1957826364429135,0.180501764590841,0.18086023908445123,309408000
2000-03-24,0.17799519002437592,0.19291759203533804,0.17190649085986487,0.1845606485281827,231600000
2000-03-27,0.16629545390605927,0.18336691255957144,0.16474417255244717,0.17763668843033206,388944000
2000-03-28,0.15388056635856628,0.16235577850319133,0.1508953463388911,0.16056519569962574,393312000
2000-03-29,0.14373306930065155,0.1580586087668518,0.13752518434028188,0.15447744249068665,469440000
2000-03-30,0.14289693534374237,0.1561488708157284,0.13466009276393426,0.1394349684363785,361920000
2000-03-31,0.16137108206748962,0.16784759912723346,0.14994091208378213,0.15265656896695787,962976000
2000-04-03,0.14874717593193054,0.16044597862904583,0.14456824850433253,0.15990871098983295,329952000
2000-04-04,0.14325539767742157,0.15925232054915028,0.10887410086865046,0.15662560180965526,513792000
2000-04-05,0.17513008415699005,0.1862320313195386,0.137286811323776,0.14468841910188404,639600000
2000-04-06,0.1832476556301117,0.19255901521944085,0.17453314321039418,0.1832476556301117,404592000
2000-04-07,0.19590184092521667,0.20055752867036256,0.18432222158990114,0.19243987513013186,318576000
2000-04-10,0.1785920113325119,0.21082423893372865,0.1748907437547926,0.19924461963843662,395280000
2000-04-11,0.167966827750206,0.18145713295415322,0.1528060548744032,0.1661459972217975,457584000
2000-04-12,0.15053774416446686,0.17190639235321867,0.14994088340050957,0.16820605508031541,313440000
2000-04-13,0.14409060776233673,0.15710323685425528,0.14158399119389853,0.15173150187586157,313296000
2000-04-14,0.13140711188316345,0.14528523484469202,0.12510937396155003,0.13489842310145317,421920000
2000-04-17,0.13812203705310822,0.1432554001887435,0.1203345306937847,0.1203345306937847,294096000
2000-04-18,0.16259507834911346,0.17142877929524672,0.1475534931545689,0.15202948598187296,477504000
2000-04-19,0.15483500063419342,0.16999668786499902,0.15280604487451388,0.16772844396610656,278352000
2000-04-20,0.15399974584579468,0.16199821209170862,0.15185068863608706,0.1590139075527708,153936000
2000-04-24,0.14635883271694183,0.15161228182394043,0.13871884198489376,0.14516511106191324,205968000
2000-04-25,0.16235576570034027,0.1671315544850813,0.1525667307264254,0.15292520520055883,249696000
2000-04-26,0.16068443655967712,0.17763669584884795,0.16044605006700782,0.17369706840056603,254112000
2000-04-27,0.17381620407104492,0.17548758676417198,0.1491047715385915,0.1499409205586706,280992000
2000-04-28,0.17023508250713348,0.18336689926273989,0.17023508250713348,0.17656215357686186,179040000
2000-05-01,0.17572690546512604,0.1805017795582419,0.1715479633323702,0.1766813256107187,119424000
2000-05-02,0.16892220079898834,0.18599366091587238,0.16402721013215818,0.1757269475616172,234000000
2000-05-03,0.16617625951766968,0.17333947993157453,0.15280605596898947,0.16784764254870735,329184000
2000-05-04,0.1682061105966568,0.17524922841388452,0.1643856567030657,0.16581775140574662,241200000
2000-05-05,0.17596526443958282,0.1800240908527149,0.16522087981069372,0.1674891234562201,170592000
2000-05-08,0.16951905190944672,0.17763669317656172,0.16927975007307905,0.17142880789256668,185136000
2000-05-09,0.16713154315948486,0.17381618518232964,0.16235575469837307,0.1723840907530377,176832000
2000-05-10,0.15065692365169525,0.16557931643190035,0.14922391414015912,0.16546013008627833,274080000
2000-05-11,0.1571032702922821,0.1598491892345788,0.15077619848947227,0.15280606992912626,245904000
2000-05-12,0.15232834219932556,0.16999665652579782,0.15232834219932556,0.16140134344606613,187824000
2000-05-15,0.16283348202705383,0.1654602143498295,0.1442107289966707,0.151612335983362,282096000
2000-05-16,0.17954644560813904,0.18467980832119538,0.16808601180408375,0.16999669661320727,366432000
2000-05-17,0.21106261014938354,0.2189418908173709,0.18897790727621572,0.18909709366811825,1290624000
2000-05-18,0.19673708081245422,0.21571830691078756,0.19542417242831206,0.21225634100790747,509904000
2000-05-19,0.1950656771659851,0.20151284903722966,0.18957475607180965,0.1910068507007134,521184000
2000-05-22,0.20772071182727814,0.20772071182727814,0.17584605100182912,0.19291750306282496,517152000
2000-05-23,0.20604941248893738,0.22526901516338052,0.1991254793205948,0.20246734413706227,778560000
2000-05-24,0.20342262089252472,0.20915284383965999,0.17620455713738356,0.20581006464479334,739632000
2000-05-25,0.20055755972862244,0.21870355428458563,0.19805092904712346,0.2064069703296667,569184000
2000-05-26,0.2015724629163742,0.20712297739611868,0.1890970881161932,0.2015724629163742,183456000
2000-05-30,0.2098688930273056,0.21512142780694254,0.20604935459334323,0.20700377469734577,303648000
2000-05-31,0.21798652410507202,0.2215685910884221,0.20915282455804857,0.20915282455804857,469536000
2000-06-01,0.22407522797584534,0.22646267172795437,0.2184642050768016,0.2244337161422488,418992000
2000-06-02,0.25129419565200806,0.2540391982875254,0.2287308925986712,0.2287308925986712,592176000
2000-06-05,0.2566952705383301,0.2693200643905886,0.24090739262758581,0.25093571588266156,491904000
2000-06-06,0.24389256536960602,0.26717098425087843,0.24257872836626296,0.25762123851051977,375888000
2000-06-07,0.2330290526151657,0.24413101141638463,0.22944698495526136,0.24210205563437698,332352000
2000-06-08,0.2348196804523468,0.2392369827464029,0.22538820109256164,0.23899770822075386,460704000
2000-06-09,0.24150428175926208,0.2521294956807506,0.23565488513199107,0.23923695303113646,467280000
2000-06-12,0.2350580394268036,0.244608718305215,0.22968631707952336,0.2425788332461878,380016000
2000-06-13,0.24245958030223846,0.24257876668261055,0.2272988104105062,0.2284925322320779,447840000
2000-06-14,0.24222135543823242,0.24830912731977367,0.2390280219262835,0.24699624563999587,275088000
2000-06-15,0.24854837357997894,0.24854837357997894,0.2284926205816433,0.24150432462211646,338592000
2000-06-16,0.286033034324646,0.28651070882909296,0.24759291495542576,0.2476525354661627,987840000
2000-06-19,0.3039397895336151,0.32709993029026596,0.2781538047212046,0.2853170382307624,1052160000
2000-06-20,0.2998810112476349,0.3127744571714646,0.29606149907631363,0.30919331784012566,610272000
2000-06-21,0.33032259345054626,0.3361729183363029,0.2952252618572151,0.2952252618572151,614880000
2000-06-22,0.3122967481613159,0.33569529131531695,0.3091932838602419,0.328890545336643,614352000
2000-06-23,0.2828105688095093,0.3077604050331164,0.282690480660671,0.3039399624714064,607392000
2000-06-26,0.3169524371623993,0.31874302022007944,0.28388405789257837,0.2884205459185422,618288000
2000-06-27,0.2721851170063019,0.3194598277453817,0.26382816475554416,0.3142063656173497,604608000
2000-06-28,0.26168015599250793,0.2884205641871274,0.25403927429911244,0.27791546530350236,586608000
2000-06-29,0.22395601868629456,0.2571435901110066,0.2196579044886807,0.2571435901110066,1184880000
2000-06-30,0.24281814694404602,0.24687696092740802,0.22300076805523245,0.23446118980649655,1209192000
2000-07-03,0.2335066944360733,0.25212944344977833,0.23111834910297038,0.24448946529828858,232680000
2000-07-05,0.20843684673309326,0.23302908622727625,0.20151290024168278,0.23255141155994594,777936000
2000-07-06,0.22109092772006989,0.22873090588595413,0.20366099881237362,0.20867516056411714,603936000
2000-07-07,0.2222846895456314,0.23302906227648348,0.21774818784794372,0.22920862166349834,346560000
2000-07-10,0.2337450385093689,0.23923687410902178,0.21631602712063613,0.21846416873480548,351264000
2000-07-11,0.25260719656944275,0.2645452928846691,0.22801492909981613,0.23064167533514035,755304000
2000-07-12,0.25976940989494324,0.2729012237283324,0.2547561500637012,0.26311217513123747,388152000
2000-07-13,0.2841232717037201,0.2855553662403842,0.2647835743678573,0.265261248883044,458736000
2000-07-14,0.28197428584098816,0.2953444753066319,0.27505035380176157,0.28985353978203704,280200000
2000-07-17,0.27887076139450073,0.2865107399449606,0.2779154122818531,0.2862723671712866,105552000
2000-07-18,0.27337899804115295,0.286510816668599,0.26358994587035095,0.26358994587035095,183672000
2000-07-19,0.2559499442577362,0.2654996937976684,0.2504581066775709,0.2635899242267519,189504000
2000-07-20,0.2628738582134247,0.2693201156195772,0.2549945769733487,0.2557106243857691,142992000
2000-07-21,0.2662166357040405,0.27122986897912016,0.2597694496709493,0.2635898900020838,251928000
2000-07-24,0.2435341328382492,0.26836476711104035,0.23302903579123743,0.26645499786425497,281112000
2000-07-25,0.23446109890937805,0.2492643087061956,0.23398342440974174,0.24735453971651591,335304000
2000-07-26,0.21703213453292847,0.23446115075669963,0.21058587720830593,0.23446115075669963,380064000
2000-07-27,0.2015129178762436,0.21297335387261698,0.19864781229262551,0.2101082482889989,331560000
2000-07-28,0.20628772675991058,0.22132931104809536,0.19100685435159412,0.2024672866520106,512664000
2000-07-31,0.22920866310596466,0.22968633781056624,0.20628779133060782,0.21774822721828624,371232000
2000-08-01,0.2246720939874649,0.2311183644036273,0.2230007111833481,0.22920859516060682,350616000
2000-08-02,0.22920866310596466,0.2329090163004146,0.21798661372785588,0.22156868218393377,345432000
2000-08-03,0.23923704028129578,0.24448960511234663,0.20628783449094237,0.20628783449094237,368664000
2000-08-04,0.2435341328382492,0.24830899313591417,0.23971369265948161,0.24496715653008122,194784000
2000-08-07,0.26263460516929626,0.2647836768146804,0.24425024975075948,0.24520559915076473,246936000
2000-08-08,0.2569043040275574,0.27122984031047775,0.2559498839714767,0.2569043040275574,128112000
2000-08-09,0.2492644190788269,0.26191856373488515,0.24568327958293826,0.26024719407430963,136248000
2000-08-10,0.252129465341568,0.25785967487400935,0.23875927699427607,0.24353413738100882,156432000
2000-08-11,0.24616076052188873,0.25451681078432675,0.2344610441899348,0.2526070422403564,131928000
2000-08-14,0.24854837357997894,0.2516518657142849,0.24066909062763261,0.24926442114800576,108576000
2000-08-15,0.27200645208358765,0.27696009240829933,0.24902599180373183,0.24974203920932384,443328000
2000-08-16,0.27887076139450073,0.2867491127186346,0.27051380650506723,0.2867491127186346,266232000
2000-08-17,0.2841232717037201,0.2855553662403842,0.2740949485590703,0.27505029758944355,129816000
2000-08-18,0.294150710105896,0.29749350289584636,0.28245191899760425,0.28292956621651155,204720000
2000-08-21,0.2986871898174286,0.31014763519076555,0.29797114252608947,0.30489507337273575,464472000
2000-08-22,0.2705138325691223,0.2893758861553449,0.26788801576980725,0.28316800166674977,658872000
2000-08-23,0.28627249598503113,0.2867492417468999,0.2607249015975509,0.26621674062917466,352800000
2000-08-24,0.293912410736084,0.29677752969882415,0.2793484977435792,0.2846010336832732,332616000
2000-08-25,0.28651079535484314,0.2970158942659083,0.2850787004178869,0.29080891086022403,153048000
2000-08-28,0.2979711592197418,0.3017916266691327,0.2846009713079273,0.28794376420002205,189264000
2000-08-29,0.29725518822669983,0.2998810054527005,0.2941507946353151,0.29916495793735637,149376000
2000-08-30,0.2998810112476349,0.3039398525919737,0.2908089355135949,0.29391242747953594,178080000
2000-08-31,0.3032236695289612,0.31516176073834795,0.29844878278970305,0.3044173912137757,388896000
2000-09-01,0.3037015199661255,0.31229682383453283,0.30035872570833727,0.3094317316529986,204144000
2000-09-05,0.30417919158935547,0.3111031535272138,0.30203014686088037,0.31086475331290064,246144000
2000-09-06,0.2831679880619049,0.30537277914107264,0.28078054417393616,0.30537277914107264,230136000
2000-09-07,0.2984488606452942,0.29892653524559354,0.27552799387480326,0.28746611552224605,239760000
2000-09-08,0.280780553817749,0.3017916509983835,0.2798252046261404,0.295106091999024,222648000
2000-09-11,0.26932013034820557,0.2788708087456269,0.2588150590088538,0.2771994120191852,285888000
2000-09-12,0.26764875650405884,0.2836456650709077,0.26358991566695017,0.2695585260129576,125976000
2000-09-13,0.26752954721450806,0.27194684857437124,0.2612024491853124,0.2669326862309627,239976000
2000-09-14,0.265022873878479,0.2807805040448169,0.261680081309466,0.2688424119497328,216336000
2000-09-15,0.2708127796649933,0.27457272598971294,0.2616801816155554,0.2635899513832268,242592000
2000-09-18,0.2549945116043091,0.2731405134801049,0.25212942100382074,0.271469117273539,163488000
2000-09-19,0.2628738582134247,0.2635899056258451,0.2406690383271202,0.24329578418477196,301104000
2000-09-20,0.25427839159965515,0.2607246728321101,0.25021958044310755,0.25571048564749904,227568000
2000-09-21,0.2652016878128052,0.2709914905429399,0.25594990568941367,0.25618827847142794,346824000
2000-09-22,0.26979780197143555,0.2731405953869731,0.2387593066046441,0.2389976794161297,387264000
2000-09-25,0.2891373932361603,0.29319623253983296,0.27600558107464074,0.2781537225821612,467568000
2000-09-26,0.2960614264011383,0.2994041920719352,0.2788707705128345,0.2922409588346046,337344000
2000-09-27,0.3122967481613159,0.3261446402562473,0.2936740223652138,0.2936740223652138,676128000
2000-09-28,0.3218472898006439,0.3237570585269191,0.30179154861553276,0.30943152520558453,333816000
2000-09-29,0.3127743601799011,0.3247124803471142,0.3075218255697983,0.3127743601799011,373872000
2000-10-02,0.3053726255893707,0.3294872011752784,0.2974933761614003,0.31707143903767143,340584000
2000-10-03,0.288898229598999,0.30943165374772874,0.2865107854471937,0.30704420959592343,300264000
2000-10-04,0.2855554223060608,0.29033121206291423,0.27743776830455413,0.28125823616725837,419568000
2000-10-05,0.27887076139450073,0.28770446183128223,0.2729012502777104,0.28770446183128223,525048000
2000-10-06,0.2614409327507019,0.28149668684087736,0.2576213928404325,0.2795869168857427,1027176000
2000-10-09,0.26717114448547363,0.27122995894995816,0.23684866229688525,0.25475627357835684,665256000
2000-10-10,0.24687694013118744,0.2688424870613538,0.24448952324120476,0.2559499440270752,415944000
2000-10-11,0.2490261197090149,0.2626346887936256,0.22252317129406124,0.23183545373845282,535776000
2000-10-12,0.23923704028129578,0.2693202245682015,0.23684869358239066,0.2545170326460982,401616000
2000-10-13,0.24878664314746857,0.25594987555792464,0.23834116764946847,0.2409073907900486,578976000
2000-10-16,0.2430565357208252,0.24878674697222877,0.23732632446942162,0.24878674697222877,339216000
2000-10-17,0.22538815438747406,0.243056471878924,0.2227623513141906,0.24210205170660481,463248000
2000-10-18,0.22180700302124023,0.2347004463375065,0.20079590598180763,0.21082424441345293,416952000
2000-10-19,0.24329587817192078,0.24639937083070176,0.232551474122431,0.2361326415770494,294888000
2000-10-20,0.26597726345062256,0.27218514604323385,0.23589410108547734,0.23756549717869174,387360000
2000-10-23,0.2600088119506836,0.26979783700002785,0.25165185465063084,0.2681264673990583,182112000
2000-10-24,0.2516518533229828,0.2631122752366357,0.25069743294903746,0.2588150883545856,193968000
2000-10-25,0.22968631982803345,0.24830904681323526,0.22801492299741652,0.24472790764679503,385512000
2000-10-26,0.239475280046463,0.24830895183093415,0.21488302264195033,0.23111832641385172,265776000
2000-10-27,0.23398347198963165,0.24562362755654868,0.22538815726062655,0.23971370913276413,210960000
2000-10-30,0.21750982105731964,0.23535691966481984,0.21727051923703766,0.23016397726378882,192120000
2000-10-31,0.23738595843315125,0.241146807261489,0.21918128059370182,0.22610521531941577,299256000
2000-11-01,0.23732618987560272,0.24066895465978316,0.22347833065481984,0.23159598187394828,304536000
2000-11-02,0.2554723620414734,0.2616802493305746,0.24162449201924505,0.2456833344566312,192888000
2000-11-03,0.2721851170063019,0.27695997572015146,0.2502196083941194,0.2521293770074366,268632000
2000-11-06,0.2931962013244629,0.3056110359862864,0.27695997147718293,0.278631367366486,635040000
2000-11-07,0.27337899804115295,0.28842058639632834,0.26358994587035095,0.28842058639632834,258240000
2000-11-08,0.2652612030506134,0.2764832460398119,0.26120236388616613,0.2764832460398119,187080000
2000-11-09,0.23756560683250427,0.26168017214449707,0.22586586976540513,0.2492644012284929,564528000
2000-11-10,0.2246720939874649,0.2578596695556827,0.21870351179620173,0.24568320338716076,805248000
2000-11-13,0.22562749683856964,0.25021975047926953,0.20628777929982703,0.21345101410875797,530040000
2000-11-14,0.26693272590637207,0.26884249553576695,0.23875932037440536,0.24066906268000093,470736000
2000-11-15,0.26341113448143005,0.2705138463277467,0.25141344629721213,0.2621578192171879,423864000
2000-11-16,0.24687694013118744,0.2626345747000344,0.24448952324120476,0.2559499440270752,235536000
2000-11-17,0.2421020120382309,0.2614408075767395,0.23398343066876404,0.24878664086156527,178776000
2000-11-20,0.22347843647003174,0.23326746105437995,0.22085170394371162,0.23314827463882443,298752000
2000-11-21,0.21918122470378876,0.23493886032025627,0.207720803155991,0.23302909062409297,382512000
2000-11-22,0.20772071182727814,0.21679278332843638,0.19864771131731912,0.21010814148820153,409752000
2000-11-24,0.21965794265270233,0.22777651161700535,0.21010819428550004,0.21010819428550004,165072000
2000-11-27,0.21225634217262268,0.2368485918275192,0.20348223413941519,0.23541649703860654,363864000
2000-11-28,0.19643914699554443,0.2177482136982613,0.1917238651346478,0.21547996941108857,382344000
2000-11-29,0.1843222677707672,0.19960224317777547,0.1695190653798106,0.19936385666974965,636408000
2000-11-30,0.15471579134464264,0.16856365280476795,0.13895816080346066,0.16856365280476795,981624000
2000-12-01,0.1699967235326767,0.186232034405106,0.16331116316740962,0.1642665125542029,784080000
2000-12-04,0.17262253165245056,0.17668135915470998,0.15949071347158433,0.17107125024296138,474264000
2000-12-05,0.18384453654289246,0.1914845144986512,0.16760923159309238,0.18479987191927938,997224000
2000-12-06,0.1575808972120285,0.18527663404080258,0.15662556182043375,0.18026337403227255,950928000
2000-12-07,0.15471579134464264,0.16307273198028457,0.14182326526760491,0.14994091779944174,785184000
2000-12-08,0.19005243480205536,0.19100685490601899,0.15477539554340286,0.1707127221328543,853392000
2000-12-11,0.19005243480205536,0.19387195957396533,0.17906967702484314,0.18384455090969282,757632000
2000-12-12,0.1847998946905136,0.18861941963458706,0.17859201051833332,0.1852766539213938,409512000
2000-12-13,0.17047439515590668,0.18718736675883896,0.1671316150334751,0.1840829731360919,675072000
2000-12-14,0.15877464413642883,0.17071273850994892,0.15471581719241784,0.16927972836496216,569016000
2000-12-15,0.1430169939994812,0.15805857799024312,0.14230003133844293,0.14874720320543555,1094424000
2000-12-18,0.14773227274417877,0.1528060277650526,0.14564279501139163,0.14898557411837743,658872000
2000-12-19,0.1365698277950287,0.16331113575885292,0.13370472278664322,0.14994094628148405,946200000
2000-12-20,0.1217675507068634,0.1485079449089823,0.11508199106723768,0.12964590343665305,1105392000
2000-12-21,0.10648665577173233,0.13656982807070805,0.10505364559105286,0.12009614708773071,845256000
2000-12-22,0.13394403457641602,0.14612051783624952,0.11508200455528454,0.11508200455528454,949080000
2000-12-26,0.1284521520137787,0.13704747924828933,0.11985683844116404,0.13561538465970363,343824000
2000-12-27,0.13704749941825867,0.1423000483691034,0.1217675408304293,0.12702007611937602,339456000
2000-12-28,0.13776357471942902,0.1413456431376336,0.12940754633347643,0.13155660431492844,419232000
2000-12-29,0.12516897916793823,0.14206165578005162,0.12224428114905125,0.1375251680865418,495168000
2001-01-02,0.11436589807271957,0.1277360906487922,0.11388823042377971,0.1260647081354954,290808000
2001-01-03,0.14946328103542328,0.15065700313876398,0.10791875715086527,0.1107838691697623,910368000
2001-01-04,0.16665391623973846,0.17047437049427905,0.1427777131611934,0.14683654021903397,815448000
2001-01-05,0.14170315861701965,0.16593783067692894,0.13848048146780398,0.16522086807555164,432768000
2001-01-08,0.15519344806671143,0.16140133080545807,0.13776350785343366,0.13776350785343366,573768000
2001-01-09,0.15829695761203766,0.1614013641267164,0.14970162976907575,0.15734253748839494,302904000
2001-01-10,0.16927972435951233,0.16999668708862473,0.14659815983563093,0.15017931209261076,392928000
2001-01-11,0.1833668351173401,0.1905300528498676,0.16235574439189338,0.16522084841552967,447648000
2001-01-12,0.17954644560813904,0.19769243871878373,0.17763667614621237,0.18647037771905856,669000000
2001-01-16,0.16546021401882172,0.1805018007747528,0.1625950952272392,0.1805018007747528,414984000
2001-01-17,0.17142874002456665,0.1833668448646542,0.17071269281731272,0.17811429732532547,592584000
2001-01-18,0.20431841909885406,0.2091528871351592,0.16760927790532854,0.17142880343413192,948168000
2001-01-19,0.19888615608215332,0.2177481825094765,0.19578266465335892,0.2101082031561126,1018704000
2001-01-22,0.1910068839788437,0.20055754854931243,0.18551596192801362,0.1929175688336484,377712000
2001-01-23,0.2100486159324646,0.21392774807655335,0.18766501603267507,0.18861943626380315,433632000
2001-01-24,0.20915287733078003,0.21201798243218137,0.19697639582472998,0.2098689247693259,451728000
2001-01-25,0.18814176321029663,0.20246730119965942,0.18384456358562834,0.20199054195739677,440016000
2001-01-26,0.19411127269268036,0.1963795165497476,0.17632376904098185,0.1776366637293175,259248000
2001-01-29,0.1950656771659851,0.1953049652815431,0.18145710314126623,0.1881417460958467,354168000
2001-01-30,0.1993638277053833,0.20354184130847833,0.19434966490571443,0.1981701192915696,243720000
2001-01-31,0.1972147524356842,0.20724309080238743,0.19291755281015516,0.19960219637414797,358344000
2001-02-01,0.19822971522808075,0.19960221693134036,0.18861944360165356,0.1972147727469918,371856000
2001-02-02,0.1790696680545807,0.2029449379680111,0.17763664445695657,0.19840845074605445,320520000
2001-02-05,0.17883038520812988,0.1800241071613412,0.1683253014019514,0.17883038520812988,367584000
2001-02-06,0.17978574335575104,0.1833668957323889,0.1750704621660027,0.17548761456414655,250440000
2001-02-07,0.17142874002456665,0.1800240662142748,0.16187899389479213,0.17859197179976694,720384000
2001-02-08,0.17047439515590668,0.18217320340614176,0.16975743228600332,0.1723841648858568,384288000
2001-02-09,0.16927972435951233,0.17023507354149697,0.16307275536563962,0.16904135156853778,259608000
2001-02-12,0.16474412381649017,0.16927969547242944,0.15662555615881008,0.16736992644339987,354336000
2001-02-13,0.1697574406862259,0.17763670986645594,0.16593790103732076,0.16784767086177332,467736000
2001-02-14,0.18217316269874573,0.18718732493100626,0.1604460189362419,0.16760925226524298,690888000
2001-02-15,0.21559907495975494,0.21918114184984552,0.20581004031306355,0.2072430501384924,1108512000
2001-02-16,0.22729888558387756,0.23302909650232273,0.20437802824819631,0.2046164010877763,1081176000
2001-02-20,0.20461635291576385,0.22634349658184552,0.20437798013230302,0.22156862250241466,701304000
2001-02-21,0.2139277309179306,0.22252304537757753,0.19482731901856123,0.19697637647025495,646512000
2001-02-22,0.22300072014331818,0.22920860437000415,0.20628773846824475,0.21273400914341256,815304000
2001-02-23,0.2076006382703781,0.2253881411093345,0.20055752057142354,0.22180698906566318,1034664000
2001-02-26,0.20294493436813354,0.20724306241393928,0.19411124818975337,0.20151283980484178,751824000
2001-02-27,0.19076848030090332,0.20581006448834993,0.1895747584256764,0.19793078422847168,533832000
2001-02-28,0.17071273922920227,0.20055753810800914,0.16713158687239796,0.1893354910861177,784056000
2001-03-01,0.18420210480690002,0.18718731112349954,0.15280602876676497,0.1685636599785664,915288000
2001-03-02,0.16647513210773468,0.1831285076389525,0.1642664813628369,0.17095112511146388,1413504000
2001-03-05,0.1680859923362732,0.1723841207272673,0.15901391900982934,0.15996833912570357,742296000
2001-03-06,0.1843222677707672,0.19029086535457243,0.173697079589904,0.1766813715508562,834408000
2001-03-07,0.19912540912628174,0.19960216830158722,0.18503824590553444,0.18838102489096517,938280000
2001-03-08,0.20581009984016418,0.20795915752640462,0.1933952453892122,0.1933952453892122,829344000
2001-03-09,0.1912461221218109,0.19602099548472116,0.17333943507939195,0.19506566013810545,1216776000
2001-03-12,0.1843222677707672,0.1933952727478453,0.17620461219670538,0.18479994247227532,762144000
2001-03-13,0.20628772675991058,0.20915284508143722,0.18575430592552086,0.18670965503568754,1082352000
2001-03-14,0.21798652410507202,0.2187034867099342,0.1969763461243263,0.1969763461243263,1351128000
2001-03-15,0.22873088717460632,0.24347450358650344,0.22300067859766906,0.231357632382795,1875984000
2001-03-16,0.22777648270130157,0.23398343718508238,0.2184641929577978,0.2251497509762119,1225200000
2001-03-19,0.2409074902534485,0.24257885992407627,0.21422667154562972,0.22658193486495215,943896000
2001-03-20,0.21846424043178558,0.2530848445099982,0.2158384234831058,0.2380423288687622,1990560000
2001-03-21,0.23470044136047363,0.24114669837738492,0.21774817154211223,0.21894189349376056,1877352000
2001-03-22,0.2583373785018921,0.2592927277550482,0.23493883584386,0.2368486053410597,1697760000
2001-03-23,0.2559499442577362,0.2678880396989509,0.2430564995264891,0.26311224958173574,1509672000
2001-03-26,0.26979780197143555,0.27122989685859555,0.2559499373339097,0.2559499373339097,1542960000
2001-03-27,0.2600088119506836,0.2738566783861159,0.24878673549520144,0.2645453007070825,1702152000
2001-03-28,0.2601875364780426,0.2669326886353942,0.25212947594687285,0.2528455233317694,1433280000
2001-03-29,0.26406756043434143,0.273140563017748,0.2526071413063108,0.2579192694906489,1632960000
2001-03-30,0.24801106750965118,0.26717108866814454,0.24639929129630733,0.26215782745366906,1423176000
2001-04-02,0.23756560683250427,0.2533232424686694,0.23446118593699788,0.2473546315299423,1265160000
2001-04-03,0.24544380605220795,0.25189098930563464,0.2337449916771326,0.23398336436134315,1991616000
2001-04-04,0.2201356291770935,0.23661022544064741,0.2055717040387877,0.23613255082838622,3362472000
2001-04-05,0.24043066799640656,0.24425020690794919,0.22825328512421625,0.23470045794379718,1724760000
2001-04-06,0.239475280046463,0.2521294186979796,0.2332673697658277,0.2373262093706977,1547664000
2001-04-09,0.2278333455324173,0.2500280668267366,0.22405140462150688,0.24410716471023788,1097160000
2001-04-10,0.2493404746055603,0.2567136648068335,0.2311568970662534,0.23329588592476946,1186416000
2001-04-11,0.26439210772514343,0.27428660001285804,0.2570959443052294,0.2646974237994363,1426872000
2001-04-12,0.26836472749710083,0.27982514465650804,0.2545361028274055,0.2595026114819597,1440264000
2001-04-16,0.26183226704597473,0.26912935840579166,0.2570189081979804,0.2635898425145169,764112000
2001-04-17,0.27466797828674316,0.27676936925742973,0.25785966487195966,0.25797426086102515,1112448000
2001-04-18,0.29514455795288086,0.3224203699570109,0.2862430128048955,0.2862430128048955,2301864000
2001-04-19,0.3205097019672394,0.3255908071575991,0.2954883758663845,0.29682511045907845,1632264000
2001-04-20,0.332199364900589,0.34377440751542787,0.3082855796034347,0.3166516884213322,1773840000
2001-04-23,0.3146648705005646,0.32528549218922254,0.31134136827265263,0.3249792744419791,1239000000
2001-04-24,0.29239410161972046,0.3372804864028445,0.2874661183576938,0.31378658475255405,1828320000
2001-04-25,0.3058404326438904,0.3162694353562888,0.29205032926745195,0.2931578721852326,1423728000
2001-04-26,0.28173598647117615,0.312487534087709,0.27887086705663633,0.312487534087709,1486008000
2001-04-27,0.30179157853126526,0.3030522161891236,0.28693060681861354,0.2926232177166031,915672000
2001-04-30,0.3182176351547241,0.33598129831805545,0.3034336864047793,0.3100046217474493,1583280000
2001-05-01,0.3479386568069458,0.34877938263691244,0.31420647628441156,0.3193636785350931,1867368000
2001-05-02,0.33995485305786133,0.3569923859852275,0.33540828309307624,0.3569923859852275,1547784000
2001-05-03,0.3384650647640228,0.3399925197863397,0.32761524861027785,0.32967811347772186,960504000
2001-05-04,0.34312522411346436,0.34851161763344285,0.327004542774709,0.32853197000194917,953520000
2001-05-07,0.35852062702178955,0.36100343005484953,0.3378148541382952,0.3418260130762504,975600000
2001-05-08,0.3325817883014679,0.3639833966317884,0.32952597605090395,0.36383027403504353,1620144000
2001-05-09,0.31699562072753906,0.3289905525256404,0.3147796328194273,0.3219997023725446,1319040000
2001-05-10,0.30633729696273804,0.3300218618548737,0.3025553560369188,0.32616382416375667,998904000
2001-05-11,0.29850566387176514,0.3075218043676118,0.29239404232198246,0.30557353612291566,921216000
2001-05-14,0.3010655641555786,0.30461828654698503,0.28861219602585314,0.29938498653926576,702432000
2001-05-15,0.31187689304351807,0.32471260471151514,0.3002633477598421,0.30370150189114675,1242600000
2001-05-16,0.3265836536884308,0.3285319216542342,0.30278447149662163,0.3047327394624251,957096000
2001-05-17,0.33235251903533936,0.3419031699175075,0.32261114804663704,0.32765372755104644,919056000
2001-05-18,0.32967811822891235,0.3399925246861773,0.32318418007704436,0.33124500151604164,575832000
2001-05-21,0.3445766866207123,0.35145293924526266,0.32234344794229347,0.3289529109927945,1064688000
2001-05-22,0.3548910915851593,0.3583292181495858,0.336173003635794,0.3496192920549451,1049976000
2001-05-23,0.3518737554550171,0.3820146907121964,0.347633375379048,0.36883519378750207,2244912000
2001-05-24,0.35706838965415955,0.36612212631278873,0.3390379420910605,0.34954300899372087,1680576000
2001-05-25,0.3503068685531616,0.35508265838261116,0.3438129310550585,0.34988695644343265,947952000
2001-05-29,0.3359437882900238,0.34839715725128245,0.3312065242233713,0.3483210604644007,920568000
2001-05-30,0.32967811822891235,0.3446912892053939,0.32623999185109054,0.3280360671691282,3308904000
2001-05-31,0.32704222202301025,0.3342622902242337,0.3199752763962535,0.33231402132216387,1262928000
2001-06-01,0.3451498746871948,0.34793889828890984,0.3273861991130846,0.32929689873414725,1022472000
2001-06-04,0.33980169892311096,0.34721248486604966,0.3352560310661784,0.34537881256986064,621552000
2001-06-05,0.3576415479183197,0.3611942974362957,0.3388464635709487,0.3394194709399074,987168000
2001-06-06,0.35916993021965027,0.3638686944537414,0.3537450087318857,0.3589792101101289,698976000
2001-06-07,0.37945476174354553,0.3804861800939911,0.353363495146807,0.35599939365398975,1141152000
2001-06-08,0.3695988953113556,0.37888185485813,0.36566385865342493,0.37830884750644117,712680000
2001-06-11,0.3587876260280609,0.37055426473610376,0.3530573882563508,0.370133450912065,581928000
2001-06-12,0.370744913816452,0.37609280904219883,0.350498473182677,0.35126220059056906,1102728000
2001-06-13,0.3582916259765625,0.37911110421930494,0.3550826916520417,0.37345696308709886,938712000
2001-06-14,0.3575269281864166,0.3636394799955572,0.3485877843038948,0.3536688901287914,946152000
2001-06-15,0.36310502886772156,0.36940827491417094,0.34679271872570977,0.35336368338986673,1094544000
2001-06-18,0.34874090552330017,0.3680705239754204,0.3447682714794509,0.36218812052451843,856656000
2001-06-19,0.32967811822891235,0.3636009979453136,0.32261117267597383,0.3553119134845938,1513128000
2001-06-20,0.34385138750076294,0.34763332839743555,0.31688089071667913,0.3236040193860855,1759200000
2001-06-21,0.3503453731536865,0.35641939863517536,0.33330783796768176,0.34247620151654934,1484568000
2001-06-22,0.3487794101238251,0.3579092468859743,0.34419524212807695,0.34858778833857973,761184000
2001-06-25,0.3480916917324066,0.3541271885111596,0.33792948332380024,0.35267585821299835,640032000
2001-06-26,0.35813841223716736,0.3598574886383744,0.3390380156954302,0.34037475026905895,757920000
2001-06-27,0.3470602035522461,0.3571829551713376,0.3409861809773264,0.3564192280798137,895752000
2001-06-28,0.3511475920677185,0.3562286979683934,0.3476333692857644,0.3517206267309989,909336000
2001-06-29,0.3543180227279663,0.3598575399006947,0.34843559191129836,0.3524082533072878,730920000
2001-07-02,0.3386172652244568,0.34316383620709984,0.3334985885227184,0.3402987445370657,1040016000
2001-07-03,0.3429345190525055,0.3464872401707259,0.33456841180331726,0.33628746071336946,406296000
2001-07-05,0.31806546449661255,0.3409478049825953,0.3176446233869057,0.3388464411088702,1020096000
2001-07-06,0.3082854747772217,0.31573475844804116,0.3021729253460084,0.3132895528738137,802824000
2001-07-09,0.298200398683548,0.3116476132782577,0.2952967809274567,0.30427442373312663,1014072000
2001-07-10,0.3006455898284912,0.3061841775033858,0.29701584239675227,0.3021730172323367,1221744000
2001-07-11,0.300072580575943,0.3048859678431324,0.290789648693288,0.2994995732452613,904632000
2001-07-12,0.31581100821495056,0.3180269956254378,0.3065665473502245,0.31420652742271343,981552000
2001-07-13,0.3092784881591797,0.3169193958691246,0.3027460521219641,0.3134812702009167,690144000
2001-07-16,0.2844093441963196,0.30943159941656095,0.28288191684674335,0.3058027537989536,1191696000
2001-07-17,0.30030179023742676,0.3030898829909262,0.2769600828521851,0.2796345086170375,1169904000
2001-07-18,0.2899104058742523,0.30125623010094793,0.28376028364396083,0.2931578391636174,840984000
2001-07-19,0.29457157850265503,0.3068342245338347,0.2896050688748617,0.2941131398674111,840024000
2001-07-20,0.2860908806324005,0.2937693598233951,0.2769601142303356,0.2872369227105161,742464000
2001-07-23,0.25900566577911377,0.28689300789783506,0.2586618505424893,0.28651069344255015,1547976000
2001-07-24,0.27654021978378296,0.276769411797141,0.2569428818042046,0.26248237188862683,1365312000
2001-07-25,0.27386578917503357,0.27657871433445586,0.26465985547999943,0.2760432772078742,1245888000
2001-07-26,0.30179157853126526,0.30370134744685034,0.26989307671357227,0.2712683376667189,1714152000
2001-07-27,0.3094315826892853,0.31275511206483003,0.2922409285806283,0.3012185701252155,1094688000
2001-07-30,0.30205845832824707,0.31107460100978174,0.2987349282468817,0.30981396297497305,582288000
2001-07-31,0.3090493381023407,0.31038700194014657,0.2914772672139484,0.3024793036333429,1187760000
2001-08-01,0.3279215693473816,0.3295260233393805,0.31294599143480034,0.31512348032326043,1204944000
2001-08-02,0.33571454882621765,0.33689816108781656,0.3208535725279704,0.3320848009141413,1097928000
2001-08-03,0.3330787122249603,0.3382358887157245,0.3260878353357962,0.3323525821685235,820344000
2001-08-06,0.34316372871398926,0.3465633548135632,0.32715674141766227,0.33070946271926094,1292568000
2001-08-07,0.3380827009677887,0.3447682598569018,0.3340715405066102,0.34308678082324084,1088616000
2001-08-08,0.32948732376098633,0.3438128595766814,0.32799746672461205,0.33514143586414674,1125696000
2001-08-09,0.32371869683265686,0.3344153899508127,0.3178362656559263,0.3279590497208411,1643616000
2001-08-10,0.323337197303772,0.32776824179099334,0.31363342628117935,0.3235663892600076,1036488000
2001-08-13,0.3368981182575226,0.3405654632487721,0.323986341345484,0.328875824997484,1514784000
2001-08-14,0.3279590606689453,0.3329255436548354,0.3237957061045483,0.3307865820282127,2321160000
2001-08-15,0.32834136486053467,0.33930487488481675,0.32543774681328563,0.33537073979415827,1816392000
2001-08-16,0.34217000007629395,0.3426669380403492,0.3210067327464712,0.322305870176447,1026096000
2001-08-17,0.32001370191574097,0.3378534613885536,0.3173007770992499,0.333498513197163,1668840000
2001-08-20,0.3177976608276367,0.32123578586406204,0.30805629289587055,0.3179883535505322,1183320000
2001-08-21,0.3111121654510498,0.3270045859396155,0.31061615661192116,0.31859995073535463,1186656000
2001-08-22,0.32391026616096497,0.32425408148453994,0.30656651404907653,0.3166132005566886,1498104000
2001-08-23,0.31672775745391846,0.32696603715424905,0.31516180358149276,0.32280178188086067,1013592000
2001-08-24,0.32578155398368835,0.332313990838168,0.31825617033304937,0.3201283422807446,1110936000
2001-08-27,0.3370511829853058,0.34136763128786607,0.3172631581017447,0.31848529655286273,1279608000
2001-08-28,0.3326578140258789,0.3436222530425637,0.3300604411111239,0.3361344667605017,1178760000
2001-08-29,0.32196199893951416,0.33567600341840736,0.31917300443421814,0.3335746395632434,1435800000
2001-08-30,0.32093051075935364,0.3231840951856681,0.30847624420907416,0.31592552973286997,1431312000
2001-08-31,0.3236040771007538,0.32654619440718985,0.3145888357637537,0.3187906894673064,887904000
2001-09-04,0.30110403895378113,0.32272574233154816,0.2988495524342711,0.32272574233154816,1856136000
2001-09-05,0.30752184987068176,0.3098139337122758,0.28861214451563366,0.3008362911090602,2395584000
2001-09-06,0.294952929019928,0.3109599440685649,0.29357769524884375,0.30144779435911684,1950768000
2001-09-07,0.29804727435112,0.3025553726645689,0.2888028420633727,0.2903311985448305,1970256000
2001-09-10,0.28941431641578674,0.300072506996712,0.28341638940527414,0.2955259377145225,1872360000
2001-09-17,0.25969335436820984,0.2780300526886012,0.2583941898832613,0.271382993058058,1138596000
2001-09-18,0.24403101205825806,0.2666456265706362,0.23814768150524765,0.2647358577825956,894372000
2001-09-19,0.2410513311624527,0.24823287047247763,0.20674613396827918,0.24540627894201333,1561908000
2001-09-20,0.2206517457962036,0.2364671240413777,0.21392768908087403,0.22813861440545002,1470696000
2001-09-21,0.2060585469007492,0.21606763618478217,0.19872386985727275,0.20361335399115943,1226304000
2001-09-24,0.22920866310596466,0.23257069298544053,0.2125525243179256,0.22240850655875555,1507500000
2001-09-25,0.22026944160461426,0.23982826189740508,0.21958181108549607,0.2298962005627921,941724000
2001-09-26,0.21232326328754425,0.22386070830490218,0.2101081915551194,0.22309606557019293,430812000
2001-09-27,0.20055755972862244,0.21392776405953384,0.19490344598161918,0.21155956940615642,907296000
2001-09-28,0.20987895131111145,0.22011631482417937,0.19750168417772,0.20628770358515355,1044876000
2001-10-01,0.19207681715488434,0.21316401125241935,0.18871478801788555,0.20972588534396852,972804000
2001-10-02,0.18245001137256622,0.19941144472792433,0.17312855536592642,0.19177146737920603,1123032000
2001-10-03,0.21835972368717194,0.22989625437970723,0.1815332289864424,0.1815332289864424,1798824000
2001-10-04,0.24670474231243134,0.2582421964015697,0.22202721033944997,0.2299725116010324,1980576000
2001-10-05,0.2513657212257385,0.2574012464343236,0.23371665518213788,0.24296108658567261,1078212000
2001-10-08,0.2570187747478485,0.2665694180535355,0.24143258260085987,0.24143258260085987,765900000
2001-10-09,0.2458646595478058,0.2628260919587112,0.23852999862699234,0.257706488526182,917556000
2001-10-10,0.26168015599250793,0.26358992557317956,0.23990535636850424,0.24150980982340794,968124000
2001-10-11,0.29002493619918823,0.2907895924888135,0.27420954346654125,0.27566180295532383,918000000
2001-10-12,0.30889707803726196,0.3094315860518212,0.2816973362842138,0.28269028287705106,1253100000
2001-10-15,0.30752184987068176,0.3170715980871736,0.29147723565572886,0.29988094195142373,908568000
2001-10-16,0.3384650647640228,0.34090934254435945,0.30079784139071,0.30713958588750184,1383852000
2001-10-17,0.3185999393463135,0.3461049714572654,0.31707158296307736,0.3459518489191112,1695540000
2001-10-18,0.3320472240447998,0.33517913256081694,0.3178362800050046,0.31860000751744716,1020864000
2001-10-19,0.33892351388931274,0.34381299900370577,0.3231842114128188,0.3273099689309962,1059264000
2001-10-22,0.3469456732273102,0.3514528419299079,0.3289142933615611,0.3364021051834016,970824000
2001-10-23,0.34083321690559387,0.3576415325255485,0.3331162116013646,0.3513768143491008,953028000
2001-10-24,0.355884850025177,0.3567246741619647,0.3308240944842306,0.3346445620289316,1212144000
2001-10-25,0.376742959022522,0.38308377516015474,0.3422846390936665,0.34763343727621443,1152396000
2001-10-26,0.34984856843948364,0.38537590938584354,0.3476334821735965,0.37414467771733334,1097124000
2001-10-29,0.3214265704154968,0.35718311926293334,0.3210451848607477,0.3510714963532783,1004796000
2001-10-30,0.32089200615882874,0.33571448019619543,0.30828554629608484,0.3155441116272549,1153380000
2001-10-31,0.3274630010128021,0.3419031346734835,0.32280180755435073,0.33288699284736706,989292000
2001-11-01,0.3554263710975647,0.35809986722678,0.32662217926869097,0.3316647845182865,1093776000
2001-11-02,0.36039209365844727,0.3647470428405663,0.34075715648089944,0.3538220586748561,1087248000
2001-11-05,0.3616911470890045,0.37666581546970596,0.35939906335175026,0.3666576564052435,933456000
2001-11-06,0.3865218162536621,0.388203295332057,0.3590938073552421,0.3610035767487215,1415376000
2001-11-07,0.3868279457092285,0.40172651528202236,0.38132695642372744,0.3835420140834819,1419144000
2001-11-08,0.3801039755344391,0.39683619379803636,0.3686435558092075,0.39164142104038596,1915188000
2001-11-09,0.40646296739578247,0.4067691851760992,0.38957855562337573,0.3969132187677786,2270484000
2001-11-12,0.4173889458179474,0.427779449308176,0.39255830572711076,0.40493557738068914,1458636000
2001-11-13,0.41395074129104614,0.41876412835810367,0.4079913122864792,0.4186880315887747,1446516000
2001-11-14,0.4024142324924469,0.4209801231485262,0.3911830049055585,0.4170065601748562,1150224000
2001-11-15,0.4045531451702118,0.4100541623028956,0.3927874109100173,0.39782998945546655,874944000
2001-11-16,0.40103912353515625,0.40921361389042826,0.39561420045064466,0.40493566220903815,496128000
2001-11-19,0.3922519385814667,0.408754961170793,0.3705541443909944,0.40501151999094354,1943052000
2001-11-20,0.3812500536441803,0.4010390141575313,0.3768951046653219,0.394162761670619,937884000
2001-11-21,0.37636059522628784,0.38636968584812637,0.36520548976783057,0.3748322384505912,728412000
2001-11-23,0.3816322386264801,0.3820145804092655,0.3713178633989877,0.3778117990916532,254016000
2001-11-26,0.4089081585407257,0.4094426666154759,0.3869802120544415,0.3880501572129666,1215780000
2001-11-27,0.41326308250427246,0.4225075414675596,0.40111503332967485,0.40867891506659737,1183992000
2001-11-28,0.3924052119255066,0.41479154690069325,0.39148836180492486,0.40799139073739293,740844000
2001-11-29,0.40959566831588745,0.4230428796117242,0.4079912154489534,0.4209029897832704,5135472000
2001-11-30,0.4174649715423584,0.4204446860993837,0.40340715194763355,0.40944267783241106,1034028000
2001-12-03,0.4111241102218628,0.41379757937440886,0.4037894206605932,0.40867890403179136,851496000
2001-12-04,0.44420623779296875,0.4446646763934597,0.4131869836571042,0.4131869836571042,1384644000
2001-12-05,0.4800387918949127,0.4809556142826277,0.4473389937741923,0.447720379209244,1707036000
2001-12-06,0.4724750816822052,0.4775176886016411,0.4604801529540719,0.47629554976505195,1138944000
2001-12-07,0.4580349326133728,0.47323969673342714,0.44986041756425055,0.4689608447430589,807036000
2001-12-10,0.4626190662384033,0.4730865389189987,0.4519232759256091,0.45574281460079,695868000
2001-12-11,0.479199081659317,0.4901240637646019,0.46605721079987383,0.470718376927168,792252000
2001-12-12,0.49409767985343933,0.4943268718548906,0.4735449936861051,0.48286645206844697,1004628000
2001-12-13,0.4798868000507355,0.49058259212295224,0.47797610138980656,0.4843939700958514,881400000
2001-12-14,0.5015082955360413,0.5038765029078338,0.47759451609408987,0.47980960095674996,754680000
2001-12-17,0.5195397734642029,0.5267974098120288,0.49768789866171514,0.49768789866171514,1080960000
2001-12-18,0.5061686038970947,0.5153369374088937,0.5018906275225855,0.5081553712549075,886968000
2001-12-19,0.4923401474952698,0.5080024220254816,0.49043037792388294,0.49784113854928036,854652000
2001-12-20,0.47293341159820557,0.5032659353064015,0.4711767650292947,0.494326792906361,951228000
2001-12-21,0.4934103488922119,0.49661925745194496,0.4776710677286737,0.48324813113234466,723972000
2001-12-24,0.505710244178772,0.5082315198931908,0.49295156278213176,0.49318080940896025,265308000
2001-12-26,0.5180875062942505,0.5267213326251833,0.508155417327193,0.5082314867631271,642156000
2001-12-27,0.5300835371017456,0.5324516909090887,0.5218320225260037,0.522595722755786,730152000
2001-12-28,0.5173241496086121,0.5367307782559261,0.5122054704875527,0.5332156790523229,757680000
2001-12-31,0.5111351013183594,0.5241239020907342,0.5099890322692552,0.5211441881401593,737580000
2002-01-02,0.5141908526420593,0.5229778004354647,0.5004383527957177,0.5133510286839948,1298904000
2002-01-03,0.5478846430778503,0.5501006574305954,0.5149556458019857,0.5152609072301734,1414752000
2002-01-04,0.5319170355796814,0.5551431887656517,0.5225955781943445,0.5551431887656517,936288000
2002-01-07,0.5176289677619934,0.5348196186594307,0.510447402343672,0.53405586418291,973068000
2002-01-08,0.5237417817115784,0.5361951501095196,0.5148026365471382,0.5165602126684915,774360000
2002-01-09,0.5165601372718811,0.5405499931281311,0.509225446723274,0.5310002717192318,1141188000
2002-01-10,0.5041828155517578,0.5208380346947377,0.49967477193675713,0.5138095895963694,992508000
2002-01-11,0.4818725287914276,0.5076969534024157,0.4798866357139685,0.5075438855292742,1380852000
2002-01-14,0.4565836191177368,0.48416478183717404,0.4565836191177368,0.4808036265701903,1369560000
2002-01-15,0.49921634793281555,0.4995216640252708,0.47507336999292393,0.47560787808318794,1838808000
2002-01-16,0.47973355650901794,0.49562507437000136,0.47789991142542976,0.49241616814992933,1115388000
2002-01-17,0.49654197692871094,0.4966189753890769,0.47767079642773363,0.49562515423917236,1121544000
2002-01-18,0.4874506890773773,0.4908888428244522,0.4775177227309843,0.4778239132331676,803676000
2002-01-22,0.4752255976200104,0.49333307828784234,0.4697245520973104,0.49203481536879695,1085028000
2002-01-23,0.4841647148132324,0.4876028134246467,0.4700307708793072,0.47950442280377825,889164000
2002-01-24,0.5015082955360413,0.5065509006503147,0.47866353198404293,0.4889779341481007,1137684000
2002-01-25,0.5002092719078064,0.5126635666879914,0.48821434475898157,0.49432684150779477,817752000
2002-01-28,0.5194627046585083,0.5195397577497446,0.5049465033929968,0.5099890544147969,924288000
2002-01-29,0.49402061104774475,0.5222132451725339,0.48592216693079743,0.5206857905420307,1381932000
2002-01-30,0.49998021125793457,0.5003625258895308,0.48477631905399166,0.4966190557789534,1218456000
2002-01-31,0.5022723078727722,0.5103715746838228,0.48554003109780225,0.5064750365422231,973980000
2002-02-01,0.48997193574905396,0.5067802795634546,0.4870683449997764,0.5014324111141848,688272000
2002-02-04,0.4668980538845062,0.5008209379646388,0.46613435358790084,0.48890207646261263,1104864000
2002-02-05,0.4623137414455414,0.4678147317225233,0.44413016597850125,0.46376512676851367,1474620000
2002-02-06,0.4738503396511078,0.4820257292463197,0.465293509838689,0.4745379703463963,1242528000
2002-02-07,0.45849332213401794,0.4744617846734309,0.456278236781897,0.4744617846734309,964476000
2002-02-08,0.44099751114845276,0.4641476042742359,0.4235015601538132,0.46155020344503916,1871292000
2002-02-11,0.4653695821762085,0.4660572127950117,0.4387052745314573,0.44030972775946836,1249224000
2002-02-12,0.4752255976200104,0.48401254839418484,0.4530693585955806,0.45834115745643794,1216500000
2002-02-13,0.469113826751709,0.48943638664184075,0.46452966002513946,0.4813379434704266,1230432000
2002-02-14,0.4749200642108917,0.48477602673277514,0.4671269928161662,0.47308636499311674,1225692000
2002-02-15,0.4381707012653351,0.4557427687725385,0.4335865339678976,0.4530692723057993,3988548000
2002-02-19,0.4091373085975647,0.42380666015605645,0.4057752799292942,0.4194517122086965,1972524000
2002-02-20,0.4305298328399658,0.4351140002601411,0.40111503179843916,0.4018787591400773,1838736000
2002-02-21,0.4011151194572449,0.4247997163995316,0.4005806112993225,0.42464752283856505,1531044000
2002-02-22,0.3814031481742859,0.397676955459884,0.3762844447555849,0.393092787472256,2585616000
2002-02-25,0.41127631068229675,0.41425602495134195,0.383083648437803,0.38316067421013583,1599564000
2002-02-26,0.4202154576778412,0.42747405114376547,0.4091373528800524,0.4202924834559502,1902672000
2002-02-27,0.40608152747154236,0.4315997925340737,0.4049354855777229,0.4297661200392038,1723224000
2002-02-28,0.3897307515144348,0.41066575220794543,0.38629259825937995,0.4034071584675133,1585440000
2002-03-01,0.42739805579185486,0.42785646720937015,0.392329131509212,0.3934751737149009,1311396000
2002-03-04,0.45123574137687683,0.4561252262632902,0.424570525992369,0.4286962833181767,1484724000
2002-03-05,0.450089693069458,0.46216071972149736,0.4439010708268476,0.4442824564354446,1379448000
2002-03-06,0.43595483899116516,0.4410735431023195,0.4265572824157167,0.4366424697470907,1446060000
2002-03-07,0.43244048953056335,0.44359468996540535,0.4203685375623548,0.44214335941740324,1346532000
2002-03-08,0.4453522861003876,0.45452064838617234,0.43855213164375695,0.44069202185452905,1270356000
2002-03-11,0.4401566684246063,0.445352370714801,0.43282200452622765,0.4404629135601998,810540000
2002-03-12,0.41708359122276306,0.42900242227621826,0.4141038766284503,0.4267103383304078,1255032000
2002-03-13,0.40951961278915405,0.4161666715124233,0.4079912565196343,0.4131869574174261,1031616000
2002-03-14,0.3868279457092285,0.40646287563650874,0.38598722002389435,0.40646287563650874,1139460000
2002-03-15,0.40317782759666443,0.40363626611970105,0.38216676326805665,0.389578450187104,1248288000
2002-03-18,0.40317782759666443,0.41937556067127246,0.398593660956606,0.4105125160797887,1236996000
2002-03-19,0.3946211040019989,0.40684525016730455,0.39225199446613834,0.4060815228085959,846072000
2002-03-20,0.3554263710975647,0.38889082639734207,0.3541272069046494,0.38812617016374723,2292588000
2002-03-21,0.3742976486682892,0.3785765002314206,0.351911291199982,0.36146196834031746,1721712000
2002-03-22,0.37108880281448364,0.3810208951538879,0.368262210256858,0.3810208951538879,1249140000
2002-03-25,0.3519113063812256,0.369789593746027,0.35145289506197835,0.3693311824267798,884160000
2002-03-26,0.3590938150882721,0.36803293174175505,0.34625813378316156,0.34824399999110117,1123512000
2002-03-27,0.3476333022117615,0.360774297140486,0.3415207788146355,0.35359273040581335,1068012000
2002-03-28,0.33892351388931274,0.3522176093039722,0.31989920728935195,0.3500016216190707,3124080000
2002-04-01,0.333345502614975,0.33594380499008075,0.3098901218851057,0.3201284054239245,2365344000
2002-04-02,0.32463541626930237,0.3414446562431686,0.32272564733931297,0.3233371810678461,1438008000
2002-04-03,0.33074793219566345,0.33494978442662027,0.319363612240097,0.3260876687611772,1094640000
2002-04-04,0.32914358377456665,0.34037481210608783,0.3237186897146688,0.32822676107655563,1130964000
2002-04-05,0.3216557502746582,0.336631320300813,0.3182946231276329,0.3312825238046209,1026900000
2002-04-08,0.3324284851551056,0.3324284851551056,0.30668103497848015,0.30675713172460256,1151316000
2002-04-09,0.311418354511261,0.33846497381448737,0.31065372552019416,0.3357144789557193,1380768000
2002-04-10,0.29422780871391296,0.31630792508738587,0.27199456976865427,0.31393974407038994,3689724000
2002-04-11,0.2813151478767395,0.2956030928814897,0.27810624033329456,0.2918587480745797,1437288000
2002-04-12,0.2802460193634033,0.2898727654700496,0.271459070037499,0.28758068176257223,1376880000
2002-04-15,0.2915533185005188,0.2963667052675159,0.284982383371435,0.28567001395583363,1157208000
2002-04-16,0.30423587560653687,0.30775102666045606,0.29827644751232635,0.30461819008905067,854856000
2002-04-17,0.30782729387283325,0.3123353666611701,0.29820051587861296,0.30782729387283325,944484000
2002-04-18,0.30270853638648987,0.30798033596716995,0.296061502561155,0.3046944029432296,693156000
2002-04-19,0.2820796072483063,0.2960613532809224,0.28169729281289146,0.2924701059117205,1125672000
2002-04-22,0.28345492482185364,0.289185134074324,0.2788707574198774,0.2789468541834285,808176000
2002-04-23,0.2719944715499878,0.28895590516352854,0.26947316887166206,0.28566997355916357,773508000
2002-04-24,0.2481568455696106,0.27917613362664967,0.24746924217021646,0.27512647339123525,1582956000
2002-04-25,0.25778356194496155,0.26274914210495054,0.24708684360283784,0.2471629403653361,1168296000
2002-04-26,0.23203520476818085,0.2609155006833044,0.23203520476818085,0.26061018458811147,1191120000
2002-04-29,0.2706953287124634,0.27459186534911906,0.25075417962854646,0.2594641027317597,3930852000
2002-04-30,0.2659580111503601,0.28078048349080575,0.26015170602598625,0.2771131392028848,1776504000
2002-05-01,0.2707715630531311,0.27451590807264264,0.25480396826138135,0.2616032240383688,1718904000
2002-05-02,0.2598465085029602,0.2787938159677588,0.2597695100309515,0.2720706853674676,1125084000
2002-05-03,0.2502196729183197,0.26213852950255234,0.24892050858843462,0.260151734627609,852756000
2002-05-06,0.24066902697086334,0.25518528503205207,0.23868225916978147,0.24372483826156627,1102044000
2002-05-07,0.24670474231243134,0.2511367199563486,0.23463370873949857,0.24601711115260086,1412448000
2002-05-08,0.27505040168762207,0.2793292543383377,0.255185342302867,0.2635138555582044,1688688000
2002-05-09,0.2632845640182495,0.2798636567821958,0.2628261254517006,0.274209544696371,1230840000
2002-05-10,0.2435726523399353,0.26970245321369773,0.2406690344980275,0.26870860477755376,1321548000
2002-05-13,0.25831812620162964,0.2591588794841135,0.24403111304470468,0.24609397786653378,800892000
2002-05-14,0.28398945927619934,0.28689307705877215,0.2700838332407701,0.2748211236194516,1526112000
2002-05-15,0.2895665168762207,0.2949153127473622,0.27573789201682203,0.279634455763506,1504548000
2002-05-16,0.29010194540023804,0.29606137316043546,0.28376020317895473,0.2896435068619233,985560000
2002-05-17,0.2992704510688782,0.30011027554234565,0.2905605236894594,0.2979712861079217,934404000
2002-05-20,0.30247923731803894,0.30446507584834986,0.29537376726806824,0.2967490010261392,953412000
2002-05-21,0.2794053554534912,0.31057774208066047,0.27910006661578557,0.3063758878371825,1382604000
2002-05-22,0.29071253538131714,0.2923940139710711,0.28116278950382845,0.28162120069511043,1547988000
2002-05-23,0.2729875147342682,0.2921649437127921,0.2643536851512301,0.291553409701684,2556780000
2002-05-24,0.267639696598053,0.2691671522209791,0.261451072238499,0.26779189021938493,737784000
2002-05-28,0.2570187747478485,0.2701606638811366,0.25167088337265686,0.27000754144143063,1367088000
2002-05-29,0.2667226791381836,0.2677916950991245,0.24899658894973886,0.2528931526738442,1311012000
2002-05-30,0.262826144695282,0.269166986086297,0.25617911287913364,0.2612977883299569,1066080000
2002-05-31,0.25564366579055786,0.2654996308014831,0.2551852545322387,0.26435358899378925,674112000
2002-06-03,0.24059298634529114,0.2506011757330963,0.2375362726560368,0.24945513352098944,901248000
2002-06-04,0.2527410089969635,0.25403924448840093,0.23868226048610616,0.23906457503151884,1095432000
2002-06-05,0.2490735948085785,0.25335154365197243,0.24028664717180337,0.25327544690283404,1114308000
2002-06-06,0.24914973974227905,0.25251176854364327,0.24639924475486216,0.24647534151871736,739356000
2002-06-07,0.2467816025018692,0.24983741408901985,0.22882631517956703,0.2289033273039837,1371300000
2002-06-10,0.24471862614154816,0.2570188940410371,0.2441071197548282,0.2500665199989204,749148000
2002-06-11,0.233716681599617,0.24983739313010153,0.23310514772983698,0.24876744794119818,859308000
2002-06-12,0.21354632079601288,0.2322644183969995,0.20376645139449967,0.22813866193885465,2267544000
2002-06-13,0.2113303244113922,0.219123412011691,0.20460718193710475,0.21515077827616033,1265892000
2002-06-14,0.215302973985672,0.21690742718641276,0.19666097378351938,0.20353723886898636,1116444000
2002-06-17,0.2172137051820755,0.22294391593028828,0.21346934724297978,0.22011639444328662,1054140000
2002-06-18,0.21606756746768951,0.22233229728548015,0.2120179088387584,0.21453919772044858,1008300000
2002-06-19,0.18222080171108246,0.2055239767044981,0.18061633518848025,0.2055239767044981,2593620000
2002-06-20,0.1805403083562851,0.18756876820835253,0.17817121201881247,0.18260318687744997,1425048000
2002-06-21,0.17312860488891602,0.18657582027847003,0.1694612731752729,0.17962345775584554,1484364000
2002-06-24,0.17633748054504395,0.1817623867963503,0.1635018023093795,0.16869750294831218,1379592000
2002-06-25,0.1617451310157776,0.17954638770137277,0.16067518612105955,0.17954638770137277,1172232000
2002-06-26,0.15334060788154602,0.15876551668817449,0.13943496446531436,0.14340852849703542,2067828000
2002-06-27,0.1304958462715149,0.16021687889054,0.128356870441028,0.15899473970303302,3182808000
2002-06-28,0.1312604695558548,0.1366844627885426,0.12553024481534183,0.12835685111801834,1991184000
2002-07-01,0.13095419108867645,0.1344693422723933,0.12820369622201325,0.1306488886995895,1164372000
2002-07-02,0.1227026954293251,0.12988516414633633,0.1193415820513025,0.12942675287946817,1368180000
2002-07-03,0.1333232820034027,0.13355248760023214,0.12186285188109668,0.12193894863107223,1073304000
2002-07-05,0.1450890302658081,0.14516512702406698,0.13874728764288122,0.14287304348248572,739524000
2002-07-08,0.14944402873516083,0.15463973087394858,0.14325539344321492,0.14340850234465058,1587180000
2002-07-09,0.14210930466651917,0.1517360629572012,0.13890038523629183,0.14982629405587408,1075080000
2002-07-10,0.13821282982826233,0.14669355104702242,0.13721989646229424,0.14554750874680364,926988000
2002-07-11,0.1522706001996994,0.152806037269943,0.1362259999629317,0.13744906763685713,1143948000
2002-07-12,0.15211836993694305,0.16105751097884344,0.1489855474127356,0.1604459772895369,1344900000
2002-07-15,0.16724619269371033,0.16732228946424224,0.1456235617540751,0.15249982714973187,1495272000
2002-07-16,0.1627381145954132,0.1784004017258204,0.16006371602848188,0.16312044281981283,1773432000
2002-07-17,0.1489095240831375,0.16235582614537283,0.14256777915962643,0.15922391742388395,1922364000
2002-07-18,0.1450890302658081,0.15509810382288594,0.1447067021186134,0.14646427765837777,1243188000
2002-07-19,0.1385180950164795,0.14623510017897948,0.13752517558002103,0.14065799911525487,845772000
2002-07-22,0.13210022449493408,0.14180400900455212,0.12644702793809476,0.1379074589189639,1290744000
2002-07-23,0.12224428355693817,0.13370471673353956,0.11773712786845933,0.1328648925573864,1409652000
2002-07-24,0.13003738224506378,0.13202415001246542,0.12048763399154064,0.12056373076005497,1175100000
2002-07-25,0.11506272107362747,0.1253771127752549,0.11086087445015427,0.1249947982120199,1796448000
2002-07-26,0.11238832026720047,0.12117525691177838,0.1092564121056857,0.1184247616206252,1221900000
2002-07-29,0.115521140396595,0.11766011540559694,0.11177770529405559,0.11704949688915112,1227720000
2002-07-30,0.12392572313547134,0.12973202781387774,0.11460426794286435,0.11498658236667735,1818012000
2002-07-31,0.08457797020673752,0.09214185905263325,0.08358504401713088,0.0903081865454045,4837140000
2002-08-01,0.07647957652807236,0.08526560441352073,0.07640256441077217,0.08526560441352073,1725708000
2002-08-02,0.07143700122833252,0.07945930290445827,0.06952631624161233,0.07892387256119528,1795260000
2002-08-05,0.0657067745923996,0.07052015492403056,0.06486603506265691,0.07036704603519865,1330716000
2002-08-06,0.06914490461349487,0.07174229795098905,0.06769264478861825,0.06876259004209932,1168800000
2002-08-07,0.06754044443368912,0.07288834000880037,0.06494213574795496,0.07220071615739121,892980000
2002-08-08,0.07197149842977524,0.07319363702984327,0.06647048804698938,0.06822806368888654,755424000
2002-08-09,0.0702909380197525,0.07258302157358802,0.06883867168320949,0.07006172556580026,581304000
2002-08-12,0.0702909380197525,0.07296442071392387,0.06769262990629174,0.0695262953831706,592800000
2002-08-13,0.0688386932015419,0.07418750461778333,0.06876259641908904,0.0707493713813539,654420000
2002-08-14,0.07349986582994461,0.07411047749154502,0.06952630304757812,0.07013783005628672,632688000
2002-08-15,0.07861851900815964,0.08014688170168181,0.07548569688244942,0.07625033931806688,1140120000
2002-08-16,0.08167436718940735,0.08442486938176105,0.07212461822209114,0.07441670224389435,1657428000
2002-08-19,0.09664992988109589,0.10276155223184129,0.08503638832406772,0.0851895040359877,2243928000
2002-08-20,0.09237105399370193,0.09932340819499615,0.09114891546687724,0.0974136459731384,1429488000
2002-08-21,0.09726054966449738,0.09848361061304574,0.09206576996436719,0.09657292583241014,1194876000
2002-08-22,0.09397555142641068,0.09817740569737163,0.09336402424488636,0.09435787289489067,1358496000
2002-08-23,0.08778689801692963,0.09191265469163969,0.0872523899069215,0.09130112762983289,919932000
2002-08-26,0.08847453445196152,0.09007899472663324,0.08434877750824862,0.08946746762495436,698568000
2002-08-27,0.0834319218993187,0.09046129531175345,0.08289740704661056,0.09000287722014345,686712000
2002-08-28,0.07823622226715088,0.08312662101009219,0.07793091987020456,0.08297350530714433,700356000
2002-08-29,0.07923007011413574,0.08282039595186413,0.07663176188582725,0.07724329568510083,815520000
2002-08-30,0.07716722786426544,0.08175139689383143,0.07563886412829621,0.07846546370279492,1065888000
2002-09-03,0.07242993265390396,0.07388127721214108,0.07120778695083675,0.0734998779667813,847284000
2002-09-04,0.07197149842977524,0.0745688845023286,0.06883867531539276,0.0726591221660179,930552000
2002-09-05,0.06922098994255066,0.07158917721504723,0.068762578671562,0.07128386798579234,714312000
2002-09-06,0.07074934989213943,0.07273521573487936,0.06967940486441465,0.07212460413518522,746460000
2002-09-09,0.07067234814167023,0.07288833528117619,0.06807495497161498,0.07021392999348122,578040000
2002-09-10,0.08075752854347229,0.08442486697226047,0.0702139314145749,0.0702909503647223,2317632000
2002-09-11,0.08473110944032669,0.09091973879283743,0.08327884254270311,0.08327884254270311,1657536000
2002-09-12,0.0820566788315773,0.08717536121147229,0.08113984259946178,0.0826682058250333,1294932000
2002-09-13,0.08075752854347229,0.08511249079298669,0.0802230136139748,0.08121594670093944,796872000
2002-09-16,0.07563883811235428,0.07984068421811957,0.07372906890206254,0.07953538181346118,925464000
2002-09-17,0.07449278980493546,0.0809106297369946,0.07403437852202982,0.07900086734773638,884052000
2002-09-18,0.07242993265390396,0.07479811361851889,0.0702139384175795,0.07334676222933208,811692000
2002-09-19,0.06998473405838013,0.07334676361999685,0.06960332797483913,0.07082546687012857,618492000
2002-09-20,0.07036703079938889,0.07197149056253628,0.06883866779060419,0.07052013965506979,687312000
2002-09-23,0.06731127202510834,0.0699086666472535,0.06685285362063763,0.06922103562507108,521676000
2002-09-24,0.06784575432538986,0.07105467476883671,0.06532445773955323,0.06654659655533221,624444000
2002-09-25,0.07158919423818588,0.07296444204006731,0.06899180071256279,0.07181839992818286,896616000
2002-09-26,0.06776966899633408,0.0737290927077846,0.06669972355205363,0.07296444976673894,739560000
2002-09-27,0.06540054082870483,0.06937410325245737,0.06532444406851813,0.06761652766816678,650688000
2002-09-30,0.06540054082870483,0.06822806145263305,0.06379608094276118,0.06517133520111915,584124000
2002-10-01,0.0689157098531723,0.06952632167839705,0.06356689808597014,0.06593599464148366,888360000
2002-10-02,0.0688386932015419,0.07296444352192728,0.0688386932015419,0.06945022033399495,749100000
2002-10-03,0.06547755002975464,0.06914488772498975,0.06532444116915126,0.06799884597603147,590568000
2002-10-04,0.06219163537025452,0.06738733754981162,0.061122605431604686,0.06532445910297612,529788000
2002-10-07,0.05913582444190979,0.0625739575031212,0.0586774130759679,0.06135181864779254,493068000
2002-10-08,0.057378243654966354,0.06127478729376173,0.055010059786545516,0.061122593767404435,714252000
2002-10-09,0.05630921944975853,0.06020577030213447,0.05531537103363816,0.056538428524337964,573132000
2002-10-10,0.05921192467212677,0.061045590524093266,0.055773791807134425,0.055773791807134425,538032000
2002-10-11,0.06731127202510834,0.06838030246011494,0.061122633811182756,0.06150404005495963,994140000
2002-10-14,0.06532445549964905,0.06731123705919236,0.06394920783158436,0.06532445549964905,611484000
2002-10-15,0.07212457805871964,0.07518038782436376,0.07113073014965757,0.07258299597399502,852768000
2002-10-16,0.06608814001083374,0.0678457149427216,0.06494209863641405,0.06723418821619885,578124000
2002-10-17,0.07113077491521835,0.07449280441740404,0.0700617449482288,0.07181839880540909,585792000
2002-10-18,0.07181840389966965,0.07258304680202637,0.0680749680551538,0.0707493738568511,498372000
2002-10-21,0.07831324636936188,0.08091063260602838,0.06922099419656456,0.07082545423647237,930624000
2002-10-22,0.08091065287590027,0.08557092528103158,0.07464592685985935,0.0747220236464122,1272168000
2002-10-23,0.08419562876224518,0.08534167029742346,0.08098670973136747,0.08213275126654575,925428000
2002-10-24,0.07991772145032883,0.08679398103422808,0.07869466036479078,0.08587714460145487,1055172000
2002-10-25,0.08480717986822128,0.08518950121538647,0.07915306048433161,0.08022300558338964,745956000
2002-10-28,0.08526558429002762,0.0893913329699255,0.08473106949985557,0.08870370932843373,1070544000
2002-10-29,0.08152217417955399,0.08602933013153921,0.07724330855168335,0.0854187184085506,772728000
2002-10-30,0.08587715029716492,0.08862765294695879,0.08381427160208194,0.08411958092781038,1139496000
2002-10-31,0.09091971814632416,0.09153032983786015,0.08625853819062614,0.08648774385013457,1255476000
2002-11-01,0.10772804915904999,0.10902720686840114,0.08939135688836211,0.08954447261159822,2128836000
2002-11-04,0.11949380487203598,0.1261408518426683,0.11391669639971225,0.11422199887012617,2688132000
2002-11-05,0.11475741118192673,0.12117525145479514,0.1096378132076898,0.11918847001721208,2034540000
2002-11-06,0.12361953407526016,0.12377265662841966,0.11399278009018857,0.11865396695410567,1646016000
2002-11-07,0.11116615682840347,0.12041058740093911,0.11047852632735736,0.12041058740093911,1660560000
2002-11-08,0.08679398894309998,0.09955266071162881,0.084119583013843,0.09397555165592932,3798900000
2002-11-11,0.08006991446018219,0.08389036224481014,0.07808404804474837,0.08266822334596008,1378452000
2002-11-12,0.08717536926269531,0.09015508387679294,0.08129295898480349,0.08198058963787157,1381188000
2002-11-13,0.08992587774991989,0.09244717438415896,0.08343193996224706,0.08511249699234502,1802112000
2002-11-14,0.09588529169559479,0.09771895732774764,0.09298258947072381,0.09588529169559479,1138728000
2002-11-15,0.10291469097137451,0.10627672088411326,0.09970576998402857,0.1008518122179449,2054328000
2002-11-18,0.10673512518405914,0.11154850603553942,0.10642890737332356,0.11116619144574623,1982472000
2002-11-19,0.1082625687122345,0.11368747643691227,0.10497755150599172,0.10612359354101292,1971948000
2002-11-20,0.11368747055530548,0.11460430686826976,0.11009622890626417,0.11154849549474351,1292796000
2002-11-21,0.12331421673297882,0.12896834283151876,0.11804241880468842,0.1182716244402888,2053920000
2002-11-22,0.12010534107685089,0.12255054819172723,0.11460433548725263,0.11582647454004276,1251900000
2002-11-25,0.12446030974388123,0.12751612201159906,0.12079297708078747,0.12568244884910118,1230084000
2002-11-26,0.12109821289777756,0.12751605176935,0.12071681378976608,0.12507177490534063,1084332000
2002-11-27,0.1304958462715149,0.13263573744949736,0.12461342706985057,0.1262178946105411,1088556000
2002-11-29,0.13087813556194305,0.13584463250422443,0.12988520231241396,0.1339339474423373,519396000
2002-12-02,0.12988515198230743,0.13958802105893467,0.12927363190140378,0.1378304455943987,1167504000
2002-12-03,0.1213274598121643,0.12774530086894856,0.12109825413054325,0.12743999840920095,1046220000
2002-12-04,0.10681121796369553,0.11460431340660057,0.10642890338821764,0.11277064750700788,2206548000
2002-12-05,0.10780416429042816,0.11445121850520341,0.10520677060751862,0.11368749094615761,1594872000
2002-12-06,0.10795725882053375,0.11002013720428941,0.10146332122056459,0.10314387820208698,1159224000
2002-12-09,0.09932341426610947,0.10612357536682075,0.09848359700350215,0.10444301866360124,969792000
2002-12-10,0.1076519563794136,0.10963782264072738,0.10054649170338202,0.10184472728276261,1389888000
2002-12-11,0.10704044252634048,0.11002015080264868,0.10329700669837823,0.10688732677851102,1364208000
2002-12-12,0.10528284311294556,0.11231221715981067,0.1050536374619278,0.11101305952882443,1302552000
2002-12-13,0.10115709900856018,0.10337308619353038,0.10039337158464307,0.10337308619353038,707724000
2002-12-16,0.10711651295423508,0.1077280399549099,0.10199782368296766,0.10467222881477962,1056972000
2002-12-17,0.10696432739496231,0.11269453726307069,0.10612358785541216,0.10902720567986092,1077744000
2002-12-18,0.09878889471292496,0.10375539000209667,0.09855968908843164,0.10360227430581552,1126836000
2002-12-19,0.09664992988109589,0.1021509405712205,0.09565608151354463,0.09703133589381291,1100604000
2002-12-20,0.09794816374778748,0.10077567754894133,0.09313477724509434,0.09970573250621077,804576000
2002-12-23,0.09863579273223877,0.10100488857249645,0.09741365410341274,0.0977189565083758,498648000
2002-12-24,0.09664992988109589,0.10115709220366922,0.09611449964030072,0.09917122616278014,300336000
2002-12-26,0.09489235281944275,0.09970573249042587,0.09405161340509355,0.09825438146791551,719760000
2002-12-27,0.09130110591650009,0.09771894507044054,0.09046128873343409,0.09748973945677732,702528000
2002-12-30,0.08809219300746918,0.09267636710624999,0.08602931500456522,0.09168343415897984,784740000
2002-12-31,0.08794000744819641,0.09015507917433417,0.08549480789221978,0.08717536471565746,825396000
2003-01-02,0.09405160695314407,0.09512155192230691,0.08855060394394641,0.09168342674929525,1302540000
2003-01-03,0.09405160695314407,0.09741364220192886,0.09244714717288247,0.0943578314987197,1037496000
2003-01-06,0.10169254243373871,0.10321998381716585,0.09626762744419379,0.09634373105703406,1033428000
2003-01-07,0.10138630121946335,0.10604748792495197,0.1002402592799777,0.10367838509843462,1498272000
2003-01-08,0.09130110591650009,0.10169250725282987,0.0906134822445629,0.09878889004508727,1852524000
2003-01-09,0.09290561825037003,0.09512160620854221,0.09198878161527935,0.09412867277484845,1436076000
2003-01-10,0.0945100486278534,0.0958853031393132,0.090461310876758,0.09168344966169145,924492000
2003-01-13,0.09374634921550751,0.09894205233057192,0.09328793094134295,0.09810131257364474,849120000
2003-01-14,0.09443396329879761,0.09535079975088885,0.09160736399005963,0.09405164185616625,868524000
2003-01-15,0.09153034538030624,0.09527470333378679,0.09153034538030624,0.09451006044558419,904584000
2003-01-16,0.08534169942140579,0.09130112153663215,0.08411956072654225,0.09015507961035193,2039976000
2003-01-17,0.08213277161121368,0.08419564961789756,0.08106374190066032,0.08304960096789135,1058832000
2003-01-21,0.08006991446018219,0.08541872579430716,0.0798407019380992,0.08366115655367698,967356000
2003-01-22,0.0801469087600708,0.08220978684518146,0.07961147853739711,0.07984068417754348,550992000
2003-01-23,0.08236198127269745,0.08366113885624127,0.08014690963470034,0.08228588450751013,918456000
2003-01-24,0.07770171761512756,0.0820566867209102,0.07632646996567961,0.08167436533325062,897108000
2003-01-27,0.07655569165945053,0.07999382516484259,0.07464592867753261,0.07602117661492905,889116000
2003-01-28,0.07930619269609451,0.08075754422230175,0.07304146665935285,0.07556275676849938,1785480000
2003-01-29,0.08091065287590027,0.08152218687225189,0.07716722379162502,0.07716722379162502,1022040000
2003-01-30,0.07762562483549118,0.0832027329854731,0.07678489207540348,0.08251510912537975,743064000
2003-01-31,0.07884776592254639,0.08098674098634866,0.07464591256692397,0.07533353638721435,949656000
2003-02-03,0.08037611842155457,0.0819035593996503,0.07869463956408146,0.08029909948186588,755556000
2003-02-04,0.07678485661745071,0.08022298116119886,0.07563881510286799,0.07984065993042327,627720000
2003-02-05,0.0774725079536438,0.0806053313095225,0.0771672055323303,0.0784654409951547,581508000
2003-02-06,0.07808403670787811,0.08297351377161384,0.07678488586908529,0.08282040488399486,1226184000
2003-02-07,0.07456891238689423,0.07999382803561157,0.0744167188046207,0.07961150655418127,915156000
2003-02-10,0.0754857137799263,0.07602114394168949,0.07128386132335054,0.07449278090604325,982632000
2003-02-11,0.0741104856133461,0.07831325450456739,0.07372907955821872,0.0760972603913123,850716000
2003-02-12,0.07449278980493546,0.0772432984880594,0.07349986364338522,0.07411047528682044,641400000
2003-02-13,0.07540961354970932,0.07617333394338426,0.07372905708009492,0.07579193483548513,889164000
2003-02-14,0.09198875725269318,0.09206577620933741,0.08366115343663652,0.08572403190377573,3548844000
2003-02-18,0.09726054966449738,0.09909422232466218,0.09435785395862406,0.0955038959557525,1740516000
2003-02-19,0.09817736595869064,0.09878889289269077,0.095579973223223,0.09664991822871104,1141212000
2003-02-20,0.09817736595869064,0.10115708000788833,0.09779595999195699,0.09855968727242066,978132000
2003-02-21,0.09825436770915985,0.09848358013622273,0.09473922385415441,0.09810125886278265,913260000
2003-02-24,0.09947655349969864,0.10306779581558845,0.09687916663130149,0.09741368165890317,1137012000
2003-02-25,0.09886500239372253,0.09932342052429859,0.09473924604948664,0.09626760932346208,1239204000
2003-02-26,0.09405160695314407,0.09917121083950452,0.09382240134065563,0.09756675105924291,746892000
2003-02-27,0.09603840857744217,0.0964968267314254,0.09344101537455685,0.09496846337941058,675312000
2003-02-28,0.09642072021961212,0.09664992585797505,0.09030818277619865,0.09305868459129511,1653336000
2003-03-03,0.09481628984212875,0.0993234465524309,0.0935932286650251,0.09756679251541743,702036000
2003-03-04,0.09405160695314407,0.09603838803415568,0.09313477084129529,0.09512155192230691,538392000
2003-03-05,0.09558002650737762,0.09611454163460609,0.09290562017622202,0.0931348259242702,522156000
2003-03-06,0.09397555142641068,0.09573312766600811,0.0935932299579307,0.09481629115192981,548064000
2003-03-07,0.09542688727378845,0.09573311190328856,0.09168345187623354,0.09252418463237323,581148000
2003-03-10,0.09275339543819427,0.0948923705765527,0.09260028654172582,0.09443395240339747,344796000
2003-03-11,0.09344106167554855,0.0949685104372686,0.09237111594734802,0.09344106167554855,417144000
2003-03-12,0.09603840857744217,0.09626761423895931,0.09336400325594374,0.09420474279245819,493920000
2003-03-13,0.10558909922838211,0.10619971107956651,0.098406614154491,0.09886503242431319,1362732000
2003-03-14,0.10253231972455978,0.10696429976157464,0.10176859933215096,0.1059704515881594,1094220000
2003-03-17,0.10849175602197647,0.1105546340682018,0.10062257200770074,0.10085177764352658,1307808000
2003-03-18,0.1076519563794136,0.10933251336105437,0.10543596909754664,0.10811037455705262,932280000
2003-03-19,0.10818645358085632,0.10895017408190537,0.10436600671959843,0.10788114435127942,712992000
2003-03-20,0.10917941480875015,0.11147149908319008,0.10535988230589698,0.10818648158400454,780060000
2003-03-21,0.10818645358085632,0.11330513580847625,0.10329697698897247,0.11292373664695489,1681800000
2003-03-24,0.10413675755262375,0.10696427728061077,0.1031438249348237,0.10375535852551655,839016000
2003-03-25,0.10711651295423508,0.10872097296390303,0.1040607018141048,0.10444302316951927,672828000
2003-03-26,0.11009620875120163,0.11192988104144398,0.10864486460653164,0.10948559716276911,1107840000
2003-03-27,0.10696432739496231,0.11093696824319259,0.1066581027827774,0.10864488429594923,1392732000
2003-03-28,0.10260935872793198,0.10734572701510307,0.10092788647329036,0.10696432780783262,1290684000
2003-03-31,0.09840656816959381,0.10069865844762232,0.0979481569449356,0.09947651313801284,680508000
2003-04-01,0.10131018608808517,0.10238013106418896,0.09825437536505233,0.10046944672595673,533808000
2003-04-02,0.1050536260008812,0.10681119474215728,0.10337306936628868,0.10474831678425696,771900000
2003-04-03,0.10642889887094498,0.10696432915428124,0.10421382017521083,0.10696432915428124,702780000
2003-04-04,0.10230313986539841,0.10688730772917987,0.10184472171283047,0.10673511418674572,513840000
2003-04-07,0.10337308794260025,0.11002013426281039,0.10238015483856018,0.1091794015363974,671256000
2003-04-08,0.10238013416528702,0.10482441121420401,0.10169251047158528,0.104289903214395,475032000
2003-04-09,0.10184472799301147,0.10551206660874977,0.10169253444119242,0.1027615643546834,694260000
2003-04-10,0.10238013416528702,0.10337306706882753,0.10138628591474756,0.10321995137493478,364104000
2003-04-11,0.10123411566019058,0.10436602395340118,0.10024026718128645,0.1035261997198324,374184000
2003-04-14,0.10299074649810791,0.10329697105715806,0.09940042082581818,0.09970573003786275,445776000
2003-04-15,0.1024562418460846,0.10375539944496555,0.0997818367131855,0.10230313296681673,490212000
2003-04-16,0.1024562418460846,0.10505363486580148,0.10161550236885918,0.10482442238949947,671988000
2003-04-17,0.10428991913795471,0.10451912479386909,0.10108099896946064,0.10321996713512832,520740000
2003-04-21,0.10696432739496231,0.10726962982903383,0.10344918252425712,0.10444303095442524,597144000
2003-04-22,0.10833956301212311,0.10841565977540799,0.10467222500480579,0.10642888531359083,787392000
2003-04-23,0.11078386753797531,0.11147149140676445,0.10734573453213067,0.10818647413379989,606204000
2003-04-24,0.10749884694814682,0.11086087624195769,0.10604749564705104,0.11086087624195769,660912000
2003-04-25,0.10352618992328644,0.10872097611097868,0.10253234153842886,0.10688730357202376,884652000
2003-04-28,0.10665807127952576,0.10856875545661816,0.10352616406495802,0.10474830244932738,674988000
2003-04-29,0.10994401574134827,0.11147146348193207,0.10826254379018661,0.10910328318124134,670344000
2003-04-30,0.10948561877012253,0.11231222452126213,0.10887409171400457,0.10933250987703552,466620000
2003-05-01,0.11017325520515442,0.11124228513316008,0.1081103767788587,0.10872098851980425,733368000
2003-05-02,0.12148056924343109,0.12224429673163795,0.11101307483347146,0.1116246019338144,1691088000
2003-05-05,0.12446030974388123,0.1301905349612116,0.12041064875334627,0.12262665024328535,1576164000
2003-05-06,0.12461341917514801,0.1278223403913296,0.12262665073094865,0.12384878984102882,1143864000
2003-05-07,0.12262659519910812,0.12568239243324889,0.12048762047277438,0.12277970406608364,897372000
2003-05-08,0.1227026954293251,0.12759308048820306,0.11957078768473658,0.12109822867149406,1957452000
2003-05-09,0.16327263414859772,0.1644956882550071,0.13981725898944855,0.14386691883353184,9230856000
2003-05-12,0.15868844091892242,0.1673222673339904,0.15739019193204237,0.16365492263151496,3007860000
2003-05-13,0.15570874512195587,0.15815393788631082,0.15234763142102245,0.15326445404284025,1824108000
2003-05-14,0.15555652976036072,0.15815391569921192,0.15356974858563627,0.15624414663025968,965580000
2003-05-15,0.1609044224023819,0.16120972478110182,0.15700787220137752,0.15784861158850086,1105656000
2003-05-16,0.16243286430835724,0.1652594709920165,0.15868851931058608,0.15891772505224377,1028916000
2003-05-19,0.15326450765132904,0.16182132596074678,0.15135383596090965,0.16029296894552222,1220484000
2003-05-20,0.15433353185653687,0.15547957415207667,0.15280609024806543,0.15349372109015003,884124000
2003-05-21,0.15975835919380188,0.15983445594151857,0.1535697262917481,0.15441046556602758,905472000
2003-05-22,0.1602928787469864,0.16174513814895275,0.15624413527990325,0.1599875763871017,888816000
2003-05-23,0.1594531089067459,0.16350185374872686,0.15876549185329364,0.16044604208565866,867612000
2003-05-27,0.17358706891536713,0.17419858928989804,0.15471585700365206,0.1577716691672057,1677408000
2003-05-28,0.17312860488891602,0.1749622775766868,0.16885065462351445,0.17305250811448275,1235556000
2003-05-29,0.18497134745121002,0.19085467989628596,0.17267018812431842,0.17305250267887004,2297736000
2003-05-30,0.19994597136974335,0.20346112251930962,0.1975016942629434,0.20246727424523484,2142312000
2003-06-02,0.18886792659759521,0.20537095541143754,0.1876457876645419,0.20514173605198968,1566144000
2003-06-03,0.19276443123817444,0.1984946405932279,0.18443682207246656,0.18672890581448795,1596804000
2003-06-04,0.1973486840724945,0.19750179301562112,0.18917326490087022,0.192152980518938,1175604000
2003-06-05,0.20300276577472687,0.20369039654657226,0.19215294896726143,0.19475126482208452,1204404000
2003-06-06,0.19681406021118164,0.21201791824973173,0.1952856903961,0.21094797330923837,1378836000
2003-06-09,0.19444499909877777,0.20063363397038597,0.1914652844944592,0.19559104107553135,720588000
2003-06-10,0.19727250933647156,0.1974247028719914,0.19230601348602333,0.1944449884311458,563304000
2003-06-11,0.19742463529109955,0.19918221044866605,0.19253515322925804,0.1960493881975877,943836000
2003-06-12,0.19444499909877777,0.20093985175245874,0.19383439422896606,0.19879996134282102,1046688000
2003-06-13,0.17931720614433289,0.19138915791032865,0.17801897082593257,0.1860412634135959,1826808000
2003-06-16,0.1831376850605011,0.18542976897443664,0.16946126468561098,0.18145712135298658,1904868000
2003-06-17,0.18749269843101501,0.188714837492353,0.1818385702108353,0.18733958950081006,999852000
2003-06-18,0.19467416405677795,0.1984185206480914,0.18413056914571652,0.18565893901880445,1122072000
2003-06-19,0.18283236026763916,0.1965078646445357,0.1818385118992124,0.19551493162321648,1190532000
2003-06-20,0.18092165887355804,0.18489522128470307,0.17801897050757443,0.18481820917773512,937848000
2003-06-23,0.1745038777589798,0.18168636233590646,0.17091355764879576,0.1807695258596991,734784000
2003-06-24,0.17412245273590088,0.17725436097579492,0.1685444362326714,0.17343482206495486,1008816000
2003-06-25,0.17526842653751373,0.18168626476240385,0.173893179392721,0.1745808097960639,1060620000
2003-06-26,0.17549766600131989,0.17786585999360752,0.17030196508215414,0.1758029820471922,960540000
2003-06-27,0.17236483097076416,0.17916499811116665,0.1715241052898739,0.17756053152646395,709104000
2003-06-30,0.17503923177719116,0.17809504224259842,0.17267013641073908,0.17465691733714023,544128000
2003-07-01,0.18222080171108246,0.182450007310913,0.17121878263838025,0.17282324916098246,977016000
2003-07-02,0.18168635666370392,0.1862705389016237,0.17916506667927304,0.18390142882137317,846828000
2003-07-03,0.17962351441383362,0.18428379437766892,0.1771022239192912,0.17748362325895786,420912000
2003-07-07,0.19138920307159424,0.19238213623694292,0.18199166084092838,0.18206775761896596,832200000
2003-07-08,0.1892501413822174,0.19177144371098823,0.18565890791349704,0.18611731906678652,602856000
2003-07-09,0.19360516965389252,0.19673707771714916,0.1888678929843077,0.18917319541093433,755352000
2003-07-10,0.18565896153450012,0.190013923396098,0.18237394478376034,0.1875687307662871,644568000
2003-07-11,0.18665187060832977,0.18902096616922232,0.18504740399029504,0.1878749244400097,495000000
2003-07-14,0.18520058691501617,0.19253525090948656,0.1842837505002325,0.19138920880648183,694344000
2003-07-15,0.17916500568389893,0.188791764613323,0.1774074301701245,0.1879510252350026,1143456000
2003-07-16,0.17694906890392303,0.18336691000260993,0.17267020305571598,0.1825261703868639,880476000
2003-07-17,0.1680859923362732,0.17381621540557252,0.1657939085733122,0.171601143755311,853764000
2003-07-18,0.16243286430835724,0.16533556779007533,0.15639642090830108,0.1648010458467984,1280832000
2003-07-21,0.1599876433610916,0.16388418129097654,0.15616718855439762,0.16334967310068715,985140000
2003-07-22,0.16266204416751862,0.16571785610660017,0.16174520768487055,0.16449571713281474,582444000
2003-07-23,0.1648010015487671,0.16579393470846185,0.15761944671828473,0.16250891742449033,605328000
2003-07-24,0.15838314592838287,0.1690028396277269,0.15700789831303547,0.1677807009007019,1116828000
2003-07-25,0.1609044224023819,0.16182124488554012,0.1528060196216532,0.15868843562862575,1002084000
2003-07-28,0.15593799948692322,0.16258504754279038,0.15525036864387073,0.1622036482293219,703752000
2003-07-29,0.14570055902004242,0.15402816795174407,0.14027565222416533,0.14180402223285762,2794788000
2003-07-30,0.14409615099430084,0.1468466468032353,0.1431793145040225,0.14516518105774676,788724000
2003-07-31,0.14585274457931519,0.14959710129833445,0.1443253036630027,0.14745721126314884,897600000
2003-08-01,0.15066620707511902,0.15188926157475915,0.1444775701603654,0.14592984406055023,767556000
2003-08-04,0.156320258975029,0.1590707677145529,0.14959711649886648,0.15051395274537444,1428852000
2003-08-05,0.15586192905902863,0.1640373491177807,0.1545627776082726,0.16037000221700837,1063488000
2003-08-06,0.1495201289653778,0.1558618733052197,0.14577668659760173,0.15379899482692963,1025868000
2003-08-07,0.14745724201202393,0.15127769628633142,0.1454713757739819,0.1491387211521176,1040340000
2003-08-08,0.11842480301856995,0.1269816216432512,0.11659112974220238,0.12644709969434806,3767580000
2003-08-11,0.12484262138605118,0.1264470749423744,0.11957082199487457,0.12033453587644835,1675752000
2003-08-12,0.1273638904094696,0.12766919284231804,0.12438417582523117,0.12644705410186563,764160000
2003-08-13,0.12820369005203247,0.13026656793369898,0.12468946804636794,0.1278983876776386,693552000
2003-08-14,0.12377263605594635,0.12575941724724182,0.12239737498088657,0.1239257449217593,1527696000
2003-08-15,0.12339033931493759,0.1241549821535398,0.122244297235233,0.12300894007383523,217716000
2003-08-18,0.12705767154693604,0.12705767154693604,0.12316112068829205,0.125377107836051,717684000
2003-08-19,0.13676148653030396,0.13752521417711558,0.1298082068488014,0.12988521899049715,1403976000
2003-08-20,0.13485072553157806,0.13737201447256733,0.1318710117255671,0.13485072553157806,870348000
2003-08-21,0.1385180950164795,0.13981725956270502,0.13599680536790673,0.13813669580478394,644748000
2003-08-22,0.13951195776462555,0.1488324872839731,0.13943493198229168,0.1468466210781397,1002396000
2003-08-25,0.13874727487564087,0.14218539987164355,0.13752513645905004,0.14218539987164355,434028000
2003-08-26,0.136532261967659,0.1390535519760723,0.13278790401136634,0.13699067336486137,768984000
2003-08-27,0.14065799117088318,0.14210933551904534,0.13599679768679956,0.13744907104398596,567816000
2003-08-28,0.13699066638946533,0.14279698731400903,0.1353862129190537,0.1420332598114294,828312000
2003-08-29,0.13882431387901306,0.13943491870124206,0.1362259986840145,0.13676143574923127,532884000
2003-09-02,0.13760125637054443,0.1424916415538651,0.13691362579084823,0.1412685875844988,711456000
2003-09-03,0.13492773473262787,0.1400464229181301,0.1342401179427026,0.13966410847475982,849972000
2003-09-04,0.13622602820396423,0.13943494891655947,0.13446938111362702,0.1354623143371347,740064000
2003-09-05,0.14272081851959229,0.14592973750314836,0.13485070771274002,0.13645517403546434,1198740000
2003-09-08,0.14929093420505524,0.15097239990292383,0.14325540723354155,0.14501298337773907,1508712000
2003-09-09,0.15845926105976105,0.16403729160901326,0.14317930099357434,0.14516516735991158,2489436000
2003-09-10,0.14761032164096832,0.1580778202603452,0.14638818309360624,0.15395206435892017,1380624000
2003-09-11,0.14570055902004242,0.15395207118896895,0.13981724095340115,0.14959710946912358,2612736000
2003-09-12,0.1478395313024521,0.15104845112873655,0.14287304952397903,0.14447750260617317,1162404000
2003-09-15,0.14539435505867004,0.14982632930851233,0.14485984697445767,0.14906168655814728,596028000
2003-09-16,0.14990243315696716,0.1503608581547349,0.14570057971296632,0.14570057971296632,620736000
2003-09-17,0.1516600102186203,0.1545627127890514,0.1495971318675246,0.15081927065209108,902784000
2003-09-18,0.15280605852603912,0.1528821553033437,0.14913872667401795,0.15081927686723837,603492000
2003-09-19,0.1515830159187317,0.15555657953975383,0.15020776807694744,0.1545627309608476,648096000
2003-09-22,0.145623579621315,0.1489095123502972,0.14440144074520667,0.14860329453629822,735504000
2003-09-23,0.1469988375902176,0.14783957727797697,0.14394303934552388,0.14585279541456664,628932000
2003-09-24,0.13584458827972412,0.14516512980288032,0.13561538265355755,0.14386689449072057,1600668000
2003-09-25,0.1339339017868042,0.1393588082814075,0.13332329702439988,0.13691361586698128,736776000
2003-09-26,0.12881524860858917,0.1339339387891405,0.12705768623845076,0.13355253954401894,895908000
2003-09-29,0.12186291068792343,0.12667628519168572,0.119952225570591,0.12232132210279577,1944996000
2003-09-30,0.1220150738954544,0.12614083025013215,0.12033451025114413,0.12079293521382901,1020888000
2003-10-01,0.12300892174243927,0.1244602660681891,0.12193897660095383,0.12224427901778788,877224000
2003-10-02,0.12491866946220398,0.1266762312484648,0.1218628587944068,0.1222442579128242,857628000
2003-10-03,0.12820369005203247,0.13141260968330312,0.12614081217036593,0.12835679891272214,862812000
2003-10-06,0.127210795879364,0.1297320857634615,0.12614085056097712,0.12843293475777476,377028000
2003-10-07,0.12835682928562164,0.12835682928562164,0.12545321134166573,0.12721078726483115,510588000
2003-10-08,0.12384878098964691,0.12950289536933096,0.12308505339564628,0.12835685313559447,739440000
2003-10-09,0.12560632824897766,0.1304958127524963,0.12461339506178366,0.1256824250286894,852408000
2003-10-10,0.12782229483127594,0.12873913108938048,0.12606473274427754,0.1275930891822241,413976000
2003-10-13,0.1291205883026123,0.13179498756667657,0.12828076387035706,0.12927369723696103,434904000
2003-10-14,0.13148964941501617,0.13187104862639962,0.1269815782262408,0.12774529199618548,623556000
2003-10-15,0.12980809807777405,0.1354622217725361,0.1289682880023122,0.13301701659763798,703488000
2003-10-16,0.13141262531280518,0.13187103660240965,0.1279744996550808,0.12996126735429525,446088000
2003-10-17,0.1272868663072586,0.13317018448852108,0.12713467277874327,0.13064889512640449,459696000
2003-10-20,0.1301143914461136,0.13026658497973306,0.1265992399715931,0.12736388269000865,467388000
2003-10-21,0.13408705592155457,0.1366083596076713,0.13064892943528655,0.13248260235938958,758724000
2003-10-22,0.13179494440555573,0.13507996129826502,0.1311073274473108,0.13202415005830404,620952000
2003-10-23,0.13118337094783783,0.13370465942807552,0.12965591679070615,0.12988512235038377,451524000
2003-10-24,0.13072499632835388,0.13187103822839283,0.12866211817590437,0.12988517218988985,447084000
2003-10-27,0.13141262531280518,0.13294098172241514,0.1304957890716993,0.13141262531280518,254460000
2003-10-28,0.13966414332389832,0.14042877240142987,0.1325586724217811,0.13317019261438026,956064000
2003-10-29,0.13966414332389832,0.14134560867866086,0.13546229013840652,0.1355383869073075,494004000
2003-10-30,0.13706669211387634,0.14333142116464032,0.13683748654576638,0.1432553244241997,581256000
2003-10-31,0.1350799947977066,0.13943495792753213,0.13294101930017663,0.1382889157176781,598152000
2003-11-03,0.13760125637054443,0.14019955783740654,0.13378171796656393,0.13439233643512313,773724000
2003-11-04,0.13805967569351196,0.14096329339478939,0.13714283942112718,0.14058096519614707,700896000
2003-11-05,0.1385951191186905,0.13997036675925328,0.13301708911349472,0.1352330762964176,882024000
2003-11-06,0.13882431387901306,0.14134560329901438,0.13630301079711482,0.1406579863636851,1175280000
2003-11-07,0.16617625951766968,0.16854444037059585,0.16197440593846807,0.1654886288298417,4292820000
2003-11-10,0.16571782529354095,0.1690028423270035,0.16472489220956532,0.1667107583775166,1210056000
2003-11-11,0.16159208118915558,0.16480100169843714,0.1586884767997025,0.16197440943389332,799140000
2003-11-12,0.16373106837272644,0.16426650555915803,0.16029294193204968,0.16105758481547972,617664000
2003-11-13,0.16380804777145386,0.1661001452691359,0.16281419938961422,0.1637310356563076,580332000
2003-11-14,0.15410424768924713,0.16426644325214654,0.15364583646912772,0.16426644325214654,888420000
2003-11-17,0.15249978005886078,0.15433343842450356,0.14974927201755625,0.15120154496305643,599880000
2003-11-18,0.15028472244739532,0.1581539055254038,0.14974928546757205,0.1562441365793042,991428000
2003-11-19,0.15448661148548126,0.155098131702483,0.15081926623021275,0.15135378799000793,567552000
2003-11-20,0.1503608524799347,0.1554034316317787,0.14974931861089494,0.1520414025275327,738852000
2003-11-21,0.15097233653068542,0.1524236942333111,0.14806873310229016,0.15219447496702485,543240000
2003-11-24,0.1600637286901474,0.1604460432828913,0.1513538033195649,0.1524237486327914,940644000
2003-11-25,0.162814199924469,0.1641894611599755,0.15891766285559347,0.16075132173310658,822804000
2003-11-26,0.1629672795534134,0.16602307631613106,0.15991146912880197,0.1654885683847108,430032000
2003-11-28,0.1622035652399063,0.16334960695070136,0.1608283179193312,0.16289119573114128,206136000
2003-12-01,0.16449567675590515,0.16571781542970587,0.1621265808284647,0.16403726545805247,526980000
2003-12-02,0.16380804777145386,0.16716916140998472,0.16281419938961422,0.1635018300051086,574740000
2003-12-03,0.1621265411376953,0.1696143245851624,0.1617451283857031,0.16426643089233547,710028000
2003-12-04,0.16128675639629364,0.1655647062514361,0.1574663024910734,0.16266200394928507,521952000
2003-12-05,0.15609103441238403,0.1619743657043922,0.15479188379736414,0.15746628178453284,559848000
2003-12-08,0.15723703801631927,0.15884150427945332,0.1547157495021281,0.15609099654060582,340980000
2003-12-09,0.1490616500377655,0.1584592026339987,0.14898555328642,0.15693176186367913,598128000
2003-12-10,0.15234766900539398,0.15318747971781813,0.1489856254660055,0.14906172225421788,568656000
2003-12-11,0.1600637286901474,0.161974413630406,0.1519653235985032,0.15227062606434252,694872000
2003-12-12,0.15922383964061737,0.1632725828658445,0.1566255386987236,0.16220355333474207,700692000
2003-12-15,0.15601493418216705,0.16411333669732336,0.15555652295562072,0.16388411742215514,622752000
2003-12-16,0.1581539511680603,0.15914688430460128,0.15234764421515898,0.15509813963539382,601728000
2003-12-17,0.15509814023971558,0.15739022431947503,0.15249983836101633,0.15685480084493902,499116000
2003-12-18,0.15861238539218903,0.16021685267030095,0.1552503555769115,0.15540346449786585,436728000
2003-12-19,0.16098053753376007,0.16503019705982988,0.15922387714808575,0.16258499072430604,916956000
2003-12-22,0.16120976209640503,0.1615920766685483,0.1570079085440756,0.15861236192288158,371184000
2003-12-23,0.16778068244457245,0.1693851492042321,0.16052210329526395,0.16059911540452906,722760000
2003-12-24,0.16655851900577545,0.16823908227695378,0.1661001078067679,0.16770456066518855,210852000
2003-12-26,0.17374016344547272,0.17473309670471074,0.1671691992096452,0.167856829980624,363960000
2003-12-29,0.18107475340366364,0.1816862734297374,0.17618527092624842,0.17702509485875226,756624000
2003-12-30,0.18145716190338135,0.18489528854260592,0.1790119685546232,0.17916507747723162,550884000
2003-12-31,0.17725436389446259,0.18222086024458567,0.17435166127645524,0.18138012066427647,497268000
2004-01-02,0.17633748054504395,0.18252611405050254,0.17633748054504395,0.18008183709270348,436416000
2004-01-05,0.1820676624774933,0.1832907160323151,0.17740738619817917,0.17901185245301676,575292000
2004-01-06,0.18947947025299072,0.19200076037867933,0.1806925182092549,0.18153325792090194,1093344000
2004-01-07,0.19116005301475525,0.19207688966885114,0.18604136144799888,0.1873396111124071,673032000
2004-01-08,0.19184760749340057,0.1944449938111822,0.19001393491569918,0.1935281575223315,433752000
2004-01-09,0.19459813833236694,0.1969663330889657,0.18902103647003038,0.19054849155368975,766584000
2004-01-12,0.19681406021118164,0.19742466493014596,0.1934520182215362,0.1952856903961,541980000
2004-01-13,0.18665187060832977,0.19773088877599637,0.18458899276336801,0.19582020444203083,865800000
2004-01-14,0.18527668714523315,0.19024317024585352,0.18352002641054183,0.18756877139392178,544872000
2004-01-15,0.18558290600776672,0.18711034739663754,0.18061640921738709,0.1839014266980931,609204000
2004-01-16,0.1884094774723053,0.19001393069573796,0.1857350654350138,0.18749264120381634,451728000
2004-01-20,0.19368132948875427,0.19398663199325566,0.1885626386551285,0.1907016142051917,487764000
2004-01-21,0.18474210798740387,0.19284051078835018,0.18443680560792178,0.19207678350424903,494460000
2004-01-22,0.1804632842540741,0.18871479779121092,0.17824821231900392,0.18573508305147832,605724000
2004-01-23,0.17641454935073853,0.18313770665894927,0.176032234758243,0.17954645781421918,482472000
2004-01-26,0.1833668351173401,0.18413054863342285,0.17618526946166096,0.17756051666062767,393684000
2004-01-27,0.17289942502975464,0.18260319971796432,0.17152417713957155,0.17969958135677724,934104000
2004-01-28,0.17244096100330353,0.17786588187653157,0.17152413839156247,0.17511537305561614,615204000
2004-01-29,0.1673983633518219,0.17381620289078623,0.16159204393496956,0.17297637882638933,929700000
2004-01-30,0.1699967235326767,0.17381626306136513,0.16602315973636003,0.1670170083591101,466464000
2004-02-02,0.1727471947669983,0.17610830847638526,0.16961437136650306,0.17137194716891513,560844000
2004-02-03,0.17213571071624756,0.17526853502326445,0.1698436261688999,0.17228881964695186,418032000
2004-02-04,0.1674753874540329,0.171065706628337,0.16724618181020265,0.16969045910345867,436800000
2004-02-05,0.1699967235326767,0.1719064932970209,0.1673223245142419,0.1683922699234643,331980000
2004-02-06,0.17389324307441711,0.1763375205872556,0.17129492766050294,0.17221176398008506,471132000
2004-02-09,0.17267020046710968,0.17801901153399297,0.17259410368962708,0.17519149026740302,373992000
2004-02-10,0.17901192605495453,0.179165034941213,0.1731285938018476,0.173205605918546,509700000
2004-02-11,0.18527668714523315,0.18588820744096518,0.18069250498595613,0.1813040389435879,737808000
2004-02-12,0.17969952523708344,0.18527663916569204,0.17687293355366107,0.18428370620923348,974892000
2004-02-13,0.1780189424753189,0.18252609684337162,0.17343476235053149,0.17496221671483952,1747500000
2004-02-17,0.18000486493110657,0.18054028837675778,0.17626142289979566,0.17870661574711286,575976000
2004-02-18,0.18000486493110657,0.18145712469158026,0.1787827125191339,0.18054028837675778,320244000
2004-02-19,0.17992879450321198,0.18542979953567387,0.1795464662308945,0.18222087879491278,631032000
2004-02-20,0.18443678319454193,0.1848951943815578,0.17862954928971825,0.17962339742140612,618120000
2004-02-23,0.1780189424753189,0.1844367809881276,0.17557373673917487,0.18413054964062694,853332000
2004-02-24,0.1709134727716446,0.17717820241391435,0.16900278863534765,0.17496221594024067,708384000
2004-02-25,0.17190642654895782,0.17519144294024494,0.17007275428306673,0.1719825233058832,652512000
2004-02-26,0.17305247485637665,0.1747330383251047,0.17091350013475493,0.17442772227695344,344976000
2004-02-27,0.1699967235326767,0.1735870573546063,0.16739842130071425,0.17343485011976098,595548000
2004-03-01,0.17251795530319214,0.17282325766902454,0.16930903576190773,0.16953824137302198,506628000
2004-03-02,0.16930906474590302,0.17396932916827607,0.16862143413294992,0.17274719048687395,813348000
2004-03-03,0.16709306836128235,0.16885064416576456,0.1643425731618763,0.16885064416576456,552492000
2004-03-04,0.17076043784618378,0.17106574031571609,0.1673984083065467,0.1687736561022478,413352000
2004-03-05,0.16953825950622559,0.17343479629761235,0.1663293396217266,0.16693994441869955,354888000
2004-03-08,0.16365492343902588,0.1719064353984145,0.16235577276060253,0.16961435177900566,465168000
2004-03-09,0.16250889003276825,0.16518330195064942,0.15975839501200606,0.1650301930740131,371232000
2004-03-10,0.1601407527923584,0.16533554014588767,0.1589947106137861,0.16357887932807533,481692000
2004-03-11,0.15891769528388977,0.16365497282086963,0.1580008588270975,0.1580008588270975,526872000
2004-03-12,0.16227975487709045,0.16426653707178573,0.15930003925878675,0.16105761571251312,377952000
2004-03-15,0.15861238539218903,0.16197442886936725,0.15761946577435013,0.1612867980841906,421224000
2004-03-16,0.1654125154018402,0.16617624278881543,0.1595291832406967,0.16059912839540233,597504000
2004-03-17,0.16946128010749817,0.17106573352850782,0.1673984016648436,0.16808601870446244,524592000
2004-03-18,0.1713719367980957,0.17343480123943444,0.16808599104815627,0.16854441599437348,528048000
2004-03-19,0.1693851202726364,0.17221171148019562,0.16839218748334037,0.1704550651580436,452964000
2004-03-22,0.1680859923362732,0.16938515675795865,0.1642664675166977,0.16678775692357542,576708000
2004-03-23,0.16877363622188568,0.1722117621371008,0.1668638668307434,0.17037810317945817,576036000
2004-03-24,0.17633748054504395,0.17916500098131385,0.1680859692044325,0.16846829733593854,787344000
2004-03-25,0.18657582998275757,0.18749266637432999,0.17801901365969552,0.1783243161205051,997128000
2004-03-26,0.18604126572608948,0.18894396779524059,0.18351997647100626,0.18604126572608948,551604000
2004-03-29,0.19406363368034363,0.19658492373580358,0.188333422798889,0.18871482207213502,985764000
2004-03-30,0.19986996054649353,0.20078679710797767,0.19261137850901583,0.19276450110331933,724956000
2004-03-31,0.2017035335302353,0.2038425081086619,0.1997937645629112,0.20086279417864464,604752000
2004-04-01,0.19811227917671204,0.20605847362782442,0.19306968794082552,0.20193271840408944,1319508000
2004-04-02,0.2009398490190506,0.20376645469388213,0.19635568117439517,0.20246730384376466,649740000
2004-04-05,0.2081213742494583,0.20896211360766184,0.19986986288970648,0.19986986288970648,576744000
2004-04-06,0.1997167468070984,0.2054469688938033,0.19864771722163002,0.2039956111897733,624096000
2004-04-07,0.19864773750305176,0.20132123391756082,0.1951325999897853,0.20124513715723163,447864000
2004-04-08,0.20430098474025726,0.20628776644534716,0.20155048920263355,0.2030788458768533,447096000
2004-04-12,0.20048147439956665,0.20682230388954423,0.19925842009645595,0.20590546742039711,443784000
2004-04-13,0.19582019746303558,0.20246725564984303,0.19482727828907087,0.20231506214427095,442704000
2004-04-14,0.19681406021118164,0.2004813908984146,0.19261127888738966,0.19482727918340637,512016000
2004-04-15,0.1864997297525406,0.1949804491402462,0.18565899015492024,0.19413970954262583,828084000
2004-04-16,0.18038716912269592,0.18581207626606247,0.18000485459021792,0.18573506415129767,654864000
2004-04-19,0.18015791475772858,0.18145706520106705,0.17694899553883986,0.1802340115048014,522804000
2004-04-20,0.17251795530319214,0.18260312514927388,0.17244092953961926,0.18061634408017385,513804000
2004-04-21,0.1727471947669983,0.17878270690292103,0.1714480439385457,0.17320560607906016,688812000
2004-04-22,0.17374016344547272,0.17664378178528053,0.1675515274923648,0.171142762941251,695520000
2004-04-23,0.17756058275699615,0.1805402975155248,0.17534459546073902,0.17587911724817729,443928000
2004-04-26,0.170607328414917,0.17870663526507,0.17014890337648853,0.17794200607267652,429912000
2004-04-27,0.16915594041347504,0.17717824738617796,0.16854442023662794,0.1725940797800032,494568000
2004-04-28,0.16846832633018494,0.17183035532496052,0.16716916186369657,0.16923204005388112,468768000
2004-04-29,0.16380804777145386,0.16862143475611968,0.16159206070369547,0.16747539283822732,645048000
2004-04-30,0.1567787081003189,0.1638841661979077,0.1561671741720325,0.16289124669386407,512928000
2004-05-03,0.1547919064760208,0.16006370478051019,0.1520413976668491,0.15845923789301905,610668000
2004-05-04,0.16464786231517792,0.1666346436158011,0.1566255693580623,0.15700788387012446,772380000
2004-05-05,0.1660231351852417,0.16747540866865118,0.16342574868471652,0.16480099638380166,464280000
2004-05-06,0.1673983633518219,0.16869751401807148,0.16082833029259824,0.16434255244962395,711348000
2004-05-07,0.1686975061893463,0.17549765990743485,0.16778067006034236,0.17228874028686864,956772000
2004-05-10,0.1621265411376953,0.16594698045256764,0.1585362091006296,0.1641894187968064,669072000
2004-05-11,0.16610011458396912,0.1677045675078545,0.16350179979995183,0.164189430288414,399936000
2004-05-12,0.16380804777145386,0.16541251465364157,0.15807783818199198,0.16518330900244255,482328000
2004-05-13,0.16434255242347717,0.16732226656507138,0.1619743720657936,0.16243278332054845,347952000
2004-05-14,0.16434255242347717,0.1679337866870861,0.16350181301218913,0.16503018296750535,459000000
2004-05-17,0.1617451310157776,0.16411332471674683,0.15929993887992108,0.1619743502742124,308340000
2004-05-18,0.16434255242347717,0.16625232152640593,0.16258497684078355,0.16319651062469417,204420000
2004-05-19,0.1639603078365326,0.17037816430751482,0.16312049700611864,0.16800996908088037,498276000
2004-05-20,0.16159208118915558,0.16640546878402743,0.1607513415839058,0.16365495963525795,421488000
2004-05-21,0.16197437047958374,0.16373101703615395,0.15975838366383635,0.1635018114110211,282096000
2004-05-24,0.1614389419555664,0.16327261437690396,0.15952917277085246,0.16166814759275946,301620000
2004-05-25,0.16846832633018494,0.16923204005388112,0.15884156599662272,0.16212658287604303,681264000
2004-05-26,0.17190642654895782,0.174198510050374,0.1674753684069626,0.16846830129683354,524568000
2004-05-27,0.17244096100330353,0.17733136014016082,0.17221175535036826,0.17473305851834844,556548000
2004-05-28,0.17916500568389893,0.18015793857648654,0.1732055776343955,0.1745808386685242,637980000
2004-06-01,0.17901192605495453,0.18084558496340025,0.1758791026573626,0.1761083083131811,318420000
2004-06-02,0.17763666808605194,0.18420763109020521,0.17748355919695794,0.18336689155902325,643800000
2004-06-03,0.16907989978790283,0.17809514277458643,0.16854447620021426,0.17771281445682305,700824000
2004-06-04,0.1673983633518219,0.17289936671923478,0.16724616983156257,0.17251796757156154,649608000
2004-06-07,0.17144803702831268,0.1733577926311154,0.16800989767883298,0.17014887259032546,571956000
2004-06-08,0.16839218139648438,0.1707603613293489,0.16587087896193217,0.17045505899662097,615000000
2004-06-09,0.16052213311195374,0.1696143863434864,0.15998762498306413,0.16938518066721658,498336000
2004-06-10,0.15891769528388977,0.1634257671221466,0.15746633698394683,0.16312046463961913,564516000
2004-06-14,0.15395204722881317,0.15807780267116905,0.15272899347052307,0.15807780267116905,424752000
2004-06-15,0.1562441736459732,0.15861235437099983,0.15479191388740154,0.15654948974272354,394584000
2004-06-16,0.15379902720451355,0.15677874270731854,0.15318749314123842,0.15578580932219785,252576000
2004-06-17,0.15074318647384644,0.1565495074470718,0.14997854361759327,0.15280606499731383,482376000
2004-06-18,0.15097233653068542,0.15517418880980088,0.14898555551985707,0.15158295490633591,534336000
2004-06-21,0.1482979655265808,0.15356976369047542,0.14730503251505978,0.151201583141994,266568000
2004-06-22,0.15249978005886078,0.15318739682276675,0.14814481923988213,0.14913866734755143,430308000
2004-06-23,0.15509814023971558,0.1557087588050593,0.15166001412007638,0.15204141334792518,264660000
2004-06-24,0.1537228673696518,0.15975839269504274,0.15257682551730573,0.15922387099329227,590652000
2004-06-25,0.15471579134464264,0.15654946366645325,0.15295821578207808,0.1547918881038887,329124000
2004-06-28,0.15341663360595703,0.1574662788908563,0.1528060152042737,0.1569317709067986,299376000
2004-06-29,0.15868844091892242,0.15891764654735316,0.15372286089146292,0.15433346566925887,363852000
2004-06-30,0.15639637410640717,0.15884158072055857,0.1544866182846819,0.1544866182846819,329268000
2004-07-01,0.14921484887599945,0.1583831868991924,0.14898562949589858,0.15815398118099283,505620000
2004-07-02,0.14715194702148438,0.15089537570184797,0.14600590494823396,0.15081927892350588,294948000
2004-07-06,0.1385180950164795,0.14692271717664576,0.13691364169335998,0.14539436062642963,575388000
2004-07-07,0.1392056941986084,0.1431792563878832,0.13851806369453215,0.14027563917510916,344136000
2004-07-08,0.13492773473262787,0.1401995317648586,0.13469852913598612,0.13790744847465292,430056000
2004-07-09,0.1291205883026123,0.13492781194826306,0.12659928431099488,0.13477470301391434,1114500000
2004-07-12,0.12614083290100098,0.12912054740443155,0.12446026922137339,0.12553021438996576,676044000
2004-07-13,0.125911682844162,0.1298852338395158,0.12453642098183378,0.12766924575446692,567108000
2004-07-14,0.12033451348543167,0.12484259815620118,0.11788932070934362,0.12148055543010072,901608000
2004-07-15,0.11949380487203598,0.12285583442138139,0.1187300773604649,0.12155668340249423,611352000
2004-07-16,0.11597954481840134,0.12331422104751452,0.11597954481840134,0.12316111216940476,464700000
2004-07-19,0.11727869510650635,0.1185769303610873,0.11468038024149058,0.11628484687728753,461088000
2004-07-20,0.11964691430330276,0.12010532568456192,0.11605566538674823,0.1172017075017958,341544000
2004-07-21,0.11238832026720047,0.1216336819015693,0.11200691422778793,0.12148055934798335,613416000
2004-07-22,0.11475741118192673,0.11536802968873625,0.11002012774610702,0.1136874660207388,521460000
2004-07-23,0.11170069873332977,0.11567426211186438,0.11093697807592852,0.11552115320767584,371496000
2004-07-26,0.10856875777244568,0.11414585722160861,0.1074988128637545,0.11315292441070449,503208000
2004-07-27,0.1121591106057167,0.11246533522777746,0.10574126988169823,0.10910330597021245,789888000
2004-07-28,0.10933253914117813,0.1123122545829607,0.10619971476532715,0.11192993309055083,505116000
2004-07-29,0.11651407182216644,0.1193415927722493,0.1103254371921183,0.11086086744721181,747360000
2004-07-30,0.11781322956085205,0.11995220466549876,0.11483351489778004,0.1150627205652706,403956000
2004-08-02,0.11934161931276321,0.11980003072275897,0.11590347909019304,0.11788934562575248,420984000
2004-08-03,0.11315296590328217,0.1199522130870774,0.11223613633800225,0.11987611630829961,741540000
2004-08-04,0.11437509953975677,0.11544504472803824,0.1117777063605408,0.11192989990205793,507816000
2004-08-05,0.11124229431152344,0.11613268072594603,0.10925642784554798,0.11559725720148888,859920000
2004-08-06,0.07204759865999222,0.07793092383344861,0.07105466564723407,0.07724330006411172,5088948000
2004-08-09,0.07525651156902313,0.07693798353907894,0.07265911878633724,0.07388125732955847,1579212000
2004-08-10,0.08121594786643982,0.08198059064828654,0.07816013644249468,0.07945929416150953,2051916000
2004-08-11,0.07884776592254639,0.08014691679114505,0.07831325099338769,0.08014691679114505,963816000
2004-08-12,0.07701408118009567,0.07930616477450185,0.07686097231304688,0.07907695914744041,654384000
2004-08-13,0.08022300153970718,0.08075751638875549,0.0781601235570608,0.07884775410524159,815700000
2004-08-16,0.0794593021273613,0.08144516169792375,0.07884777500858359,0.07930618638763628,531732000
2004-08-17,0.08381425589323044,0.08427267405410231,0.08045222670571052,0.08121594730413931,744912000
2004-08-18,0.08939134329557419,0.08939134329557419,0.0835080185363773,0.08419564908824494,872424000
2004-08-19,0.08908604085445404,0.0904612951264672,0.0877107865824409,0.08885683522459253,724404000
2004-08-20,0.09435786306858063,0.0956560987376249,0.08832142105072376,0.08862764569875475,1199040000
2004-08-23,0.09642072021961212,0.09741365319872512,0.09535077512966572,0.0958852900011046,800028000
2004-08-24,0.09282948076725006,0.09825438773970602,0.09099581513166353,0.09779596962307228,939420000
2004-08-25,0.09680211544036865,0.09748974598932984,0.09313477755938501,0.09489235315468736,721308000
2004-08-26,0.0970313549041748,0.09764288203171259,0.09588531277822653,0.09664994881673279,612720000
2004-08-27,0.09886500239372253,0.1002402567854507,0.09703133670236692,0.09710834881704773,565128000
2004-08-30,0.09558002650737762,0.09901816054476144,0.09550392970719711,0.09848364541753299,628056000
2004-08-31,0.0951976478099823,0.09642070845626143,0.09221794072004794,0.09596229040451443,587064000
2004-09-01,0.0970313549041748,0.09840660272293279,0.09275340422231863,0.09397554313010814,591744000
2004-09-02,0.10100492089986801,0.10176864849214755,0.09657294555290634,0.09748978207020961,770088000
2004-09-03,0.09794816374778748,0.09993493813445903,0.0971083396803334,0.09794816374778748,715056000
2004-09-07,0.09611450135707855,0.100622579107281,0.09481626589860907,0.09855970091550612,727332000
2004-09-08,0.09412863850593567,0.09703134095164243,0.09389943284608439,0.09619151676839285,834984000
2004-09-09,0.10352618992328644,0.1052067467476551,0.09596230777746909,0.09642072591220782,1299324000
2004-09-10,0.10749884694814682,0.10803336189851297,0.10146332072435217,0.10176863000251055,1039344000
2004-09-13,0.10956171154975891,0.11170068656291596,0.10719353087891506,0.10734572441927574,967752000
2004-09-14,0.11002013087272644,0.11078385828603284,0.1077280469475495,0.10856878647900567,683556000
2004-09-15,0.10390761494636536,0.10696434208111937,0.1025323602906281,0.10665811742688995,1163904000
2004-09-16,0.10780416429042816,0.10887410968619632,0.1052828673930341,0.10566518884622211,810024000
2004-09-17,0.1122361272573471,0.11284673896361487,0.1077280492506606,0.10864488557271193,1003800000
2004-09-20,0.11208298057317734,0.1152919068139518,0.10864485556162548,0.11002010283386734,794628000
2004-09-21,0.11506272107362747,0.11597955740953861,0.11322905523275435,0.11460430973662107,503904000
2004-09-22,0.1097148209810257,0.11475740663971071,0.10917939074805982,0.11200690475034175,625920000
2004-09-23,0.11070775985717773,0.11131928688838917,0.10780414210416477,0.1110130622837381,578664000
2004-09-24,0.10734570771455765,0.11131927004180019,0.10574124786758317,0.11116616117811991,476316000
2004-09-27,0.10543595999479294,0.10772804385415298,0.10352619067373685,0.1065059051556639,406020000
2004-09-28,0.10696432739496231,0.10788115687529026,0.10375540713644203,0.10520675154413522,474840000
2004-09-29,0.10956171154975891,0.1126175228555609,0.1055120586649347,0.10688730627295327,537228000
2004-09-30,0.1109369695186615,0.11345826598818654,0.10872098231766719,0.11078386062628322,619680000
2004-10-01,0.115521140396595,0.11613266059828718,0.11093696577322418,0.11147148068868866,590412000
2004-10-04,0.1188061535358429,0.12033450997928496,0.11628486406341249,0.11651406971328848,673932000
2004-10-05,0.11613265424966812,0.1189592597377705,0.11506270913008579,0.11590344860495652,633180000
2004-10-06,0.11659105122089386,0.11712555914791574,0.11322901630629101,0.1159034207898831,498504000
2004-10-07,0.11727869510650635,0.1214044371802088,0.11666716135294887,0.1187300392207477,798072000
2004-10-08,0.11086085438728333,0.11651405809626406,0.10986700611027195,0.11605563318032205,693420000
2004-10-11,0.11101306974887848,0.11322905701889197,0.10902721032913651,0.11101306974887848,373848000
2004-10-12,0.10940860956907272,0.1102493491446121,0.10551206532577131,0.10726963442088502,827232000
2004-10-13,0.10872093588113785,0.11414584106047847,0.10780409995091578,0.11269449042504587,672816000
2004-10-14,0.10543595999479294,0.10971482529114744,0.10467223260341688,0.10971482529114744,513264000
2004-10-15,0.10253231972455978,0.10581825808402384,0.09993492718331191,0.10566514240201313,1280484000
2004-10-18,0.10436602681875229,0.10543597210248998,0.10108100953722604,0.10192174231013697,573972000
2004-10-19,0.10367840528488159,0.10780416253508425,0.10291468456922145,0.10673513250405306,618480000
2004-10-20,0.10490145534276962,0.10535987352564495,0.10276156481183853,0.10337309189442875,540204000
2004-10-21,0.10726961493492126,0.10864486921088612,0.10513064017528706,0.10597046425106539,1013964000
2004-10-22,0.10146332532167435,0.10849177815871118,0.10115710751338668,0.10826257247611806,686460000
2004-10-25,0.10192172974348068,0.10413680146815726,0.10039336645748177,0.10062257894004731,529164000
2004-10-26,0.11070775985717773,0.11605564820980385,0.10826256024852507,0.11192989857245872,2455776000
2004-10-27,0.11376357823610306,0.11582645672261017,0.10872099169315759,0.10872099169315759,1074036000
2004-10-28,0.11254142969846725,0.11460430800767164,0.11147148448396578,0.11223612726079853,561552000
2004-10-29,0.11055463552474976,0.11299983494286782,0.10956170254354576,0.11147147174202875,742860000
2004-11-01,0.11292374134063721,0.11299983810669283,0.11063165756421314,0.1120830018637438,653892000
2004-11-02,0.11452817916870117,0.11689635925251578,0.11170065887433163,0.1126174949397094,1095756000
2004-11-03,0.11559724807739258,0.11957081139031527,0.11498662950331288,0.11918848314788054,910356000
2004-11-04,0.11773715913295746,0.11918850389799544,0.113992807677987,0.11643800794884557,995544000
2004-11-05,0.13477467000484467,0.14340849804878358,0.13324631341605883,0.13599680879993206,3849012000
2004-11-08,0.13622602820396423,0.13805970108599006,0.13271180501409596,0.13332333897783585,718620000
2004-11-09,0.13538625836372375,0.1373721117474292,0.13408709326214566,0.13416319006757807,615936000
2004-11-10,0.13538625836372375,0.13668449445582798,0.13462161525721625,0.13523313574338505,645912000
2004-11-11,0.13805967569351196,0.13805967569351196,0.1353091668763576,0.1362260031487424,507000000
2004-11-12,0.1382889449596405,0.14058102986402263,0.13691369674939197,0.14019963049895792,647076000
2004-11-15,0.1403517723083496,0.14134562078674803,0.13607382198749485,0.13691364622063631,536472000
2004-11-16,0.13989336788654327,0.14233856096411115,0.13729596758870272,0.14081020428769928,472728000
2004-11-17,0.14226244390010834,0.14600588575015186,0.14073408744162066,0.1421093350163122,602772000
2004-11-18,0.14409615099430084,0.14531828997825744,0.14050490181977116,0.14348461699770068,532524000
2004-11-19,0.14485986530780792,0.15685480804654084,0.1437138095534111,0.15509814736066463,2126052000
2004-11-22,0.1489855796098709,0.1489855796098709,0.1440190976151127,0.14539434512572633,733788000
2004-11-23,0.14959710836410522,0.15120157512372107,0.14654038203119588,0.14776343597080036,676896000
2004-11-24,0.15020780265331268,0.15265299641997815,0.14906174658246488,0.14944407494255257,428580000
2004-11-26,0.1517360508441925,0.15311129801539197,0.14959707651043683,0.1508953115887715,350760000
2004-11-29,0.14875639975070953,0.1539521019493305,0.14745724877971916,0.15288215665951863,704388000
2004-11-30,0.14615903794765472,0.14952015259592666,0.14531829819641393,0.14936795901415215,576540000
2004-12-01,0.1498263031244278,0.1498263031244278,0.1463881778829189,0.14745720752641456,514572000
2004-12-02,0.15181222558021545,0.15295826775528318,0.1472280568799445,0.14837409905501223,758652000
2004-12-03,0.15838314592838287,0.16044602418235285,0.1549450200590655,0.1554795281474679,1347312000
2004-12-06,0.16594700515270233,0.16724616947810214,0.15632024586460116,0.15914685113341143,970500000
2004-12-07,0.17427463829517365,0.19070156757548853,0.17221176003879995,0.1756498859121235,2927052000
2004-12-08,0.17633748054504395,0.17954640010396006,0.17496223320890705,0.17671980867655,872724000
2004-12-09,0.17473304271697998,0.17656670143653905,0.16984355936941276,0.1732055880764979,869964000
2004-12-10,0.17809511721134186,0.18000488684550967,0.1770251718750506,0.17878273428474803,652848000
2004-12-13,0.17320562899112701,0.17771278523878392,0.17236488936352118,0.17542070105147692,738024000
2004-12-14,0.17671987414360046,0.17687298305755805,0.17305252833944945,0.1733578308200607,512988000
2004-12-15,0.17832432687282562,0.17885884871018243,0.1757269401074215,0.1784774357860846,432768000
2004-12-16,0.18069249391555786,0.18993785613480058,0.18038719146003906,0.18352001516691122,1524036000
2004-12-17,0.17618532478809357,0.18481823710122786,0.17412244651090328,0.18405450968342268,1214244000
2004-12-20,0.17427463829517365,0.18099871016236943,0.17335780199657447,0.17824820126657193,898728000
2004-12-21,0.17557379603385925,0.1767959484721835,0.1699966949145501,0.17427464513658383,899400000
2004-12-22,0.17580297589302063,0.17992873164142478,0.17542064775427732,0.17908799226925667,421824000
2004-12-23,0.17626141011714935,0.17824819149392104,0.17396932632726633,0.1748100658090965,366972000
2004-12-27,0.17473304271697998,0.17947031887920847,0.17381620652625238,0.17870659155896745,308208000
2004-12-28,0.17381620407104492,0.17649060218183363,0.17312857352223815,0.1751153547461161,291612000
2004-12-29,0.1753445863723755,0.17748356143467917,0.17282329675609417,0.1732817080820006,294732000
2004-12-30,0.17465698719024658,0.1768729745975715,0.17389325968969616,0.1754207010288976,259812000
2004-12-31,0.18000486493110657,0.18092168758403102,0.17649062856302677,0.17717825921461813,575964000
2005-01-03,0.18015791475772858,0.18886783640015606,0.17939418758450335,0.18627045086034694,1066716000
2005-01-04,0.17167724668979645,0.1817624183415945,0.16892673787827112,0.18145711592109873,790224000
2005-01-05,0.1732816994190216,0.17534457760626576,0.16892673739303893,0.1698435736609138,724812000
2005-01-06,0.17160116136074066,0.17840040123449252,0.17037810724108143,0.17633752290380716,563568000
2005-01-07,0.16831520199775696,0.1732816837613282,0.16579389907345107,0.17198253307597994,763092000
2005-01-10,0.1686975061893463,0.1703780695871753,0.1677045733037441,0.16885061504952525,579552000
2005-01-11,0.16350185871124268,0.16800993040627107,0.1609805687815943,0.16709309397860808,1093380000
2005-01-12,0.1621265411376953,0.16556466601558253,0.1581538946636445,0.16495404767077662,1057800000
2005-01-13,0.16380804777145386,0.1680859976766781,0.15891766233353907,0.16250889697038884,898764000
2005-01-14,0.16434255242347717,0.16724616980495383,0.16273808570804343,0.16686384164842064,573912000
2005-01-18,0.16693992912769318,0.16732225726297123,0.1621265565727779,0.16250887104616085,464556000
2005-01-19,0.16312043368816376,0.16808600063436036,0.1624328030605697,0.1677046014403974,336492000
2005-01-20,0.16350185871124268,0.16747542224200268,0.1598345266624905,0.1598345266624905,640080000
2005-01-21,0.16380804777145386,0.16701696787393197,0.16319652758588318,0.1637310356563076,596352000
2005-01-24,0.15723703801631927,0.16525934200820547,0.1563202021033701,0.1628911623181127,463704000
2005-01-25,0.1599876433610916,0.16220363092579154,0.15700792824160287,0.15792476471389943,439704000
2005-01-26,0.1620505005121231,0.1642664877828701,0.1578486469900275,0.16052213025796017,429120000
2005-01-27,0.17503923177719116,0.17580295897229295,0.16136281524271698,0.16235574803247052,1002912000
2005-01-28,0.17481009662151337,0.17641455009247722,0.1709896420746746,0.17572693303144962,671052000
2005-01-31,0.17511537671089172,0.1784003936748504,0.172670183922372,0.17626141866138742,562968000
2005-02-01,0.17840038239955902,0.17916502510362559,0.17389322699977547,0.174962256765369,507180000
2005-02-02,0.1883334368467331,0.18978478161934229,0.18015801842329532,0.18542981829221877,2035404000
2005-02-03,0.1863466054201126,0.1876457562665033,0.18374920541258527,0.1863466054201126,690120000
2005-02-04,0.19704332947731018,0.1975778376158254,0.18634662265735982,0.18642271943508015,806448000
2005-02-07,0.19467416405677795,0.20093980973738626,0.19291751757751482,0.19727247891096691,521628000
2005-02-08,0.1965848058462143,0.19971671266153118,0.19284046372739103,0.1934519836841201,455772000
2005-02-09,0.18970856070518494,0.19773085128874943,0.18871471267538942,0.19711933131979337,783756000
2005-02-10,0.19413965940475464,0.19513259229990904,0.190013903615494,0.1907015341343359,602376000
2005-02-11,0.19979378581047058,0.20124514370993787,0.1922299042064241,0.1929175347747543,556512000
2005-02-14,0.19559097290039062,0.20048137054677997,0.19482725940574233,0.19971672804339058,432900000
2005-02-15,0.1973486840724945,0.203613417847405,0.19658495638991544,0.196890272590593,748500000
2005-02-16,0.19666098058223724,0.19956459833049078,0.19314675798186384,0.19673707735196713,466464000
2005-02-17,0.19490337371826172,0.1994114436883329,0.19337591926750547,0.19933534693606367,1017408000
2005-02-18,0.21599064767360687,0.21621985336772975,0.2040717876364185,0.2098790240904583,3132120000
2005-02-22,0.21874108910560608,0.2237836814358572,0.21262946703739893,0.21453923622306767,1420800000
2005-02-23,0.21163563430309296,0.21790128105373255,0.208121411735546,0.2152268826486883,1107840000
2005-02-24,0.2172137051820755,0.2175190076630385,0.20873298507758054,0.20873298507758054,695496000
2005-02-25,0.22034558653831482,0.22149162854615206,0.21515079995869446,0.21751898074836767,525132000
2005-02-28,0.22149161994457245,0.2215686320627721,0.21736586341182182,0.21927654813611017,758064000
2005-03-01,0.22095713019371033,0.2261528326712757,0.21874114271713604,0.2224855005898327,737148000
2005-03-02,0.21446317434310913,0.21973497316815108,0.21316402340946797,0.21851191901030184,947460000
2005-03-03,0.21155954897403717,0.21530299106009515,0.20842672542931168,0.21392774339869777,761292000
2005-03-04,0.21064269542694092,0.21400472414536748,0.20888511980127797,0.21217105175772658,593124000
2005-03-07,0.21278168261051178,0.21721367059851648,0.21010819947250636,0.2115595438720369,511176000
2005-03-08,0.2020089030265808,0.21270561016730635,0.2006336552410558,0.21224719879276452,1332384000
2005-03-09,0.19673708081245422,0.2044540857888643,0.1961264759495942,0.2007106438044183,910140000
2005-03-10,0.19666098058223724,0.1991061870178307,0.19352815717765365,0.197348611213125,689280000
2005-03-11,0.19222994148731232,0.19872387927430765,0.19047236550164046,0.19841857681681271,732180000
2005-03-14,0.1976539045572281,0.19849464403608505,0.1948273127176209,0.19620256025430782,572148000
2005-03-15,0.19368132948875427,0.20055758291675918,0.19352820690091466,0.19864781308191595,378108000
2005-03-16,0.1903962343931198,0.1959733484547684,0.1903192222822064,0.19291753740342113,535356000
2005-03-17,0.1884855479001999,0.19169446756052586,0.1880271229990702,0.19100683703977905,442584000
2005-03-18,0.18466606736183167,0.18925023583008893,0.18122794101063874,0.18863871553824146,639012000
2005-03-21,0.1910068839788437,0.19146529533073042,0.18344300103942124,0.18458904308103682,654456000
2005-03-22,0.18756870925426483,0.1929175188480204,0.18688107874270352,0.19115994334831166,622992000
2005-03-23,0.1916184276342392,0.19291757864160564,0.18695814879270722,0.18733956170242358,728784000
2005-03-24,0.19200074672698975,0.19734864275658623,0.19184763781591724,0.19215294029077556,865356000
2005-03-28,0.18986083567142487,0.19482733191152649,0.1880271630005954,0.19207682290528233,511188000
2005-03-29,0.18565896153450012,0.1917714990973809,0.1848182220664847,0.18963160887566471,587400000
2005-03-30,0.18565896153450012,0.1883333734690505,0.1793172183287767,0.18573505829975218,858708000
2005-03-31,0.18153323233127594,0.18588819484097346,0.18069249273814278,0.18458904389393482,518316000
2005-04-01,0.17977562546730042,0.18481821780299784,0.1787065957281898,0.18374918806388724,510756000
2005-04-04,0.17870661616325378,0.17931723469707805,0.17473306677418896,0.17878271293545206,421428000
2005-04-05,0.17557379603385925,0.18252615848600395,0.174503850804757,0.17878271637397838,430128000
2005-04-06,0.17824816703796387,0.18183848576319536,0.17763663328664608,0.17885878544230568,567468000
2005-04-07,0.18153323233127594,0.18336690507069558,0.17610832455149253,0.17916505146137413,506352000
2005-04-08,0.17916500568389893,0.1863465722443796,0.17878267754235783,0.18229691322291783,621540000
2005-04-11,0.17564988136291504,0.18107480224333386,0.1751153732877332,0.18046326839042287,328380000
2005-04-12,0.17778979241847992,0.17809509485257174,0.17121882934848623,0.17511538025619797,512232000
2005-04-13,0.17037808895111084,0.17847739419566758,0.1692320334131821,0.17801898291001356,498408000
2005-04-14,0.16900284588336945,0.1723648751065465,0.16839224100177963,0.170760421772902,352080000
2005-04-15,0.16312043368816376,0.16808600063436036,0.16159206354710884,0.16686386192693656,630156000
2005-04-18,0.16197437047958374,0.16564170146739615,0.16120972783590137,0.16212656399832842,473100000
2005-04-19,0.16762758791446686,0.16885064195874308,0.16388414604527174,0.1646478734358097,365460000
2005-04-20,0.16250889003276825,0.17152412976976492,0.16235578115613195,0.17045510001265643,564672000
2005-04-21,0.17152409255504608,0.1721356125818321,0.16434252683130351,0.16579387079157157,538152000
2005-04-22,0.1699196696281433,0.17160114861971876,0.1679338035655048,0.1704551067057512,336276000
2005-04-25,0.1725941300392151,0.17389328120005856,0.17053125128334912,0.1713719910148451,318168000
2005-04-26,0.17183037102222443,0.17626143022743926,0.1683152328227413,0.17267019525277155,353148000
2005-04-27,0.16525940597057343,0.16793380434396812,0.16182126655083592,0.16732228415765701,609348000
2005-04-28,0.16579383611679077,0.16800982214569554,0.16312035434708172,0.1647248068152053,372948000
2005-04-29,0.16755154728889465,0.16869758960133277,0.15983455362615923,0.16739843835301152,478356000
2005-05-02,0.16693992912769318,0.17144801297398152,0.16441864004291806,0.16953824397722433,334908000
2005-05-03,0.1660231351852417,0.17014889194439567,0.16533551816664843,0.16709308043624307,439512000
2005-05-04,0.1712948977947235,0.17251796534696806,0.16625231940905763,0.16678774276413577,468816000
2005-05-05,0.17465698719024658,0.17679596247062432,0.17137196981636285,0.1722887925616481,619272000
2005-05-06,0.17702515423297882,0.1771021663538686,0.17267019188781701,0.1767198517909841,355728000
2005-05-09,0.18031102418899536,0.18153316254239388,0.17671979052925085,0.17778973538800555,745332000
2005-05-10,0.1732816994190216,0.17809508640989039,0.1712949179999019,0.17801898964176593,735120000
2005-05-11,0.17037808895111084,0.17496225645523852,0.17007277288114014,0.17419852909961378,555420000
2005-05-12,0.17412245273590088,0.17641453675652302,0.1702259017037042,0.1703781089139285,835584000
2005-05-13,0.1935281902551651,0.1945981356118563,0.18183854950348538,0.18986085814137732,2650320000
2005-05-16,0.1942157745361328,0.19551492527749884,0.19115996345724895,0.1912360602217785,664104000
2005-05-17,0.1963556706905365,0.19727250694289525,0.192917544990614,0.19306973852428722,639804000
2005-05-18,0.19780701398849487,0.19826543894326712,0.19383438024691904,0.1958972583886515,550056000
2005-05-19,0.19742463529109955,0.19910611370695497,0.19520956433646333,0.19826537449902726,452880000
2005-05-20,0.2009398490190506,0.2010159457899502,0.1949034214353241,0.1971955053576518,517008000
2005-05-23,0.20560012757778168,0.20766300584307837,0.2017035767073551,0.20231511057874957,703668000
2005-05-24,0.20850375294685364,0.2092674667260934,0.20361335347809842,0.2046072019349163,522192000
2005-05-25,0.20582938194274902,0.20911439971910523,0.20384259997832965,0.20804536962157144,535272000
2005-05-26,0.21163563430309296,0.21324010120621112,0.20728067222591146,0.20766300042716793,788784000
2005-05-27,0.21026037633419037,0.21224715767856772,0.20804530469402796,0.21224715767856772,322740000
2005-05-31,0.20705145597457886,0.2111011154212858,0.20361333035201837,0.2093435397229525,763176000
2005-06-01,0.20896212756633759,0.21278165212427774,0.20323191855145126,0.2056761956781979,796632000
2005-06-02,0.21675525605678558,0.21675525605678558,0.20819752477181327,0.20819752477181327,684348000
2005-06-03,0.21621981263160706,0.2179773747330856,0.21392772879841038,0.21599060698066685,559620000
2005-06-06,0.21415694057941437,0.21652603659548375,0.21217107445537342,0.21232326799561074,512892000
2005-06-07,0.20896212756633759,0.21621979119510548,0.2081974849123687,0.2127055553638817,974136000
2005-06-08,0.207509845495224,0.21240022991175017,0.20529477423721756,0.20949661283493676,618720000
2005-06-09,0.21621981263160706,0.21629682474666637,0.20567621606938444,0.20590542172032464,619908000
2005-06-10,0.21377554535865784,0.21621983666127995,0.2123232855146625,0.2159906309848669,465096000
2005-06-13,0.2185119241476059,0.22454836592323818,0.2133171373234376,0.21392775590045418,1409916000
2005-06-14,0.20560012757778168,0.22217923680926105,0.19872386213949345,0.21858891737905847,2408412000
2005-06-15,0.20498858392238617,0.20590542018119098,0.19689019379879238,0.20430095331280823,1669788000
2005-06-16,0.2060585469007492,0.2074337945770578,0.20193279020992505,0.20491250489350898,489240000
2005-06-17,0.20560012757778168,0.2089621566949732,0.20506560582454658,0.20857984214564335,456348000
2005-06-20,0.2087329477071762,0.21010819530815047,0.20223809523650121,0.20560012430009508,606060000
2005-06-21,0.2107188105583191,0.21171265894780333,0.2081214106214326,0.21010819205327416,428172000
2005-06-22,0.21048960089683533,0.2143861518234816,0.20789221450272616,0.21293480740863932,700668000
2005-06-23,0.21377554535865784,0.21637294556129552,0.20934357073559617,0.21010821355035228,836976000
2005-06-24,0.20697537064552307,0.2134693077296637,0.20582932870801365,0.21339321096033476,475632000
2005-06-27,0.20529481768608093,0.20735768221451412,0.20346114514758773,0.20567621687439483,354588000
2005-06-28,0.2065930962562561,0.20796834411616918,0.20384258687452977,0.20613467119501827,262308000
2005-06-29,0.20468325912952423,0.2070514394540665,0.20300269567749143,0.20667004031179143,283572000
2005-06-30,0.2041487842798233,0.2079683233082036,0.20254433088077267,0.20605855379401347,593232000
2005-07-01,0.20506557822227478,0.2053708942742469,0.2009398222470171,0.20346112515517234,315168000
2005-07-05,0.2082744985818863,0.20911432265552196,0.20384252485752882,0.2058293060897722,388440000
2005-07-06,0.213851660490036,0.2147684832158084,0.2065930798286304,0.2089621760921678,703632000
2005-07-07,0.21232326328754425,0.2139277301782693,0.20980197378714474,0.21048959074440057,465900000
2005-07-08,0.21499769389629364,0.21568531091291693,0.21087193714895958,0.21362243253924992,408132000
2005-07-11,0.21820661425590515,0.22042260152640294,0.21599062698540736,0.21690744967408299,399492000
2005-07-12,0.21698440611362457,0.2186649557186187,0.21255241932711852,0.21805342201063765,564252000
2005-07-13,0.21728980541229248,0.21851194436473595,0.21362245954574224,0.2179013257312238,594780000
2005-07-14,0.20766296982765198,0.2238606770477547,0.20735765378753526,0.21958181237009075,1871496000
2005-07-15,0.2054470181465149,0.20766300529512743,0.2018566850638881,0.20705147142534658,1223352000
2005-07-18,0.20032836496829987,0.20491253364036657,0.19826548633348978,0.20483643685573205,1044900000
2005-07-19,0.20307877659797668,0.20353720147245846,0.20002297963925336,0.20155042044514476,517896000
2005-07-20,0.206134632229805,0.2069753717473387,0.19796014508506513,0.20071064028497068,526500000
2005-07-21,0.20262037217617035,0.20437794765609527,0.19841851972136568,0.2034611115382988,594528000
2005-07-22,0.1973486840724945,0.20651703666764865,0.19589733916706317,0.203613417847405,699264000
2005-07-25,0.19849464297294617,0.2046071805819107,0.19421577784434105,0.19505651731869497,974952000
2005-07-26,0.20262037217617035,0.20292567454581373,0.19689016351731117,0.19765387711490526,759492000
2005-07-27,0.2067461758852005,0.2076630122159016,0.19948759567482896,0.2029257216685344,807828000
2005-07-28,0.20835059881210327,0.20934353177124082,0.20353722585572928,0.20636381754677793,411240000
2005-07-29,0.2067461758852005,0.20972589054450452,0.20506561211766006,0.20750990332203986,351660000
2005-08-01,0.20987895131111145,0.21079578743157323,0.2065930196175796,0.2079682669673247,389040000
2005-08-02,0.21270562708377838,0.21339325786217786,0.2098020223745362,0.21010824021342692,422652000
2005-08-03,0.21270562708377838,0.21469240897102196,0.2107958709918264,0.21270562708377838,518256000
2005-08-04,0.21048960089683533,0.2120179710928462,0.21003118956988778,0.21110113477705306,356424000
2005-08-05,0.21583840250968933,0.21629682747925857,0.20873294526939204,0.21018428962320665,684096000
2005-08-08,0.21660210192203522,0.22133939158122654,0.2150737456496165,0.21728973245661445,725544000
2005-08-09,0.21606756746768951,0.21744281470662105,0.21369845842362045,0.21690737775572347,291900000
2005-08-10,0.21285870671272278,0.21805347940518127,0.2106427195671399,0.21698446322678908,440556000
2005-08-11,0.21583840250968933,0.21621981536322632,0.21079582347770995,0.21285870168602786,701556000
2005-08-12,0.22882628440856934,0.2308130521352228,0.2207278806675667,0.22852096833175084,2295420000
2005-08-15,0.23463355004787445,0.23700173092467283,0.22668733881277345,0.22959094316883596,882804000
2005-08-16,0.23065991699695587,0.23448035656996155,0.22897935366128025,0.23241749243336396,637488000
2005-08-17,0.23065991699695587,0.23348743738297636,0.22951387529355954,0.22966697048618118,607572000
2005-08-18,0.22470054030418396,0.23004933725965965,0.2237076072295221,0.22890330895756397,822732000
2005-08-19,0.22309610247612,0.22577051496482195,0.2224084854051143,0.22508288423191664,422232000
2005-08-22,0.22126242518424988,0.2263050185798122,0.21866503853792757,0.2227146987491787,547224000
2005-08-23,0.22271466255187988,0.22386070445616696,0.22026946986195076,0.22103318357450769,254460000
2005-08-24,0.22286684811115265,0.22760412444013925,0.22019336521552133,0.221262381305426,514620000
2005-08-25,0.22439521551132202,0.22561736786091993,0.2219500227887997,0.22386070744011835,296484000
2005-08-26,0.22095713019371033,0.22462447593705315,0.2188181548464899,0.22462447593705315,323436000
2005-08-29,0.22133946418762207,0.2215686698870367,0.21713669481921177,0.2188942572923948,343392000
2005-08-30,0.22928471863269806,0.22982015575813436,0.2206518059655255,0.22095710841097677,948852000
2005-08-31,0.2344043105840683,0.23730699934370125,0.2280625669605637,0.22875019759628823,906804000
2005-09-01,0.2344803810119629,0.23661934212530755,0.23249361342205055,0.2337166536917731,556884000
2005-09-02,0.23065991699695587,0.23493876778656217,0.22989618975637624,0.23493876778656217,469800000
2005-09-06,0.23257063329219818,0.23379277198935045,0.22798646557849248,0.2315006881324976,423096000
2005-09-07,0.23998139798641205,0.24059290445894513,0.23165378917648063,0.23226439396386656,588012000
2005-09-08,0.2428080439567566,0.2457877588252125,0.23853009345259524,0.23853009345259524,646116000
2005-09-09,0.24594080448150635,0.2464753398427907,0.24143273385572198,0.24540629644401496,454236000
2005-09-12,0.24510012567043304,0.24693379844226732,0.24219743661873702,0.24617007095943283,556584000
2005-09-13,0.2525118887424469,0.2537340279431287,0.24395415463325484,0.24395415463325484,854724000
2005-09-14,0.24945499002933502,0.2539630594970658,0.24830892115266898,0.25060103158221514,503448000
2005-09-15,0.25388699769973755,0.25671358909475056,0.25174710778701,0.253275463962867,759756000
2005-09-16,0.2540391683578491,0.2574011964330596,0.2519762770699989,0.2560259355744928,519828000
2005-09-19,0.2504488229751587,0.2545745504574302,0.24907356226521202,0.25373382493918434,428316000
2005-09-20,0.25533831119537354,0.25816492972690236,0.25205330879851084,0.2523585974804002,522192000
2005-09-21,0.2531224191188812,0.25938806657730973,0.2509073607810238,0.2543454869679342,625656000
2005-09-22,0.24632318317890167,0.2537339434091123,0.24181508455467782,0.2537339434091123,739152000
2005-09-23,0.24991342425346375,0.25205331406916265,0.2437247774376523,0.24578766881751893,314640000
2005-09-26,0.2519764304161072,0.2537340067751285,0.24731616440240173,0.25182423682864763,406776000
2005-09-27,0.2528170347213745,0.255262213161914,0.25090726590148527,0.2530462266528884,404160000
2005-09-28,0.254345566034317,0.2550331969502171,0.25067821936538787,0.2535809093077231,353556000
2005-09-29,0.2596171796321869,0.2597693731251094,0.2523585883236841,0.25442147958556277,513372000
2005-09-30,0.26190924644470215,0.264277426229342,0.25923484899963994,0.25976935688517405,458832000
2005-10-03,0.2690909504890442,0.27100072011592735,0.2628262044377018,0.26496519341674574,549888000
2005-10-04,0.26557672023773193,0.27466803110910204,0.2649651863024637,0.2702369853464201,514476000
2005-10-05,0.25678980350494385,0.26588204460158493,0.2551853498396943,0.26588204460158493,599184000
2005-10-06,0.25587302446365356,0.26045719419156943,0.24815691801970097,0.2564845312616339,685512000
2005-10-07,0.25258785486221313,0.25892959768927554,0.25060108729861286,0.2563312963370168,551952000
2005-10-10,0.2461700737476349,0.25434549087366554,0.24609397696885113,0.2538870795064644,459216000
2005-10-11,0.24311426281929016,0.24922588614004196,0.24028674149594442,0.24708689721679467,540048000
2005-10-12,0.24601686000823975,0.2497612299937324,0.24212032384537016,0.24242654154152093,657660000
2005-10-13,0.24471862614154816,0.24586466780277227,0.2353210735899952,0.24548235335402402,509304000
2005-10-14,0.24471862614154816,0.24953201204820477,0.24066896744736743,0.24647529982826008,311256000
2005-10-17,0.24708683788776398,0.249532044034427,0.24487085103224357,0.24487085103224357,243912000
2005-10-18,0.2430371642112732,0.24846208420099233,0.24143271124013205,0.24800367296977918,299832000
2005-10-19,0.2409743219614029,0.24135663647123484,0.23310512426253363,0.23990530588917128,635952000
2005-10-20,0.24265584349632263,0.24769842303282835,0.24028673361920203,0.24135667888842857,359520000
2005-10-21,0.24403101205825806,0.24754523363528974,0.242349533512929,0.24678150645706956,298368000
2005-10-24,0.2506781220436096,0.2506781220436096,0.24395406374527226,0.2461700509208089,291012000
2005-10-25,0.25228261947631836,0.2530463470305909,0.24792767014417907,0.24899668652403525,334680000
2005-10-26,0.24540629982948303,0.2528931831410727,0.245023985313393,0.2523586477724142,415344000
2005-10-27,0.2402866929769516,0.24662843604870474,0.23952296563740857,0.24586470870916174,227784000
2005-10-28,0.24769850075244904,0.24815691224982075,0.23493891168359568,0.24089834312084674,464640000
2005-10-31,0.25633129477500916,0.25808887036063827,0.24869131666540503,0.24869131666540503,432420000
2005-11-01,0.25319942831993103,0.258242007598995,0.2512126331212652,0.256331336496756,400488000
2005-11-02,0.26786869764328003,0.2681739863227665,0.252129403563273,0.2532754451889511,523668000
2005-11-03,0.2647359371185303,0.27122987429195233,0.2625969757617951,0.26970244680156047,465072000
2005-11-04,0.2602277994155884,0.26549959651493993,0.2574773048970797,0.2648889918140557,570276000
2005-11-07,0.25908178091049194,0.26251990619684623,0.2580127649149478,0.26160308371666813,370824000
2005-11-08,0.25426843762397766,0.2603048925049649,0.25312239566785155,0.2600756731842215,538968000
2005-11-09,0.26572883129119873,0.2674103100078777,0.25190020649280026,0.25480382369141125,818880000
2005-11-10,0.25587302446365356,0.28093376436286793,0.250907441715496,0.2749743601108614,2503620000
2005-11-11,0.2600756585597992,0.2631314697092187,0.2569428489588917,0.25808889085057424,545928000
2005-11-14,0.26557672023773193,0.2674103930343862,0.2561791642322531,0.26015179862672116,493668000
2005-11-15,0.26618728041648865,0.2697024318609795,0.2653474562855432,0.2671811287739483,496200000
2005-11-16,0.2652703821659088,0.2679448073068503,0.26007561073004765,0.2664934496079426,455280000
2005-11-17,0.2770371437072754,0.27726636305547026,0.2643536548912938,0.2674864923673494,703260000
2005-11-18,0.27650177478790283,0.280246147129196,0.27107778079558376,0.2779540350529388,465768000
2005-11-21,0.28139209747314453,0.28185050880894547,0.27497425680054177,0.27680790214374545,454704000
2005-11-22,0.28887900710105896,0.29162950294178036,0.2806274922550932,0.2828434798888647,731700000
2005-11-23,0.288038969039917,0.2922408201330247,0.28651061333115785,0.2891850104002904,411948000
2005-11-25,0.29086580872535706,0.2913242201543603,0.2874276546983273,0.28941445032550217,116676000
2005-11-28,0.28941431641578674,0.29415067674003303,0.28421861586579655,0.2916293740613987,424524000
2005-11-29,0.2710777223110199,0.2800168673112592,0.2698546817146203,0.27229986122203087,1043136000
2005-11-30,0.2761964201927185,0.277571654322695,0.26909094822121005,0.2691670450015638,575448000
2005-12-01,0.27948135137557983,0.2807805157117174,0.2755087179392877,0.27848843209968643,562032000
2005-12-02,0.2795584499835968,0.28146821959616514,0.27581407852971634,0.2807805888686364,334476000
2005-12-05,0.2743626534938812,0.2801689588054417,0.2734458037304487,0.2801689588054417,387708000
2005-12-06,0.27550873160362244,0.2792521732586491,0.2744387865051389,0.2748211010211505,375252000
2005-12-07,0.27596718072891235,0.2782592647689494,0.27122989009012327,0.27657871463087536,352668000
2005-12-08,0.2737511992454529,0.27810617540778093,0.2706192909128827,0.2745158283984832,386664000
2005-12-09,0.27764779329299927,0.27803013527120213,0.2707715396268391,0.2745919811143189,262896000
2005-12-12,0.2816973924636841,0.2823089263691958,0.2779539502735754,0.27841238894328074,281136000
2005-12-13,0.28536462783813477,0.28780983350817235,0.28016892782947844,0.28223179175249585,443412000
2005-12-14,0.28269028663635254,0.28460095744869934,0.279329159642522,0.28322569634316014,287472000
2005-12-15,0.2791000008583069,0.2846009912869311,0.27619638309468664,0.2824611009279704,332724000
2005-12-16,0.28154435753822327,0.2827673982874402,0.27741859989366635,0.2800929990905533,1065600000
2005-12-19,0.27688395977020264,0.284218649401192,0.276196356525616,0.282155757696054,292296000
2005-12-20,0.27673086524009705,0.28078052457372904,0.2730635204155817,0.27657867171409795,304356000
2005-12-21,0.2761964201927185,0.28032217723024605,0.2736751166353964,0.27803009302315285,289380000
2005-12-22,0.28460097312927246,0.28490628919936656,0.2758910494031513,0.2759671461684289,318336000
2005-12-23,0.28681617975234985,0.2871984944346271,0.2834550511516064,0.28536482119184964,214536000
2005-12-27,0.28857365250587463,0.2917064898851481,0.28559396501418516,0.28651078773104377,367968000
2005-12-28,0.291248083114624,0.2921649058459249,0.2867400115890489,0.2885736570516508,264420000
2005-12-29,0.2847531735897064,0.2920117668696804,0.28353103491819126,0.2910949169518953,310464000
2005-12-30,0.27932918071746826,0.283225717712094,0.2781831388176493,0.2831487192600593,229608000
2006-01-03,0.2920118272304535,0.294150788938097,0.28001687031924105,0.2809336931027452,472812000
2006-01-04,0.30018725991249084,0.30064569869285923,0.29117111507322124,0.29422785632954424,510072000
2006-01-05,0.30698642134666443,0.3075218584423876,0.2997287567694702,0.3002632648561479,646092000
2006-01-06,0.31202900409698486,0.3131750459626762,0.29835350015843065,0.3105015493995174,623388000
2006-01-09,0.3207390606403351,0.3224205129340016,0.31118930892605573,0.31187691247134675,560484000
2006-01-10,0.3208159804344177,0.3208159804344177,0.3151618669145218,0.319211527015927,339660000
2006-01-11,0.3324284851551056,0.33426212983689574,0.3205866565356214,0.32112116445219135,626304000
2006-01-12,0.3276922404766083,0.3374712094193494,0.32532315783935617,0.33235253292498945,495504000
2006-01-13,0.3247886300086975,0.3296019900853761,0.3202044346173226,0.3269275914841888,421296000
2006-01-17,0.3245595097541809,0.3247126323592223,0.3160787743812076,0.32035765497129987,329232000
2006-01-18,0.3262399435043335,0.32730988868987404,0.31172371262209764,0.3147034271727277,459948000
2006-01-19,0.34434738755226135,0.3488554581445978,0.3299842806906337,0.33059488548693244,914760000
2006-01-20,0.3347206711769104,0.34885548900042535,0.3346445744074066,0.3448828550991931,461604000
2006-01-23,0.33663129806518555,0.3394578896556823,0.33273476144432884,0.3373189286038759,334884000
2006-01-24,0.3383118808269501,0.3453412547790978,0.3364782356435156,0.3373950582352328,388896000
2006-01-25,0.3353322446346283,0.3422084970874845,0.33128258447664477,0.3399925097150223,400236000
2006-01-26,0.34679266810417175,0.3470979842296663,0.3380827427976107,0.3402217043991824,448836000
2006-01-27,0.353363573551178,0.35726011053112966,0.3483970641184688,0.35130068174499596,385044000
2006-01-30,0.3493899703025818,0.3552732743165268,0.347785489975796,0.35489095983393304,315780000
2006-01-31,0.34350764751434326,0.3495431742451577,0.34083324867438897,0.3476334046082652,384456000
2006-02-01,0.3437368869781494,0.3451121485311833,0.3360198805031381,0.3373190452703261,450852000
2006-02-02,0.33326929807662964,0.34709792482620866,0.3327347900200022,0.34686870551902904,473736000
2006-02-03,0.33632516860961914,0.3404509256008733,0.330060450005137,0.33113039531632965,504252000
2006-02-06,0.34579965472221375,0.3461810675533999,0.3339569215666608,0.3354082794973231,363468000
2006-02-07,0.33349859714508057,0.3464873755474608,0.3333454745673415,0.3464873755474608,399408000
2006-02-08,0.34312522411346436,0.34312522411346436,0.3344913980617334,0.3344913980617334,393072000
2006-02-09,0.33731895685195923,0.34954310307273007,0.3351790666120387,0.34419520816711735,437100000
2006-02-10,0.3354083299636841,0.340069496570312,0.3275391309462996,0.33854113996006674,414996000
2006-02-13,0.3365544378757477,0.3389235208733797,0.33204726730932177,0.3343393518306744,280740000
2006-02-14,0.3371657431125641,0.3383878814337519,0.3327346993084506,0.3365542367713867,342348000
2006-02-15,0.34365975856781006,0.34457660843733245,0.3356374656594017,0.33647821876580025,493296000
2006-02-16,0.3606211841106415,0.36138584043240807,0.34770940812772794,0.3500775885123566,1305888000
2006-02-17,0.36268407106399536,0.38751560511209576,0.3606211794351848,0.38713329061806523,2356956000
2006-02-21,0.3549681007862091,0.3625319843391089,0.3518352631975561,0.3619204503760224,684060000
2006-02-22,0.3543565273284912,0.3571831194540682,0.34152084592241944,0.3499254545343077,939756000
2006-02-23,0.34893161058425903,0.35565569648809126,0.34793869112154696,0.35328658666078583,385128000
2006-02-24,0.3488554060459137,0.3546617384592387,0.3470217612367438,0.3504598862396204,416412000
2006-02-27,0.3629903495311737,0.36520543505059133,0.3478625843506523,0.35152992964405033,666468000
2006-02-28,0.3600867986679077,0.36444177542959955,0.3565725752751692,0.3613859634528809,563316000
2006-03-01,0.3737633228302002,0.37590228515011487,0.35909396282847694,0.36138604776713923,703932000
2006-03-02,0.3742976486682892,0.3795694469216988,0.36948426171435117,0.3733807987455515,545460000
2006-03-03,0.375596821308136,0.38209078617739717,0.3701719273215582,0.3708595579976715,595800000
2006-03-06,0.3748321235179901,0.38545274486017056,0.37299845115880775,0.3829314419508208,529020000
2006-03-07,0.3684143126010895,0.3778118670960595,0.36100355315048205,0.37490917847163513,606204000
2006-03-08,0.36658066511154175,0.3704011329185011,0.35343969527317587,0.36849136351955375,670800000
2006-03-09,0.3684912919998169,0.3772012147948928,0.3682620727195028,0.37101256746431865,536700000
2006-03-10,0.36207354068756104,0.37276933186687494,0.3587876081414803,0.3681090396376494,521580000
2006-03-13,0.366428405046463,0.3681850515736194,0.3629902797413524,0.36574077452068265,372132000
2006-03-14,0.3765898644924164,0.37811822147064617,0.36535863343770064,0.3667338951419692,627792000
2006-03-15,0.3826252818107605,0.38316071891993414,0.37590212515135396,0.37735348323096096,510600000
2006-03-16,0.36963751912117004,0.38377144005157854,0.36833835419249933,0.3833130285848549,568416000
2006-03-17,0.3726172149181366,0.37361013459433373,0.36237890397314404,0.3678799232540746,618588000
2006-03-20,0.3697895109653473,0.3759781306992958,0.3694080981875618,0.3759020339455074,293772000
2006-03-21,0.3880501985549927,0.3950025749511251,0.3778889426742373,0.3880501985549927,1235472000
2006-03-22,0.37689509987831116,0.38002790995736035,0.3684143667264624,0.37819423718604717,1158576000
2006-03-23,0.38392457365989685,0.38545295813643,0.3739155078927293,0.3781943614442192,661992000
2006-03-24,0.39691317081451416,0.39760080137830583,0.38430671066557276,0.3849173154581124,687936000
2006-03-27,0.40760892629623413,0.4079151440141444,0.39591928965318396,0.39721845391065524,651444000
2006-03-28,0.4138745665550232,0.4192985574491988,0.40493542473215,0.4057752487398644,795204000
2006-03-29,0.43610790371894836,0.4368716311571347,0.41219318794371407,0.41563131394348324,987096000
2006-03-30,0.4390876293182373,0.4414558101505321,0.42869622527759277,0.43656632592609923,1063308000
2006-03-31,0.4374829828739166,0.44489373989618797,0.4348085581022077,0.4387812178801816,835560000
2006-04-03,0.442372590303421,0.44848514175298426,0.4342742001075842,0.4397752177094859,968916000
2006-04-04,0.4630774259567261,0.4637650564680621,0.44252564567718417,0.44298405691014464,1200612000
2006-04-05,0.4668217599391937,0.4691138433837424,0.4523816014499893,0.46223759305009643,1112976000
2006-04-06,0.46773871779441833,0.4712529407336204,0.45918095894925204,0.4655988272404619,789312000
2006-04-07,0.4665157198905945,0.4698777497796722,0.4573473820837878,0.4657520196256508,682674000
2006-04-10,0.4584173262119293,0.46819722532640284,0.4549031027559387,0.46544670213317474,634230000
2006-04-11,0.447262167930603,0.45994568479433334,0.44451167221426585,0.45994568479433334,702072000
2006-04-12,0.46529343724250793,0.46773864352560285,0.4477204673185263,0.4501656736016213,598308000
2006-04-13,0.45230475068092346,0.46055623738101714,0.4504710778618586,0.45536146406167405,738360000
2006-04-17,0.4535277187824249,0.4648350700189269,0.44986037373022736,0.4515409510356593,443868000
2006-04-18,0.44283103942871094,0.4455815346329752,0.4307590587884918,0.4454284120842264,1165488000
2006-04-19,0.4455815255641937,0.450471009334843,0.43396798379754814,0.4400805079438305,517476000
2006-04-20,0.44497010111808777,0.4529162997582018,0.43427430833888003,0.4416090003027254,552684000
2006-04-21,0.42892539501190186,0.4481789152578875,0.4237305952776154,0.4463452427596326,770016000
2006-04-24,0.44206735491752625,0.44634530534058886,0.4240359708059089,0.43167595062159003,676848000
2006-04-25,0.44176116585731506,0.4428311112063121,0.42938389444622627,0.4370247764443933,719766000
2006-04-26,0.43870529532432556,0.450165715101575,0.43396800486036163,0.44344255846449343,330528000
2006-04-27,0.4457346498966217,0.4498603789736893,0.42755014528292207,0.43702469846518277,462966000
2006-04-28,0.44649839401245117,0.4521525347589333,0.4422195419669983,0.44603998266130646,284736000
2006-05-01,0.4721696078777313,0.4808795574072926,0.4495540630417566,0.4495540630417566,902472000
2006-05-02,0.47155824303627014,0.48133808577844284,0.4634598521181377,0.4756839724509269,539700000
2006-05-03,0.4746149182319641,0.479809718115019,0.4657518988859378,0.4662102828688861,378114000
2006-05-04,0.47155824303627014,0.4767539176965601,0.4628482908921364,0.4652934974918532,511128000
2006-05-05,0.4779760241508484,0.4796575305087081,0.4674324273464046,0.47400341756376324,338184000
2006-05-08,0.4758370518684387,0.4871444031367953,0.4714060067470674,0.4767538744721737,503622000
2006-05-09,0.4613206684589386,0.4776706215640577,0.46070916210260104,0.4752254158523218,561648000
2006-05-10,0.4510825574398041,0.4611677430672877,0.44649836228273293,0.4558198204997554,753264000
2006-05-11,0.43503785133361816,0.4599455077412677,0.43152362942600186,0.45566662957473214,1201110000
2006-05-12,0.4023371934890747,0.42678641568421677,0.3933219533446313,0.42464745438814466,1568172000
2006-05-15,0.40814444422721863,0.41165866688995223,0.3980592585507581,0.4015734812134916,553380000
2006-05-16,0.39744752645492554,0.41058851691935955,0.3948501550529955,0.4104363234531044,497532000
2006-05-17,0.3814031481742859,0.3983645861227876,0.37437377363721674,0.39607250212897355,841074000
2006-05-18,0.3641362488269806,0.3881261227310976,0.36367783767589107,0.38445880619859546,686730000
2006-05-19,0.37177643179893494,0.38048635780504086,0.36383023334868225,0.3674975792429797,932808000
2006-05-22,0.3667336702346802,0.3705541094945219,0.3566484876772081,0.3697894806315656,734886000
2006-05-23,0.36276113986968994,0.3830837057465354,0.3612327832822576,0.3743737809354863,532314000
2006-05-24,0.36749744415283203,0.37834725695319427,0.3577184780355537,0.3659699896026099,579522000
2006-05-25,0.36551156640052795,0.3798746717447053,0.3635247716691294,0.37437368242926583,423666000
2006-05-26,0.3662753701210022,0.3693311814444985,0.36245490237889627,0.36688687666552544,294642000
2006-05-30,0.35099443793296814,0.3670390232791431,0.3508422444111849,0.3668868297573598,448788000
2006-05-31,0.3511475920677185,0.35909381663720197,0.3490086306186,0.35573178740257155,598422000
2006-06-01,0.36948421597480774,0.36948421597480774,0.34961916409843957,0.3551201809824951,537126000
2006-06-02,0.3641362488269806,0.3772772409805486,0.3604689049706929,0.3754435690524048,673710000
2006-06-05,0.3488554060459137,0.3688726496730374,0.34778546112969694,0.3621495221789161,581052000
2006-06-06,0.339534193277359,0.35359294837726996,0.330060564463201,0.3532867304585631,824130000
2006-06-07,0.3334224820137024,0.3438129576878446,0.33082415267639415,0.3432014237435548,565380000
2006-06-08,0.32730984687805176,0.33388080900776984,0.3141688789513371,0.3296019304974606,730572000
2006-06-09,0.3262399435043335,0.33724195174769306,0.3234894482744425,0.3315887677467838,433824000
2006-06-12,0.30820944905281067,0.32486466640905165,0.30637577670179766,0.3205867169293045,463230000
2006-06-13,0.303472101688385,0.31432101120478634,0.3005684848452181,0.3080562680336455,532548000
2006-06-14,0.3123352825641632,0.31325210530541986,0.3020969732234856,0.3053059074654813,480492000
2006-06-15,0.33968719840049744,0.34075714371262966,0.3211974023650164,0.3237957043612008,837336000
2006-06-16,0.33097729086875916,0.3383119551859975,0.3277683564448547,0.33739513239276775,503448000
2006-06-19,0.32104524970054626,0.33632521174598845,0.32028059309463996,0.334644661288734,388044000
2006-06-20,0.31600263714790344,0.3231842066301397,0.31096005684422195,0.31218219585241525,535818000
2006-06-21,0.31951671838760376,0.3245592960157421,0.3146272359398807,0.3146272359398807,441174000
2006-06-22,0.31019535660743713,0.32394786010234816,0.30805636791823965,0.32303103746553896,532338000
2006-06-23,0.3103485107421875,0.3167663523894271,0.30668119217505113,0.30958478318703403,335202000
2006-06-26,0.30744484066963196,0.3132520763639586,0.30591741314016113,0.3098900471885197,281736000
2006-06-27,0.2976658046245575,0.30958463196233976,0.2935400493435363,0.30927841427675806,608514000
2006-06-28,0.31416887044906616,0.31905832628407016,0.2921648300449222,0.29995793053428477,833376000
2006-06-29,0.32837975025177,0.32837975025177,0.30454206724091737,0.30561108314517926,687666000
2006-06-30,0.3253231346607208,0.3367835547076162,0.3228788571037624,0.3315887818041622,468240000
2006-07-03,0.3300603926181793,0.3331161764431389,0.3277682815115197,0.33281088769285927,174696000
2006-07-05,0.3152379095554352,0.3277682732802507,0.3152379095554352,0.32486468306074817,459708000
2006-07-06,0.30545899271965027,0.31829467462025074,0.302250085906399,0.31523796136072746,470634000
2006-07-07,0.2959843873977661,0.30820946227791557,0.2926232602874054,0.30759792846502904,541230000
2006-07-10,0.28314873576164246,0.29888803452386303,0.28055133573432317,0.2967490458184282,449922000
2006-07-11,0.29262328147888184,0.29369232496049125,0.27810614916503934,0.2822318782758926,600582000
2006-07-12,0.2785646319389343,0.2949154410099744,0.278259315774639,0.2915534111084571,461034000
2006-07-13,0.27138301730155945,0.2811628875313415,0.27000775592444026,0.2742866352933406,540582000
2006-07-14,0.27000778913497925,0.2779539876139049,0.2623678084926008,0.2764256308112575,572148000
2006-07-17,0.27214670181274414,0.2752034145596205,0.2674103408494024,0.268785574685668,502806000
2006-07-18,0.28696921467781067,0.28987283287369675,0.27138303637797795,0.2814682234302459,979332000
2006-07-19,0.2994995713233948,0.30316688925809526,0.28360714985432856,0.2857470402659307,1055550000
2006-07-20,0.29354020953178406,0.3101954332407273,0.29308179810012963,0.3048475366777128,505602000
2006-07-21,0.27153611183166504,0.28483023224572185,0.2693962213101308,0.2836071644240134,633918000
2006-07-24,0.29888805747032166,0.3057643097978845,0.28009294591594497,0.2816213025505134,983178000
2006-07-25,0.3094315826892853,0.31264048875961026,0.29812426003631887,0.30255533197533907,574104000
2006-07-26,0.3094315826892853,0.3130989273329065,0.3002632210802322,0.3094315826892853,495318000
2006-07-27,0.31386274099349976,0.32624001315623735,0.3082095557856413,0.31340432957794684,694338000
2006-07-28,0.3464103043079376,0.3470218381574142,0.3201283112395443,0.32196198377895374,815298000
2006-07-31,0.3383118808269501,0.34625810469460927,0.3373950582352328,0.3427429532140335,594762000
2006-08-01,0.32471248507499695,0.33479764239838905,0.3185999340059004,0.3341861085887915,600966000
2006-08-02,0.34961917996406555,0.3513006588188151,0.33113031730953557,0.3318940173045022,756774000
2006-08-03,0.37162336707115173,0.3810979230968507,0.3435076929018493,0.3483971781594974,890568000
2006-08-04,0.36658066511154175,0.38201467523561256,0.3571070132034491,0.38140314135691283,818232000
2006-08-07,0.36230266094207764,0.36688682816393237,0.35527328757924714,0.36016277085227255,436146000
2006-08-08,0.37192949652671814,0.37972257118517416,0.36428858809118736,0.36520543808405054,619806000
2006-08-09,0.37177643179893494,0.38965472254078454,0.3690259360401122,0.37926421884335065,584706000
2006-08-10,0.3691789507865906,0.3713179394172919,0.36138587661544763,0.3676505943227571,1072140000
2006-08-11,0.35756537318229675,0.3668868302079878,0.34106237655643407,0.34228451512926783,1603272000
2006-08-14,0.35573169589042664,0.36566375679759167,0.353744901175939,0.361996412402654,809412000
2006-08-15,0.3899599611759186,0.3919467564469718,0.3613859089119379,0.3649001317743042,902172000
2006-08-16,0.4179233908653259,0.41960486995453805,0.38201467659941624,0.39209983509841695,1029246000
2006-08-17,0.4113534390926361,0.42357761609333755,0.4072276816723087,0.41272870067401246,814224000
2006-08-18,0.4180765450000763,0.4202155065692428,0.39744776046874736,0.411811826524644,665898000
2006-08-21,0.4026433527469635,0.41257541405524384,0.4017265302730972,0.4118117141045803,500220000
2006-08-22,0.4020319879055023,0.4131871214210209,0.40111516504642164,0.40142048121222507,473928000
2006-08-23,0.4017265737056732,0.409213429791734,0.3928635274273513,0.4050876735656989,485412000
2006-08-24,0.405852347612381,0.40799130892207036,0.3963777670950538,0.4027956073569422,260802000
2006-08-25,0.4046292304992676,0.41181172628345714,0.3988229247992521,0.4027955581735154,238314000
2006-08-28,0.41853493452072144,0.4304537932554536,0.4105887372437347,0.4113533663721155,764562000
2006-08-29,0.4374829828739166,0.43946884825855514,0.41945160716286223,0.4225074173284096,727962000
2006-08-30,0.44649839401245117,0.4510825894952911,0.43885841430915334,0.4399274578874771,681564000
2006-08-31,0.44481781125068665,0.4474152112534687,0.43519106428687254,0.4454284161093251,511278000
2006-09-01,0.42617490887641907,0.4417611127763058,0.42449435877726066,0.4382468626990233,605742000
2006-09-05,0.43549644947052,0.4371769998864622,0.42128553153736625,0.42755025079134523,549354000
2006-09-06,0.4136454164981842,0.4284669629192719,0.4125754713525242,0.4278563580832214,493572000
2006-09-07,0.4218970239162445,0.43121758217497425,0.40249040379977413,0.40692144990358575,742836000
2006-09-08,0.4232722222805023,0.4304537903811543,0.41395076372750567,0.4286201177169937,447978000
2006-09-11,0.4298422038555145,0.4347325890433698,0.40906122953619556,0.413797590501634,598266000
2006-09-12,0.4411504864692688,0.4439010091494161,0.4267864484677448,0.42785639370247824,498432000
2006-09-13,0.4446646273136139,0.45047093270470906,0.44084416033764356,0.4422194213397358,476286000
2006-09-14,0.4429841637611389,0.45077726589638223,0.4371769278735328,0.4425257524176063,428814000
2006-09-15,0.4516941010951996,0.45383308996089605,0.44237264211234745,0.4445116309780439,649764000
2006-09-18,0.4688076972961426,0.4695723263957599,0.45154097106253827,0.45291620502526125,793896000
2006-09-19,0.4565836191177368,0.46911401316653517,0.45276317809909694,0.4657519835379563,708054000
2006-09-20,0.4732395112514496,0.47385014323143576,0.4616259729938221,0.46254279532496834,511884000
2006-09-21,0.4694191515445709,0.47751754021978726,0.4649880526010991,0.47278117990000373,539106000
2006-09-22,0.4555135667324066,0.4709475480694399,0.45031879444958106,0.46804395783697106,653334000
2006-09-25,0.47186437249183655,0.4738502658060354,0.4498603576145081,0.4623898470832172,684486000
2006-09-26,0.4619314670562744,0.4726281871062921,0.45597203763513144,0.47140604831402383,516120000
2006-09-27,0.4605560898780823,0.4752254677324195,0.45612504548038196,0.4605560898780823,578142000
2006-09-28,0.4518461525440216,0.4536798247160535,0.44053885813845367,0.44252562550159097,647346000
2006-09-29,0.45215243101119995,0.4584171478998079,0.4497072249313859,0.4549029258107566,373890000
2006-10-02,0.44069209694862366,0.45291624508588296,0.43702475140939273,0.45001265435236054,647442000
2006-10-03,0.43244048953056335,0.4358016165363674,0.4228137437288717,0.43244048953056335,907692000
2006-10-04,0.4749200642108917,0.4750731867025682,0.4318288430115931,0.4330510085951403,1460382000
2006-10-05,0.4614730179309845,0.47782385092386537,0.46025087916641577,0.4730865604023605,662682000
2006-10-06,0.47262826561927795,0.47751775060969015,0.46086252738086264,0.46223778895998385,593610000
2006-10-09,0.5030369162559509,0.5093016080770382,0.47018305105088304,0.47155831260786657,932304000
2006-10-10,0.49157652258872986,0.502425383791013,0.48592235345474394,0.500438615451315,624648000
2006-10-11,0.4943269193172455,0.5030368719797762,0.48149123699450375,0.4889781217798316,481944000
2006-10-12,0.4963127374649048,0.5065510179253407,0.48913116989927313,0.4970773665312157,414720000
2006-10-13,0.5160248279571533,0.5189284192000043,0.48653391956214453,0.49463231221928455,584190000
2006-10-16,0.5151078104972839,0.5261097902414018,0.5059394211804055,0.5177060845846538,478968000
2006-10-17,0.49539607763290405,0.51021858690316,0.4905066463975007,0.5067043628503269,526506000
2006-10-18,0.4822550117969513,0.5080794454327123,0.47874078860593783,0.5027306476736813,822750000
2006-10-19,0.4914233684539795,0.49509071436525426,0.4766009168761521,0.48042133072015536,473040000
2006-10-20,0.48576924204826355,0.4955490859198627,0.47874079556408333,0.49524376977615275,359478000
2006-10-23,0.48256009817123413,0.496465721333198,0.4813379596960547,0.48469998810197445,280248000
2006-10-24,0.4966188967227936,0.5021199412838274,0.48210176559708184,0.4834770267373403,519288000
2006-10-25,0.5012032389640808,0.5088432473403502,0.49295172389112357,0.5013554325431939,389436000
2006-10-26,0.5170944929122925,0.5187750151764275,0.5024251161402006,0.5024251161402006,366690000
2006-10-27,0.4947851598262787,0.5285549023454714,0.4889779259204327,0.5170944860491189,566988000
2006-10-30,0.5007448792457581,0.5096069724377725,0.4927986799532685,0.498146549458126,479592000
2006-10-31,0.5328338146209717,0.5328338146209717,0.5091483504064408,0.5117466243324161,996174000
2006-11-01,0.49172842502593994,0.5306938386375525,0.48439373707531314,0.5258043563400481,1176540000
2006-11-02,0.4883674681186676,0.5047173727701085,0.4816434094400712,0.49402070717333196,862944000
2006-11-03,0.4981462359428406,0.4987577969320263,0.4859220656960399,0.49386831463505415,548070000
2006-11-06,0.5132741928100586,0.5201504449110408,0.4932569430835769,0.49952168860809426,739602000
2006-11-07,0.5210675001144409,0.5265684927435295,0.5141911910185645,0.5170948372674741,553254000
2006-11-08,0.5287081003189087,0.5351259125019033,0.5161777373532448,0.5173998759062122,648324000
2006-11-09,0.5392517447471619,0.5531564410487915,0.5346675771577273,0.5395570608228142,1207758000
2006-11-10,0.5262631773948669,0.5372652173186994,0.5129690526511878,0.5346678162866482,1317192000
2006-11-13,0.5501008033752441,0.5516291328824225,0.5271799046901741,0.5273330272731866,852282000
2006-11-14,0.5556017756462097,0.5566717210239017,0.5363482236078416,0.5481139613731947,628530000
2006-11-15,0.5464332103729248,0.5615609715283463,0.5433773724540666,0.553920966874365,491892000
2006-11-16,0.5534626841545105,0.5554485228574745,0.5439881039248653,0.5487253940396879,457182000
2006-11-17,0.5549900531768799,0.5565184368345419,0.5462801571346481,0.5496421858598582,361608000
2006-11-20,0.5601856708526611,0.5632414539072401,0.5439879659146025,0.5481136938246055,608634000
2006-11-21,0.5514757037162781,0.5627830515134825,0.547655291929243,0.5618662291911954,387384000
2006-11-22,0.560949444770813,0.5615610058545294,0.550558972229173,0.5534626168205576,240258000
2006-11-24,0.5650756359100342,0.566298704313054,0.5531567712046042,0.5581993804217371,144336000
2006-11-27,0.5395570993423462,0.5692010682476576,0.5357366315262073,0.561714238825297,585294000
2006-11-28,0.5496422648429871,0.5545317489195288,0.5293187704083536,0.5377234062484383,480966000
2006-11-29,0.5577405095100403,0.564464566165788,0.5525457106925816,0.5546847262123898,579792000
2006-11-30,0.5652286410331726,0.5698128104056589,0.5510176941194214,0.557740825576266,583632000
2006-12-01,0.5430713891983032,0.5597274855225267,0.5381819045796062,0.5589637853275373,785010000
2006-12-04,0.5650756359100342,0.57210501403205,0.5481141619874713,0.5501009855399752,621570000
2006-12-05,0.5592690706253052,0.5624779774572987,0.5530043248774698,0.5591159480615578,663354000
2006-12-06,0.5585051774978638,0.561102577088287,0.5508642978821987,0.561102577088287,478242000
2006-12-07,0.545058012008667,0.5615610360090858,0.5401685286933603,0.5585051977393437,486894000
2006-12-08,0.5432242751121521,0.55071208660814,0.5332922412779578,0.541085314159266,564858000
2006-12-11,0.5525459051132202,0.5591159672043633,0.5421545004518564,0.5433775683378534,515484000
2006-12-12,0.5468918681144714,0.5502538980968718,0.5395572304539953,0.548420252343654,568116000
2006-12-13,0.5533095598220825,0.5577406048390072,0.5513227921165511,0.5513227921165511,491952000
2006-12-14,0.5630894899368286,0.5701179905585501,0.5572823084489162,0.5577406924882196,715380000
2006-12-15,0.5730215907096863,0.5730215907096863,0.5632416927396605,0.5667568447935707,746094000
2006-12-18,0.5829534530639648,0.5898297028915334,0.5733266814463386,0.5736328718140906,688356000
2006-12-19,0.5913581252098083,0.5944139634898906,0.5747020332692416,0.5754666622721728,545622000
2006-12-20,0.5846351385116577,0.5953309302933546,0.5841766998138213,0.5883024841515565,306594000
2006-12-21,0.5795925259590149,0.5895246174679547,0.5730215895678692,0.5878440399090576,367920000
2006-12-22,0.5658397078514099,0.5806612756304181,0.5630891865073656,0.5786753830443383,370170000
2006-12-26,0.5656869411468506,0.5739384557210531,0.5633948568011056,0.5688959029489747,228192000
2006-12-27,0.5731748938560486,0.5751607335229004,0.5681322852190813,0.5681322852190813,264954000
2006-12-28,0.5690487623214722,0.5743966839301652,0.5664504884173325,0.5737851228469778,213912000
2006-12-29,0.5655335783958435,0.5809675846110137,0.5649230010046425,0.5690487292158211,386094000
2007-01-03,0.5513229370117188,0.5733269580035913,0.5316109457537389,0.5664507048591063,1154820000
2007-01-04,0.5487253069877625,0.5513227064367833,0.5352780678289266,0.5493368134012812,797298000
2007-01-05,0.5143442749977112,0.5378766828239382,0.5106769286378953,0.5357367917697179,1243344000
2007-01-08,0.5181644558906555,0.5280964892738161,0.5073146164327306,0.5161776885400077,657270000
2007-01-09,0.5080791115760803,0.5224422400506498,0.5074676053377591,0.518928019168816,764166000
2007-01-10,0.5331392288208008,0.5378765192672182,0.4950906243717421,0.5027305763093916,1108746000
2007-01-11,0.5311524868011475,0.5372650388425294,0.5224425345905549,0.5331392547487978,924504000
2007-01-12,0.5383350253105164,0.5404739869727591,0.5207620516316194,0.5232072584371953,698190000
2007-01-16,0.5392517447471619,0.5427659672059008,0.5331391934090528,0.5424606511302484,711864000
2007-01-17,0.52794349193573,0.5349728654977711,0.5259575986810356,0.5317639046334646,707934000
2007-01-18,0.48424163460731506,0.5233593037101949,0.47767069990156136,0.5233593037101949,1501638000
2007-01-19,0.4871443808078766,0.49722953828187283,0.4756839075199335,0.47904593634759013,942606000
2007-01-22,0.4871443808078766,0.4996747445478183,0.48531068103686753,0.4917285482640191,730644000
2007-01-23,0.48729750514030457,0.49509063443646995,0.4758370851725237,0.4848522985911385,630354000
2007-01-24,0.5024253129959106,0.5089963040787691,0.49127020818513806,0.49356229237289395,685722000
2007-01-25,0.4848521649837494,0.5088429981794284,0.48240788811721713,0.5070092987013276,616284000
2007-01-26,0.48087966442108154,0.49371534498325026,0.4721697129532289,0.4889780547104173,829584000
2007-01-29,0.46116775274276733,0.4790459858085979,0.4570419688177041,0.4787407243578919,1258284000
2007-01-30,0.47003063559532166,0.47308641877266405,0.4600976735178785,0.46422340159362907,636174000
2007-01-31,0.4683494567871094,0.4727814324594025,0.46193158703297843,0.46773882441312875,467976000
2007-02-01,0.47430863976478577,0.47675384599676396,0.46300134381937713,0.4639181663683524,650898000
2007-02-02,0.48668572306632996,0.4889778057623597,0.47293322689015166,0.4769067604236069,586590000
2007-02-05,0.49463218450546265,0.49875796838838804,0.48821437132881224,0.4889780714237006,579906000
2007-02-06,0.5122051239013672,0.518622936676567,0.4982994985711786,0.505787256478579,775386000
2007-02-07,0.5322225689888,0.5334447081078737,0.5132743304155564,0.516331044403456,761058000
2007-02-08,0.5253461003303528,0.5328338579549012,0.5195397942880646,0.5241239617107788,726276000
2007-02-09,0.4989108741283417,0.5323753543714779,0.49692410692797806,0.5279433814724601,937956000
2007-02-12,0.5099130868911743,0.5207620003627593,0.4972295990629361,0.5025783962057231,789360000
2007-02-13,0.5195397734642029,0.5236655021202463,0.512968784010468,0.5181645123629938,849732000
2007-02-14,0.5126635432243347,0.5271797455127369,0.5114404755956262,0.5241239617826925,1081848000
2007-02-15,0.5157195925712585,0.5183169936852892,0.507468076029852,0.5123575620360725,488682000
2007-02-16,0.49998021125793457,0.514191101865146,0.49845275610245376,0.5135805241952169,915060000
2007-02-20,0.5044122338294983,0.5071627026013114,0.4972297347318106,0.5007448874861391,625578000
2007-02-21,0.49692419171333313,0.5056341421339294,0.49188158596206244,0.5002862203346247,655332000
2007-02-22,0.5001332759857178,0.5128158916420354,0.49891113699684375,0.5047174447936541,655452000
2007-02-23,0.4989108741283417,0.5051756173641895,0.49875780627356614,0.5048703013682485,403050000
2007-02-26,0.49127012491226196,0.504105805117499,0.4905064248647137,0.5002862665755784,494070000
2007-02-27,0.4764486253261566,0.4973826964449842,0.4756839415909886,0.48592222233618004,714630000
2007-02-28,0.473698228597641,0.48393558305255197,0.46926625317594645,0.4750734902277364,780048000
2007-03-01,0.46789082884788513,0.4766007797114065,0.4573472328802467,0.4634597839762684,837228000
2007-03-02,0.4549029469490051,0.46941920355840117,0.45398609709068827,0.4637650911703365,682728000
2007-03-05,0.43946900963783264,0.45581981462055,0.4379415548366116,0.4469567951602076,663558000
2007-03-06,0.4654465913772583,0.47048919781572224,0.4472620863958434,0.4490957589803944,805974000
2007-03-07,0.45230475068092346,0.46529352833570575,0.4503188843020947,0.4631545667117501,811656000
2007-03-08,0.4709477424621582,0.4761425442130313,0.4614731585324362,0.461779403735591,770622000
2007-03-09,0.46621036529541016,0.4828665164198713,0.4608624965679144,0.47751771868318527,555306000
2007-03-12,0.463459849357605,0.4701829788816083,0.46025088800132546,0.46086244922368413,428010000
2007-03-13,0.4439009726047516,0.46147298684565763,0.44359472751553247,0.4587225190395393,617070000
2007-03-14,0.44176116585731506,0.44772056854520254,0.4284670443469976,0.4451231954686841,971610000
2007-03-15,0.4373301565647125,0.4446648491364246,0.4306069980437518,0.440692186667954,655752000
2007-03-16,0.43320420384407043,0.4383999047517174,0.4301483929843495,0.43763527577294986,525648000
2007-03-19,0.4353432357311249,0.4423725823353666,0.43396797452447217,0.43549633094969115,461508000
2007-03-20,0.43320420384407043,0.4439009217045599,0.43152365405350795,0.43396793113772153,656490000
2007-03-21,0.45795875787734985,0.46514029759069875,0.44221946099250503,0.4507771908402084,1268376000
2007-03-22,0.46804389357566833,0.4707943608921315,0.45627816044560626,0.45841712134909884,810954000
2007-03-23,0.4628481864929199,0.47278120420098835,0.4594870869735694,0.4645296925852769,524640000
2007-03-26,0.463765025138855,0.46758543726633056,0.45536129338132025,0.46315439311035533,447336000
2007-03-27,0.45505523681640625,0.4636129411531905,0.4545968254520905,0.46269611842455904,469020000
2007-03-28,0.4463452696800232,0.45505519407920964,0.4455815422650723,0.45123565531919535,459504000
2007-03-29,0.43855220079421997,0.4536799667963537,0.43137063237191414,0.4530693618870075,719016000
2007-03-30,0.4397752583026886,0.44772052668679035,0.4374831742546087,0.4445116199489974,581244000
2007-04-02,0.4393167793750763,0.4423725630835273,0.4321342832172589,0.4387052455650434,400830000
2007-04-03,0.4376353621482849,0.44420629809819323,0.4335096054503074,0.4393168412796259,473724000
2007-04-04,0.436718612909317,0.4405390817071207,0.4354964738440186,0.4370248307707193,361692000
2007-04-05,0.4721696078777313,0.47262804640734213,0.4385520574830856,0.4385520574830856,1332900000
2007-04-09,0.4636128544807434,0.4775176049577176,0.46269603192351194,0.47216968285628214,640950000
2007-04-10,0.4588756561279297,0.4683493078239684,0.4579588061730367,0.46300138529166407,794220000
2007-04-11,0.45062410831451416,0.4643766388182096,0.4490957518438919,0.4597924710915761,810150000
2007-04-12,0.463459849357605,0.4648351107034971,0.44527624504956326,0.44817896129011603,743640000
2007-04-13,0.46728023886680603,0.46819711614914783,0.4562782579546148,0.4619314419517357,638694000
2007-04-16,0.46483513712882996,0.4695723733629837,0.45887570738957345,0.46605727598633584,671838000
2007-04-17,0.4692661166191101,0.4874505937548501,0.46697403278515115,0.4766008067468144,1059108000
2007-04-18,0.4750734269618988,0.4791991566551538,0.46605728373897537,0.4685024358562118,683802000
2007-04-19,0.48164334893226624,0.48439387133802536,0.46987761391270105,0.47125287511558067,568056000
2007-04-20,0.48729750514030457,0.48897808256809544,0.4808796918173845,0.48867276646595686,590052000
2007-04-23,0.4793514311313629,0.48592236869865013,0.47797616945226284,0.4850055457951191,595272000
2007-04-24,0.4973827302455902,0.5018137757823543,0.4842417325378478,0.48745063927553695,1028088000
2007-04-25,0.5059396028518677,0.5086901260993404,0.4943269868205565,0.4966190713109155,509640000
2007-04-26,0.5122051239013672,0.5160246624411307,0.5013552824162367,0.505939450012119,500070000
2007-04-27,0.5053290724754333,0.5161779892446754,0.4972297502018187,0.5105238742791566,554058000
2007-04-30,0.5025781989097595,0.5186227806689554,0.5024250764132787,0.5122049698243057,563388000
2007-05-01,0.5079262852668762,0.5151078529189667,0.5038005015373643,0.5117466982649711,544554000
2007-05-02,0.5019667744636536,0.5126634919334551,0.499369374947256,0.5105236019636865,659658000
2007-05-03,0.5114402770996094,0.5148023045983683,0.5057870411398045,0.5067039179866915,500250000
2007-05-04,0.5151078104972839,0.5177060845846538,0.509301449918957,0.5141909333122864,405246000
2007-05-07,0.5048703551292419,0.5284018215899126,0.5042588487110599,0.5225955162340722,557100000
2007-05-08,0.5086901783943176,0.5099132465642731,0.4920349529129643,0.5018139242163397,737100000
2007-05-09,0.5109821557998657,0.5138858013247951,0.49921641844133174,0.5050227258344087,417870000
2007-05-10,0.5015082955360413,0.5198449619187427,0.4970772514494983,0.5131218345343621,802584000
2007-05-11,0.5369598269462585,0.5421545736452946,0.5204567966635718,0.528555189215253,1530630000
2007-05-14,0.5316108465194702,0.5398623596820865,0.5265682946100212,0.5348198077726375,731568000
2007-05-15,0.5268745422363281,0.5363481951756321,0.5256515289933951,0.5331392882218776,621360000
2007-05-16,0.5335977673530579,0.5335977673530579,0.5172478605678756,0.5273330208928171,523104000
2007-05-17,0.524734377861023,0.5348195868083333,0.5216785950709081,0.5320690653413269,443664000
2007-05-18,0.5351257920265198,0.5366532462835129,0.524276008632807,0.528707981288397,604266000
2007-05-21,0.5368064641952515,0.550100581155219,0.5310001587445319,0.5335975582558043,645768000
2007-05-22,0.5397100448608398,0.54459952776623,0.5285549436961144,0.5372648935512965,401736000
2007-05-23,0.5253461003303528,0.5432243314199035,0.5238177166372637,0.5400154251535207,448248000
2007-05-24,0.5063978433609009,0.5293186792912856,0.5042588822967157,0.5277912793335948,607800000
2007-05-25,0.5143442749977112,0.5169416758304168,0.5085379665930198,0.5100654218986154,308976000
2007-05-29,0.5198449492454529,0.5215255261221656,0.5106766162776167,0.5122049996577066,316242000
2007-05-30,0.5210675001144409,0.5210675001144409,0.5073149365703007,0.5137328068439144,331650000
2007-05-31,0.5293187499046326,0.5325277110810421,0.5224424982081962,0.5248877046562889,481572000
2007-06-01,0.5329861640930176,0.5432244461933926,0.532069341344284,0.5352782482886506,429084000
2007-06-04,0.5358898043632507,0.5389455887088977,0.5259577128497372,0.5280966744555344,322002000
2007-06-05,0.5517812967300415,0.5526981195126276,0.5365013359852054,0.5374181587677915,698586000
2007-06-06,0.5559071898460388,0.5647702125585837,0.5456697797288603,0.5479618644569935,950736000
2007-06-07,0.5499476194381714,0.5615611627442706,0.5497954258813854,0.5533096488818292,791862000
2007-06-08,0.5585051774978638,0.5592689321091778,0.5386401255324963,0.5453633082972887,533268000
2007-06-11,0.5604910254478455,0.5638530537398129,0.555448420190518,0.5585051324643583,434634000
2007-06-12,0.554684579372406,0.5653812389195305,0.5543792634318434,0.5575881683951218,526770000
2007-06-13,0.5679789185523987,0.5681320411027063,0.5536149085226867,0.5607973507182716,587232000
2007-06-14,0.5780639052391052,0.580202865765797,0.5646166684611973,0.5653812972568201,508548000
2007-06-15,0.6043468713760376,0.608931038230764,0.5844818204534128,0.5846349429711981,1081998000
2007-06-18,0.6046522855758667,0.6125984821073387,0.5997628019005504,0.6104585918414704,685662000
2007-06-19,0.6084725260734558,0.6098477321219294,0.5967058663813721,0.6008315938219289,491952000
2007-06-20,0.609083354473114,0.6142790834370963,0.6049576253315365,0.6112232448227424,822792000
2007-06-21,0.6567586064338684,0.6621074569225566,0.6161126107465558,0.6208499001667931,1297326000
2007-06-22,0.6665385961532593,0.6703590636664871,0.6471319808180472,0.6570649449735356,882618000
2007-06-25,0.6489658355712891,0.6637882881403417,0.6419373884393855,0.6478968191127831,819702000
2007-06-26,0.6188631653785706,0.649118690378967,0.6173347817788626,0.647284990733365,868482000
2007-06-27,0.6355195045471191,0.6362832594640101,0.6158075672208647,0.6188634066024921,613140000
2007-06-28,0.641631007194519,0.6485073139345674,0.6310874097232367,0.637353084249081,597534000
2007-06-29,0.6312404870986938,0.646062935463556,0.6309351710134455,0.645909867564007,516570000
2007-07-02,0.6575234532356262,0.6578287146936148,0.6382699037545245,0.6402557973068523,563850000
2007-07-03,0.6585924029350281,0.6637880770216702,0.6517161515714023,0.6570649481999138,238770000
2007-07-05,0.665621817111969,0.6677607784873864,0.6555366041170718,0.6587455653323162,373290000
2007-07-06,0.6688308119773865,0.6714282123400545,0.6634829433283007,0.6647050822239604,282720000
2007-07-09,0.6882373690605164,0.6914463304099323,0.6711228356668395,0.6712759582243754,536784000
2007-07-10,0.6949606537818909,0.6990863837601621,0.6773876791818051,0.6847223709738445,552654000
2007-07-11,0.691904604434967,0.6995446100571014,0.682277831212258,0.6948073202078715,582612000
2007-07-12,0.7051986455917358,0.7059623455090084,0.6919045290353938,0.6967940118760465,438732000
2007-07-13,0.7009199261665344,0.7116165906476647,0.7001561714585393,0.7032120100043595,372630000
2007-07-16,0.7136025428771973,0.716506133478633,0.7013783679722277,0.7015314905300585,541710000
2007-07-17,0.7105466723442078,0.7308701662187331,0.7099351657968849,0.7165061014772425,643812000
2007-07-18,0.6975578665733337,0.7024482244772482,0.6838053095021717,0.7003083342694966,550656000
2007-07-19,0.6967940330505371,0.7110049724725079,0.6919045500613006,0.7074907504995236,407376000
2007-07-20,0.6891542077064514,0.7038235336968408,0.6857921786357984,0.7013783272541638,505650000
2007-07-23,0.6960306167602539,0.7102415619735467,0.6851807723685186,0.6867091565287873,360474000
2007-07-24,0.6776938438415527,0.6990863570920626,0.6734149914468138,0.6932800496431679,457560000
2007-07-25,0.6744847297668457,0.6874726021675442,0.6588985287493656,0.6778458293435835,437196000
2007-07-26,0.6778460144996643,0.687320596393696,0.6582872021119686,0.667302416299967,710268000
2007-07-27,0.6761654019355774,0.7073377537052212,0.6758600858478586,0.6761654019355774,615480000
2007-07-30,0.6951136589050293,0.6961826751069634,0.6784575099315142,0.6786106324853338,538158000
2007-07-31,0.6992393732070923,0.7323976188809186,0.6983225505695476,0.7226186510262327,711492000
2007-08-01,0.6940438151359558,0.7061157432928038,0.6616492641203704,0.6891543303892201,705828000
2007-08-02,0.6909878253936768,0.7026004379389402,0.6816663676416966,0.7019898604332074,468606000
2007-08-03,0.650035560131073,0.6937383283379401,0.6497302440629845,0.6886957222554504,623412000
2007-08-06,0.6555365324020386,0.6604260158134491,0.6371998629956442,0.6555365324020386,524724000
2007-08-07,0.6659270524978638,0.6767768386292475,0.6468266286627805,0.6555365246690379,565764000
2007-08-08,0.6966413259506226,0.7174232668130939,0.6728036544951649,0.6779993309774293,660744000
2007-08-09,0.7048927545547485,0.7242994311645418,0.6853339390084664,0.7013785309237183,1251834000
2007-08-10,0.6721926331520081,0.6767768001891546,0.6324625297257569,0.6471319079626915,1141014000
2007-08-13,0.6648579239845276,0.6821247012582188,0.6509523007685377,0.6775405343593092,700410000
2007-08-14,0.6906817555427551,0.7013784772195194,0.6674555955504524,0.6694423637801471,1092174000
2007-08-15,0.6614958643913269,0.6967939915675049,0.660579041984268,0.6870141518099747,695142000
2007-08-16,0.6504940390586853,0.6596623745787225,0.6188632487260028,0.6549250842706795,780030000
2007-08-17,0.6888478398323059,0.6894593462624486,0.647743404972634,0.6685252788611541,728712000
2007-08-20,0.6860973238945007,0.6967940414727798,0.677693618830703,0.6893062845204031,519684000
2007-08-21,0.7232294678688049,0.7287304597462044,0.6799859981980778,0.6902234073091975,715338000
2007-08-22,0.7397324442863464,0.7440112968105734,0.7265914449275319,0.7415660898960977,566154000
2007-08-23,0.7334673404693604,0.7519571287244923,0.7302584348924026,0.7432471797040932,667986000
2007-08-24,0.7372881770133972,0.7386634386662776,0.7259799479014782,0.7313288009302585,361644000
2007-08-27,0.7539429664611816,0.7617360931186273,0.7339257238626951,0.7372877519413964,635946000
2007-08-28,0.7079492211341858,0.7594441306027928,0.7062677149994158,0.7563882923983662,560022000
2007-08-29,0.7481369376182556,0.7490537603138948,0.7212434354477757,0.7227708903661646,538560000
2007-08-30,0.7438580989837646,0.7623478943797491,0.7406491921675108,0.7409553826459078,465660000
2007-08-31,0.7817544341087341,0.784657150155563,0.7553184437757393,0.7594442275380656,720834000
2007-09-04,0.8058972358703613,0.8092592639516225,0.7730443162995343,0.7852684868974569,683268000
2007-09-05,0.799784779548645,0.8251508204287237,0.7991742021268685,0.8023831080793179,656274000
2007-09-06,0.8033000826835632,0.8170525862108924,0.7999380535725937,0.8097179504515383,425496000
2007-09-07,0.7739613056182861,0.789089069057991,0.7589857357065253,0.7809897502872245,602304000
2007-09-10,0.7761003971099854,0.8045222836498143,0.769682583493144,0.7907697790586437,872112000
2007-09-11,0.7926032543182373,0.7985626826245292,0.7772462996197674,0.7854978115325113,405424000
2007-09-12,0.7614309787750244,0.8049806260880237,0.7536379047012582,0.8010840344035517,554452000
2007-09-13,0.7616602182388306,0.7767879833529576,0.7561592276466732,0.7758711606955302,452864000
2007-09-14,0.7391977906227112,0.7550131869920025,0.7369057065683615,0.7540963642997816,487308000
2007-09-17,0.737593412399292,0.7481370110530564,0.7295711447155148,0.7403439354037871,374828000
2007-09-18,0.8022302389144897,0.8136906599694629,0.7442404482639681,0.7453865176932645,844740000
2007-09-19,0.7875609397888184,0.8251511112987729,0.7797678094674325,0.8095649599512016,521360000
2007-09-20,0.7829766273498535,0.7964999395445108,0.7742667298798334,0.7880192340836087,324172000
2007-09-21,0.7905403971672058,0.8022300623234068,0.7829765154711651,0.7907696437911611,457532000
2007-09-24,0.8107110261917114,0.8228590791908995,0.7896238274804557,0.7953540659054027,456360000
2007-09-25,0.8210251927375793,0.8244632910662659,0.8036053451688279,0.8058974289371481,360748000
2007-09-26,0.8405080437660217,0.8423416891652697,0.8230881938827855,0.8251510312950409,518032000
2007-09-27,0.8430293798446655,0.8526561554947786,0.8340902349301034,0.8485303710814734,378280000
2007-09-28,0.8306518793106079,0.8510514391035715,0.8288181796997046,0.848071725052488,404292000
2007-10-01,0.8657210469245911,0.8698468314177197,0.8368407740630894,0.8377575968456958,398200000
2007-10-02,0.8574694395065308,0.8652625689317309,0.8448630046570372,0.8636580609268412,284960000
2007-10-03,0.8210251927375793,0.8423415772477165,0.8075018821102136,0.8423415772477165,467196000
2007-10-04,0.82469242811203,0.8295057869916315,0.7964997413955629,0.8201082611845294,378976000
2007-10-05,0.8464673161506653,0.8510514834453966,0.8288182228831235,0.837757365502125,344840000
2007-10-08,0.8602199554443359,0.8615952167819532,0.842341667350498,0.8524268807279626,252484000
2007-10-09,0.8450920581817627,0.8641163579905455,0.8324855707504841,0.860219821240263,403008000
2007-10-10,0.8460090160369873,0.850822376090031,0.8256094518421552,0.850822376090031,389136000
2007-10-11,0.8084186315536499,0.848759367803728,0.7992502973097911,0.8382157724937738,529104000
2007-10-12,0.8281306624412537,0.8281306624412537,0.8047513853995871,0.8173578738512709,409952000
2007-10-15,0.8340900540351868,0.8448628967907027,0.8269846108389667,0.8308811477302865,355900000
2007-10-16,0.8416537642478943,0.8565523328369279,0.830193347890013,0.8331730616078197,276360000
2007-10-17,0.9062907695770264,0.9088120452838117,0.8735139667984696,0.8744307893602473,717944000
2007-10-18,0.9056031107902527,0.9092704555707367,0.8806193825362644,0.9033110271333983,340620000
2007-10-19,0.8570109605789185,0.903998705344948,0.85678171394784,0.9035402667303789,505768000
2007-10-22,0.8975808620452881,0.8994145619051429,0.8446336871081539,0.8515099386255333,537656000
2007-10-23,0.9019358158111572,0.9092705057771183,0.8774105247933826,0.9092705057771183,294292000
2007-10-24,0.871451199054718,0.8824531806567861,0.8285891780546579,0.8824531806567861,565500000
2007-10-25,0.7953539490699768,0.8526561063114945,0.7699117772649584,0.8446337846245475,806192000
2007-10-26,0.7884777784347534,0.8260680053483016,0.7770173567288182,0.8205669592113717,616580000
2007-10-29,0.7699116468429565,0.7735789917172433,0.7463031791087439,0.7614309425604355,813896000
2007-10-30,0.798104465007782,0.8143782456105888,0.7632647104228815,0.776100392223341,525212000
2007-10-31,0.8109403252601624,0.8113987093892946,0.777934263467929,0.8029180018766702,455188000
2007-11-01,0.8109403252601624,0.8272141094441058,0.787331793886425,0.7983338326997053,587236000
2007-11-02,0.8421124815940857,0.8480719110029328,0.8107108811932522,0.8221713013458066,491844000
2007-11-05,0.8421124815940857,0.8622828538511378,0.8297351841112519,0.8350069828461862,436636000
2007-11-06,0.8687005639076233,0.8755768151809252,0.8462381102929512,0.8501347018639842,554620000
2007-11-07,0.8274431228637695,0.8716804059830233,0.8205668705829045,0.8682423071663885,546768000
2007-11-08,0.7756419777870178,0.8343193936166294,0.7520334525340112,0.8194208203302841,996824000
2007-11-09,0.764640212059021,0.7976462769588607,0.7483664263428587,0.791916037624334,871056000
2007-11-12,0.6883136630058289,0.769911939914973,0.6883136630058289,0.7644109478333473,715732000
2007-11-13,0.7490537762641907,0.7497414069624612,0.6883135199802679,0.6995447485218905,726696000
2007-11-14,0.7373641729354858,0.7754127805964094,0.7334676353614872,0.76807814413554,666720000
2007-11-15,0.727508008480072,0.7394268646388946,0.7105465467199978,0.7325506140813235,496436000
2007-11-16,0.7437819242477417,0.7458448161952937,0.727508144610632,0.7334675738051655,423592000
2007-11-19,0.6935853362083435,0.7369057433947401,0.6896887985859816,0.7332383977949886,568412000
2007-11-20,0.6883136630058289,0.7077964093274451,0.6672264629373887,0.7066503397096525,622628000
2007-11-21,0.6809788346290588,0.6972526702108531,0.6718104981059733,0.6738733902179463,648452000
2007-11-23,0.6926681995391846,0.695647913073042,0.6770820014661172,0.6857919501489534,141976000
2007-11-26,0.6766237616539001,0.7064209057416244,0.6752485550901185,0.6922099643034474,385896000
2007-11-27,0.7057332396507263,0.7077961313640565,0.6809787030335209,0.6862505009803076,458856000
2007-11-28,0.7529501914978027,0.7630353482898201,0.7245283114735952,0.7279664641570006,574548000
2007-11-29,0.759138822555542,0.7816012746820259,0.748595227038832,0.7518041331575914,489084000
2007-11-30,0.7229236960411072,0.7838931709659681,0.7206316129829201,0.7838931709659681,652656000
2007-12-03,0.7334673404693604,0.7469906478551961,0.7222361163024338,0.7334673404693604,490688000
2007-12-04,0.7327799201011658,0.7391977330948426,0.7185689782111226,0.7366764572255539,371712000
2007-12-05,0.7708282470703125,0.785039183866481,0.7513455684318895,0.7607430925605658,666704000
2007-12-06,0.7864146828651428,0.7889359585944823,0.7621185841989657,0.7689948354451902,371152000
2007-12-07,0.7765586376190186,0.7905403306577803,0.768536317997584,0.7896235081818516,320292000
2007-12-10,0.7850394248962402,0.7942077599286935,0.7767879124375149,0.7790799961956282,336360000
2007-12-11,0.7859563827514648,0.8164411620938624,0.7841227372883959,0.8017717797989231,582436000
2007-12-12,0.8130029439926147,0.8272138864697083,0.7971875482008223,0.819191565248622,617504000
2007-12-13,0.7907698750495911,0.8084189192859043,0.7673905925475697,0.8031471197545896,500364000
2007-12-14,0.8038347363471985,0.8125446896137548,0.7818307157890577,0.7871025152273415,354016000
2007-12-17,0.7628062963485718,0.8029177935641136,0.7609725963649647,0.795353910919768,507408000
2007-12-18,0.7822887301445007,0.7907694321235492,0.7667025323240989,0.7744956039105141,396896000
2007-12-19,0.789623498916626,0.7969581879331553,0.776329436552695,0.7795383425045838,253536000
2007-12-20,0.8061266541481018,0.8079603540268954,0.7854978993829058,0.8022301170461015,279940000
2007-12-21,0.8058972358703613,0.8228586407630124,0.7985625477098544,0.8157531991777287,433408000
2007-12-24,0.8201084136962891,0.8240049508445275,0.8058974717192621,0.8118569007627763,104008000
2007-12-26,0.8311103582382202,0.8311103582382202,0.8136905105049443,0.8217128310936271,215340000
2007-12-27,0.8054391145706177,0.834319440083606,0.8033762771142298,0.8297352171922205,241368000
2007-12-28,0.7974165678024292,0.8136903429661577,0.7905402632007671,0.8040635711714077,262064000
2007-12-31,0.7797676920890808,0.8054390541888204,0.7795385000883521,0.7909989198386659,276236000
2008-01-02,0.7566177248954773,0.7850395573624142,0.7463033189197392,0.7820598425093164,483964000
2008-01-03,0.7506582140922546,0.7761003289574662,0.7479076915565169,0.7609725643060898,475308000
2008-01-04,0.6876257061958313,0.731862977885503,0.6830415391929989,0.728195633353721,736092000
2008-01-07,0.6165709495544434,0.6979399808540759,0.6039644652924742,0.692209745831116,1006800000
2008-01-08,0.6296360492706299,0.6713519985258669,0.6055691407567185,0.620009274935547,1106956000
2008-01-09,0.6621835827827454,0.6624128294006324,0.628719150624881,0.6381166771782922,741036000
2008-01-10,0.6484310030937195,0.658745405585739,0.6355953252881837,0.644076028295082,554432000
2008-01-11,0.6200094223022461,0.646368421004154,0.6154252533669234,0.6330743529507599,572612000
2008-01-14,0.6612668633460999,0.6621836860178274,0.6190924739707029,0.6291776326548918,539188000
2008-01-15,0.6126745939254761,0.6436177519228685,0.6019017511007279,0.63605387007123,725692000
2008-01-16,0.5434535145759583,0.5812729187203225,0.5308470283119769,0.5741674764392158,1464472000
2008-01-17,0.5340562462806702,0.5666038720591171,0.5326809844813138,0.5519345403770779,1133900000
2008-01-18,0.5693540573120117,0.5723337712240139,0.5161777000867761,0.5356603818411215,920428000
2008-01-22,0.5409323573112488,0.5542264783193015,0.5118228937436675,0.5150318006602329,709092000
2008-01-23,0.5507883429527283,0.5670621231301748,0.513885751910009,0.5189283039746632,929880000
2008-01-24,0.5929625630378723,0.5931918096491344,0.5562892257652446,0.5615610234629431,597092000
2008-01-25,0.5718755722045898,0.6294069830678962,0.5691251037359855,0.6156544767820677,688012000
2008-01-28,0.5649992823600769,0.5755428807571678,0.5528512304652894,0.5698126975007655,577608000
2008-01-29,0.5824189186096191,0.5847110566437703,0.5601857152246225,0.5750842845611338,414484000
2008-01-30,0.5773761868476868,0.5860860791256836,0.5608731697816746,0.5730212133849077,530476000
2008-01-31,0.5636242032051086,0.5741678039904247,0.546204293518403,0.5647702182569329,588708000
2008-02-01,0.6156545877456665,0.6188634955278692,0.5576647823428316,0.5624781440161356,593104000
2008-02-04,0.596400797367096,0.6323865636744656,0.5931918908460183,0.6289484105107462,565128000
2008-02-05,0.5590400099754333,0.5847114371160799,0.5588108178819141,0.5844821903749465,494928000
2008-02-06,0.5572063326835632,0.5805856189874358,0.5468919239870395,0.564999409902317,557380000
2008-02-07,0.5627071261405945,0.5785225217129595,0.5294718817034265,0.5411615480448922,664128000
2008-02-08,0.5727923512458801,0.5771472725680504,0.5501007033793367,0.5574353393494931,393932000
2008-02-11,0.574626088142395,0.5870033873631015,0.5707295502081806,0.5776058032651946,503732000
2008-02-12,0.5959423184394836,0.6041938308269588,0.5801269242507886,0.5833358852025083,609688000
2008-02-13,0.6193216443061829,0.6211553442330685,0.5941087211541342,0.6005265342792555,742312000
2008-02-14,0.5182403326034546,0.6016722346000942,0.5168651268110992,0.6012137962376038,2184296000
2008-02-15,0.51044762134552,0.5301595557633395,0.5021961075604332,0.5161778589856845,817364000
2008-02-19,0.5028836727142334,0.5207619593594892,0.49852869704717023,0.5198450821103051,558608000
2008-02-20,0.49921634793281555,0.5065510383386074,0.48615147504866685,0.48821436697171916,759016000
2008-02-21,0.4879850745201111,0.5067801827659477,0.48500536023793256,0.5042589070839453,644272000
2008-02-22,0.5115935802459717,0.5125104027690689,0.4882143053452779,0.49188159543766685,723052000
2008-02-25,0.5113644599914551,0.5170946978100697,0.49784114682941066,0.5111352679659418,671784000
2008-02-26,0.5157195925712585,0.5235126702751813,0.5005918213532823,0.5083848990572051,565420000
2008-02-27,0.5237417817115784,0.5278675115926121,0.5099892212637319,0.5131981830018696,537816000
2008-02-28,0.5040296316146851,0.5200742712839972,0.5040296316146851,0.5191574487837006,503608000
2008-02-29,0.49027711153030396,0.502425159478295,0.48821427464494843,0.4957781556181346,540576000
2008-03-03,0.4845468997955322,0.4930276027031413,0.4781290336441135,0.48958945036352813,449028000
2008-03-04,0.47973355650901794,0.48225488680843354,0.4609384484881045,0.48133800961905393,778888000
2008-03-05,0.48523470759391785,0.49669512850157727,0.47927527779241547,0.4843178302032271,644656000
2008-03-06,0.4547498822212219,0.4824841362872231,0.4540622515710242,0.47927522968469505,1075284000
2008-03-07,0.4481028914451599,0.4657519613749699,0.4354964012136677,0.4464984106705964,767500000
2008-03-10,0.42243146896362305,0.4481028299479424,0.4217438383437226,0.4426018123125333,776100000
2008-03-11,0.4364132285118103,0.44076817726871526,0.41807652882412344,0.43549637849933753,857940000
2008-03-12,0.42449429631233215,0.4444354459235571,0.4208269515433318,0.4405389091838645,743320000
2008-03-13,0.45154091715812683,0.45795875685606735,0.4153259626251918,0.41784723825109493,1220528000
2008-03-14,0.41991013288497925,0.45429141527095923,0.41670119935156613,0.45383300400155524,1154972000
2008-03-17,0.40936651825904846,0.42357745822411746,0.396760031325064,0.4015734177421088,800952000
2008-03-18,0.4348087012767792,0.43549633188157694,0.4070744763656908,0.41899330666160695,1075256000
2008-03-19,0.40478238463401794,0.4306829365327331,0.40478238463401794,0.4247235351634441,880476000
2008-03-20,0.42449429631233215,0.42541111884268606,0.40226106305143006,0.4095957252656384,633460000
2008-03-24,0.4591047763824463,0.4616260518858787,0.43228737706598325,0.4338918300815841,887440000
2008-03-25,0.4657519459724426,0.47446184365249916,0.4568128016301458,0.4611677777939717,735388000
2008-03-26,0.4508533477783203,0.46277220625923915,0.4458107685184372,0.4595632996367125,721652000
2008-03-27,0.4444355070590973,0.4565835575382028,0.43710081651215316,0.4439770957308623,601308000
2008-03-28,0.4510825574398041,0.462772196344175,0.4478736235622338,0.4524577913955094,561788000
2008-03-31,0.4536038935184479,0.4643767112145552,0.447873682966816,0.4558959777391006,569992000
2008-04-01,0.4813380539417267,0.48248412321019096,0.46048010694302705,0.4671271666163847,676872000
2008-04-02,0.46666860580444336,0.48271318882929715,0.4630012616121044,0.48271318882929715,616536000
2008-04-03,0.45795875787734985,0.46345977505519187,0.44443544789014,0.46277214449248755,841984000
2008-04-04,0.4304538071155548,0.45108259123458394,0.4293077650713753,0.44879047982242726,1535528000
2008-04-07,0.4407682418823242,0.4474153029829262,0.43733011531008903,0.44099746124999367,729496000
2008-04-08,0.43824684619903564,0.45245778824218574,0.4354963509829985,0.4354963509829985,639476000
2008-04-09,0.4469568729400635,0.45154104151195334,0.43916376997357065,0.44328952715303155,675232000
2008-04-10,0.4556666910648346,0.4701068514441418,0.4421433805776292,0.4517701268400405,1092184000
2008-04-11,0.4247235655784607,0.4497072966937244,0.42197304301619637,0.4469568014552556,1106280000
2008-04-14,0.4105125963687897,0.4240359069961555,0.40799129329411987,0.4231190570945511,780004000
2008-04-15,0.41532593965530396,0.41693039266010556,0.4036363027332803,0.4125754175627401,439916000
2008-04-16,0.431829035282135,0.43733005341341585,0.4235775490709096,0.43114143192404747,646836000
2008-04-17,0.4258696138858795,0.42747406718858494,0.41165867151501323,0.4118878908398837,596968000
2008-04-18,0.43595483899116516,0.44283111922662033,0.42999543619534436,0.4389345540509757,573540000
2008-04-21,0.4554375410079956,0.4584172557937395,0.4325166727535491,0.4325166727535491,679892000
2008-04-22,0.4469568729400635,0.4519994529043823,0.4373300970800547,0.44718606497437796,587668000
2008-04-23,0.46850234270095825,0.4735449487879261,0.44718595845448256,0.45314538710792085,1020496000
2008-04-24,0.45727118849754333,0.47354499558921376,0.45039493659804253,0.4712529116227135,655764000
2008-04-25,0.46185538172721863,0.4630013963816426,0.44718600068792813,0.4616261350782601,552208000
2008-04-28,0.4536038935184479,0.46666879543520795,0.4517702206771658,0.4597925427732497,535700000
2008-04-29,0.46300145983695984,0.4687316978371973,0.448561323467577,0.448561323467577,573408000
2008-04-30,0.47102367877960205,0.47606623028012607,0.46529344203640305,0.4685023483817524,1068320000
2008-05-01,0.49279850721359253,0.4939445217860433,0.47446178222608626,0.476753866018576,1014624000
2008-05-02,0.516177773475647,0.516177773475647,0.4987579260701469,0.506321807899477,1131016000
2008-05-05,0.5033420920372009,0.5150317027163536,0.5021960228434634,0.5127396189764656,943392000
2008-05-06,0.5164071321487427,0.5175531470682948,0.494173863444821,0.5019669944177154,729036000
2008-05-07,0.5044882297515869,0.5246586043756477,0.5001332531882783,0.5177823514771817,715632000
2008-05-08,0.5031126141548157,0.5099888622138208,0.4815670478327787,0.5083844097981424,1360000000
2008-05-09,0.5164071321487427,0.5370358925291238,0.5035714480936513,0.5044882709588139,2030352000
2008-05-12,0.5017377734184265,0.523054220349171,0.49669522007791284,0.523054220349171,1006652000
2008-05-13,0.4914233684539795,0.5042590518196401,0.4877560225427048,0.5042590518196401,854108000
2008-05-14,0.5058634877204895,0.51892836267138,0.49142335127001063,0.49761197337055874,751148000
2008-05-15,0.545058012008667,0.5473500956394148,0.5024251908996543,0.5047172745304022,1165464000
2008-05-16,0.5594981908798218,0.5606442601143049,0.5416199042845251,0.554226392625895,1091556000
2008-05-19,0.547808825969696,0.5801272059806807,0.5439122325394002,0.559727634408603,1158532000
2008-05-20,0.5335977673530579,0.5390987589259713,0.5274091450025801,0.5329101365754935,771404000
2008-05-21,0.5292426347732544,0.5556016246580396,0.5280965655989834,0.534972871349437,1066660000
2008-05-22,0.5420783758163452,0.5464333517356208,0.5283258720531938,0.5368065772423779,693108000
2008-05-23,0.5297011733055115,0.5455165702201037,0.5219080435339467,0.5411615939724052,802672000
2008-05-27,0.5354313254356384,0.5361189561007544,0.5205327521041124,0.5306179654274192,832856000
2008-05-28,0.5404738783836365,0.5514758586369025,0.5342852576602258,0.5501006520909351,751736000
2008-05-29,0.5390986800193787,0.5416199560696804,0.5292427131803523,0.5407031333829883,693460000
2008-05-30,0.5661450624465942,0.5679787070360547,0.5528509479065087,0.5544554005841793,830244000
2008-06-02,0.5684372186660767,0.5727921934360015,0.5599565157150921,0.5661451353104706,734660000
2008-06-03,0.54918372631073,0.5711877941670803,0.5425367222088477,0.5702709170207119,840696000
2008-06-04,0.5556017756462097,0.5567477904843312,0.534056139283998,0.5370358543697549,831724000
2008-06-05,0.5695831775665283,0.5810436478763662,0.5631653666546886,0.5748549742359277,827860000
2008-06-06,0.5514757037162781,0.5633945578487267,0.5482667982644872,0.5627069274451183,784876000
2008-06-09,0.542995035648346,0.5558307129078949,0.5319930577959189,0.5482668326415102,637916000
2008-06-10,0.5109060406684875,0.52901352097628,0.5074678872851625,0.528325890299615,1225208000
2008-06-11,0.4870682656764984,0.5232832220345458,0.4863806350806733,0.5109059806048689,999428000
2008-06-12,0.49004796147346497,0.5076970003706454,0.48592217805484994,0.4980702816890482,825992000
2008-06-13,0.488443523645401,0.49646578946445047,0.4740033905235247,0.49073560740049904,705748000
2008-06-16,0.4817965626716614,0.4877559925804521,0.4779000249576671,0.483171824134859,630496000
2008-06-17,0.4701067805290222,0.4889018316106831,0.46896071150582985,0.48867263966507624,687912000
2008-06-18,0.4563544690608978,0.4813381790171673,0.44879055747204977,0.46529358762262296,1065272000
2008-06-19,0.45520833134651184,0.46529351796467844,0.4442063220011475,0.45887570422669766,784928000
2008-06-20,0.4529160261154175,0.45795863062487097,0.44489373553519507,0.4451229547670011,741008000
2008-06-23,0.44351863861083984,0.4568127578426636,0.43962210149739905,0.4563543465335168,776616000
2008-06-24,0.45818793773651123,0.46873156054626125,0.4409973107423132,0.4409973107423132,1078928000
2008-06-25,0.4607093334197998,0.46873165495671476,0.4533746698897088,0.46529350154158133,900976000
2008-06-26,0.4371007978916168,0.45039491711067325,0.4371007978916168,0.44695679130968125,845532000
2008-06-27,0.44191426038742065,0.4444355640014438,0.42884938557793634,0.43893454538642956,584140000
2008-06-30,0.42907845973968506,0.44076809717706816,0.4260987455572352,0.43687156047253783,653940000
2008-07-01,0.42976614832878113,0.43022455965172524,0.41624283669725626,0.4240359384824899,881464000
2008-07-02,0.41326308250427246,0.43045373771934725,0.4125754519238626,0.42770324272150084,763196000
2008-07-03,0.2862815856933594,0.3009509413163281,0.2842187207938448,0.29751281493460413,2987520000
2008-07-07,0.277342289686203,0.2924700469674458,0.2695491918380123,0.29063637527823727,2202692000
2008-07-08,0.27573785185813904,0.2860522532646923,0.2704660551955231,0.2791760038761809,1805288000
2008-07-09,0.27092456817626953,0.28055131450248355,0.27092456817626953,0.2764255582701651,1413168000
2008-07-10,0.27023693919181824,0.275508737335388,0.2651943330313118,0.27229980365835715,1056992000
2008-07-11,0.26748645305633545,0.274133485291523,0.25946413225789616,0.2647359305774215,807760000
2008-07-14,0.25533831119537354,0.2716121133376056,0.2535046391150986,0.2695492493246637,882316000
2008-07-15,0.2580888867378235,0.2633606848203138,0.24525320682600307,0.253046280635741,1122484000
2008-07-16,0.25946420431137085,0.2663404577706087,0.2519003200414487,0.2590057928788488,1034392000
2008-07-17,0.26038089394569397,0.26358979931849447,0.25029571202986206,0.26358979931849447,862080000
2008-07-18,0.2649651765823364,0.2665696299741258,0.2512126447738344,0.2585473356913815,899720000
2008-07-21,0.2665696144104004,0.2729874549266483,0.2642775304634401,0.26909091768157506,571636000
2008-07-22,0.2608393430709839,0.2651942906143594,0.25579676504081506,0.26404824891096695,555924000
2008-07-23,0.26863253116607666,0.27138302669168746,0.26152705934476683,0.2626731014240879,594876000
2008-07-24,0.2528170347213745,0.2684032063396152,0.2521294042792574,0.2658819038264484,705628000
2008-07-25,0.2649651765823364,0.26588199928513107,0.2500666027334424,0.2553384015840053,1039600000
2008-07-28,0.26427745819091797,0.2729873802722051,0.2603809220114388,0.26152696367150846,734808000
2008-07-29,0.2670281231403351,0.27367518540548247,0.26175632267454396,0.26473603835727855,764636000
2008-07-30,0.26313158869743347,0.27275836679983523,0.2571721572363092,0.27229992797682073,588492000
2008-07-31,0.26221466064453125,0.2679448703983795,0.25946413810364777,0.2624438526404079,487236000
2008-08-01,0.24846209585666656,0.2562551964480356,0.24525318976385035,0.2553383466188084,881060000
2008-08-04,0.2425025999546051,0.2498372872472679,0.24181496960544496,0.2484620265489476,522052000
2008-08-05,0.25648435950279236,0.25648435950279236,0.24433631239418732,0.24708680692426296,685844000
2008-08-06,0.2633606493473053,0.265652732785416,0.24892049089865986,0.25717200220537445,814864000
2008-08-07,0.2592349052429199,0.27275821452451354,0.2562551911758711,0.261068577539857,819232000
2008-08-08,0.252129465341568,0.26358988440645065,0.25121261542210077,0.2612978005934741,853764000
2008-08-11,0.2574012279510498,0.2635898479248035,0.25304625291485977,0.25396310270743216,1196436000
2008-08-12,0.25373393297195435,0.2601517734779343,0.2500665877331669,0.25946414283018715,1410868000
2008-08-13,0.28100982308387756,0.28513558074465967,0.26725731576380607,0.27390437736278916,2095260000
2008-08-14,0.2979711592197418,0.3092023859317937,0.2789468587269139,0.2789468587269139,1635304000
2008-08-15,0.297054260969162,0.3066810320763971,0.29499136973598883,0.3032428800211085,777652000
2008-08-18,0.30301377177238464,0.30576426685233454,0.29590830110236954,0.2991172074750121,893968000
2008-08-19,0.3075980544090271,0.30943172758950743,0.2968252347201318,0.2968252347201318,1014140000
2008-08-20,0.32272568345069885,0.32364250597977345,0.3098900041009003,0.3121820877473791,1143692000
2008-08-21,0.31218206882476807,0.3195167579079493,0.30576422953887983,0.31699545512013194,1021560000
2008-08-22,0.3119528293609619,0.31814147628996076,0.3053057985486603,0.3144741319856495,459264000
2008-08-25,0.3073687255382538,0.31745391077691143,0.30645190293646424,0.3101192479912115,471600000
2008-08-26,0.3000340461730957,0.30920238097954,0.2968251125965644,0.3089731890036547,613112000
2008-08-27,0.30232614278793335,0.30599348779667124,0.2904072851714324,0.29315780758988286,454620000
2008-08-28,0.3011802136898041,0.3059936024010663,0.29820049816968003,0.3027846674856234,365192000
2008-08-29,0.28971973061561584,0.297971217287318,0.2888028805473386,0.2970543945428396,516004000
2008-09-02,0.2823850214481354,0.2970543756956564,0.27848848404562715,0.2945330723226115,693928000
2008-09-03,0.2672572135925293,0.27963448184309947,0.2647359106182115,0.27848844000455364,714856000
2008-09-04,0.26358988881111145,0.26702801458802833,0.2619854355799759,0.26427751943125377,716128000
2008-09-05,0.26748645305633545,0.26817405635226915,0.2610686128118609,0.26129780480257386,791100000
2008-09-08,0.25648435950279236,0.2700076675383295,0.25212941210715495,0.2700076675383295,1314840000
2008-09-09,0.24777455627918243,0.27115383931254694,0.24685773343716103,0.25556765973157114,1098296000
2008-09-10,0.24800369143486023,0.25579679224087926,0.24639923834425975,0.2507541863507171,644284000
2008-09-11,0.23608480393886566,0.24112740917427364,0.22829171780663157,0.23379272058596706,1066976000
2008-09-12,0.23356355726718903,0.23562642160807762,0.22026945306458803,0.23402196852918736,1209200000
2008-09-15,0.21316398680210114,0.22875017492596958,0.21041347819369036,0.22531203574998201,863984000
2008-09-16,0.21981105208396912,0.22141551899952466,0.2017035730104147,0.20560012380942305,1240840000
2008-09-17,0.22920866310596466,0.23425124342054637,0.21270563324180358,0.21476851197482372,1392580000
2008-09-18,0.24960817396640778,0.26175622421173034,0.23150069459732833,0.2319591059167414,1611060000
2008-09-19,0.26152700185775757,0.26358986621757186,0.24983736428869674,0.26152700185775757,1107344000
2008-09-22,0.25602591037750244,0.2670279141919044,0.254650649654283,0.2594640348617665,700072000
2008-09-23,0.2486913651227951,0.26336071942431,0.24777451510931453,0.2539631638979677,821468000
2008-09-24,0.2578597962856293,0.2629023775836856,0.24410728693248984,0.24548252147351945,866036000
2008-09-25,0.26290225982666016,0.2690909081226501,0.25350470504843436,0.2578596807872345,588328000
2008-09-26,0.26794490218162537,0.2697785749851236,0.25167109362080203,0.2564844539907113,646852000
2008-09-29,0.23150072991847992,0.26404834841968566,0.22920864564790486,0.2608394413704005,975240000
2008-09-30,0.24548237025737762,0.24777445373765344,0.232646691838317,0.23516799459613652,659044000
2008-10-01,0.23860616981983185,0.2461700523546181,0.23425119390038707,0.24181507643517336,557208000
2008-10-02,0.213851660490036,0.24021064174157156,0.21270560475902225,0.24021064174157156,787728000
2008-10-03,0.20697537064552307,0.22347839640469455,0.2056001230528913,0.21728976174500525,915828000
2008-10-06,0.17992879450321198,0.19757785174644804,0.1675515229337477,0.1971194403528679,1677440000
2008-10-07,0.16594700515270233,0.1868049904412028,0.16457175772922955,0.18634657918734382,1059984000
2008-10-08,0.1693851202726364,0.1792410837951664,0.1583831014535878,0.15998756793919874,1219456000
2008-10-09,0.15861238539218903,0.17809513012778744,0.15677872606821913,0.1755738263567402,909636000
2008-10-10,0.15609103441238403,0.16800987684876287,0.14394298635762964,0.14485982249302728,1200252000
2008-10-13,0.18451298773288727,0.18474219346029344,0.16732233958699505,0.16938521845745427,916536000
2008-10-14,0.18038716912269592,0.1925352188569439,0.1753445765118074,0.19138917694472796,1209012000
2008-10-15,0.1609044224023819,0.18015794046282332,0.1609044224023819,0.1792411043177696,854064000
2008-10-16,0.1764906644821167,0.17740750098353222,0.15815397543950868,0.16571785949881074,1019820000
2008-10-17,0.1753445863723755,0.18542977216129672,0.16823912884943798,0.17144804911647693,839416000
2008-10-20,0.17878268659114838,0.18267923694857158,0.17442772497374415,0.18130398950673235,595764000
2008-10-21,0.16503019630908966,0.17717824582303632,0.164113360063564,0.17534457333198503,659116000
2008-10-22,0.15884153544902802,0.16961433563182302,0.1544865742543617,0.1627380717663167,600996000
2008-10-23,0.14990243315696716,0.16227970316822166,0.1434845924834052,0.1583831521657382,832192000
2008-10-24,0.15150688588619232,0.15929997349524638,0.13683753325346945,0.13752516385440544,798336000
2008-10-27,0.15975835919380188,0.1691558976800017,0.14577662693572763,0.15059001263573402,698936000
2008-10-28,0.18382528424263,0.1840544898794561,0.16525939540747503,0.1682391096719039,849920000
2008-10-29,0.1897847056388855,0.20170354858676334,0.18176239935629898,0.18267923553104282,977284000
2008-10-30,0.19780701398849487,0.20170356462552216,0.18565896444643484,0.20055752273143715,657176000
2008-10-31,0.200786754488945,0.20468330563269457,0.1911599931295921,0.19161841814397965,608672000
2008-11-03,0.19345206022262573,0.20880904411049328,0.19024314005138593,0.20514169896513487,723924000
2008-11-04,0.20582938194274902,0.20582938194274902,0.19482737103239178,0.20009917077316736,619560000
2008-11-05,0.1950564980506897,0.20399562660110018,0.1950564980506897,0.19826541774338777,787620000
2008-11-06,0.17465698719024658,0.19047237081300922,0.17419856215570453,0.18359611825197325,797936000
2008-11-07,0.19986996054649353,0.20789227021305356,0.18565902799824346,0.19895312398500936,1132068000
2008-11-10,0.1870342344045639,0.2085798546519573,0.182679271952683,0.20743379895861097,576396000
2008-11-11,0.17878268659114838,0.18565895112413658,0.17694902788932812,0.18428370368229735,576484000
2008-11-12,0.16823908686637878,0.1774074203917883,0.16617620909078273,0.17328166484059618,646092000
2008-11-13,0.1819916069507599,0.18222081256424202,0.15723707280920862,0.1604459923836436,797228000
2008-11-14,0.16434255242347717,0.17557376478392994,0.16365492187944902,0.17465694227442025,741024000
2008-11-17,0.1609044224023819,0.16709304247317733,0.15929995573306405,0.16273808103059384,388224000
2008-11-18,0.15563268959522247,0.16503024691628848,0.1503608898132538,0.16411341038961116,564488000
2008-11-19,0.14279697835445404,0.15815394968182991,0.14210934767490788,0.15425739860089938,500220000
2008-11-20,0.1352330893278122,0.14875640235916324,0.13362863586952953,0.14165093048474162,847036000
2008-11-21,0.14623509347438812,0.14623509347438812,0.13179494591887392,0.13958804749697892,599064000
2008-11-24,0.15586192905902863,0.1576956025094148,0.14669357546900197,0.1551742980996578,600308000
2008-11-25,0.1602167785167694,0.16319649232422556,0.15563261183569496,0.1627380674589815,528256000
2008-11-26,0.17442770302295685,0.17488612788714367,0.15654944754324104,0.157466269947826,600792000
2008-11-28,0.1712188422679901,0.1741985570892015,0.16892675814764258,0.17167726728919902,175248000
2008-12-01,0.15654952824115753,0.16594707202753972,0.15632030885995932,0.16434261833056032,547112000
2008-12-02,0.16525940597057343,0.16732228415765701,0.15746630452519222,0.15952918271227579,479988000
2008-12-03,0.17374016344547272,0.17396936914849884,0.15746633994021103,0.1588416014821686,584632000
2008-12-04,0.16227975487709045,0.1787827731553914,0.15838320263300845,0.1703020514443207,466292000
2008-12-05,0.1686975061893463,0.1693851367015731,0.15448658034452317,0.15723707506963977,438484000
2008-12-08,0.16319657862186432,0.17534463221530713,0.15930002668533474,0.17190650538643482,707992000
2008-12-09,0.17901192605495453,0.18542976638925854,0.15929998007850785,0.16113365264885118,829760000
2008-12-10,0.19597330689430237,0.20055747334173607,0.17947028582451116,0.18244999948010054,961124000
2008-12-11,0.18772181868553162,0.20170353894259282,0.18542973518921277,0.19482728845363628,582700000
2008-12-12,0.19711944460868835,0.19826548677928185,0.17855353685365288,0.1822208827290724,679268000
2008-12-15,0.19070157408714294,0.19941149872839553,0.18451293910670613,0.19826545673148852,476996000
2008-12-16,0.20353727042675018,0.20399568179463778,0.1907015881831064,0.19253524731655605,521940000
2008-12-17,0.21362243592739105,0.21660215069904723,0.1971194223382087,0.19986991777212304,674180000
2008-12-18,0.19391049444675446,0.21293481072558976,0.19138919112357375,0.21224718006255897,550808000
2008-12-19,0.19528573751449585,0.20399566195235597,0.19459810686764978,0.19643177948464072,593120000
2008-12-22,0.18382528424263,0.19872384190287776,0.17671982752964174,0.19826543062922553,522464000
2008-12-23,0.1813039928674698,0.1888678744306373,0.17855348427091056,0.1849713240009858,377452000
2008-12-24,0.17694906890392303,0.18199166224200536,0.17328172332644526,0.1776366859532757,146616000
2008-12-26,0.17213571071624756,0.17924118374254652,0.1673223358991978,0.17694909919519888,226156000
2008-12-29,0.17763666808605194,0.17763666808605194,0.16319653389738764,0.17442774785947124,460168000
2008-12-30,0.18382528424263,0.18657579287023274,0.17580299132044083,0.1799287474308967,409860000
2008-12-31,0.18497134745121002,0.18955552902664696,0.178324301244199,0.18153322151605583,441580000
2009-01-02,0.1996406763792038,0.20101592385011985,0.18428370757860182,0.18497132448311168,497124000
2009-01-05,0.20330804586410522,0.2078922137649033,0.19597336902568951,0.19734861666354933,705736000
2009-01-06,0.21018433570861816,0.21614376598641188,0.20468333050090884,0.20926749923034987,657904000
2009-01-07,0.19757778942584991,0.20537088995378872,0.19047231943328682,0.20537088995378872,870096000
2009-01-08,0.19253520667552948,0.1950565096524033,0.18061636334543263,0.1950565096524033,1014496000
2009-01-09,0.18176239728927612,0.19253519831168864,0.1813039860380653,0.19253519831168864,761352000
2009-01-12,0.17442770302295685,0.18267921395937603,0.17190641408655957,0.18176237789289676,645532000
2009-01-13,0.1753445863723755,0.18199164623130457,0.16525941424535226,0.1684683345123912,1824424000
2009-01-14,0.16755154728889465,0.17121887995631618,0.16503025693391124,0.1691560010615472,974908000
2009-01-15,0.17351095378398895,0.17626144948135386,0.16503023367029704,0.1684683601229532,998204000
2009-01-16,0.1831376850605011,0.18474213833549688,0.17259408812687935,0.17832429791171822,831324000
2009-01-20,0.16525940597057343,0.1833668846894752,0.16388414473791948,0.18267925407314825,705788000
2009-01-21,0.1732816994190216,0.17442774133839087,0.1622796915283177,0.16846832609005014,648472000
2009-01-22,0.1700727641582489,0.17465694508915455,0.16388413014794834,0.16778068052374412,547656000
2009-01-23,0.17671987414360046,0.1819916734906425,0.1650302333011942,0.16525943899847864,633616000
2009-01-26,0.18267926573753357,0.1879510643675942,0.17465697179033587,0.17763667277358466,581748000
2009-01-27,0.19345206022262573,0.19482732148308393,0.18497134165135642,0.1856589722815855,725300000
2009-01-28,0.20147430896759033,0.20468322820686533,0.19391042887943458,0.20032826735798454,723752000
2009-01-29,0.1897847056388855,0.19711938137494017,0.18886786946414166,0.19482729776902857,413128000
2009-01-30,0.18222080171108246,0.19345201272172094,0.17992871838898866,0.18840943487787226,506760000
2009-02-02,0.19207681715488434,0.19413969543233442,0.1785535055207003,0.17947034182866675,577992000
2009-02-03,0.19436894357204437,0.1959734108771071,0.1872634708788683,0.19253527055537295,396948000
2009-02-04,0.19986996054649353,0.20972594333602185,0.19482737995118327,0.19482737995118327,779232000
2009-02-05,0.21453922986984253,0.21683131349883591,0.19253520244009312,0.19459808043856638,919192000
2009-02-06,0.22622887790203094,0.2276041254114537,0.21155952559519936,0.21522687050285563,1157880000
2009-02-09,0.22324919700622559,0.22852099585388386,0.21706057545627788,0.22531207541017442,716128000
2009-02-10,0.21362243592739105,0.2259997063657019,0.20949667911462078,0.22301999159404573,1129664000
2009-02-11,0.18680502474308014,0.20376646284072222,0.18015797837019293,0.19666099146790236,1983400000
2009-02-12,0.19070157408714294,0.19184761608404996,0.18015797678607984,0.1826792664468956,1024020000
2009-02-13,0.19047237932682037,0.1927644772781849,0.18497137429972557,0.1863466358029243,764304000
2009-02-17,0.17947037518024445,0.1877218898234512,0.17878274440601039,0.1833669267977366,779576000
2009-02-18,0.18428373336791992,0.19024314901713535,0.1792411403863544,0.17947034605326684,646252000
2009-02-19,0.1700727641582489,0.18955550237533167,0.1700727641582489,0.18795103563404067,743988000
2009-02-20,0.17442770302295685,0.1771782112223947,0.166176205748432,0.16778065861834998,770056000
2009-02-23,0.16640545427799225,0.17832429889319582,0.16525941231471677,0.17740746259019585,679548000
2009-02-24,0.1813039928674698,0.181533198501709,0.16709305227809154,0.16732227157422705,659524000
2009-02-25,0.1833668351173401,0.1888678375751005,0.1746569134207283,0.18084553264702524,702360000
2009-02-26,0.18932628631591797,0.19574412606690175,0.18703420264226608,0.18978471124778615,1117556000
2009-02-27,0.1897847056388855,0.1941396672224967,0.1831376604493627,0.18451290788053046,755444000
2009-03-02,0.17374016344547272,0.1890971368148291,0.17305253267449391,0.18520059887768367,700064000
2009-03-03,0.1806163340806961,0.18749259766669718,0.17121878158823464,0.17694900352021792,1041372000
2009-03-04,0.19391049444675446,0.19941149876530598,0.18382530847782813,0.18542977547093387,1108668000
2009-03-05,0.18932628631591797,0.19895304594239363,0.18840946377597428,0.191159958719598,955252000
2009-03-06,0.19230595231056213,0.19918221526829208,0.18680495014151394,0.18932623881760893,974756000
2009-03-09,0.19024312496185303,0.20537090199371869,0.18978471368599187,0.19093075553754127,682768000
2009-03-10,0.2074338048696518,0.2111011504043081,0.19528575352537567,0.19711942629270382,1254800000
2009-03-11,0.21316398680210114,0.27161216152734097,0.20399563843596152,0.20743376395005275,864916000
2009-03-12,0.22577045857906342,0.2280625422337713,0.2097258593342122,0.21247635425510314,1604604000
2009-03-13,0.2246244251728058,0.2278333451420774,0.21889420215931574,0.22256154707385287,1195156000
2009-03-16,0.2159145176410675,0.22714574591505926,0.21408085859253917,0.22691654024173055,699344000
2009-03-17,0.22668731212615967,0.22714572342743397,0.21385163174771188,0.21660212687915226,1005384000
2009-03-18,0.2337927222251892,0.24043978038947383,0.2230199221938964,0.22324912779841444,1359560000
2009-03-19,0.23104228079319,0.23539722926647275,0.22943782753060138,0.23539722926647275,822648000
2009-03-20,0.21843580901622772,0.2347096295176471,0.21247637986614487,0.23448041019503016,1093672000
2009-03-23,0.23425117135047913,0.23470960995750784,0.22026946326904412,0.22531204203221847,816048000
2009-03-24,0.22416596114635468,0.2305838136279036,0.22301991947583738,0.22852092222669923,1114868000
2009-03-25,0.2278333455324173,0.23837692802503366,0.21912340817641754,0.23104226550718665,1243852000
2009-03-26,0.2420443445444107,0.24250275596416646,0.22897945513856266,0.2315007452710208,1333664000
2009-03-27,0.23975223302841187,0.24548244343731493,0.2360848874371945,0.2395230136825363,731892000
2009-03-30,0.22439521551132202,0.23356357819162263,0.22118629540416548,0.23058386373599926,780052000
2009-03-31,0.22599968314170837,0.23150068710614619,0.22439521625188627,0.2278333556838201,805272000
2009-04-01,0.2317299246788025,0.23379278937384373,0.21476847282068798,0.223249191918796,887920000
2009-04-02,0.2425025999546051,0.24685757395009664,0.23700161180889204,0.2404397362309087,1002860000
2009-04-03,0.25946420431137085,0.2601518351220551,0.23860622455549496,0.24273198209579816,1003208000
2009-04-06,0.26015177369117737,0.2624438576363493,0.2516710685588004,0.2551091944765583,887288000
2009-04-07,0.2512126564979553,0.25785971703672667,0.24960820303128595,0.25510922147617937,607804000
2009-04-08,0.26152700185775757,0.2622146324189598,0.251900228648511,0.25396312033211776,731652000
2009-04-09,0.27596718072891235,0.27688400341540836,0.26611121389199366,0.26817407859850817,904412000
2009-04-13,0.2670281231403351,0.27275836242178225,0.26106871909867174,0.2725291430139542,767628000
2009-04-14,0.26863253116607666,0.2750503722750342,0.26221469005711917,0.2633607321364402,711960000
2009-04-15,0.2610686123371124,0.2622146542599776,0.2500665770890532,0.2592349397957692,1045368000
2009-04-16,0.2677156627178192,0.27092459671376196,0.25579683137639503,0.26588199005210855,1038772000
2009-04-17,0.26954934000968933,0.27207064338378806,0.26129782653427264,0.2677156673125082,695764000
2009-04-20,0.25327545404434204,0.26152696496724104,0.25190019311592937,0.2592348816357456,590660000
2009-04-21,0.25258785486221313,0.26313145042239305,0.24617001527444235,0.24983735998853765,932184000
2009-04-22,0.26015177369117737,0.2706953707684866,0.24617005069611023,0.25029580726217887,916404000
2009-04-23,0.25602591037750244,0.26496505043085977,0.2480036199142196,0.2626729674413504,753952000
2009-04-24,0.2619854807853699,0.26381915364755,0.25235870508987407,0.258547354415207,759508000
2009-04-27,0.25258785486221313,0.26588194529606857,0.2509834017962184,0.25854728319167,787024000
2009-04-28,0.25327545404434204,0.25854725117153926,0.2470868071902735,0.24937891784555755,634392000
2009-04-29,0.249378964304924,0.2555675849881456,0.24639924995410067,0.25442154310889,859668000
2009-04-30,0.26313158869743347,0.270466254656182,0.25212957609740744,0.25419244150574705,1110276000
2009-05-01,0.26748645305633545,0.27367507398630225,0.2622146547368101,0.2624438467275231,840548000
2009-05-04,0.28192663192749023,0.2839894967932596,0.2684033186529827,0.27207066432968285,927704000
2009-05-05,0.2704661786556244,0.277571650530046,0.2647359682161872,0.27573797772466635,837076000
2009-05-06,0.2649651765823364,0.2759671856348595,0.25969337773177353,0.27344588221647803,935088000
2009-05-07,0.24594080448150635,0.2709245604702909,0.24250267893966473,0.2709245604702909,1289196000
2009-05-08,0.21201792359352112,0.24066898031826697,0.20880900403810282,0.24066898031826697,2930564000
2009-05-11,0.21614375710487366,0.22141555639186813,0.2067462006661531,0.20857987354734245,1038596000
2009-05-12,0.20582938194274902,0.2209571503599655,0.2017036244358898,0.2209571503599655,1201384000
2009-05-13,0.19253520667552948,0.20560010550723032,0.19093075356469738,0.20445406366752272,1305608000
2009-05-14,0.19528573751449585,0.19941149407177652,0.19093077529556582,0.19230602292736004,1017864000
2009-05-15,0.20032836496829987,0.20720461797639994,0.1943689347650929,0.19666101910112624,780308000
2009-05-18,0.21247638761997223,0.2138516489582693,0.2049125049069319,0.20537092990699707,938320000
2009-05-19,0.21660210192203522,0.2191233911123329,0.21041346809650924,0.2138516071075097,859768000
2009-05-20,0.22301989793777466,0.23493873835723356,0.2195817732582584,0.220498609238508,1309436000
2009-05-21,0.22164474427700043,0.2246244590540329,0.2154561090466789,0.2202694965575619,965600000
2009-05-22,0.2250828593969345,0.22829177969326378,0.21751897681715116,0.22164473343555993,718260000
2009-05-26,0.23723091185092926,0.23906458450997306,0.2207278989052298,0.22301998289808544,865540000
2009-05-27,0.2376893013715744,0.24479477202686384,0.2337927644060712,0.23608484818857825,814152000
2009-05-28,0.2408982813358307,0.24296114620682788,0.23058390233324624,0.24135669271563015,995288000
2009-05-29,0.2390645444393158,0.24158584733836894,0.23081303251858906,0.24112743608139345,834232000
2009-06-01,0.25075414776802063,0.2521294086762385,0.24089818412256098,0.24181500651218077,1022764000
2009-06-02,0.2486913651227951,0.25625524794597343,0.24410719702678366,0.2507542298364814,907984000
2009-06-03,0.2408982813358307,0.24639929986482195,0.23493885142703996,0.24548244978142378,735688000
2009-06-04,0.24960817396640778,0.2500665852858209,0.24135666092178984,0.2415858802433942,673180000
2009-06-05,0.24823300540447235,0.25419243675419867,0.24525331705341508,0.25419243675419867,559992000
2009-06-08,0.246857687830925,0.25029581383902405,0.2406690391573093,0.24639927649460444,473948000
2009-06-09,0.26038089394569397,0.2631313881686352,0.2484620401066394,0.25029571202986206,725032000
2009-06-10,0.26863253116607666,0.27023698461236645,0.25602604096974674,0.26175625136635194,833320000
2009-06-11,0.26519426703453064,0.27963442400187194,0.2635898142571995,0.26932002226465857,835156000
2009-06-12,0.26381900906562805,0.2647358313323681,0.25533828014125204,0.26129770684641607,595000000
2009-06-15,0.25946420431137085,0.26244391960846775,0.2548800353385456,0.2590057928788488,445164000
2009-06-16,0.25235870480537415,0.26267311122803433,0.24869138640894783,0.2594641768918869,594912000
2009-06-17,0.25854724645614624,0.2610685490043231,0.24639919955601924,0.2562551631664539,799016000
2009-06-18,0.2535047233104706,0.262443867424308,0.25075422793844254,0.25763048003041117,566376000
2009-06-19,0.25625529885292053,0.2626731409270462,0.2528171720979035,0.25602607947306505,747564000
2009-06-22,0.24181503057479858,0.2571720120574897,0.2408982080939473,0.2571720120574897,574864000
2009-06-23,0.24066902697086334,0.2445655914417743,0.231271472095059,0.24410718012866575,589764000
2009-06-24,0.2486913651227951,0.2544215752428094,0.2436487583581448,0.2436487583581448,515096000
2009-06-25,0.2617562711238861,0.26221470984925654,0.24387800787225522,0.24639931156659056,870444000
2009-06-26,0.26519426703453064,0.2661111167099963,0.2583180174255798,0.26061010062856343,513956000
2009-06-29,0.26519426703453064,0.2700076526903111,0.26244377265570773,0.26588189746018315,510056000
2009-06-30,0.2587764859199524,0.2679448480864499,0.25396312652180847,0.2642775032198509,589844000
2009-07-01,0.25992247462272644,0.2633606268094525,0.2555675273925193,0.2603809131301483,696420000
2009-07-02,0.24983733892440796,0.2546506977165711,0.2463992137912387,0.25144179185512905,552312000
2009-07-06,0.24181503057479858,0.24983735023930656,0.23768927476338592,0.24960813095719828,752456000
2009-07-07,0.23127150535583496,0.24410721523543513,0.2305839019491807,0.24273195377452816,1072996000
2009-07-08,0.2317299246788025,0.23333437803314533,0.2225615749077484,0.23264674736019927,1205860000
2009-07-09,0.2367725372314453,0.24066907515874397,0.23493886428806926,0.23562649505731037,714564000
2009-07-10,0.2376893013715744,0.23929378187836453,0.23172989993133244,0.23677247878808916,520008000
2009-07-13,0.24043983221054077,0.2425026967576988,0.22806256295620772,0.2425026967576988,556012000
2009-07-14,0.24548237025737762,0.2463992200437622,0.2395229422791444,0.24227346431450766,452568000
2009-07-15,0.2555675506591797,0.26061012878580425,0.2521294254832371,0.2544215089338655,1022808000
2009-07-16,0.26886165142059326,0.26977850123359504,0.25694282244189953,0.25831805617571546,952076000
2009-07-17,0.27665477991104126,0.2775716024931653,0.266111183597645,0.2688616786678111,850356000
2009-07-20,0.28009283542633057,0.2830725490576116,0.2752794497662776,0.2789467938238215,782756000
2009-07-21,0.2743626534938812,0.28055127327094453,0.26794481444501234,0.27940523155949615,941296000
2009-07-22,0.28123894333839417,0.28376024638789316,0.267028002257645,0.26886167471875394,600908000
2009-07-23,0.2979711592197418,0.29888800910934654,0.27871763942356437,0.2816973537481411,1046120000
2009-07-24,0.297054260969162,0.2979710833013813,0.2869690786958172,0.2888027506840423,650592000
2009-07-27,0.2984296977519989,0.3027846473834945,0.29155341691080155,0.29430394017680156,677484000
2009-07-28,0.29888805747032166,0.3020969642936651,0.2938454505710706,0.2963667540206961,563180000
2009-07-29,0.2929286062717438,0.2972835821525718,0.28994889168460797,0.2954499095355808,373972000
2009-07-30,0.29522064328193665,0.3018677020463968,0.29269934041890144,0.29797113810828946,468444000
2009-07-31,0.29636675119400024,0.30049250801594674,0.2883444568883589,0.2952207091503372,541560000
2009-08-03,0.304389089345932,0.30782724329597405,0.2977420554647211,0.3034722665084552,471900000
2009-08-04,0.3064519464969635,0.3117237455160976,0.2986588439788266,0.29911725534488204,695380000
2009-08-05,0.30713942646980286,0.30943150949896825,0.30095078043202816,0.3046181242082069,610768000
2009-08-06,0.3007217049598694,0.3137865778199456,0.29888803236180006,0.3082855873495332,957588000
2009-08-07,0.3142450749874115,0.3261639081089361,0.3098900983404501,0.3169955707348709,1401872000
2009-08-10,0.30393052101135254,0.32112117259102024,0.30209684895930117,0.3165370061227855,693312000
2009-08-11,0.29682502150535583,0.3064517919568433,0.29522056887136944,0.30186762596043387,481884000
2009-08-12,0.30782729387283325,0.311036201655036,0.2968252540726369,0.29705447348156827,634940000
2009-08-13,0.31699562072753906,0.318141663080037,0.3046183469262786,0.3101193666125516,564028000
2009-08-14,0.3075980544090271,0.31699561238161106,0.3034722965838974,0.3165372009174421,427148000
2009-08-17,0.2947622835636139,0.29911723218971475,0.2915533496020376,0.2982004095285765,465032000
2009-08-18,0.30553504824638367,0.3089732012589664,0.2945330405775012,0.2947622598862714,636200000
2009-08-19,0.3020969033241272,0.303930575706163,0.2979711472954947,0.30095086150082884,552996000
2009-08-20,0.31401580572128296,0.31539106703836145,0.3000340825182382,0.3007217131767774,819840000
2009-08-21,0.31928765773773193,0.3197460691454932,0.31011932028730377,0.31653716196736364,607324000
2009-08-24,0.3103485107421875,0.3208921096857812,0.3085148377967189,0.3174539831594529,461456000
2009-08-25,0.31309905648231506,0.31630796387627386,0.3066812143705948,0.3119529869001267,444088000
2009-08-26,0.31676629185676575,0.31745392249538834,0.31126530139537617,0.31241134335181525,434308000
2009-08-27,0.3211212456226349,0.32249647948159804,0.3147034056427592,0.3181415312758576,551072000
2009-08-28,0.3376242518424988,0.34450050272828764,0.32937273985003523,0.3298311511109961,883992000
2009-08-31,0.3328109085559845,0.3353322118047088,0.32845593270126033,0.3337277311970866,431796000
2009-09-01,0.3215796947479248,0.3419792589655847,0.31974602206308617,0.33258170353315974,736856000
2009-09-02,0.3261638879776001,0.32937282225474296,0.3202044581227626,0.3220381309491587,404656000
2009-09-03,0.3339569866657257,0.33441539803589376,0.3252470613373378,0.32616388407767394,534020000
2009-09-04,0.3463340997695923,0.34862618289966935,0.33258157366534374,0.33258157366534374,513048000
2009-09-08,0.3559609651565552,0.3559609651565552,0.34610499886264684,0.3488554940943945,549712000
2009-09-09,0.36581695079803467,0.36650458147328835,0.35023077389540513,0.35527335330760373,571684000
2009-09-10,0.37750664353370667,0.37796508226437947,0.3628372872471981,0.3669630445566474,607952000
2009-09-11,0.3740684688091278,0.37796503357508776,0.3713179733984128,0.37658977220783163,712732000
2009-09-14,0.36787980794906616,0.37154715298689284,0.3646708742100192,0.36856743855913293,490516000
2009-09-15,0.37544363737106323,0.3800278043637009,0.36787975636845294,0.3713178816129312,546136000
2009-09-16,0.36535853147506714,0.37521449807495505,0.35985754084079297,0.37452686741472163,707064000
2009-09-17,0.34931397438049316,0.3644417409442918,0.3431253252165217,0.3644417409442918,923096000
2009-09-18,0.3488554060459137,0.35527324484937434,0.3461049115083702,0.35275196957487137,604740000
2009-09-21,0.34725111722946167,0.35321054764607135,0.3417501255555155,0.34472981344001874,588776000
2009-09-22,0.3479386568069458,0.3518351938314907,0.3451881616910197,0.34977232932549474,361388000
2009-09-23,0.3424376845359802,0.35298128241909815,0.3419792731766703,0.3500015675978867,478936000
2009-09-24,0.3378535509109497,0.34816795783310106,0.3367075087333552,0.34816795783310106,552876000
2009-09-25,0.33235251903533936,0.3376243178769573,0.3298312156212359,0.33601983716409284,377556000
2009-09-28,0.33991631865501404,0.34839702219651103,0.33349847934768445,0.33349847934768445,467708000
2009-09-29,0.3337276875972748,0.3461049555779006,0.3330400570443858,0.34197919958435863,470928000
2009-09-30,0.3445006012916565,0.3486263584682883,0.3330401525459904,0.34060403614918205,875956000
2009-10-01,0.3199752867221832,0.34335456894909433,0.3197460673576838,0.34335456894909433,999960000
2009-10-02,0.31745389103889465,0.32433014209616196,0.31493258805504615,0.31676626046840933,612476000
2009-10-05,0.3158494532108307,0.32203807399714374,0.3103484357044903,0.32089203209879713,754276000
2009-10-06,0.3211212456226349,0.3266222357060748,0.31745390068447915,0.31974598443987806,761272000
2009-10-07,0.3185999393463135,0.32226728424745194,0.31516181374791863,0.31882915864905714,459608000
2009-10-08,0.3206629455089569,0.3213505490149312,0.30920249543487355,0.32043372612443005,1241524000
2009-10-09,0.3247886300086975,0.3252470413506959,0.31837078924932904,0.31882920059132747,618540000
2009-10-12,0.3211212456226349,0.32730986629745323,0.3190583538484997,0.31928757315355705,499008000
2009-10-13,0.3199752867221832,0.32662232040705746,0.3169955716026945,0.322955001841672,602124000
2009-10-14,0.31951671838760376,0.3323523953717626,0.3179122382717434,0.3323523953717626,1101948000
2009-10-15,0.3101191818714142,0.32203800977246505,0.3080562904715203,0.3190582959662551,1092196000
2009-10-16,0.30301377177238464,0.3071395280542065,0.2975127542886908,0.3062226781450272,1018832000
2009-10-19,0.31401580572128296,0.31653710902799476,0.30301379715604404,0.3055350731389595,695588000
2009-10-20,0.3142450749874115,0.3215797394219035,0.31172377128002327,0.3192876550783872,660180000
2009-10-21,0.30668121576309204,0.31791241901674616,0.3050767347350247,0.31309905790395276,503956000
2009-10-22,0.3087441027164459,0.3103485565340424,0.299804956034743,0.3050767562843927,379328000
2009-10-23,0.3014092743396759,0.3128696915935917,0.29957560211429135,0.3128696915935917,429528000
2009-10-26,0.29751279950141907,0.30828561679769784,0.2959083460712706,0.3037014485265318,481652000
2009-10-27,0.28742751479148865,0.30049241176338864,0.2844478282914444,0.2961374643219479,591836000
2009-10-28,0.27550873160362244,0.2874275615125604,0.2741334704386786,0.2810097216158112,773632000
2009-10-29,0.28765690326690674,0.2890321650172838,0.27734252211049354,0.27986379888777824,637100000
2009-10-30,0.2741333842277527,0.2874274711208393,0.2727581508190929,0.28628142961839703,604144000
2009-11-02,0.27665477991104126,0.28261420866622944,0.2688616786678111,0.2736750655334472,593136000
2009-11-03,0.2752794921398163,0.27665475320403476,0.2649651161295515,0.26771561093419716,876472000
2009-11-04,0.274591863155365,0.2803220994060447,0.27344582136998735,0.2773423852993045,916840000
2009-11-05,0.28123894333839417,0.2839894383681608,0.27688396782778624,0.27780081772023746,955156000
2009-11-06,0.3016384541988373,0.30782710112690237,0.2952206153291554,0.2988879596329133,1641112000
2009-11-09,0.3085147440433502,0.3128697193808963,0.3055350298279329,0.3057642491228852,818124000
2009-11-10,0.3009507954120636,0.3096607168211916,0.29705425953328657,0.3096607168211916,781472000
2009-11-11,0.3094315826892853,0.3167662446527363,0.3055350187590159,0.30599345733231215,871512000
2009-11-12,0.3085147440433502,0.3174538866896022,0.307597921511126,0.31218208881983195,505864000
2009-11-13,0.31080687046051025,0.31241135109834606,0.30691033317675803,0.3082855944881041,388524000
2009-11-16,0.315161794424057,0.31882913910033556,0.3119528610013654,0.31355734137460706,402820000
2009-11-17,0.3147035241127014,0.315391154962938,0.30874409317572277,0.315391154962938,350124000
2009-11-18,0.3098900318145752,0.31286974628623404,0.30461823349145484,0.31172370436050334,455516000
2009-11-19,0.29751279950141907,0.3032430098403766,0.29201180850553904,0.3032430098403766,833840000
2009-11-20,0.2956790626049042,0.2970543237175233,0.28994885350864485,0.2906364840649544,426748000
2009-11-23,0.2979711592197418,0.30553504102096174,0.2965959253710249,0.3000340509785073,390924000
2009-11-24,0.2961374521255493,0.29865872731588583,0.2913240663526894,0.2965958633125389,418504000
2009-11-25,0.29957565665245056,0.3037014130797179,0.2975127647769194,0.29957565665245056,441760000
2009-11-27,0.2931578755378723,0.2965960020340285,0.287198445348348,0.28880289891512745,279932000
2009-11-30,0.2993464767932892,0.2995756961398268,0.29109496285111414,0.2943038970836483,509836000
2009-12-01,0.30530595779418945,0.3087440846263642,0.299346527022232,0.30095098074581955,461936000
2009-12-02,0.31447407603263855,0.3151617063828234,0.3041597027512175,0.30599337457711584,602292000
2009-12-03,0.31699562072753906,0.32387187484252655,0.3165372092513009,0.318141663080037,660036000
2009-12-04,0.32685139775276184,0.32822665869459816,0.3179122562784035,0.3229548615159441,824564000
2009-12-07,0.368796706199646,0.37704822056553117,0.34610505535536173,0.3632957148382559,2732184000
2009-12-08,0.35091838240623474,0.36444169375275176,0.3488554905107685,0.36283721317056844,1075512000
2009-12-09,0.3596283793449402,0.36237887510438693,0.3511476453779283,0.35458579923198774,671588000
2009-12-10,0.3532103896141052,0.36444161463210156,0.352064347917807,0.3621495312395051,417012000
2009-12-11,0.3486262261867523,0.3566485181381078,0.3477093764266094,0.3561901069199311,416744000
2009-12-14,0.35916993021965027,0.360315972276048,0.34977237442767006,0.3536689119546626,405488000
2009-12-15,0.35871151089668274,0.3646709130633438,0.3557317961514535,0.3566486188466945,446152000
2009-12-16,0.38759174942970276,0.39171750586976356,0.3694842704216013,0.37154716230352924,1683400000
2009-12-17,0.38575807213783264,0.40065664446765425,0.38002786252013,0.388737786603797,1016132000
2009-12-18,0.3855288624763489,0.3903422219403177,0.3809446676685126,0.38896698808938096,812828000
2009-12-21,0.3992813527584076,0.4008858058641603,0.38736252312794023,0.38782093439761345,427792000
2009-12-22,0.4098249673843384,0.4139507236482897,0.3988229597883993,0.3992813710791064,793044000
2009-12-23,0.4155551791191101,0.41670122101409424,0.40844970844069106,0.4137215066223768,442196000
2009-12-24,0.4146384298801422,0.41738892544989437,0.41303397640810335,0.41670129472650663,136812000
2009-12-28,0.4079912304878235,0.41761800269185534,0.40386547487520835,0.41395065829757755,465760000
2009-12-29,0.41303399205207825,0.41418003419319877,0.4056993004898669,0.4066161505970433,475848000
2009-12-30,0.42793238162994385,0.4304536843375082,0.4139506617494322,0.4169303756791564,704008000
2009-12-31,0.42816177010536194,0.43435039235963663,0.4277033587020454,0.42884940087223705,700340000
2010-01-04,0.42380666732788086,0.4267863815482947,0.41509674396197616,0.42426507859476165,800204000
2010-01-05,0.4299953877925873,0.4345795558843369,0.4222022856423347,0.4222022856423347,728648000
2010-01-06,0.4327458143234253,0.4336626368663696,0.4256403439823324,0.42976610007316723,649168000
2010-01-07,0.4242651164531708,0.4322874372965056,0.42105620997487275,0.43045376474156605,547792000
2010-01-08,0.4251820743083954,0.42816178955098205,0.41830582097495006,0.4208270974695989,478168000
2010-01-11,0.41922256350517273,0.42930774952297207,0.41326313416175503,0.4274740768539361,556612000
2010-01-12,0.4050115644931793,0.41463833783599585,0.39630164101928445,0.41303388472012403,627432000
2010-01-13,0.4105125963687897,0.41188785755929935,0.391946706915878,0.40776210131156415,508868000
2010-01-14,0.40409478545188904,0.40844973399578294,0.39721853365176446,0.4054700467414323,608524000
2010-01-15,0.3921760618686676,0.4045533357552959,0.38690426154605584,0.4011152086740889,818192000
2010-01-19,0.39951062202453613,0.4020318979849877,0.38805017490651655,0.38919621688593886,545328000
2010-01-20,0.39790621399879456,0.3995106949217865,0.38919628790115723,0.3944680874331852,719728000
2010-01-21,0.3908005654811859,0.4047822838358258,0.3871332214565564,0.3976768150345262,608632000
2010-01-22,0.3772773742675781,0.39332196149054927,0.37498529037858225,0.38621649050514395,1067916000
2010-01-25,0.38369521498680115,0.39102987797381145,0.38071550046351077,0.38346599566816525,643676000
2010-01-26,0.371547132730484,0.38438281233929356,0.3713179134316938,0.3818615093477725,714636000
2010-01-27,0.3816322386264801,0.3830074995863281,0.36719210784323286,0.3713178633989877,812504000
2010-01-28,0.368796706199646,0.38598736568254016,0.3635249068727638,0.3846121041802926,687764000
2010-01-29,0.35275205969810486,0.37704816018859627,0.3472510418937958,0.37292240366631335,774700000
2010-02-01,0.37979862093925476,0.380486251517824,0.35114754720668806,0.35412726149795914,949832000
2010-02-02,0.38369521498680115,0.3885086020877929,0.3772773746267439,0.37842341657233286,849812000
2010-02-03,0.38690412044525146,0.38850860102371776,0.37842341553587977,0.38025708810855896,562296000
2010-02-04,0.3644416034221649,0.38346590046030116,0.3603158479776384,0.38346590046030116,783480000
2010-02-05,0.37177643179893494,0.3726932819344097,0.3575654869513828,0.3639833559283038,604856000
2010-02-08,0.37108880281448364,0.3800279482284363,0.3637541383143847,0.37063039140644016,445160000
2010-02-09,0.36810898780822754,0.3788818032554814,0.36444167021502477,0.3770481307969833,930144000
2010-02-10,0.37521445751190186,0.3786525831175892,0.3678797950178609,0.37040109805821564,535828000
2010-02-11,0.3924052119255066,0.3965309691586236,0.37842348666988784,0.38117398238403244,695980000
2010-02-12,0.3976769745349884,0.40569926889813746,0.3852997039804225,0.3896546801718393,780212000
2010-02-16,0.4050115644931793,0.406616044932844,0.3981353134333349,0.40294870010474315,457024000
2010-02-17,0.4089081585407257,0.41028339245904966,0.3972185199541005,0.4100542004678931,876560000
2010-02-18,0.3820907473564148,0.38850858747508216,0.37154715092404733,0.386445695656335,1515508000
2010-02-19,0.3800278604030609,0.38461202807168543,0.3781941878708522,0.38048627170516447,510548000
2010-02-22,0.3807154893875122,0.38736254887282523,0.3781941862510496,0.3816323119877925,458084000
2010-02-23,0.371547132730484,0.38346596246792547,0.36765056859380735,0.3818615093477725,489764000
2010-02-24,0.3793402314186096,0.38300757649879125,0.3736100218081976,0.37475606373028,445868000
2010-02-25,0.3759022057056427,0.376819055881622,0.3612328488041921,0.3706304059961183,576972000
2010-02-26,0.37131792306900024,0.3768189404686051,0.36902583931678,0.37406841810690583,393396000
2010-03-01,0.38621652126312256,0.3880501939851106,0.3685674793770576,0.3715471941348134,555868000
2010-03-02,0.38598722219467163,0.3944679254424266,0.38323672753645244,0.3896545666214905,538648000
2010-03-03,0.38117387890815735,0.39034221368227856,0.37796497266673207,0.3882793492876185,399300000
2010-03-04,0.38186147809028625,0.3857580145842168,0.3770480918000369,0.38277830056281437,557396000
2010-03-05,0.39355117082595825,0.39630166595822386,0.37911103722682055,0.37911103722682055,632832000
2010-03-08,0.3878209888935089,0.3949264602051662,0.3862165082385049,0.39378041820804704,439312000
2010-03-09,0.40226104855537415,0.40615758515464945,0.39148823393107157,0.391717453217296,830832000
2010-03-10,0.40317782759666443,0.4075328022989931,0.4008857442766352,0.4011149635381535,418520000
2010-03-11,0.394009530544281,0.4013442197018031,0.39240507753749465,0.39996895865382,540660000
2010-03-12,0.39538493752479553,0.3995106948677287,0.3933220451914284,0.39836465267934734,520352000
2010-03-15,0.3933219611644745,0.39882297888778123,0.38965464333939853,0.39492644174447766,358904000
2010-03-16,0.40707454085350037,0.4093666250167369,0.3928635971823953,0.39309281652823835,664988000
2010-03-17,0.4148676097393036,0.42036862804128805,0.40936661876111724,0.40936661876111724,651168000
2010-03-18,0.40019819140434265,0.4155551461126063,0.3965308467021639,0.4155551461126063,740964000
2010-03-19,0.39538493752479553,0.40730377081920177,0.3903423300368765,0.4061577286308204,584612000
2010-03-22,0.4018026888370514,0.4034071420750158,0.3903422422080892,0.3903422422080892,435336000
2010-03-23,0.41005420684814453,0.4121170714196251,0.40203188590935446,0.4047824084363889,493612000
2010-03-24,0.39630162715911865,0.4077620725151705,0.3956139966124247,0.4066160307119445,436252000
2010-03-25,0.39744752645492554,0.4045529940167314,0.3965307042705941,0.40203169202414685,495184000
2010-03-26,0.39744752645492554,0.4050114051088971,0.39423862148598343,0.4008856506318415,344676000
2010-03-29,0.4024903178215027,0.4034071404326655,0.39446799701675117,0.39996901465511264,394456000
2010-03-30,0.40409478545188904,0.40913736464055456,0.39721853365176446,0.40707450003003554,324104000
2010-03-31,0.39882299304008484,0.40432401095859616,0.3967601010742195,0.40249033831909237,389840000
2010-04-01,0.394697368144989,0.40524096884775035,0.3905716101602648,0.40065679938112464,339664000
2010-04-05,0.40065672993659973,0.40134436070216983,0.39676016470630254,0.39721860343254967,413636000
2010-04-06,0.3908005654811859,0.39653077344230275,0.3839242886040588,0.395613923774252,809260000
2010-04-07,0.3933219611644745,0.39996902083132907,0.38507044824141196,0.388279382077623,817468000
2010-04-08,0.38690412044525146,0.3937803994237473,0.3848412558783594,0.39080068490861797,1037600000
2010-04-09,0.3894253671169281,0.39080062817774547,0.3839243501974498,0.3859872417886759,817572000
2010-04-12,0.3965308964252472,0.3981353496872192,0.3891962061011545,0.3898838367345126,546460000
2010-04-13,0.40478238463401794,0.4061576184928722,0.3965308721857179,0.3981353253496113,648696000
2010-04-14,0.4098249673843384,0.4155551768276614,0.4034071273430578,0.41349231235758266,900720000
2010-04-15,0.4128047227859497,0.41532602612110747,0.40707451277313356,0.4112002694471205,957596000
2010-04-16,0.39102983474731445,0.39767689369120673,0.3823199114589201,0.3960724406095059,1917736000
2010-04-19,0.3891962766647339,0.39034231882018317,0.37613140155737235,0.3880502345092846,1094492000
2010-04-20,0.3905714750289917,0.39607249287996454,0.3855288958251135,0.3919467363226839,678188000
2010-04-21,0.38048624992370605,0.39309273761454233,0.3759020825175085,0.3926343263386812,895908000
2010-04-22,0.3820907473564148,0.3832367892588984,0.3690258478090656,0.3742976460252493,656932000
2010-04-23,0.3768189549446106,0.3818615339284539,0.37017189541353995,0.3809446839980676,752916000
2010-04-26,0.38048624992370605,0.3850704173299036,0.3765897130931967,0.377277343668885,491092000
2010-04-27,0.3697134554386139,0.38163228501896185,0.3685674136073536,0.37773574825743556,606704000
2010-04-28,0.37040117383003235,0.37567297296861385,0.36283726316164233,0.36948432375334916,672164000
2010-04-29,0.3816322386264801,0.38209067716228895,0.36604606615128926,0.3715470826668921,987128000
2010-04-30,0.3600867986679077,0.3777358704369828,0.3598576066217985,0.3770482396510524,1068048000
2010-05-03,0.3561902344226837,0.36398333721648435,0.35068921586403634,0.3619204450105668,1078972000
2010-05-04,0.3380827009677887,0.3513767929673072,0.33304009456108513,0.3506891623369572,1311376000
2010-05-05,0.33235251903533936,0.34083322465509125,0.32822676223216896,0.3312064769968919,1330840000
2010-05-06,0.3254762291908264,0.33693667653677317,0.2988880438099195,0.3300604245234831,1002888000
2010-05-07,0.3199752867221832,0.3284559933516506,0.3085148376494264,0.3284559933516506,1153712000
2010-05-10,0.3337276875972748,0.3433544606901367,0.3300603701881869,0.3392287046965947,979156000
2010-05-11,0.3300603926181793,0.3367074246589721,0.32753908952750954,0.33051880390999366,829124000
2010-05-12,0.33647817373275757,0.3383118185788081,0.3302895267440748,0.33235241818156547,901236000
2010-05-13,0.3357906937599182,0.35046005036986816,0.3325817591934597,0.33510306297254844,1252000000
2010-05-14,0.297054260969162,0.31401569270551094,0.2888027506840423,0.31309887037329165,2493068000
2010-05-17,0.29774191975593567,0.301409264081895,0.2883443669980331,0.2975127004891423,856060000
2010-05-18,0.28788599371910095,0.3020969070379433,0.2862815132877248,0.3002632346333653,674112000
2010-05-19,0.29247018694877625,0.29292859825953654,0.2844478933771887,0.28651075793750747,826520000
2010-05-20,0.2855939567089081,0.29247020885677527,0.2752795511633101,0.283989476015368,1129136000
2010-05-21,0.2917826175689697,0.2998049128245212,0.2773424806442169,0.2773424806442169,1069600000
2010-05-24,0.2833019196987152,0.29430395881174465,0.28238509676786494,0.2908658318353496,664564000
2010-05-25,0.29086580872535706,0.2922410430123668,0.2716122554691991,0.27436277869082293,966652000
2010-05-26,0.2922409474849701,0.30828556084585557,0.29132412492665355,0.30255535154689406,995028000
2010-05-27,0.3094315826892853,0.3094315826892853,0.29888798733171784,0.29957561786787074,713560000
2010-05-28,0.3011802136898041,0.3089733179211904,0.2965960443738607,0.3089733179211904,545116000
2010-06-01,0.28834450244903564,0.3004925554961105,0.2881152830745655,0.29705442882187055,527492000
2010-06-02,0.2915533185005188,0.29201175710598015,0.28696915103625237,0.28880282348671765,649088000
2010-06-03,0.29109495878219604,0.2917825894883987,0.2846771177306348,0.2855939677801711,586360000
2010-06-04,0.277342289686203,0.28765666219874614,0.2757378098807818,0.2826140855462593,671456000
2010-06-07,0.26358988881111145,0.2803221337139939,0.2624438468854725,0.2784884611682126,577248000
2010-06-08,0.25625529885292053,0.2624439215471907,0.2496082373989394,0.2624439215471907,967636000
2010-06-09,0.2500666379928589,0.26450680252642,0.24914981516079218,0.2576305219907141,697152000
2010-06-10,0.26015177369117737,0.2612978156637633,0.25442156382824754,0.2551091944765583,611768000
2010-06-11,0.2661112844944,0.26725732681847686,0.2567137265074483,0.25740135736665526,442104000
2010-06-14,0.26038089394569397,0.27046604853774037,0.2596932635590123,0.2700076373878811,375080000
2010-06-15,0.2732166051864624,0.27459183881272586,0.2629022027086466,0.2633606412411902,528632000
2010-06-16,0.2697785496711731,0.273904306260965,0.2661112044082923,0.2713830029772599,366480000
2010-06-17,0.28009283542633057,0.2807804658525934,0.2695492417537323,0.27917601307383816,859068000
2010-06-18,0.28192663192749023,0.2853647582529719,0.27963454771050245,0.2816974125762718,932832000
2010-06-21,0.2752794921398163,0.28857358224002694,0.2727582166204708,0.287885979031709,579836000
2010-06-22,0.2649651765823364,0.28215580718821703,0.263589915204347,0.2787176810670409,818164000
2010-06-23,0.26794490218162537,0.27069539772497336,0.2599225802508459,0.2674864908117005,614060000
2010-06-24,0.254650741815567,0.2677156414431485,0.2537339192174675,0.26634038022220485,725028000
2010-06-25,0.2539631426334381,0.25671363779598444,0.24983738622772114,0.25648441848085773,507220000
2010-06-28,0.254421591758728,0.25808893740312383,0.24983742336513273,0.25579685320632617,372008000
2010-06-29,0.24021068215370178,0.2491498281909627,0.2386062284517738,0.2489206088090575,660808000
2010-06-30,0.23402194678783417,0.24319028047120345,0.23402194678783417,0.24066897777876103,623072000
2010-07-01,0.23791852593421936,0.23952297915265286,0.227604135023228,0.23470961949735236,737008000
2010-07-02,0.23493874073028564,0.23929371509593297,0.22691644973038338,0.2388353039321244,737096000
2010-07-06,0.23241756856441498,0.24158590519477982,0.23035467642830382,0.23402202200996913,712020000
2010-07-07,0.24364875257015228,0.24502401389580458,0.23287596326519758,0.2333343745991495,608412000
2010-07-08,0.23631413280963898,0.24548247047364308,0.23333441760407733,0.2452532784263239,783272000
2010-07-09,0.23723091185092926,0.2388353925049654,0.23425119719545764,0.23746013117973344,571516000
2010-07-12,0.2415858805179596,0.24456559508322454,0.23700171267102757,0.23723090466909677,565396000
2010-07-13,0.25029581785202026,0.2519002712167647,0.24410719640297898,0.24548243043398976,723316000
2010-07-14,0.2528170347213745,0.26313140938176777,0.24914969057927516,0.26129773731071804,1355664000
2010-07-15,0.24571168422698975,0.2532755680916183,0.24273196908955416,0.2530463487257383,953088000
2010-07-16,0.2303546667098999,0.24639928245993253,0.2294378440150625,0.24571165177690585,1288604000
2010-07-19,0.23975223302841187,0.24066905576431694,0.23195913047802458,0.23356361125155625,798440000
2010-07-20,0.24571168422698975,0.24708691845086708,0.2315007393136509,0.23356363163516827,1160988000
2010-07-21,0.2376893013715744,0.24823289770062443,0.23539721758906734,0.24800370571665012,624940000
2010-07-22,0.2415858805179596,0.24410718376329046,0.23883538527455953,0.2402106192343617,462612000
2010-07-23,0.23746003210544586,0.24158578703597672,0.2351679490689048,0.2413565678028086,817604000
2010-07-26,0.24181503057479858,0.24273188037944082,0.2331051077115476,0.23677245228253463,683548000
2010-07-27,0.23975223302841187,0.24296113992787816,0.23677251815102257,0.24250272855992563,683472000
2010-07-28,0.23218834400177002,0.239981446356745,0.2315007133051843,0.2358556895010286,1320808000
2010-07-29,0.20926746726036072,0.2200402703259161,0.2078922195840064,0.21545610229680276,2664476000
2010-07-30,0.21064269542694092,0.21431002654032652,0.204454061365075,0.2076629812124985,984288000
2010-08-02,0.21041344106197357,0.2152268268617989,0.2094966050209643,0.21430999082078958,917020000
2010-08-03,0.2049124836921692,0.20903823995612056,0.2033080305127975,0.20880903431076703,955444000
2010-08-04,0.21362243592739105,0.21431006661681903,0.2058293473154354,0.20674618368070644,855496000
2010-08-05,0.21637290716171265,0.2168313184331848,0.21041347866119653,0.21431002911629526,800504000
2010-08-06,0.21889421343803406,0.22118629729677303,0.21362241509817542,0.21545608764992558,739904000
2010-08-09,0.22095713019371033,0.2214155552425781,0.2156853309340799,0.2211863358871943,466456000
2010-08-10,0.21178872883319855,0.2177481433632458,0.21087189267583073,0.21728973211550973,772560000
2010-08-11,0.20353727042675018,0.20743380803949252,0.20284963971301953,0.20743380803949252,796148000
2010-08-12,0.2053709328174591,0.2099551009116859,0.19826546134188872,0.19986991471010868,1343584000
2010-08-13,0.2152269035577774,0.2182066183374037,0.21155955808688387,0.21201798310169495,1797392000
2010-08-16,0.20972593128681183,0.21660218461003472,0.2069754217603821,0.21224722143961336,814008000
2010-08-17,0.21247638761997223,0.21637293864198326,0.20972589226717486,0.21178877061272208,481224000
2010-08-18,0.21362243592739105,0.21545610865793313,0.2104135154798918,0.21178877685874775,352920000
2010-08-19,0.22645801305770874,0.22714564342934193,0.21476837871129922,0.21591442022275956,1615100000
2010-08-20,0.22852098941802979,0.23402200744823357,0.22462445205734174,0.22485365772645896,1305308000
2010-08-23,0.2250828593969345,0.2349388259509676,0.22439522873990034,0.22920861601534329,748620000
2010-08-24,0.22279076278209686,0.22508284662629952,0.21728975882363102,0.2177481701277126,641332000
2010-08-25,0.22737494111061096,0.22920861373653953,0.21912342795583037,0.22026948359345924,757532000
2010-08-26,0.2246244251728058,0.23287593756861757,0.2246244251728058,0.2303546345243991,657596000
2010-08-27,0.23195908963680267,0.23379276210955519,0.22026946519322177,0.2259996745932023,1060416000
2010-08-30,0.22095713019371033,0.23104231732600325,0.22095713019371033,0.22920864445433184,602804000
2010-08-31,0.213851660490036,0.22462446413685297,0.21316402978380758,0.2177481980602661,931488000
2010-09-01,0.21545609831809998,0.21981106059771677,0.21431005633198494,0.21706056529579992,851440000
2010-09-02,0.21935264766216278,0.22004026465165893,0.21408084909986885,0.21614372739215335,596292000
2010-09-03,0.22691652178764343,0.22760413875170882,0.22187392907500975,0.22462443791696382,566484000
2010-09-07,0.22897937893867493,0.23425116315912173,0.22577045908254856,0.22622887034975392,899820000
2010-09-08,0.23654329776763916,0.2381477785341334,0.22691654978766582,0.22943785328604385,1224156000
2010-09-09,0.23333430290222168,0.23975214157692082,0.2303545891614198,0.23952292231847908,697748000
2010-09-10,0.23081302642822266,0.23562641280893643,0.22875016216436886,0.23493878227972145,609292000
2010-09-13,0.24387790262699127,0.246857616437004,0.23493876119695306,0.23493876119695306,1015792000
2010-09-14,0.2415858805179596,0.24479478708129374,0.23952298859256277,0.2418150725160288,698536000
2010-09-15,0.2420443445444107,0.2422735639161894,0.23608491411618135,0.2392938487020747,555572000
2010-09-16,0.2422734498977661,0.24433631397774522,0.23883532488194173,0.23883532488194173,365280000
2010-09-17,0.24181503057479858,0.24479474462325168,0.24112742737605558,0.24456555266493432,416884000
2010-09-20,0.24548237025737762,0.2463992200437622,0.2395229422791444,0.2418150257594202,443168000
2010-09-21,0.2587764859199524,0.262902242063928,0.2441071611011426,0.2441071611011426,1779624000
2010-09-22,0.2610686123371124,0.26336069618284275,0.25625522533156087,0.25785967855881314,999996000
2010-09-23,0.26634031534194946,0.2745918260099622,0.2617561488205619,0.26404823208125566,1240872000
2010-09-24,0.28100982308387756,0.28192667329949755,0.27023703114791553,0.27229989631640494,1086976000
2010-09-27,0.27505040168762207,0.28330188914682947,0.27138305571210675,0.2830726971007357,999504000
2010-09-28,0.2743626534938812,0.27825918984804776,0.26954926737628215,0.27527947593352403,723192000
2010-09-29,0.2722998559474945,0.28032217801868337,0.2693201410051328,0.27184144456954634,974904000
2010-09-30,0.2677156627178192,0.2789468907179239,0.2654235787166301,0.27573795672198115,787632000
2010-10-01,0.26015177369117737,0.2720706320651081,0.258088909070041,0.271612193417037,999120000
2010-10-04,0.25763049721717834,0.2619854735602278,0.2523586981302231,0.25763049721717834,749500000
2010-10-05,0.25946420431137085,0.26358996185167405,0.25877657350068656,0.26313155041915204,753588000
2010-10-06,0.24708683788776398,0.26061014761796447,0.2445655623041548,0.25946410580983525,1057604000
2010-10-07,0.24525319039821625,0.2484620964993325,0.23791850104059323,0.2482328772104849,761488000
2010-10-08,0.24892061948776245,0.2509835120419991,0.24089832331016273,0.24433645024341977,706932000
2010-10-11,0.24777455627918243,0.25212953308828834,0.24662851406475483,0.25006664070803764,442680000
2010-10-12,0.25258785486221313,0.2537338966698939,0.24364871236802785,0.24571160401612846,605208000
2010-10-13,0.25992247462272644,0.26358981873937587,0.25396307458790546,0.2567135690134988,968732000
2010-10-14,0.25579679012298584,0.26061014935493465,0.254650720983426,0.26015173809338604,599172000
2010-10-15,0.2587764859199524,0.262902242063928,0.255796798955108,0.25992252777529046,639940000
2010-10-18,0.26038089394569397,0.26152693548223493,0.2544214670261667,0.2590056331723306,448156000
2010-10-19,0.2587764859199524,0.2606101583532519,0.25258786536588557,0.2546507297759768,866136000
2010-10-20,0.2587764859199524,0.26588195635256556,0.2544215377991851,0.25900570522053723,763532000
2010-10-21,0.2541923522949219,0.2594641509951512,0.2502958149334643,0.2590057396568262,1014428000
2010-10-22,0.2704661786556244,0.272529070808101,0.2530463279902158,0.2557968508601846,1322676000
2010-10-25,0.2729875147342682,0.2750504071327599,0.2700077994856481,0.272529103309204,673136000
2010-10-26,0.27207067608833313,0.2761964333219825,0.26748650745623387,0.2697785917722835,675248000
2010-10-27,0.27596718072891235,0.27688400341540836,0.2688617092752787,0.2695493399520492,496796000
2010-10-28,0.2761964201927185,0.28055136925667595,0.2736751166353964,0.2796345465033583,704448000
2010-10-29,0.27550873160362244,0.2784884459118052,0.272758236597528,0.2757379235819175,554664000
2010-11-01,0.27596718072891235,0.28169739082900497,0.2736750966888753,0.2773424420824534,473920000
2010-11-02,0.2816973924636841,0.2862815605703599,0.2755087709844311,0.27711322435700825,581036000
2010-11-03,0.2837602198123932,0.28559389210177,0.27619633869608334,0.28353100052979946,671748000
2010-11-04,0.28421860933303833,0.28949040651569,0.2837601981266749,0.2865106926886444,700016000
2010-11-05,0.2890319526195526,0.29155322754405577,0.28490619772407444,0.28628143114004395,735116000
2010-11-08,0.2901780605316162,0.29269933603308096,0.28651071593556976,0.28880279947715104,605156000
2010-11-09,0.28857365250587463,0.29247021736201867,0.28696919908947305,0.29017813324607417,633964000
2010-11-10,0.2920118272304535,0.2920118272304535,0.28651080855802896,0.2906365657313974,521016000
2010-11-11,0.2890319526195526,0.2938453105611231,0.2812388539672528,0.28513538963151025,1089980000
2010-11-12,0.30393052101135254,0.3135572924536754,0.2986587241081251,0.3000339849781105,2142560000
2010-11-15,0.30026334524154663,0.30966090269942215,0.2995757417448556,0.3053059530426327,733548000
2010-11-16,0.29132428765296936,0.29934658515256624,0.2908658761177541,0.29522082668801186,739356000
2010-11-17,0.2961374521255493,0.2995755770136527,0.2883443526515756,0.29109484709730077,551764000
2010-11-18,0.30530595779418945,0.3082856731801682,0.3000341578534276,0.3000341578534276,993120000
2010-11-19,0.315161794424057,0.3163078362199201,0.3041597877190131,0.30461819897259995,716484000
2010-11-22,0.31539106369018555,0.31722470899509586,0.310348457130294,0.31309897973525164,462668000
2010-11-23,0.3080563247203827,0.3149325755036012,0.3057642411259765,0.31172366940094925,457832000
2010-11-24,0.3156202435493469,0.3167662854827251,0.31103607581583403,0.31126529513202766,397784000
2010-11-26,0.31172385811805725,0.3172248511454075,0.31172385811805725,0.3153912050188296,143104000
2010-11-29,0.315161794424057,0.3163078362199201,0.3089731741911547,0.3103484079519154,468192000
2010-11-30,0.3119528293609619,0.31355730957146616,0.30622262096284364,0.31034837647424657,720936000
2010-12-01,0.3257054388523102,0.327768303465543,0.3176831450749447,0.3181415563974636,626536000
2010-12-02,0.3296020030975342,0.3316648952036621,0.32547624620907645,0.3257054655510233,529316000
2010-12-03,0.338999480009079,0.338999480009079,0.32730984276738656,0.3279974733093317,606044000
2010-12-06,0.3325817883014679,0.3408333038244861,0.3312065539301674,0.340145672976934,438424000
2010-12-07,0.3433544933795929,0.3513767868382213,0.33968714829755914,0.3403747789159148,1026812000
2010-12-08,0.3463340997695923,0.35000141638344384,0.3403746727018775,0.3428959750744767,613252000
2010-12-09,0.3406040072441101,0.3428961186577652,0.3332693436213258,0.3380827311395455,942408000
2010-12-10,0.34266677498817444,0.3458756806201564,0.33968706128774107,0.34060388366151084,451900000
2010-12-13,0.3339569866657257,0.34472977682176925,0.3330401366015909,0.3440421734284165,609108000
2010-12-14,0.33441540598869324,0.3465634578679349,0.3339569946076236,0.3403748359139965,755160000
2010-12-15,0.3270806074142456,0.3392286542978245,0.32662216889790113,0.3351028989172408,624176000
2010-12-16,0.3275391161441803,0.33235250340886396,0.32662226616225204,0.3305188307688037,631872000
2010-12-17,0.32937297224998474,0.33120664591142907,0.3238719512656518,0.32776849071883885,593156000
2010-12-20,0.327997624874115,0.33212338270847014,0.3277684054796158,0.3305189289183888,344088000
2010-12-21,0.34083321690559387,0.34083321690559387,0.33097725013428037,0.33120646946627713,466952000
2010-12-22,0.3445006012916565,0.34495901268377116,0.33693671768846484,0.3401456247570674,477988000
2010-12-23,0.3419792652130127,0.3445005686162007,0.34060400384331063,0.3445005686162007,273784000
2010-12-27,0.34381285309791565,0.3463341558789897,0.33487371104811814,0.3410623583609743,255500000
2010-12-28,0.3424376845359802,0.3461050300580555,0.34037481975718664,0.34381294593770795,194260000
2010-12-29,0.3424376845359802,0.3449589879978817,0.3392287776970129,0.34220849251822427,177660000
2010-12-30,0.3435836434364319,0.3456465350397288,0.3408331486224941,0.34197919040528413,174488000
2010-12-31,0.3529813289642334,0.3534397677077924,0.34335457985412243,0.3438129912738798,391252000
2011-01-03,0.3626079857349396,0.3660461112342164,0.35527329614411496,0.3557317347363859,817448000
2011-01-04,0.3614618480205536,0.3648999726078342,0.3534395573168988,0.3632955199318603,651384000
2011-01-05,0.3891962766647339,0.3896547153859538,0.36444176064226974,0.3681090791454272,1428216000
2011-01-06,0.4430602788925171,0.4432894982356788,0.39813539156528666,0.3992814336334987,3493312000
2011-01-07,0.4554375410079956,0.4568128023933536,0.4281617239062449,0.4380176909711834,2579984000
2011-01-10,0.47285735607147217,0.4737741787113693,0.44374786838349733,0.447185994268805,1750348000
2011-01-11,0.4655226171016693,0.4838593412249914,0.4554374598195314,0.4792751738560573,2711088000
2011-01-12,0.5352023243904114,0.5356607085656452,0.4641476403535875,0.465752094262131,3431896000
2011-01-13,0.5361189842224121,0.5464333900925931,0.5129688963427689,0.5294719238760199,2695192000
2011-01-14,0.5407031178474426,0.5496422617429364,0.5237417073643975,0.5269506139994181,1595352000
2011-01-18,0.528096616268158,0.5370357599538437,0.5150317433839356,0.5333684147509271,1813348000
2011-01-19,0.5136563777923584,0.5409321873060662,0.5125103633884411,0.5283257556250759,1197896000
2011-01-20,0.514115035533905,0.5170947507610949,0.4994456514469388,0.5086140438250945,1111408000
2011-01-21,0.509301483631134,0.5269505782205962,0.5083846610330346,0.5196158881406227,739244000
2011-01-24,0.5668329000473022,0.5741675903816367,0.52672140449922,0.5326807789173272,2056900000
2011-01-25,0.5494129657745361,0.5702709096028213,0.5457456211795146,0.5643114814668592,1086856000
2011-01-26,0.5624778866767883,0.5730214828353196,0.551246659929867,0.5551431968323526,1074660000
2011-01-27,0.5608733892440796,0.5718753684946438,0.5501006019556905,0.5705001620740103,657396000
2011-01-28,0.544599711894989,0.571646338403319,0.5317640293696458,0.5622488095220849,1094796000
2011-01-31,0.5482667684555054,0.5558306478363809,0.5365771615248657,0.5455163016381858,750160000
2011-02-01,0.5608733892440796,0.5649991178011455,0.5494129714215825,0.5530803160542981,654104000
2011-02-02,0.5863157510757446,0.5998390650215728,0.557664669617309,0.557664669617309,1606616000
2011-02-03,0.5753138065338135,0.5872326688402683,0.5627073133521702,0.5872326688402683,1030776000
2011-02-04,0.5883785486221313,0.592962716971262,0.5810439120520807,0.583335996226646,872900000
2011-02-07,0.5638532638549805,0.582877568320739,0.5617903716654119,0.5803562920763319,934236000
2011-02-08,0.5471210479736328,0.5682082447972896,0.5445997170615008,0.5645408990913147,1076584000
2011-02-09,0.5338268876075745,0.5546848908776489,0.5239709206513797,0.5491838453969117,1277520000
2011-02-10,0.5230540037155151,0.5319931463635594,0.5180113978158937,0.5219079345643164,1042352000
2011-02-11,0.5379524827003479,0.5549139442833164,0.5127395642525182,0.5212202677202119,1359276000
2011-02-14,0.5297011733055115,0.5615611591537549,0.5276382811911917,0.5443705008296161,1287828000
2011-02-15,0.5168655514717102,0.5324517035362721,0.5145734124235776,0.5306180578748894,886980000
2011-02-16,0.5358898043632507,0.5434536876003067,0.5219080526520519,0.5237417527793486,1318364000
2011-02-17,0.5886077880859375,0.5961716712341499,0.5182407009579284,0.520762031772397,3470096000
2011-02-18,0.5874616503715515,0.594796340646424,0.5782933148517561,0.5853987584853204,1394412000
2011-02-22,0.53199303150177,0.5698124309644412,0.5301593321852802,0.5682079782172459,1396648000
2011-02-23,0.5067799687385559,0.5370354827351786,0.4992160902394003,0.5319929335007836,1491604000
2011-02-24,0.5191574096679688,0.5280964966818259,0.5056341012028597,0.509301390927735,1246120000
2011-02-25,0.5299303531646729,0.5386402508126144,0.5258045690307045,0.5331392599482516,775652000
2011-02-28,0.5193867087364197,0.5388694489940984,0.507467850729596,0.5386402023533278,903696000
2011-03-01,0.4962364435195923,0.5269504000265829,0.4962364435195923,0.5203033428048558,988448000
2011-03-02,0.47560790181159973,0.5049466102509043,0.4641474816355262,0.4955490274532082,1718140000
2011-03-03,0.47835826873779297,0.4893603025694909,0.46391813690390243,0.4866097804496708,1593704000
2011-03-04,0.4758370518684387,0.48363012597156974,0.47056525358747614,0.4788167663162693,959760000
2011-03-07,0.46919000148773193,0.480879667517479,0.45727117078828383,0.47927521426782554,1019140000
2011-03-08,0.4481028914451599,0.4767539435081,0.4382468967469503,0.4742326673208404,1947184000
2011-03-09,0.43870529532432556,0.45108256507803257,0.43480873074102394,0.44672758916840016,1318976000
2011-03-10,0.4107418656349182,0.431829033403602,0.4102834269664578,0.42862012666716215,1722736000
2011-03-11,0.41372156143188477,0.425182009223791,0.40478244439627925,0.4141800001096473,1486832000
2011-03-14,0.41715967655181885,0.4274740540250442,0.4102833975792068,0.4169304572340069,1003360000
2011-03-15,0.40478238463401794,0.4116586358996701,0.3898838129013113,0.39676006416696347,1256280000
2011-03-16,0.4018026888370514,0.42059779835656164,0.3965308904919155,0.40111505821398236,1476520000
2011-03-17,0.40936651825904846,0.4132630548556226,0.39423875579730017,0.4125754243212174,1238516000
2011-03-18,0.4038655161857605,0.41715963414389745,0.4034071049205333,0.41578437302442334,886960000
2011-03-21,0.40707454085350037,0.41670128887433394,0.40294878389491495,0.41257553191574853,751832000
2011-03-22,0.3999689817428589,0.40982494695891813,0.3981353093476258,0.40592841019641823,718332000
2011-03-23,0.4082205593585968,0.4093666013740261,0.39057149046194783,0.39928141524397,782396000
2011-03-24,0.4407682418823242,0.44581084938064336,0.41601372509747087,0.41693054792054646,1780592000
2011-03-25,0.42701566219329834,0.44581077274985054,0.4263280315322885,0.44466473075609964,1196392000
2011-03-28,0.44283103942871094,0.4501657024146806,0.4332042652280933,0.43710080237778387,1204284000
2011-03-29,0.4393928647041321,0.4444354432381951,0.4334334363214626,0.442830990157874,715764000
2011-03-30,0.42288991808891296,0.4446647439395588,0.41738889996153605,0.44283107123043314,1176320000
2011-03-31,0.42311909794807434,0.428161704584294,0.4153260233128563,0.42357753660503716,655112000
2011-04-01,0.41715967655181885,0.4290785072783424,0.4114294395206763,0.4286200959665137,850072000
2011-04-04,0.40226104855537415,0.41830566084871573,0.3992813344534137,0.41715961906517646,924328000
2011-04-05,0.40294861793518066,0.4114293203815062,0.4020317682532237,0.40822041480412485,821076000
2011-04-06,0.40019819140434265,0.40638681168095137,0.3967600386686801,0.405928400424127,856984000
2011-04-07,0.4148676097393036,0.41738891320985455,0.3995106515450518,0.4011151049700396,1021208000
2011-04-08,0.40226104855537415,0.4180764415624913,0.4011150067718348,0.4180764415624913,746552000
2011-04-11,0.39698928594589233,0.40592842904122173,0.3926343377133584,0.4038655372543947,546208000
2011-04-12,0.39813536405563354,0.400885859364534,0.38575809417988705,0.3930927847686833,840756000
2011-04-13,0.40707454085350037,0.4095958170387814,0.3972185734868237,0.4022611531811843,749588000
2011-04-14,0.4242651164531708,0.4244943357689613,0.4011150585101234,0.4034071423728491,1254704000
2011-04-15,0.4288492500782013,0.4341210476721481,0.4189932580916038,0.4210561496668653,969720000
2011-04-18,0.4146384298801422,0.4215146824664221,0.4079913693191256,0.41876418689666994,743584000
2011-04-19,0.41303399205207825,0.41647211847543986,0.40180276267481707,0.41486763761883116,659860000
2011-04-20,0.4256402850151062,0.43435020726159534,0.41876403492426567,0.42816158764459666,650516000
2011-04-21,0.42449429631233215,0.4329750276751715,0.4235774737819783,0.430224505436525,421300000
2011-04-25,0.43114134669303894,0.43824678947106893,0.4260987409052728,0.42632796019518643,619612000
2011-04-26,0.442372590303421,0.4467275659870675,0.430453759818326,0.43480870817817785,676000000
2011-04-27,0.442372590303421,0.444664701463726,0.4332042549573795,0.444664701463726,450004000
2011-04-28,0.4471859335899353,0.45612507607305625,0.4373299685913214,0.442372547074117,684000000
2011-04-29,0.4584173262119293,0.46850248684109275,0.44947818048154176,0.4501658112798488,836000000
2011-05-02,0.4522285461425781,0.4682731316695928,0.4499364624958617,0.46804393969919655,613824000
2011-05-03,0.4306829869747162,0.44833205581599994,0.4251819962474309,0.44695682179607704,808000000
2011-05-04,0.4274740219116211,0.43687157605521,0.4194517289239989,0.43205818933311946,639356000
2011-05-05,0.427703320980072,0.4327459006194167,0.4183057650838128,0.4240359754293859,544000000
2011-05-06,0.44283103942871094,0.4469567958970049,0.4332042652280933,0.43664239106437236,841080000
2011-05-09,0.45268699526786804,0.454979079106284,0.4430602212874853,0.44420626320669326,706328000
2011-05-10,0.45337462425231934,0.45681274999756843,0.4487904292681926,0.4563543386962941,690976000
2011-05-11,0.4554375410079956,0.46025090120915324,0.44924891942147993,0.4556667603468212,616000000
2011-05-12,0.4698774814605713,0.4703359199481662,0.45268685788935215,0.45383289946076677,1224000000
2011-05-13,0.41853493452072144,0.4412265826591106,0.41532602782986083,0.4400805406518322,2025192000
2011-05-16,0.4056992530822754,0.4183057424852821,0.40547006107511324,0.4173888924852433,728188000
2011-05-17,0.40409478545188904,0.40455319677380486,0.3924051464621589,0.40432400477474484,1420364000
2011-05-18,0.413492351770401,0.41693047776410647,0.4043240157871866,0.40569924979039085,658844000
2011-05-19,0.4075329005718231,0.4169304553795927,0.40134427958017255,0.41670123606280024,650884000
2011-05-20,0.4146384298801422,0.4155552526287933,0.4047824623750479,0.406616135196149,575820000
2011-05-23,0.4141800105571747,0.41715972541880453,0.40340719318637447,0.4086789921994429,588000000
2011-05-24,0.41578447818756104,0.43251669852882957,0.4150968474539036,0.41624288956873295,720372000
2011-05-25,0.42082688212394714,0.423577403908869,0.40959565769895073,0.41372141305254556,545312000
2011-05-26,0.4313706159591675,0.4350379613122099,0.41968097655466696,0.4208270185620181,706436000
2011-05-27,0.4469568729400635,0.44764447636680693,0.43274592850816485,0.4332043399005938,658824000
2011-05-31,0.45933404564857483,0.45956329229480175,0.4446647194316704,0.4556667277562466,1200716000
2011-06-01,0.43870529532432556,0.4579588169443822,0.437788445347868,0.457271186292988,762208000
2011-06-02,0.43664228916168213,0.4426017168166182,0.43137049197828314,0.4393928110478304,607592000
2011-06-03,0.42311909794807434,0.43549636788634566,0.4210562332869273,0.43159983056873663,549300000
2011-06-06,0.4141800105571747,0.42632806202455903,0.41372157186784825,0.42243152443187304,435988000
2011-06-07,0.41395074129104614,0.41968095097859315,0.4121170687262721,0.41738886710357437,433956000
2011-06-08,0.40271955728530884,0.41440919723649094,0.3995106504441755,0.41188792109668565,569288000
2011-06-09,0.39813536405563354,0.4034071626699073,0.38369522952916074,0.4024903400082059,741632000
2011-06-10,0.3924052119255066,0.40134435715122685,0.38919627748917096,0.39882305347437746,493548000
2011-06-13,0.38965463638305664,0.39744771053053735,0.38690411390860957,0.392405131533709,574760000
2011-06-14,0.39286357164382935,0.40157349636268863,0.3912591182986229,0.39309279097477173,534576000
2011-06-15,0.38438281416893005,0.3898838041281511,0.37636049388239373,0.3875917204245102,935916000
2011-06-16,0.37108880281448364,0.39057154723244164,0.36558781127035966,0.38461211695647324,1024908000
2011-06-17,0.362378865480423,0.37567298716625536,0.3509184440172572,0.375443767807472,1467884000
2011-06-20,0.35802385210990906,0.3667337763261934,0.3552733295924965,0.3591698940508992,745960000
2011-06-21,0.36581695079803467,0.36856747349904934,0.3559609839828574,0.35939911003532876,704276000
2011-06-22,0.36077433824539185,0.36810900101881505,0.3600867076333034,0.3632956413817848,651720000
2011-06-23,0.371547132730484,0.3740684083982121,0.35298121656605463,0.3561901501301535,744024000
2011-06-24,0.36077433824539185,0.37292238797963984,0.35848225442096,0.369713481554953,529052000
2011-06-27,0.3532103896141052,0.36306635366702794,0.3406039036310352,0.3607742702744315,1142152000
2011-06-28,0.3552733361721039,0.3593990927008359,0.3506891683232451,0.3532104715696357,692200000
2011-06-29,0.36077433824539185,0.36444168329400073,0.34518816277449604,0.3575654044969105,960544000
2011-06-30,0.36535853147506714,0.369255068784661,0.35619019553541265,0.36169118616968676,652300000
2011-07-01,0.3701718747615814,0.3715471359185375,0.3580238256211136,0.36535848803602844,540804000
2011-07-05,0.3639832139015198,0.37315154773596537,0.36077428066518974,0.3697134225480483,535296000
2011-07-06,0.35916993021965027,0.36444172914383927,0.3548149540110603,0.36375409844524104,529580000
2011-07-07,0.36054515838623047,0.3628372424614746,0.3541273175107874,0.36100359706031726,986136000
2011-07-08,0.3536689281463623,0.3580239045543322,0.3506892131985512,0.35550260098530756,619516000
2011-07-11,0.3412916362285614,0.3483971078010944,0.3403748135267238,0.34702187374833793,714388000
2011-07-12,0.33670735359191895,0.34289600035848616,0.3309771453441998,0.33968706734549053,867604000
2011-07-13,0.3360198140144348,0.3435836964118436,0.3328109074573744,0.3412916124928589,634368000
2011-07-14,0.32272568345069885,0.339457899534753,0.3211212303629221,0.337395035182439,1088996000
2011-07-15,0.32318416237831116,0.32662228856784875,0.3165371293413911,0.32455942378364544,827736000
2011-07-18,0.3163079023361206,0.32249652386259836,0.3121821455438696,0.32066287846497343,818200000
2011-07-19,0.3259345591068268,0.32662216221970847,0.31722461000740054,0.31722461000740054,602224000
2011-07-20,0.3218088448047638,0.3289142873587174,0.3208919949978146,0.32708064239240103,662956000
2011-07-21,0.3369366526603699,0.33922873650237556,0.317453912679527,0.32226729967725676,1143420000
2011-07-22,0.34381285309791565,0.34495889484862374,0.3355613415633011,0.3399163166102662,737192000
2011-07-25,0.3383118808269501,0.3399163613481466,0.33349852123474316,0.3385411001367765,566920000
2011-07-26,0.3300603926181793,0.3369366439667762,0.3252470057446439,0.32868513141894234,698276000
2011-07-27,0.31768307089805603,0.3270806237725077,0.3167662211433008,0.3254761435326334,652212000
2011-07-28,0.31699562072753906,0.323642655442505,0.3114946010412661,0.3165372092513009,648176000
2011-07-29,0.31699562072753906,0.31997533630879466,0.3121822319175258,0.3137866857462619,677656000
2011-08-01,0.3339569866657257,0.3348738094060618,0.32157971572839594,0.324330211273203,1019620000
2011-08-02,0.33051881194114685,0.3525228277208419,0.33051881194114685,0.33166485386042693,1356432000
2011-08-03,0.3394579589366913,0.34060400096047727,0.3279975386988316,0.3312064727597106,765236000
2011-08-04,0.30713942646980286,0.33326918939655975,0.30713942646980286,0.33326918939655975,979732000
2011-08-05,0.29682502150535583,0.31814142617720115,0.28880273101163934,0.3142448905450101,1270588000
2011-08-08,0.2734459340572357,0.292470268322995,0.27161226098021535,0.28238508006128415,1084180000
2011-08-09,0.29636675119400024,0.29682516254670593,0.275050363717108,0.2787176818625512,1329832000
2011-08-10,0.2828434705734253,0.2959083732032126,0.28123901699616394,0.2876568586290102,1140052000
2011-08-11,0.3073687255382538,0.3114944818938958,0.2828434067167464,0.2828434067167464,1078792000
2011-08-12,0.29522064328193665,0.3406039308738204,0.2904072568429755,0.3401455196233935,3195784000
2011-08-15,0.3064519464969635,0.30713957720794594,0.29659597916967767,0.29820043261277107,864152000
2011-08-16,0.29774191975593567,0.3071394725138382,0.2922409032669967,0.30301371697808127,716868000
2011-08-17,0.2936161458492279,0.3037013284527126,0.2897196098240625,0.29865872348907657,553328000
2011-08-18,0.2736750841140747,0.2830726391759473,0.27046615021118847,0.2803221439190418,802564000
2011-08-19,0.26886165142059326,0.28398941375910647,0.2670279791183809,0.2690908707047915,761332000
2011-08-22,0.2736750841140747,0.2796345132738665,0.27069536953417883,0.2764255793709802,611876000
2011-08-23,0.3032430112361908,0.30347223058032347,0.2798637310865915,0.28032216977485686,938312000
2011-08-24,0.29888805747032166,0.30347222568869686,0.29109495510480504,0.302555402974541,687500000
2011-08-25,0.28605228662490845,0.29820033409277497,0.28559387541030373,0.2929285368153473,690968000
2011-08-26,0.298200398683548,0.3011801132095745,0.2798637002134912,0.28490630663774935,732660000
2011-08-29,0.3062227666378021,0.30736880886261597,0.29957573266340254,0.30668120538676924,601528000
2011-08-30,0.3135574162006378,0.3160786923589284,0.30209696818334186,0.3041598603024504,684760000
2011-08-31,0.305076539516449,0.31905825711485414,0.30255526454419884,0.3158493517597048,705808000
2011-09-01,0.304389089345932,0.3158495387572018,0.3041598972984636,0.3092024775521893,762312000
2011-09-02,0.2961374521255493,0.3016384410169997,0.29384534154302594,0.29751268568651806,471356000
2011-09-06,0.3020969033241272,0.3027845338828647,0.2837602341513536,0.2865107290625112,696248000
2011-09-07,0.3266223073005676,0.3355614523003296,0.31768318962460534,0.3266223073005676,1606620000
2011-09-08,0.3250177800655365,0.33120642801699324,0.3197459820035295,0.32341332691374136,880164000
2011-09-09,0.3181416094303131,0.3309772925432698,0.3153911137129082,0.3222673666683206,869828000
2011-09-12,0.3257054388523102,0.3284559341112192,0.31378658052404484,0.31378658052404484,916480000
2011-09-13,0.33304017782211304,0.3346446588019865,0.3234134285618822,0.3284560089054505,853836000
2011-09-14,0.35023075342178345,0.3545857292279443,0.3415208291332572,0.3417500484528745,1547192000
2011-09-15,0.3552733361721039,0.35985753134475834,0.352064429607421,0.35802385874045567,752908000
2011-09-16,0.3543565273284912,0.3690258814102585,0.3525228546527957,0.355960980673301,1391588000
2011-09-19,0.3470219075679779,0.3509184454162282,0.3380827623967918,0.3483971417547603,968204000
2011-09-20,0.3380827009677887,0.3527520542280074,0.3364782477128354,0.3513767929673072,792436000
2011-09-21,0.3316648006439209,0.34587571269805584,0.33143558136732587,0.3399163120682781,715252000
2011-09-22,0.30966082215309143,0.3190583771665551,0.3037014203477937,0.31859996584673156,1314632000
2011-09-23,0.31607869267463684,0.32501783721877264,0.3059935333838048,0.3078272061613556,1011440000
2011-09-26,0.31676629185676575,0.3208920483647057,0.30255537706167973,0.3199752257290726,972124000
2011-09-27,0.31722477078437805,0.3275391779144249,0.3147034943371322,0.3247886820975197,781388000
2011-09-28,0.3075980544090271,0.32593475889002604,0.3025554736555594,0.3179124353099491,1236532000
2011-09-29,0.3000340461730957,0.3183707431097773,0.29224094519334226,0.31309894513131326,866416000
2011-09-30,0.2867400348186493,0.29682519497517973,0.28628159609206105,0.2952207414035227,677784000
2011-10-03,0.2706953287124634,0.2920117388793372,0.2706953287124634,0.2830725964877006,949896000
2011-10-04,0.2956790626049042,0.2956790626049042,0.26290223378575006,0.26404827560500194,1361548000
2011-10-05,0.3062227666378021,0.30897328983639694,0.2890321332655943,0.2949915364403452,856708000
2011-10-06,0.31837061047554016,0.31928743264471626,0.307368580502737,0.3078270189111067,773192000
2011-10-07,0.32433009147644043,0.32914347739479693,0.3130988940986601,0.3197459248204014,806976000
2011-10-10,0.3387702405452728,0.3387702405452728,0.32914346895539504,0.3298310994009275,534376000
2011-10-11,0.3351030945777893,0.3415209369922035,0.3339570522653512,0.3360199174982182,816080000
2011-10-12,0.33487388491630554,0.34175016631454425,0.33464469284144066,0.34152094691587453,612064000
2011-10-13,0.3543565273284912,0.3550441579973516,0.3323525098677387,0.33326933254368807,854832000
2011-10-14,0.36031582951545715,0.36421236549860475,0.3516059078730297,0.3605450214416499,702452000
2011-10-17,0.3424376845359802,0.3561902165818635,0.3406040117749426,0.3561902165818635,611780000
2011-10-18,0.3548150062561035,0.35573185643050287,0.33854119572948577,0.3406040608052308,590916000
2011-10-19,0.34770941734313965,0.36146194677328913,0.3467925947988997,0.35527329896639437,557568000
2011-10-20,0.3302896022796631,0.3396871572218976,0.3172247021590455,0.3383118959490551,990308000
2011-10-21,0.33189401030540466,0.33991633020499945,0.32639302061151354,0.3344153131873166,628428000
2011-10-24,0.3442714214324951,0.34954322135615534,0.3325817793115008,0.33326941014046574,535256000
2011-10-25,0.3312065005302429,0.34220851034582855,0.33051886979355644,0.33945798739908256,577996000
2011-10-26,0.3351030945777893,0.3394580444355325,0.325476317294266,0.33762439859467475,503116000
2011-10-27,0.3495430648326874,0.3529811901141352,0.33968710022777876,0.347480200593335,577732000
2011-10-28,0.35756537318229675,0.36077430664974836,0.3456465438038288,0.3465633663237909,490156000
2011-10-31,0.33922871947288513,0.3481678624022336,0.33922871947288513,0.3461049706537101,519984000
2011-11-01,0.3222672641277313,0.32776825381220903,0.3190583307086262,0.32685143130606,790824000
2011-11-02,0.31676629185676575,0.32708069678851337,0.31011925943893703,0.3254762161904622,961608000
2011-11-03,0.3357906937599182,0.336478324547288,0.3117237801447846,0.320204486992208,749372000
2011-11-04,0.33968719840049744,0.34083324049219677,0.32753914676372514,0.3328109458503017,654840000
2011-11-07,0.3378535509109497,0.3428961583514062,0.33006047503282737,0.3371659201396328,613536000
2011-11-08,0.34564653038978577,0.34770939464153977,0.3367073882100059,0.34220840508766837,549728000
2011-11-09,0.3282267153263092,0.3419792178223516,0.3268514541471875,0.33762426962812225,532244000
2011-11-10,0.3316648006439209,0.3396870927916831,0.3234132892195637,0.33624896758549927,990484000
2011-11-11,0.3433544933795929,0.34610498852922084,0.3224964921338463,0.34106240953427047,1751560000
2011-11-14,0.33670735359191895,0.3467925365021775,0.3357905312017992,0.34335441155354607,500292000
2011-11-15,0.3410623371601105,0.34358361246066826,0.33258160687301097,0.33349845661085925,505660000
2011-11-16,0.3341861367225647,0.3435836915879802,0.3330400947791626,0.33464457535896175,512420000
2011-11-17,0.3222672641277313,0.33441531261506063,0.31630783586638733,0.3334984901089116,657504000
2011-11-18,0.31928765773773193,0.3241010458287271,0.31584953119382136,0.3241010458287271,501352000
2011-11-21,0.3353322446346283,0.3385411515164418,0.3094316609403118,0.31424504858683056,1330788000
2011-11-22,0.34564653038978577,0.3474802026823399,0.3371657994521967,0.3389994717447508,1287480000
2011-11-23,0.33097729086875916,0.3445006046735988,0.3307480715085516,0.34197930100651674,825340000
2011-11-25,0.3218088448047638,0.33418608494635466,0.3208919949978146,0.32662220382703094,406620000
2011-11-28,0.33991631865501404,0.3449588969237049,0.3323524375900824,0.3323524375900824,690616000
2011-11-29,0.34175002574920654,0.3461049739422573,0.3362490083580022,0.3394579146766929,623440000
2011-11-30,0.3582530915737152,0.3591699416422705,0.34908475483095464,0.3520644697371116,730324000
2011-12-01,0.3626079857349396,0.3635248082718963,0.3536688430425443,0.35527329614411496,529760000
2011-12-02,0.36031582951545715,0.36787970955555965,0.3568777047084821,0.36650444870325477,546464000
2011-12-05,0.3548150062561035,0.3667338672566809,0.35183529100595917,0.3662754558313822,644696000
2011-12-06,0.3497723639011383,0.3575654387205879,0.34610501850151665,0.3568778353664813,573832000
2011-12-07,0.34770941734313965,0.35023072032548885,0.3403747550178413,0.34748022536897605,510016000
2011-12-08,0.33670735359191895,0.35000144219138496,0.3355613119423751,0.3442712339436658,491488000
2011-12-09,0.34152087569236755,0.34427137128376967,0.329602015923293,0.3341861843502297,555840000
2011-12-12,0.33304017782211304,0.3355614816557982,0.3268515552493791,0.3341862200512786,573208000
2011-12-13,0.3238716721534729,0.3415207351956474,0.3218088081395037,0.33739497984392103,516596000
2011-12-14,0.31126537919044495,0.32295502099725365,0.3078272524618309,0.321121347943899,636020000
2011-12-15,0.3085147440433502,0.3185999285167787,0.3078271408060783,0.31653706415737803,435148000
2011-12-16,0.30966082215309143,0.3169955125654512,0.30828558819362073,0.3110360834363578,619116000
2011-12-19,0.3016384541988373,0.31470335120360676,0.3004924125193866,0.31103600689984884,463276000
2011-12-20,0.3185999393463135,0.3197459812124451,0.3085147545300793,0.3085147545300793,445208000
2011-12-21,0.31447407603263855,0.32020428341120577,0.30828545752854275,0.31676615898406546,548424000
2011-12-22,0.327997624874115,0.3289144478045031,0.31539115930035466,0.31539115930035466,576560000
2011-12-23,0.3247886300086975,0.3300604287511715,0.3220381073091132,0.3296019900853761,248948000
2011-12-27,0.3222672641277313,0.32730984255913453,0.32135041429779054,0.3234133059223135,195712000
2011-12-28,0.3142450749874115,0.32295500095753354,0.31401585562353956,0.3222673701897185,233960000
2011-12-29,0.3202042877674103,0.32089191812695,0.31286962768781695,0.31745379365303583,211112000
2011-12-30,0.31768307089805603,0.3224964296463105,0.3172246323587837,0.3190583045445047,186956000
2012-01-03,0.3218088448047638,0.3300603564483517,0.32112121428049967,0.32776824559287415,468044000
2012-01-04,0.3254762291908264,0.3268514905230031,0.319058388513663,0.32203810318418136,347372000
2012-01-05,0.3371657431125641,0.3387702231778134,0.32249639454713686,0.3238716553676973,563548000
2012-01-06,0.33326929807662964,0.3371658350321257,0.3293727611211336,0.33693664304874,533252000
2012-01-09,0.33326929807662964,0.3396871381159258,0.33097721430000915,0.33349851738380926,508244000
2012-01-10,0.33189401030540466,0.3385410691196308,0.3296019267123181,0.3383118498308054,546328000
2012-01-11,0.32524701952934265,0.33189405185185156,0.323871758271819,0.32891433734308045,484272000
2012-01-12,0.32318416237831116,0.3261638772073367,0.31607869065708094,0.3259346851889797,652364000
2012-01-13,0.3147035241127014,0.32157977796745957,0.3130990703446853,0.3208921471172229,504300000
2012-01-17,0.3098900318145752,0.31951680584974923,0.3094316205090418,0.31951680584974923,627176000
2012-01-18,0.3204335570335388,0.32295485963764525,0.3142449374788461,0.31584939035246434,632676000
2012-01-19,0.3289143145084381,0.3293727531116493,0.31974597962490603,0.3231841052062306,608312000
2012-01-20,0.3259345591068268,0.3323523976427599,0.324788517486974,0.32845583427623043,546272000
2012-01-23,0.33487388491630554,0.33510310431497525,0.32203819971450703,0.3261639576239283,562792000
2012-01-24,0.3424376845359802,0.34381294593770795,0.3323525253359702,0.33258171735372616,730920000
2012-01-25,0.3403748571872711,0.3412916800067114,0.3236426084801772,0.3332693847033053,1274152000
2012-01-26,0.3371657431125641,0.3493138166053459,0.33533209845019885,0.34541725338835355,799672000
2012-01-27,0.34175002574920654,0.34358367088914776,0.33235247144993674,0.33510296648364213,449996000
2012-01-30,0.33922871947288513,0.3408331726169856,0.3307479878241663,0.3357905938824726,399076000
2012-01-31,0.33854109048843384,0.34037476294340335,0.33258166184073135,0.3401455436401096,357900000
2012-02-01,0.3422084152698517,0.3461049519300987,0.33762424806396296,0.34243760723587097,428020000
2012-02-02,0.35504406690597534,0.3564193005670645,0.3406039085361157,0.3440420609983131,696236000
2012-02-03,0.3626079857349396,0.365587699965738,0.3596282715041411,0.360315902068755,495232000
2012-02-06,0.35985758900642395,0.36123282318716443,0.3566486546037628,0.36077441179358427,278868000
2012-02-07,0.36077433824539185,0.3628372027578628,0.35435649807222364,0.3603159269452644,410296000
2012-02-08,0.37383928894996643,0.380944733381649,0.3589407147330232,0.36077438750770835,847612000
2012-02-09,0.3736100494861603,0.3804863015280646,0.3729224188172105,0.378423436845012,561944000
2012-02-10,0.3644416034221649,0.3713178533884463,0.36237871203800737,0.3699425924656746,440268000
2012-02-13,0.3701718747615814,0.3749852614871344,0.3626079930459095,0.3736100003301784,610668000
2012-02-14,0.37223464250564575,0.3754435752639341,0.36696284587143246,0.37017177862972084,453756000
2012-02-15,0.3706304430961609,0.3873626940756088,0.36971362015220977,0.37567305125930617,1110856000
2012-02-16,0.37704816460609436,0.38002787920286435,0.3438129200406399,0.3451881813387786,1888588000
2012-02-17,0.3632957637310028,0.3797987673599657,0.35985763683647704,0.37727749069826233,1020360000
2012-02-21,0.36512935161590576,0.3740684685248862,0.3623788288834835,0.36306645956658906,518176000
2012-02-22,0.3626079857349396,0.3722347316681561,0.3621495744664612,0.3632956162995534,492432000
2012-02-23,0.36467090249061584,0.3667337944807956,0.35756543117521306,0.36329566848762584,323968000
2012-02-24,0.3619203567504883,0.3662753321295285,0.3603159036419125,0.365816893535256,366668000
2012-02-27,0.3545856475830078,0.358940595062627,0.349543042302873,0.35733614216612464,745268000
2012-02-28,0.35137683153152466,0.3587115226285267,0.34770948598302365,0.3545857657174126,699884000
2012-02-29,0.34725111722946167,0.35848234727248734,0.3470219251819315,0.35252291685587767,689196000
2012-03-01,0.3495430648326874,0.35366882063518296,0.34725098131172216,0.3486262423538177,449944000
2012-03-02,0.3525228202342987,0.3575653991072826,0.34839706394775044,0.34839706394775044,684076000
2012-03-05,0.3406040072441101,0.3506891936337615,0.3380827311395455,0.3500015629420447,514848000
2012-03-06,0.3373950123786926,0.33945787659158244,0.33143558437111453,0.33670738186646587,471400000
2012-03-07,0.3394579589366913,0.3408332202947533,0.3346445988310685,0.3392287669262124,441984000
2012-03-08,0.3406040072441101,0.34404216070269394,0.33854114249275746,0.34037481522940294,430852000
2012-03-09,0.33968719840049744,0.34404217474323406,0.3378535255890188,0.3415208712119761,367836000
2012-03-12,0.33441540598869324,0.3433545508766481,0.33349858322655396,0.3410624666475006,299948000
2012-03-13,0.338999480009079,0.34083315234633543,0.33418609353925466,0.3357905739117239,553288000
2012-03-14,0.32937297224998474,0.33968735585632115,0.32822692962705846,0.3389997248178031,735708000
2012-03-15,0.3341861367225647,0.3360198092967671,0.3291435576363544,0.3302895995797565,382380000
2012-03-16,0.3346446454524994,0.3360198796783567,0.33258175312801197,0.3344154260862894,428340000
2012-03-19,0.3355613648891449,0.338082667845482,0.3339569117913815,0.3364782147477186,405400000
2012-03-20,0.3300603926181793,0.33372771027648795,0.3270806782356952,0.33372771027648795,449616000
2012-03-21,0.3314356505870819,0.3344153651861741,0.3263930713629699,0.33006041661166735,467840000
2012-03-22,0.33097729086875916,0.3337277865722485,0.3279975758050623,0.32891439859829197,425372000
2012-03-23,0.33349859714508057,0.33441541994548335,0.32776835900926166,0.3300604706578695,315456000
2012-03-26,0.3373950123786926,0.3389994653580281,0.3334984759077949,0.33670738186646587,288600000
2012-03-27,0.33968719840049744,0.3438129553953747,0.3380827449368782,0.3387703756566575,419968000
2012-03-28,0.34748032689094543,0.35206449559906966,0.34152089664086366,0.3440422003598523,892448000
2012-03-29,0.3490847051143646,0.35183520028070797,0.3426668648437003,0.34702184057055585,372700000
2012-03-30,0.3529813289642334,0.35504422133884395,0.34702192585978453,0.3520645061247187,527240000
2012-04-02,0.35137683153152466,0.35504417708002567,0.34633425189518446,0.3520644622373434,407776000
2012-04-03,0.34564653038978577,0.35435645328657467,0.3438128580972316,0.3538980420443839,430476000
2012-04-04,0.3357906937599182,0.34472981202432096,0.33372780139780883,0.3403748625773148,495896000
2012-04-05,0.3353322446346283,0.3403748243019632,0.3341861752353539,0.33624906736548976,369424000
2012-04-09,0.33097729086875916,0.3321233330221964,0.3245594493447505,0.33006046807552947,365504000
2012-04-10,0.3245595097541809,0.3341862601700961,0.32295505590549595,0.3296020907031074,470360000
2012-04-11,0.32868510484695435,0.3357905749289258,0.32776825501365286,0.3289142968124359,372960000
2012-04-12,0.33647817373275757,0.3383118185788081,0.3277682240950715,0.32914348505339863,384868000
2012-04-13,0.3245595097541809,0.33533232986064865,0.32433029035130934,0.33349865660909206,311324000
2012-04-16,0.3206629455089569,0.3277683912198488,0.3153911455790674,0.3268515683293476,463468000
2012-04-17,0.3213503956794739,0.3254761513656911,0.3202043539512908,0.32157961495462656,460696000
2012-04-18,0.3179123103618622,0.3208920246935593,0.314015773462163,0.31928757153765885,400764000
2012-04-19,0.31309905648231506,0.3257055213245574,0.311494575461533,0.3137866599783043,667188000
2012-04-20,0.30691027641296387,0.3158494186358049,0.30622264588446974,0.3149325688232157,509592000
2012-04-23,0.3032430112361908,0.30461827265339014,0.2959083474333236,0.3016385577986571,706244000
2012-04-24,0.2938453257083893,0.30668102951892556,0.2922408729784921,0.30415972714066836,730440000
2012-04-25,0.2998048663139343,0.3020969503170781,0.2926993949746699,0.29820041297649297,727112000
2012-04-26,0.3000340461730957,0.3025553491743851,0.2975127431718063,0.2995756348975321,539208000
2012-04-27,0.29751279950141907,0.3014093643909488,0.2943038926411221,0.2995756916177227,475356000
2012-04-30,0.2979711592197418,0.2995756396956017,0.29384540302600426,0.29590829478476977,262268000
2012-05-01,0.3032430112361908,0.30645194543505655,0.2963667587977906,0.2963667587977906,408680000
2012-05-02,0.29453301429748535,0.30324293739669006,0.29292856125063516,0.30209689560268393,684008000
2012-05-03,0.2894904613494873,0.2970543433204567,0.2876567888529199,0.2952206708238893,419536000
2012-05-04,0.28100982308387756,0.2892613384054417,0.28100982308387756,0.2876568846828607,545092000
2012-05-07,0.285823255777359,0.2908658644335894,0.2835311708695479,0.2860524751976631,604440000
2012-05-08,0.2855939567089081,0.28742760208930157,0.27825926589214534,0.28330184533582187,462312000
2012-05-09,0.2867400348186493,0.2890321191563881,0.2778008895071876,0.28055138524771406,520608000
2012-05-10,0.28467702865600586,0.28994882598896504,0.2800928618140917,0.2894904147695316,597092000
2012-05-11,0.3027845025062561,0.3135573163879416,0.30163846080171847,0.3082855190823105,1435140000
2012-05-14,0.3009507954120636,0.3055349616985745,0.2940745459822972,0.3002631650043297,437472000
2012-05-15,0.2979711592197418,0.3075979327797273,0.2965959253710249,0.3009508735443186,599940000
2012-05-16,0.2920118272304535,0.3018677951102225,0.2910949771231494,0.29842966868638215,470484000
2012-05-17,0.2899490296840668,0.2959084616946934,0.2899490296840668,0.29315796512202297,335364000
2012-05-18,0.27688395977020264,0.2920117503031701,0.2755087259572367,0.2906364891664114,567288000
2012-05-21,0.2816973924636841,0.2830726538252057,0.2755087709844311,0.2773424436918609,416260000
2012-05-22,0.27825927734375,0.2819266229030589,0.27413352042047706,0.2814682115390949,410140000
2012-05-23,0.28513553738594055,0.28559397608594034,0.2711538128071238,0.27527956984052865,496000000
2012-05-24,0.27757158875465393,0.2871983620094454,0.2755087243850801,0.28673995074107256,520420000
2012-05-25,0.28421860933303833,0.2865106926886444,0.2773423592662202,0.2773423592662202,391752000
2012-05-29,0.2915533185005188,0.29338699095098403,0.287656781620651,0.28880282348671765,310000000
2012-05-30,0.2881152629852295,0.29040734727490325,0.28307268301270727,0.2883444823437169,379792000
2012-05-31,0.28490638732910156,0.2892613370302319,0.2812390411316632,0.2881152947590078,358192000
2012-06-01,0.274591863155365,0.28169733315422296,0.2741334519059722,0.2789468383340749,440984000
2012-06-04,0.26886165142059326,0.2775715743632587,0.26656956787377556,0.27596712134524454,432856000
2012-06-05,0.27665477991104126,0.2773424105095313,0.267486444794625,0.267486444794625,365224000
2012-06-06,0.28398945927619934,0.28467708991521457,0.2766547962155603,0.2787176608088103,368968000
2012-06-07,0.2725290060043335,0.2897196605587351,0.2722997867117418,0.28811518015817783,526780000
2012-06-08,0.27780088782310486,0.2787177106231222,0.27298749981351284,0.2734459112135215,370308000
2012-06-11,0.28100982308387756,0.29178264234364276,0.2803222195769165,0.2867400617910439,839080000
2012-06-12,0.2867400348186493,0.28949053055917573,0.28376031971482873,0.28421873111761636,496128000
2012-06-13,0.2791759967803955,0.28719828752975707,0.2778007360081336,0.2865106571436261,494276000
2012-06-14,0.27573785185813904,0.281009648520755,0.2729873575674917,0.2787175653912512,589884000
2012-06-15,0.2816973924636841,0.28192661179853673,0.27527955164957846,0.277800855037769,385288000
2012-06-18,0.28421860933303833,0.2865106926886444,0.2773423592662202,0.27963444262182624,304424000
2012-06-19,0.303472101688385,0.3078270761106545,0.29453296092085496,0.2959082217539478,960476000
2012-06-20,0.3082854747772217,0.31401568247639605,0.3046181309202359,0.3064518028487288,972720000
2012-06-21,0.29430389404296875,0.30805639892197373,0.29361626333425883,0.30805639892197373,516376000
2012-06-22,0.2979711592197418,0.3014093121510177,0.29384540302600426,0.2979711592197418,865360000
2012-06-25,0.28857365250587463,0.2991172503687386,0.2874276104479024,0.29820042765188,494616000
2012-06-26,0.2917826175689697,0.29384548256230547,0.28605240667214726,0.2901781639826196,437152000
2012-06-27,0.3011802136898041,0.3032430789524568,0.2920118750579174,0.2920118750579174,506064000
2012-06-28,0.303472101688385,0.30530577369124656,0.2959082217539478,0.2984295241733558,545896000
2012-06-29,0.31676629185676575,0.31745392249538834,0.3103484514359475,0.3105776707567536,616508000
2012-07-02,0.3082854747772217,0.31859984863573554,0.30576417246007076,0.3183706567220399,581684000
2012-07-03,0.3163079023361206,0.3169955330221287,0.3080563887516186,0.3082856080882204,219284000
2012-07-05,0.31309905648231506,0.3156203330564819,0.3082856680675742,0.3142450987407007,280076000
2012-07-06,0.30713942646980286,0.3117235925281337,0.3037013019260547,0.3108067429221965,382760000
2012-07-09,0.30301377177238464,0.30668111676151383,0.300492468676884,0.3053058555596419,306336000
2012-07-10,0.2938453257083893,0.3087438934111096,0.29155324257316867,0.2998047527894774,512028000
2012-07-11,0.2890319526195526,0.2984295039190426,0.28765669187979825,0.29476216016222095,485216000
2012-07-12,0.28421860933303833,0.28628147342356824,0.28169730671235615,0.28582306221720477,472160000
2012-07-13,0.28788599371910095,0.2892612275296899,0.2826141958023614,0.28444786820693946,324260000
2012-07-16,0.2888028025627136,0.2910948861287835,0.2833017856098712,0.2860523077481881,334460000
2012-07-17,0.28353098034858704,0.2913240801927921,0.2787175943470548,0.28971962730021106,447476000
2012-07-18,0.2993464767932892,0.3034722337643767,0.281468214801109,0.2828434489089391,616008000
2012-07-19,0.30232614278793335,0.30622267978234596,0.2993464283838081,0.301409320197646,403036000
2012-07-20,0.2936161458492279,0.3025552868380294,0.2904072129338425,0.30049239553732715,451000000
2012-07-23,0.29751279950141907,0.2995756916177227,0.28261425262012935,0.2858231594804263,451584000
2012-07-24,0.29430389404296875,0.29980488506505143,0.2908657678232175,0.2979712122830911,351164000
2012-07-25,0.3000340461730957,0.3030137604499487,0.2920117532174569,0.2933869870441478,415044000
2012-07-26,0.3014092743396759,0.30897315519201834,0.2991171635651027,0.3055350026920536,338440000
2012-07-27,0.3089732229709625,0.30989004562288164,0.3002632711587508,0.3025553824361406,376516000
2012-07-30,0.30553504824638367,0.3128697382415014,0.3030137724688818,0.3089732012589664,363552000
2012-07-31,0.3103485107421875,0.3147034874031504,0.30507671127039065,0.30553512267580757,387788000
2012-08-01,0.30691027641296387,0.31516178810731077,0.30553501535597566,0.31218207403303044,335912000
2012-08-02,0.3080563247203827,0.312640491909195,0.3002632241051266,0.3053058298718536,367912000
2012-08-03,0.31447407603263855,0.31768300855890663,0.3055349361278032,0.3128696234313965,326548000
2012-08-06,0.3211212456226349,0.3227256987866554,0.31699548939815814,0.31745390068447915,360324000
2012-08-07,0.32433009147644043,0.32776821646846976,0.3224964193492671,0.32501772193960404,407340000
2012-08-08,0.3261638879776001,0.3296020142806681,0.3231841730501814,0.3241010231252789,517064000
2012-08-09,0.3371657431125641,0.3378533735228443,0.3261637385194403,0.3266221496850316,822300000
2012-08-10,0.3351030945777893,0.34885560232704654,0.3307481173962421,0.34610510624195595,1278744000
2012-08-13,0.3394579589366913,0.33968717827096734,0.3341861601625164,0.33556142152057844,447244000
2012-08-14,0.33441540598869324,0.3410624666475006,0.333040144521685,0.34060402794263167,388828000
2012-08-15,0.33189401030540466,0.3383118498308054,0.3302895572550024,0.33556135498385986,594404000
2012-08-16,0.3387702405452728,0.3399162821798975,0.33372763549389384,0.33487367712851857,371008000
2012-08-17,0.3357906937599182,0.33877040895598626,0.3328109785638501,0.33877040895598626,309864000
2012-08-20,0.3357906937599182,0.33624910517689754,0.3307480862017408,0.33464465155556905,314392000
2012-08-21,0.33487388491630554,0.33899964282572687,0.3314357578790886,0.3369367775329186,340248000
2012-08-22,0.3355613648891449,0.3369366260151092,0.3316648281306359,0.3328108699610087,313556000
2012-08-23,0.327997624874115,0.335103098217938,0.3266223631547285,0.3348738788234388,379040000
2012-08-24,0.3346446454524994,0.33624909904456673,0.32730995361938986,0.327997584394219,347724000
2012-08-27,0.3289143145084381,0.3353321817154624,0.32868512253062576,0.3344153318328333,340944000
2012-08-28,0.3275391161441803,0.3307480227714386,0.32570544350412,0.32639307415961716,310764000
2012-08-29,0.3282267153263092,0.3302895797711981,0.32662223484273606,0.3273098654322969,250412000
2012-08-30,0.3220382332801819,0.32868529597256657,0.3204337792936779,0.3275392535073769,307488000
2012-08-31,0.3215796947479248,0.3266222741383834,0.31837078804230484,0.3243301901132843,485064000
2012-09-04,0.304389089345932,0.317453992384687,0.30140940146223155,0.3163079501759402,694452000
2012-09-05,0.30530595779418945,0.3098901269037558,0.3020970230232112,0.3055351498553859,480256000
2012-09-06,0.3147035241127014,0.32295503966793276,0.30736883147524957,0.3075980508665964,657296000
2012-09-07,0.30713942646980286,0.3092022902665377,0.2968250255147734,0.30668101532872677,781064000
2012-09-10,0.304389089345932,0.31080693117967456,0.3037014858797252,0.3064519817159572,371108000
2012-09-11,0.3080563247203827,0.3128697111981523,0.3030137462774474,0.30415978807465055,382808000
2012-09-12,0.31149452924728394,0.31309901003002055,0.30759799161163504,0.310577706506119,322608000
2012-09-13,0.3135574162006378,0.3153910889763571,0.30759798651049974,0.31424504690700733,433836000
2012-09-14,0.31722477078437805,0.3227257897419898,0.3133282327667789,0.3133282327667789,339468000
2012-09-17,0.3085147440433502,0.31791229795571435,0.3050766185618208,0.31791229795571435,493348000
2012-09-18,0.3105776607990265,0.3142450058715676,0.30484745120055257,0.3050766431902147,359952000
2012-09-19,0.3142450749874115,0.31860002431057216,0.3075980139969338,0.31126535987608017,451936000
2012-09-20,0.3119528293609619,0.3151617624581815,0.30943155406006323,0.31355730957146616,320596000
2012-09-21,0.3133280873298645,0.3151617594646029,0.31126522325565176,0.31241126492438964,340136000
2012-09-24,0.31309905648231506,0.3135574679209088,0.3078272566289805,0.3082856680675742,357832000
2012-09-25,0.3073687255382538,0.31859995269104563,0.30691031423735904,0.3172246914645668,481544000
2012-09-26,0.3020969033241272,0.30645187864693635,0.2984295858838479,0.3062226593527597,436812000
2012-09-27,0.304389089345932,0.304847528088472,0.30026333192968313,0.30278463571844677,558888000
2012-09-28,0.30576425790786743,0.3101192333705373,0.2991171987249902,0.3030137629083773,485508000
2012-10-01,0.3007217049598694,0.3089732179892836,0.2995756630015505,0.3071395453912143,504236000
2012-10-02,0.30186763405799866,0.30278445635236034,0.2984295094684643,0.30278445635236034,295492000
2012-10-03,0.29888805747032166,0.30347222568869686,0.2972836040586499,0.302555402974541,430872000
2012-10-04,0.31218206882476807,0.31401574109556335,0.2979711292189474,0.2995756095332625,502608000
2012-10-05,0.30484750866889954,0.31630793002630936,0.30370146653315855,0.31309902297575454,483068000
2012-10-08,0.30186763405799866,0.30507653941204993,0.29957555099830907,0.3037013059705074,240596000
2012-10-09,0.2954499423503876,0.30232619493498303,0.29453309227816216,0.30140937218655656,366360000
2012-10-10,0.2904072701931,0.2954498761509807,0.28926122835245305,0.2940746150126872,326568000
2012-10-11,0.2920118272304535,0.29407469215523774,0.28971974294789327,0.2931578693717336,320516000
2012-10-12,0.2894904613494873,0.29224095643244147,0.2876567888529199,0.28994887264268066,260696000
2012-10-15,0.2931578755378723,0.2933870675766691,0.2865108145843567,0.2899489410805129,249580000
2012-10-16,0.3016384541988373,0.30255530393667124,0.2929285319702539,0.2956790265361779,367696000
2012-10-17,0.2993464767932892,0.3007217382249179,0.294991500475664,0.2979712153616605,391752000
2012-10-18,0.2947622835636139,0.29865882085914564,0.293616241575293,0.29865882085914564,254772000
2012-10-19,0.27757158875465393,0.29247015990521386,0.2759671356534529,0.2904072682118474,709412000
2012-10-22,0.2743626534938812,0.2803220813229287,0.27207057007098445,0.2787176010678692,480840000
2012-10-23,0.2826143205165863,0.28444799373034174,0.2711538697615659,0.2718415006321998,573948000
2012-10-24,0.2789469063282013,0.285593966697907,0.27619641083761187,0.2844479246331782,332916000
2012-10-25,0.2791759967803955,0.28421857407238,0.2780299552447724,0.28123886061500286,307356000
2012-10-26,0.2761964201927185,0.28123899998356366,0.2761964201927185,0.2796345465033583,389376000
2012-10-31,0.274591863155365,0.2796344688700598,0.2739042599431716,0.2773423852993045,347112000
2012-11-01,0.28765690326690674,0.2878861226665712,0.27573804096045196,0.2759672603601165,473220000
2012-11-02,0.2862815856933594,0.2910949735572928,0.2844479401488129,0.2906365621711562,256700000
2012-11-05,0.2984296977519989,0.299575740004898,0.2855940135900077,0.2855940135900077,444840000
2012-11-06,0.298200398683548,0.29911722131134294,0.2931578195830851,0.29911722131134294,350804000
2012-11-07,0.2890319526195526,0.2977418735491654,0.28765669187979825,0.2959082016707546,324620000
2012-11-08,0.2906365692615509,0.29980490650315306,0.28994893850367065,0.2922410228140712,839024000
2012-11-09,0.2794053554534912,0.29567916590171134,0.2784885326073106,0.2922410392428312,846280000
2012-11-12,0.2732166051864624,0.28100967770665586,0.27046608328635735,0.2798636360228751,643624000
2012-11-13,0.27115365862846375,0.27802993465680315,0.27092446673258197,0.27184128896367604,492120000
2012-11-14,0.26450687646865845,0.27550889014805147,0.2642776570346633,0.27275839355915543,619300000
2012-11-15,0.26565268635749817,0.27298734661282154,0.26381901446272105,0.2661110975002462,466688000
2012-11-16,0.2608393430709839,0.2665695515879461,0.25556754577062074,0.26565272915474797,624552000
2012-11-19,0.26817411184310913,0.2690909619670609,0.26244390103266246,0.2656528354807929,404092000
2012-11-20,0.26505976915359497,0.2682893778856282,0.26229150166891013,0.2671359422670343,336976000
2012-11-21,0.27267247438430786,0.273364513817961,0.26482909496882956,0.2650597931134318,422312000
2012-11-23,0.2745180130004883,0.2777476224475112,0.2724418119273332,0.27382594597610327,276932000
2012-11-26,0.27936238050460815,0.28005444741338603,0.27451796714331445,0.27497933591580775,364600000
2012-11-27,0.28051578998565674,0.28466816355041596,0.27590204769149607,0.2782089188385764,451404000
2012-11-28,0.2828228175640106,0.28420695201786256,0.2759022002949279,0.2793625089294693,398332000
2012-11-29,0.2777476906776428,0.28466830762141704,0.27682495275184116,0.28328420073271454,488688000
2012-11-30,0.2761327028274536,0.27959300900949347,0.2745178987758488,0.27751680880022817,460504000
2012-12-03,0.271057665348053,0.27959311242075596,0.27036562585574014,0.27959311242075596,391380000
2012-12-04,0.27913162112236023,0.2795929897481678,0.26990411110587365,0.27151894254630077,528068000
2012-12-05,0.27590203285217285,0.2786702725797655,0.2719803576130773,0.2768247977614183,633024000
2012-12-06,0.2763634920120239,0.27820899493448603,0.27428731841180454,0.2752100561229952,412896000
2012-12-07,0.27590203285217285,0.2779782332729212,0.2726724244199934,0.276594099659089,338288000
2012-12-10,0.2851296067237854,0.2872058077982732,0.2752100527014471,0.2759021197262764,513644000
2012-12-11,0.29181966185569763,0.2955106690531068,0.28536041301027704,0.2860524802973026,816724000
2012-12-12,0.28882065415382385,0.29435716365041753,0.2876672181128774,0.2927423586931094,399404000
2012-12-13,0.28905123472213745,0.294587714465375,0.28628299485051867,0.28835916787921445,377556000
2012-12-14,0.29043540358543396,0.29343434221857195,0.2881285319445708,0.29020473292139515,338660000
2012-12-17,0.2892819344997406,0.2913581352378174,0.28489888988614964,0.2897433307749194,445232000
2012-12-18,0.2897432744503021,0.2929728827482786,0.2883591408939861,0.28928187826481633,416436000
2012-12-19,0.29181966185569763,0.29527997079073465,0.29066622554401866,0.29181966185569763,458544000
2012-12-20,0.29158884286880493,0.29320364738427684,0.2883592063377842,0.2929729492391765,334332000
2012-12-21,0.2848988473415375,0.2876670870788428,0.2816692113979547,0.2876670870788428,462172000
2012-12-24,0.2825920581817627,0.28559099689104606,0.2816692930019402,0.2846682317112235,127376000
2012-12-26,0.28236138820648193,0.2865137631801115,0.2812079522415894,0.28190001932054143,196740000
2012-12-27,0.28051578998565674,0.28328405736221174,0.27728618137977357,0.2828226611327371,299804000
2012-12-28,0.27913162112236023,0.28351466431763267,0.27751678968193316,0.2779781858078078,220600000
2012-12-31,0.2828228175640106,0.2839762537755244,0.27751700549102953,0.2782090727179555,326460000
2013-01-02,0.2934342920780182,0.29366499020271564,0.2885898789600416,0.28974331458338,478836000
2013-01-03,0.29366499185562134,0.29689460061911704,0.29020468496612967,0.2934342937296254,298888000
2013-01-04,0.30335381627082825,0.30427655360165995,0.29320356813133197,0.2941263054621637,524968000
2013-01-07,0.2945878207683563,0.3040460068678173,0.29251164699046645,0.3031232690776625,610732000
2013-01-08,0.288128525018692,0.29620260306771196,0.28605235159185277,0.2952798379335001,466424000
2013-01-09,0.2816692888736725,0.29181954070247423,0.2798238135412353,0.2904354067030669,695020000
2013-01-10,0.2821306884288788,0.28559099596683546,0.2805158562444352,0.28420686195162087,506368000
2013-01-11,0.2816692888736725,0.2835147917061891,0.27890104837493723,0.2832841210396742,513172000
2013-01-14,0.2814386188983917,0.2835147924025225,0.2782089820585355,0.2835147924025225,305684000
2013-01-15,0.2763634920120239,0.28005449785694814,0.27474868726739987,0.28005449785694814,375888000
2013-01-16,0.27890098094940186,0.28120785205733156,0.27590204300907867,0.27590204300907867,337376000
2013-01-17,0.2825920581817627,0.2837454940314809,0.27913175063260803,0.27982381764245495,580736000
2013-01-18,0.28074654936790466,0.2825920521883289,0.2772862418921389,0.2825920521883289,397088000
2013-01-22,0.27936238050460815,0.28305338568470645,0.27797827418712817,0.2805158161858794,308224000
2013-01-23,0.2798236906528473,0.28051572984855305,0.2768247533045419,0.2802850592833403,421808000
2013-01-24,0.2812078595161438,0.2823612951007026,0.27751685464552617,0.2789009883470262,396980000
2013-01-25,0.286283016204834,0.28651368683629896,0.2802851397855409,0.28166924607455646,393920000
2013-01-28,0.2908966541290283,0.2927421560168501,0.2869749523048825,0.2876670189503238,422492000
2013-01-29,0.2846682667732239,0.2904354467321466,0.28351483078143935,0.2897434071371425,388872000
2013-01-30,0.2842068076133728,0.2888205501152014,0.28328407011303686,0.28489887448866197,287592000
2013-01-31,0.2828228175640106,0.2874365899101542,0.28097734162565935,0.28420695201786256,470544000
2013-02-01,0.28536033630371094,0.2862831016050638,0.2828227661000948,0.28512963810335185,288816000
2013-02-04,0.28051578998565674,0.289512603959314,0.28028511937099265,0.28374542609161313,511744000
2013-02-05,0.2869751453399658,0.2885899777655748,0.28097729454514625,0.28190003235970806,367296000
2013-02-06,0.2846682667732239,0.286975138756793,0.278439717917604,0.2800545228060857,530688000
2013-02-07,0.28351476788520813,0.2860523375042212,0.28074652761906116,0.2837454660324192,440000000
2013-02-08,0.28536033630371094,0.28766720830696796,0.2835148332010886,0.28536033630371094,307232000
2013-02-11,0.2885900139808655,0.2915889535046555,0.28489900725926437,0.28766724855042153,408308000
2013-02-12,0.2867444157600403,0.28997402494796504,0.28559097997862737,0.2860523487911769,277804000
2013-02-13,0.28536033630371094,0.292280952313482,0.28443759850244155,0.28697514120597417,856396000
2013-02-14,0.29366499185562134,0.2938956899816173,0.2779782617899108,0.2814385686794025,882096000
2013-02-15,0.29366499185562134,0.29504912561144786,0.28720574682855526,0.29297292497770805,733860000
2013-02-19,0.2897432744503021,0.2941263182118517,0.287897772208571,0.29389564761917947,433552000
2013-02-20,0.2855909764766693,0.2952798314217157,0.2846682113628071,0.2906660883526386,713012000
2013-02-21,0.28351476788520813,0.28835920897602324,0.2828227009436521,0.2851295724154541,580408000
2013-02-22,0.28882065415382385,0.2890513523620469,0.2837455410736762,0.2853603460309844,370148000
2013-02-25,0.28374549746513367,0.29181954851086667,0.2832841286196793,0.2895126767835144,644444000
2013-02-26,0.28711098432540894,0.28873569584274067,0.2833973342839712,0.28432576062872705,487504000
2013-02-27,0.2924492657184601,0.29453820366994987,0.28641459297253663,0.2871109056230332,476980000
2013-02-28,0.2938418984413147,0.29825183255787047,0.2903603627696803,0.29152087466022514,591392000
2013-03-01,0.2950024902820587,0.29593088897859043,0.28919992925675175,0.29175303950661075,389396000
2013-03-04,0.2938418984413147,0.29662712144486497,0.29059244854651767,0.2929134723276073,353680000
2013-03-05,0.2970912754535675,0.2975554746053826,0.2940739394635965,0.29546656458782367,366168000
2013-03-06,0.2968592941761017,0.301733428488529,0.29546666856181303,0.2989482049287432,342928000
2013-03-07,0.2961629629135132,0.3015013238772369,0.2945382515772816,0.2984839870134983,314824000
2013-03-08,0.29755550622940063,0.29894813150163513,0.29546659598983355,0.2968592212620681,246464000
2013-03-11,0.29477038979530334,0.29593090205163153,0.2922172517638635,0.29453830394531455,299748000
2013-03-12,0.2956986725330353,0.29662707081950695,0.29152082490635034,0.2943060474345465,310856000
2013-03-13,0.2956986725330353,0.3008049184461919,0.2929134223360578,0.2956986725330353,485840000
2013-03-14,0.2959308624267578,0.29848400011633486,0.29407403753150096,0.2975555738343109,383304000
2013-03-15,0.29337775707244873,0.29593086713384464,0.2922172172842615,0.29593086713384464,355776000
2013-03-18,0.29128891229629517,0.29407413674444705,0.28920000087738135,0.291521025862308,298312000
2013-03-19,0.28943201899528503,0.2929135556573673,0.28734310806555324,0.29152095759381075,355480000
2013-03-20,0.292913556098938,0.2938419824781692,0.28966413294361354,0.29221724323171305,340588000
2013-03-21,0.288271427154541,0.2917529628550294,0.28780722792823316,0.29128876362872147,339032000
2013-03-22,0.28966403007507324,0.29082454188538365,0.2880393190743955,0.28919983088470586,232476000
2013-03-25,0.28803929686546326,0.29152083202795476,0.2859503591666992,0.29128871861627587,362076000
2013-03-26,0.29012829065322876,0.290360404131917,0.2875751530628179,0.2887356651186792,232540000
2013-03-27,0.29361000657081604,0.29523471890992364,0.2882716423119138,0.28896795550547616,254944000
2013-03-28,0.2977876365184784,0.2980197499665828,0.29082456510078103,0.2929134754585757,349276000
2013-04-01,0.28803929686546326,0.2970912772204284,0.2859503591666992,0.2970912772204284,442828000
2013-04-02,0.2850220203399658,0.2889677554804848,0.28316519566537224,0.28827144276891375,371524000
2013-04-03,0.28154048323631287,0.2861825310683768,0.2794515451106115,0.28455779219212435,353156000
2013-04-04,0.2843257486820221,0.28525414731897597,0.27968370015966937,0.28061209879662324,294676000
2013-04-05,0.28919991850852966,0.28919991850852966,0.27945159421327925,0.28014790704419607,551352000
2013-04-08,0.2885035574436188,0.2894319559504302,0.2831651968574834,0.2894319559504302,326660000
2013-04-09,0.2931455671787262,0.29523447738169084,0.28664669547014787,0.2887356056731125,380584000
2013-04-10,0.2977876365184784,0.298251835745901,0.29268138967925755,0.29337770235478455,384688000
2013-04-11,0.29639512300491333,0.29825194828401774,0.2854863125347704,0.2936098989206551,969220000
2013-04-12,0.3038223385810852,0.30707176115305546,0.2952345275416987,0.29778766504023885,770548000
2013-04-15,0.29755550622940063,0.30382229228567126,0.29569870942480087,0.3028938662145867,430420000
2013-04-16,0.3008049726486206,0.30289388300397585,0.2987160346244791,0.30034077342174015,468844000
2013-04-17,0.2968592941761017,0.3012692291733633,0.2950024692466473,0.29848400561357746,532948000
2013-04-18,0.2910565733909607,0.2994122679351426,0.2910565733909607,0.2975554438510156,402548000
2013-04-19,0.29175299406051636,0.29268142028122146,0.2871109459633583,0.2908245955086004,303028000
2013-04-22,0.2922172248363495,0.2947703626325204,0.28919991538297396,0.2915209396817503,245568000
2013-04-23,0.29987668991088867,0.30289399988432053,0.29430621403243623,0.29477041343844135,376948000
2013-04-24,0.3100890517234802,0.31264218884162986,0.30057284355814234,0.30080495699389587,556556000
2013-04-25,0.31264227628707886,0.31333858912031204,0.30892862628903034,0.311713877621963,353224000
2013-04-26,0.31124964356422424,0.31264226919911814,0.3096249321027093,0.31217806987708413,324332000
2013-04-29,0.3149631917476654,0.316123703512311,0.3103211446890831,0.311713769874171,269712000
2013-04-30,0.31960517168045044,0.31960517168045044,0.31357050070422565,0.3156594380431237,276712000
2013-05-01,0.31682005524635315,0.32169421632755546,0.3156595433383323,0.31960527829184604,341316000
2013-05-02,0.32053372263908386,0.3214621211507574,0.3147311351003665,0.3165879597925015,323480000
2013-05-03,0.3219262957572937,0.324247319527549,0.32076578387216603,0.3226226084221274,293864000
2013-05-06,0.3209979832172394,0.32378320695312723,0.31914115817038313,0.32192638190627093,217116000
2013-05-07,0.31682005524635315,0.32169421632755546,0.3138027187517416,0.32099790364898567,448068000
2013-05-08,0.3226225972175598,0.32447942170303434,0.3161237253527914,0.31728423719761484,334032000
2013-05-09,0.3228547275066376,0.3242473251918466,0.31635585530263644,0.31682005453103945,566800000
2013-05-10,0.3374772369861603,0.3388698625627337,0.3295857381668952,0.3295857381668952,861136000
2013-05-13,0.33051422238349915,0.3365488973815386,0.32912159656278367,0.33515627156082317,289812000
2013-05-14,0.33538830280303955,0.33817352609234813,0.33121045403468224,0.33445987659407744,454140000
2013-05-15,0.34119075536727905,0.3423512670112992,0.33376345871052615,0.33376345871052615,313172000
2013-05-16,0.339566171169281,0.34420821947563834,0.3384056314239013,0.34072668324587035,308368000
2013-05-17,0.3451366424560547,0.34745766677323225,0.338637768834199,0.3411909066506113,312116000
2013-05-20,0.3444403409957886,0.34583296669957725,0.3425835159470014,0.3437440281438942,236380000
2013-05-21,0.34805619716644287,0.3494558967714767,0.34245745436498365,0.3464232328334621,357784000
2013-05-22,0.33592554926872253,0.3494558760127341,0.33452584974683514,0.3494558760127341,480404000
2013-05-23,0.3412911295890808,0.34245753693807285,0.3310267282323439,0.3319598429877996,393884000
2013-05-24,0.33919140696525574,0.3422240700903277,0.33545889422527014,0.3394246994400038,283304000
2013-05-28,0.338958203792572,0.34269071751592717,0.33569227514163974,0.3417576029897574,279300000
2013-05-29,0.3368586599826813,0.33895818143273454,0.3354589604764217,0.3368586599826813,335052000
2013-05-30,0.3412911295890808,0.344790351636057,0.33545906503477574,0.3363922075995763,284504000
2013-05-31,0.3375585079193115,0.34432365727471,0.3375585079193115,0.33942476464783605,577508000
2013-06-03,0.33709198236465454,0.3405912036309444,0.3300935120227362,0.3380250969119297,444468000
2013-06-04,0.3375585079193115,0.34525679954364025,0.3354589586712204,0.3391914721282695,363676000
2013-06-05,0.33032679557800293,0.33965805203426147,0.3293936532467744,0.33709197319439305,464520000
2013-06-06,0.3324263095855713,0.3349924161763318,0.33009349552463896,0.3303267880544671,341044000
2013-06-07,0.33709198236465454,0.33919150400069303,0.33335946855687654,0.33475914037778937,274584000
2013-06-10,0.3368586599826813,0.33895818143273454,0.3342925534909841,0.3361588102295515,224148000
2013-06-11,0.3305601477622986,0.3370920340222176,0.3305601477622986,0.3324263771428387,296336000
2013-06-12,0.3277606964111328,0.33499243145355906,0.3258944395154094,0.3321930600146432,312588000
2013-06-13,0.3352258503437042,0.3368588153144397,0.32636114760483464,0.3265944124238832,236256000
2013-06-14,0.33475905656814575,0.3368586054878837,0.33242624297465795,0.3363920483310525,236012000
2013-06-17,0.3380250334739685,0.3410576968974736,0.3354589272365411,0.3373251837901853,255336000
2013-06-18,0.33592554926872253,0.34339054849700384,0.3331261502249477,0.33965803497819497,486772000
2013-06-19,0.3461899161338806,0.3611199422446287,0.33779177470850136,0.3389581816948409,1159588000
2013-06-20,0.3368586599826813,0.34385710189530694,0.33452584601180607,0.3433905446629991,628696000
2013-06-21,0.33639204502105713,0.33989126537685754,0.3307932757661776,0.33872485859159074,714228000
2013-06-24,0.32939356565475464,0.3356921843352768,0.32449467400353016,0.33149311448470553,580772000
2013-06-25,0.33172643184661865,0.33359266053415404,0.32822718353415853,0.3328928386809945,457360000
2013-06-26,0.32986024022102356,0.33592556807633606,0.3284605406207705,0.3354589830033597,579752000
2013-06-27,0.32682761549949646,0.33125995174976924,0.3233283938884364,0.33079339443016287,808036000
2013-06-28,0.32752737402915955,0.3307933021648082,0.322628454016353,0.3268275243402824,431536000
2013-07-01,0.3289271295070648,0.3305601218007999,0.3268276077141778,0.3298602719333907,199524000
2013-07-02,0.32869386672973633,0.33359276021231427,0.32566120249232666,0.32706087442620285,256392000
2013-07-03,0.3296268880367279,0.3335926657740314,0.325894374984364,0.325894374984364,140388000
2013-07-05,0.3321930468082428,0.3328928965924837,0.3284605331651828,0.33056008251790553,184684000
2013-07-08,0.3305601477622986,0.3347591916778567,0.3286938905724156,0.33312622706521267,262084000
2013-07-09,0.3321930468082428,0.3342925683516282,0.3303267899867128,0.3312599044928091,157364000
2013-07-10,0.3366253972053528,0.337558539561755,0.33125991903639046,0.3321930613927927,208468000
2013-07-11,0.3412911295890808,0.3417576869668087,0.33779187973275987,0.3384917297040241,239832000
2013-07-12,0.34152424335479736,0.3447901991734102,0.33942472217873604,0.3405911290119551,216360000
2013-07-15,0.3408244848251343,0.3422241845229921,0.3354590063957994,0.3422241845229921,201332000
2013-07-16,0.342690646648407,0.34455690312414766,0.34059112549403137,0.3422240894818049,162560000
2013-07-17,0.3408244848251343,0.34385714896426617,0.33989137023278904,0.3426907418191647,166100000
2013-07-18,0.3394246995449066,0.3415242205809657,0.3349923371886375,0.34035781382552605,344488000
2013-07-19,0.3321930468082428,0.33895819650078446,0.32869382569637556,0.33732523221044725,480532000
2013-07-22,0.3319598138332367,0.337791850065995,0.3305601418229801,0.3347591856630922,292384000
2013-07-23,0.33149319887161255,0.3361588270467732,0.3298602345721738,0.3361588270467732,246792000
2013-07-24,0.33149319887161255,0.3354589772586316,0.33102664161596396,0.3345258627473345,284252000
2013-07-25,0.3326595723628998,0.3370919353678507,0.3289270590755027,0.3312598729277922,243320000
2013-07-26,0.3312598466873169,0.33335939567366424,0.32869376833866903,0.32869376833866903,227360000
2013-07-29,0.3305601477622986,0.3347591916778567,0.3296270052626856,0.3305601477622986,179540000
2013-07-30,0.33615878224372864,0.34059114510499106,0.3314931546904001,0.33172644719180006,266076000
2013-07-31,0.3368586599826813,0.34012458841817217,0.3342925534909841,0.33452584601180607,270160000
2013-08-01,0.34152424335479736,0.3422240930165953,0.3340592451840619,0.3380250228551402,277648000
2013-08-02,0.34432363510131836,0.3450234848056139,0.3384916005810794,0.340824414389175,209628000
2013-08-05,0.34595662355422974,0.34712303044661125,0.3415242606775796,0.34339051726725683,185188000
2013-08-06,0.3408244848251343,0.34688981310339806,0.3401246349762054,0.34618996325446916,206608000
2013-08-07,0.3405912518501282,0.3440904736118201,0.33872499468202394,0.3389582594471979,244380000
2013-08-08,0.34292393922805786,0.3445569032162679,0.33849157662082224,0.342457382061331,345696000
2013-08-09,0.3380250334739685,0.34315721813948996,0.32916033570115866,0.3293936003895308,906224000
2013-08-12,0.3352258503437042,0.3401247452559105,0.30583234182372165,0.3242615973773043,257568000
2013-08-13,0.33639204502105713,0.33779171647777845,0.3335926464889517,0.33569219538803075,197468000
2013-08-14,0.3506223261356354,0.35272184786735866,0.3354590054813123,0.3356922980334326,828508000
2013-08-15,0.35295504331588745,0.35575441412447995,0.3454900174138644,0.3468897167228268,723616000
2013-08-16,0.35435473918914795,0.3592536311043538,0.35155534059836524,0.3522551902460609,660456000
2013-08-19,0.34875598549842834,0.35342161294707625,0.3485226930022627,0.3522552060849143,393432000
2013-08-20,0.35051441192626953,0.35285898768902335,0.3481698361635157,0.34863874572615694,234192000
2013-08-21,0.34887322783470154,0.35285900119402125,0.34746647114338924,0.3484042903045649,261540000
2013-08-22,0.3507489264011383,0.3540313217170222,0.3486387911698832,0.3486387911698832,129016000
2013-08-23,0.3507489264011383,0.3540313217170222,0.35004554799071996,0.3512178360249001,245120000
2013-08-26,0.3514522910118103,0.3523901382466439,0.3500455620838887,0.3509833813691698,300152000
2013-08-27,0.34699755907058716,0.35051442282406015,0.3458252711527628,0.34816984698841147,277464000
2013-08-28,0.34699755907058716,0.35027995406067586,0.3455908023893785,0.34770093741119146,318824000
2013-08-29,0.3462941646575928,0.3495765874448845,0.3448874080416752,0.345825255102136,276216000
2013-08-30,0.34582528471946716,0.3474664822788956,0.34418408716003873,0.346528663087665,378120000
2013-09-03,0.34605973958969116,0.35098336041738487,0.3439496323489944,0.3467631179864404,284680000
2013-09-04,0.34934207797050476,0.35145218469886413,0.34559074606503903,0.34605965556583623,222080000
2013-09-05,0.3502800762653351,0.3516868334373289,0.3477010587160908,0.34793549961171755,174904000
2013-09-06,0.34887322783470154,0.35239009161343343,0.3462941832171452,0.3505144253415333,226756000
2013-09-09,0.3547346591949463,0.3547346591949463,0.35074888592855863,0.35168670506786814,246408000
2013-09-10,0.36223745346069336,0.36247192232211356,0.35567263278609057,0.35731385891691153,292132000
2013-09-11,0.3683333098888397,0.36927115724626114,0.35918944488915094,0.3617684901851146,396164000
2013-09-12,0.3680988550186157,0.37278800777879917,0.3664576291929074,0.3664576291929074,303808000
2013-09-13,0.3704434037208557,0.37208460147438605,0.3666920706131695,0.3692711156183979,159696000
2013-09-16,0.3706778585910797,0.37607038965624795,0.369271129584658,0.3734913725030312,231412000
2013-09-17,0.37185007333755493,0.3748980275074905,0.3704433446088106,0.3720845421004533,168608000
2013-09-18,0.37513256072998047,0.3760703800436236,0.3702089394594707,0.3720846060363103,268168000
2013-09-19,0.3734912872314453,0.37747706043064816,0.37185006184099617,0.3767736821132482,227572000
2013-09-20,0.37020885944366455,0.37677367706892695,0.36950548113568155,0.3744291013420152,356036000
2013-09-23,0.3666920065879822,0.37302235564605163,0.3645818716022603,0.36997440152192984,271244000
2013-09-24,0.3680988550186157,0.3695055840769377,0.3648164313167543,0.3669265668285699,229732000
2013-09-25,0.36856767535209656,0.3713811607362165,0.3657541620184283,0.3673953874462509,233156000
2013-09-26,0.3673955500125885,0.37020903664162885,0.36528541407863774,0.3695056579969786,148816000
2013-09-27,0.36528539657592773,0.367629973312714,0.3631752886926438,0.36458201796497997,151920000
2013-09-30,0.36481642723083496,0.36739547239987275,0.359423896027109,0.36153403151529123,226640000
2013-10-01,0.3645818829536438,0.3669264867717398,0.3624717758517711,0.3652852613041177,226976000
2013-10-02,0.3643473982810974,0.36575412686317244,0.3608305349015914,0.3608305349015914,162036000
2013-10-03,0.36059626936912537,0.36786446896242114,0.3589550711237377,0.3645820445220844,436768000
2013-10-04,0.36551976203918457,0.3685677165247798,0.3591893842808131,0.3601272314799855,246228000
2013-10-07,0.36551976203918457,0.3680988068999694,0.36223733876640835,0.3641130052152017,169952000
2013-10-08,0.3624717593193054,0.36973995536011567,0.3596582739952829,0.3645818663249354,290712000
2013-10-09,0.3568447530269623,0.36505079596519585,0.3549691148177574,0.36481632721427165,275860000
2013-10-10,0.3608306348323822,0.3617684541468247,0.3568448328721182,0.3594238779111651,223484000
2013-10-11,0.35778266191482544,0.35965832839773915,0.3540313289489981,0.3552036170071251,213704000
2013-10-14,0.3631751835346222,0.3631751835346222,0.3568448058186239,0.3568448058186239,166628000
2013-10-15,0.36129942536354065,0.36528519806007975,0.36106495663746135,0.36317509132354264,208820000
2013-10-16,0.36575421690940857,0.36716097378736334,0.3629407311030516,0.3634096407458523,210072000
2013-10-17,0.3664575517177582,0.3673953988412516,0.3629406878911434,0.3629406878911434,213324000
2013-10-18,0.3706778585910797,0.3718501467378748,0.364347508188297,0.36575423719471867,255068000
2013-10-21,0.3716157376766205,0.3753670432976236,0.3704434494295152,0.37513260241793644,195008000
2013-10-22,0.36973994970321655,0.37185005667656257,0.3664575269174538,0.37161561587371705,179452000
2013-10-23,0.3634096384048462,0.36903663793086483,0.36223735033061966,0.36903663793086483,252216000
2013-10-24,0.3608306348323822,0.36669207542153115,0.3601272563717737,0.3643474991858716,236436000
2013-10-25,0.35731378197669983,0.36294075394352876,0.3561414938211476,0.3627063130821509,330492000
2013-10-28,0.35661041736602783,0.35848608407778787,0.35168679574135203,0.35684485823652573,394024000
2013-10-29,0.3570792078971863,0.35778258617306935,0.352858966191434,0.35614138882903956,387952000
2013-10-30,0.3568447530269623,0.35989270704124093,0.3537967990126836,0.35825150963341307,204032000
2013-10-31,0.35614141821861267,0.3598927227503115,0.3554380398846853,0.3573137061253089,293368000
2013-11-01,0.35778266191482544,0.359423859606293,0.3552036170071251,0.3580171027567197,206136000
2013-11-04,0.34746652841567993,0.35895496875621935,0.3467631499540872,0.35895496875621935,410264000
2013-11-05,0.34699755907058716,0.3486387565656315,0.34160502905868545,0.3453563615755428,422368000
2013-11-06,0.34934207797050476,0.3495765466956754,0.34348063933667966,0.3469975025169747,198044000
2013-11-07,0.34113609790802,0.3491076440652855,0.3404327196118973,0.34816982497015314,553076000
2013-11-08,0.36481642723083496,0.3659887154077513,0.3502800314774289,0.35168678846955037,734532000
2013-11-11,0.36786431074142456,0.368802129921266,0.3627062493531979,0.3634095997633043,297624000
2013-11-12,0.36856767535209656,0.371615629497205,0.3643474333011425,0.36950549449695375,316032000
2013-11-13,0.37864944338798523,0.37864944338798523,0.36692656165288384,0.36762991219734614,332792000
2013-11-14,0.38029053807258606,0.3826351137835502,0.37724258405842326,0.3774770528093385,307980000
2013-11-15,0.37911826372146606,0.38216621784419835,0.37536693127048043,0.3816973082752122,450332000
2013-11-18,0.3699744641780853,0.37419470691469026,0.36903664488086324,0.37091231142486025,316948000
2013-11-19,0.36396342515945435,0.37150669562399286,0.3634919760243432,0.3682065235772948,206716000
2013-11-20,0.3585416376590729,0.36514200889254733,0.3578344500088942,0.36419908265867046,204776000
2013-11-21,0.3613704442977905,0.3620776321126258,0.3573630841482874,0.35901317031562135,213568000
2013-11-22,0.35783448815345764,0.3618418477970935,0.3571273004278939,0.3618418477970935,158668000
2013-11-25,0.36561349034309387,0.36608493945133275,0.3578344817039377,0.3578344817039377,248208000
2013-11-26,0.3686780333518982,0.3726853938108464,0.3672636576130108,0.36962093177720673,753176000
2013-11-27,0.37009236216545105,0.3712709990981054,0.3660849741136893,0.36844224797899805,181272000
2013-11-29,0.3677350580692291,0.37103525832209866,0.3653777842175741,0.370092360021805,116964000
2013-12-02,0.3712709844112396,0.3738639686999524,0.3656135104977462,0.3663206982495479,373872000
2013-12-03,0.3710351884365082,0.3762211843131671,0.36867791502885267,0.37127092701764,290560000
2013-12-04,0.3762211799621582,0.3769283675964593,0.36914935982097763,0.3700922860336842,493176000
2013-12-05,0.37009236216545105,0.37692844513447804,0.3696208849116524,0.37692844513447804,271812000
2013-12-06,0.3646705150604248,0.3745710566448236,0.3637275889422981,0.3745710566448236,281000000
2013-12-09,0.3585416376590729,0.365849196542726,0.3578344500088942,0.3646705598260669,385220000
2013-12-10,0.36679208278656006,0.36844216851621414,0.3580701769861756,0.35854162603737466,524268000
2013-12-11,0.36325621604919434,0.3679707633249608,0.3625490283376457,0.3674993142175678,414156000
2013-12-12,0.35618433356285095,0.3639633408433118,0.35547714597355207,0.36207751663881926,258724000
2013-12-13,0.35406291484832764,0.3594846511042786,0.35359146563061994,0.3568916663564237,184588000
2013-12-16,0.3545342683792114,0.3575987296186179,0.35406281928874517,0.354298557884437,237620000
2013-12-17,0.35618433356285095,0.3571272316146405,0.3512340485386722,0.3542985093583584,274104000
2013-12-18,0.3611346185207367,0.36184180616493405,0.35241271251141104,0.3568915488573839,426232000
2013-12-19,0.36254894733428955,0.3630203963363479,0.35830585011394006,0.360663123225144,258544000
2013-12-20,0.36985665559768677,0.3700923942450199,0.3623133560941095,0.3632562825825184,382080000
2013-12-23,0.3719780147075653,0.37504247516576633,0.36891358235027444,0.3719780147075653,168568000
2013-12-24,0.37292101979255676,0.37409965651853916,0.36914937102904666,0.37409965651853916,79600000
2013-12-26,0.3693850338459015,0.3755139548042047,0.36844210779798003,0.3743353183199856,168920000
2013-12-27,0.3715067207813263,0.3722139085823417,0.3691494468452229,0.3712710102482691,210976000
2013-12-30,0.37645694613456726,0.3766926847302522,0.371270949937755,0.37174239902820755,248180000
2013-12-31,0.3776356279850006,0.3795214526728163,0.3748069050037374,0.37716417883827685,235776000
2014-01-02,0.3738640248775482,0.3766927763098091,0.37056385234114286,0.3752784005936786,260092000
2014-01-03,0.3693850338459015,0.3752782162669967,0.3682063973616824,0.3745710287562832,259332000
2014-01-06,0.3743354082107544,0.37716413083197137,0.36962083304083665,0.37315674334258714,409492000
2014-01-07,0.3804643452167511,0.3818787207364692,0.37551408709957823,0.3781070714178344,333288000
2014-01-08,0.3856503665447235,0.38753619118687527,0.38046434175357635,0.3818787172604201,308192000
2014-01-09,0.3712709844112396,0.3804643408819014,0.37009234752521014,0.3797571531300997,292172000
2014-01-10,0.3707995116710663,0.3750426101323928,0.3674993395905458,0.37244962581224683,218492000
2014-01-13,0.3620776832103729,0.37315686686991917,0.36137049529573667,0.37079959255508266,243332000
2014-01-14,0.3733925223350525,0.37409971009209914,0.3623133130434688,0.36396342717688435,241828000
2014-01-15,0.37739992141723633,0.37881429707846426,0.37339256117832137,0.3750426473824719,175044000
2014-01-16,0.3785785138607025,0.37928570160805203,0.3757497909722242,0.37739987698209326,220652000
2014-01-17,0.3769284784793854,0.3830574023117507,0.3745712044055408,0.37857856471089185,340400000
2014-01-21,0.3783426880836487,0.3806999611227253,0.3743353295374006,0.3773997620074713,246076000
2014-01-22,0.37787124514579773,0.37952133067938726,0.37339240943929847,0.3790498816842062,337940000
2014-01-23,0.37645694613456726,0.3807000441504745,0.3736282234909349,0.3766926847302522,185028000
2014-01-24,0.36679208278656006,0.3748068290606035,0.36679208278656006,0.3733924538060914,246696000
2014-01-27,0.3644348680973053,0.3719781384335696,0.36231330487400254,0.36679214183369535,233812000
2014-01-28,0.3679707944393158,0.36820653306340473,0.36231332036946834,0.36372769591216036,167996000
2014-01-29,0.3644348680973053,0.36867796644299133,0.36419912948329847,0.3665564032196886,162944000
2014-01-30,0.3705637753009796,0.37127096301202056,0.36537775082062474,0.3665563876387202,202896000
2014-01-31,0.37009236216545105,0.3722138974038605,0.3651420758079342,0.36537778633391244,335348000
2014-02-03,0.3651420772075653,0.373156797139968,0.36372770164259016,0.37268534798528336,431728000
2014-02-04,0.3672635555267334,0.36797074319960393,0.3630204575904269,0.3649062820177761,280692000
2014-02-05,0.36396342515945435,0.36584924980081895,0.3611346741469474,0.36467061291258107,214676000
2014-02-06,0.3686780333518982,0.36962093177720673,0.3639634850235063,0.3644349342361605,168380000
2014-02-07,0.3740997910499573,0.3745712402897066,0.3663207802408512,0.36962095302002285,157248000
2014-02-10,0.3752782642841339,0.38022854939161077,0.3733924400479087,0.3736281786152796,324372000
2014-02-11,0.3830573558807373,0.38400025415561545,0.3755140853789516,0.3773998819287079,235384000
2014-02-12,0.39672955870628357,0.39955830979860046,0.38423600171828665,0.38423600171828665,744528000
2014-02-13,0.40922310948371887,0.4115804113918477,0.39955830373471646,0.4066301251563418,902836000
2014-02-14,0.42218801379203796,0.4231309117848143,0.40521562511476955,0.4054513636634195,817536000
2014-02-18,0.4219524562358856,0.42383828113125677,0.41841654509491116,0.4224239335354213,428988000
2014-02-19,0.4276098310947418,0.4313814800049773,0.4200665332742709,0.4219523577293886,450340000
2014-02-20,0.44269639253616333,0.44363929070027414,0.42784556379545796,0.42855272336808264,398088000
2014-02-21,0.4393962323665619,0.447646718500346,0.436567509518335,0.44198924470297285,451052000
2014-02-24,0.44576093554496765,0.4490611078260535,0.4344460149940816,0.43845337507852067,403112000
2014-02-25,0.4437480866909027,0.4470631876424757,0.43901225238391195,0.44516884827411957,242184000
2014-02-26,0.44303786754608154,0.4494312401402965,0.4416171055350082,0.44280106446830014,360884000
2014-02-27,0.43806514143943787,0.4475368110183008,0.43688118274208,0.4430377792594617,388848000
2014-02-28,0.43522363901138306,0.439959473722469,0.4288302395691758,0.43569721683693136,321692000
2014-03-03,0.4330924451351166,0.4330924451351166,0.4217264375297731,0.4255151161408203,375948000
2014-03-04,0.43759164214134216,0.4404331378794085,0.43451334333018404,0.43522372432165235,260344000
2014-03-05,0.44138023257255554,0.44161703561284343,0.43522366403090457,0.43711797544199527,241472000
2014-03-06,0.43522363901138306,0.4444585054068801,0.43451325815915987,0.4420905880513371,290144000
2014-03-07,0.4347500801086426,0.43782837865026414,0.4314350067424683,0.4371179977209969,268452000
2014-03-10,0.4283566474914551,0.4352236245307343,0.42646230802448837,0.4333292850637676,300888000
2014-03-11,0.4326189458370209,0.4364076251352842,0.4290670695803252,0.4304878031463215,297220000
2014-03-12,0.43380290269851685,0.4364076232331956,0.4288302646696949,0.4304878012700345,239428000
2014-03-13,0.4200689196586609,0.4364075651295922,0.4179377772609919,0.4347500005221388,385172000
2014-03-14,0.42196333408355713,0.4257520137880563,0.41580676484850376,0.41580676484850376,460048000
2014-03-17,0.42196333408355713,0.4262255916941671,0.4214897561774463,0.42314729296273734,299656000
2014-03-18,0.43190857768058777,0.4347500731242023,0.4217265264654821,0.4236208661704931,293904000
2014-03-19,0.43948590755462646,0.4477736472789815,0.4340396914970464,0.43522367851007204,366168000
2014-03-20,0.4397226870059967,0.4435113662065158,0.43522365515470746,0.4371179665271645,191800000
2014-03-21,0.4390123188495636,0.44706325532702423,0.43664440133756993,0.4435113790590337,566116000
2014-03-24,0.43688133358955383,0.44280112912034486,0.43048793183405015,0.43924925180187024,306096000
2014-03-25,0.43688133358955383,0.4420907480110876,0.43356623115562387,0.44161717001418666,304424000
2014-03-26,0.4269358813762665,0.44919432048205443,0.423147202481894,0.4409066100999398,557756000
2014-03-27,0.42125287652015686,0.4295405866122311,0.41651701395402946,0.425988710858485,540728000
2014-03-28,0.4238576889038086,0.42646240982111,0.41935865629516855,0.4205426152161588,398820000
2014-03-31,0.42409437894821167,0.42835663557334847,0.42172646173733563,0.42456795674482695,273404000
2014-04-01,0.44161704182624817,0.44682645473564847,0.43238214654213514,0.437591587679339,656272000
2014-04-02,0.43877553939819336,0.4425641904406639,0.43688119976305656,0.44161703473699704,239948000
2014-04-03,0.44351136684417725,0.45416699535467964,0.43948588460241206,0.43972268763821093,599548000
2014-04-04,0.4297773838043213,0.44848394612425113,0.4278830444490653,0.44587922598229923,368032000
2014-04-07,0.4311981499195099,0.4394858605292689,0.4276462739438989,0.4300141912609729,428576000
2014-04-08,0.44658979773521423,0.447773756810047,0.4304879204441152,0.4311983015345771,470692000
2014-04-09,0.4461160898208618,0.45250948994968865,0.44256421340609337,0.4487208104828138,421968000
2014-04-10,0.43522363901138306,0.45037829879573754,0.4338028773069367,0.4442217306080067,372748000
2014-04-11,0.42906707525253296,0.4385387453956022,0.4233840562300092,0.431908570649893,353112000
2014-04-14,0.43380290269851685,0.4354604392988564,0.42906706771023045,0.43190856305764164,290184000
2014-04-15,0.43688133358955383,0.43924925180187024,0.4300143538371492,0.4342766122648811,304636000
2014-04-16,0.43782827258110046,0.4394858088626295,0.4323820577465356,0.43901223110044946,235136000
2014-04-17,0.43948590755462646,0.44351139000662304,0.43522367851007204,0.43617083424712766,153532000
2014-04-21,0.44303786754608154,0.44422182647937347,0.43688126980184044,0.43972276559617957,117004000
2014-04-22,0.44682642817497253,0.44966795161828554,0.44138021254569165,0.44374812992991797,255120000
2014-04-23,0.4520358741283417,0.45321983283388023,0.4468264332417302,0.4475368141106138,261580000
2014-04-24,0.4560612738132477,0.46079710807186813,0.45511411825264314,0.45511411825264314,391492000
2014-04-25,0.44351136684417725,0.459376436319834,0.44256418292878436,0.4551141792700725,313600000
2014-04-28,0.44161704182624817,0.4494311753042504,0.4361708258732282,0.4470632577792681,226788000
2014-04-29,0.4425642192363739,0.444221784167346,0.4375916091268723,0.44327460017424697,171300000
2014-04-30,0.43735471367836,0.4423273509651729,0.436407558113157,0.4418537731825714,305740000
2014-05-01,0.4397226870059967,0.4449320997358586,0.43617081084093595,0.44398494404963007,198104000
2014-05-02,0.4364076256752014,0.44185384158776675,0.43380290512594744,0.44185384158776675,156376000
2014-05-05,0.4411434829235077,0.4444585563098159,0.43546046368265895,0.4359340415624452,239260000
2014-05-06,0.43214526772499084,0.44919426415624186,0.4309613092474346,0.4454056139647398,416188000
2014-05-07,0.4326189458370209,0.4361708220937165,0.42788311082809327,0.43214536798168873,293900000
2014-05-08,0.43806514143943787,0.44493209059299266,0.4288302466633654,0.4309613892552907,432728000
2014-05-09,0.42740944027900696,0.4288302018585138,0.4193585332692657,0.4248047483536431,539532000
2014-05-12,0.43995943665504456,0.4409065922263415,0.4281198226470383,0.4283566256537621,299856000
2014-05-13,0.4328557848930359,0.4411435256164866,0.4314350511161815,0.4340397438209849,221104000
2014-05-14,0.4285934865474701,0.4347500836813065,0.4283567117209717,0.4330925469845982,214320000
2014-05-15,0.42622560262680054,0.4300142824284789,0.4219633449068641,0.42764636460938166,325896000
2014-05-16,0.4252784252166748,0.42835672387090606,0.42291050751769776,0.42291050751769776,283960000
2014-05-19,0.4390123188495636,0.4413802363615573,0.42788311218875386,0.4297774518439095,360076000
2014-05-20,0.4338979125022888,0.44032073164372365,0.4317569822410835,0.4391313196413165,256200000
2014-05-21,0.4338979125022888,0.4393692133849255,0.43128119475386545,0.435563083634095,216712000
2014-05-22,0.4358009099960327,0.4381797336330435,0.4329463273031827,0.4329463273031827,130364000
2014-05-23,0.43984487652778625,0.4419858346795932,0.4355629885819852,0.4381797057593672,182656000
2014-05-27,0.4476950466632843,0.4476950466632843,0.4410343345331169,0.4424616401173727,209680000
2014-05-28,0.4515012502670288,0.4543558335473814,0.44507843079678033,0.44936031989621944,224676000
2014-05-29,0.45078763365745544,0.45506952310169657,0.4498361152733231,0.45126339284952166,171884000
2014-05-30,0.4519769251346588,0.45316633697615205,0.4484086896101791,0.4507875132931656,239128000
2014-06-02,0.45054954290390015,0.4562587070689763,0.4467434145553103,0.45340412498643823,181500000
2014-06-03,0.448646605014801,0.45197694698888646,0.44269951716196293,0.45150118790084803,243212000
2014-06-04,0.4491223990917206,0.45245274132525637,0.4472193342334921,0.4474572279749527,161236000
2014-06-05,0.4510253369808197,0.4524526139543311,0.44721920833583434,0.4498359253239881,188696000
2014-06-06,0.4526905417442322,0.4567345360106586,0.4515011299977648,0.4531663007712565,161052000
2014-06-09,0.45316624641418457,0.4574481338594193,0.44912225263283323,0.45221472847426997,247456000
2014-06-10,0.4555451571941376,0.45768611550722976,0.4495980980319063,0.4515011626353833,217608000
2014-06-11,0.46149230003356934,0.4626817120085912,0.45388004070717486,0.45388004070717486,266228000
2014-06-12,0.46434688568115234,0.4664878159049556,0.4574482791730181,0.46149230259680857,337148000
2014-06-13,0.46482256054878235,0.4693423422744074,0.4603027788231573,0.4691044485780749,227852000
2014-06-16,0.4633953869342804,0.4664878640774259,0.4593513914507001,0.46268176235786496,198620000
2014-06-17,0.46648773550987244,0.4683908000240646,0.4614922230626583,0.46387104661594514,157608000
2014-06-18,0.4660118818283081,0.46815283960614673,0.46101634203782577,0.4652982292356952,215536000
2014-06-19,0.455307275056839,0.45982702851038215,0.451976905034079,0.4574482049331881,474592000
2014-06-20,0.45031172037124634,0.45816184360644974,0.4467434851150459,0.45649667282511885,353148000
2014-06-23,0.4450782835483551,0.4453161488676279,0.4391311968415587,0.4443646308749147,414200000
2014-06-24,0.438179612159729,0.44793279771079514,0.4362765481061299,0.4443645632444744,275780000
2014-06-25,0.44269949197769165,0.44293738568708585,0.4353251556380658,0.43936915019306255,215420000
2014-06-26,0.43675246834754944,0.44293742171674905,0.43532519104853074,0.442699527988004,256908000
2014-06-27,0.43722811341285706,0.43984480178778923,0.43365985043284416,0.4362765671655843,302820000
2014-06-30,0.4410342574119568,0.442223669071579,0.43556295810613244,0.43556295810613244,180512000
2014-07-01,0.4460298717021942,0.44864658913048555,0.43913126591752416,0.44055857148892225,321180000
2014-07-02,0.4443647563457489,0.4462678212263358,0.44174803859021444,0.4443647563457489,179284000
2014-07-03,0.44840869307518005,0.4495981049258643,0.44032067547583814,0.44032067547583814,136892000
2014-07-07,0.44484037160873413,0.44936015278309394,0.44412671896459205,0.44912225911577663,127496000
2014-07-08,0.44127219915390015,0.44555408726651974,0.4369903110412805,0.44365102273226503,221940000
2014-07-09,0.4545935094356537,0.45649657349643713,0.44174784829372044,0.4450782174895432,387668000
2014-07-10,0.4522148370742798,0.45411790176894207,0.4424616482377707,0.4460298839060814,266308000
2014-07-11,0.45316624641418457,0.454593551681866,0.451025316870472,0.4526904874442273,191188000
2014-07-14,0.4588756263256073,0.4600650384146265,0.45340432504455486,0.4550694962976175,272636000
2014-07-15,0.4607786238193512,0.46196803573407974,0.456496735254765,0.45958921190462265,395440000
2014-07-16,0.4603027403354645,0.4662498270261992,0.4576860516836646,0.462681592026445,319728000
2014-07-17,0.45911332964897156,0.463871004683278,0.45506933564551266,0.45506933564551266,324832000
2014-07-18,0.4386555254459381,0.4531663620584415,0.4379418726299792,0.4495981263364636,567816000
2014-07-21,0.44127219915390015,0.4443646754773373,0.4369903110412805,0.4369903110412805,243364000
2014-07-22,0.43936920166015625,0.44698143260086237,0.43841768342674986,0.44460260865952805,298816000
2014-07-23,0.43009158968925476,0.4398447750740502,0.4296158307734173,0.4396069097950346,297352000
2014-07-24,0.43080538511276245,0.4336599679122775,0.42771290859753125,0.43247055604932827,254576000
2014-07-25,0.42319318652153015,0.4303296582331219,0.4224795336788074,0.42937811165688566,266132000
2014-07-28,0.4215278923511505,0.4250961274048753,0.41439142224370096,0.4250961274048753,330352000
2014-07-29,0.4229552149772644,0.42866440831091246,0.4215279095543992,0.4217658032441476,217972000
2014-07-30,0.43009158968925476,0.4312810011577514,0.4243824259835931,0.4255718374520898,246184000
2014-07-31,0.41629454493522644,0.4281886634473924,0.41558089215293337,0.4248583216071121,401880000
2014-08-01,0.4208143651485443,0.42319318906671505,0.4148672769952995,0.4162945826893292,219884000
2014-08-04,0.4198627471923828,0.42390674149425417,0.4177218173731018,0.4203385062235771,241724000
2014-08-05,0.4201005697250366,0.42628552115631824,0.41510502984917,0.4186732645154152,298136000
2014-08-06,0.41962486505508423,0.424858270904317,0.41415356552087235,0.41724601327872896,223456000
2014-08-07,0.41534292697906494,0.42699914897655117,0.4124883165359341,0.4231930489820576,407696000
2014-08-08,0.4519769251346588,0.4543557488176453,0.43342209473580123,0.43342209473580123,894348000
2014-08-11,0.4495980739593506,0.4543557210343998,0.4484086621905883,0.4524526565328174,344624000
2014-08-12,0.4495980739593506,0.4519768974968752,0.4446025331874236,0.4493602086202862,296152000
2014-08-13,0.4522148370742798,0.4560209664636044,0.4474571895165322,0.4503117723796175,256596000
2014-08-14,0.44721928238868713,0.4538799944414208,0.44531621775107527,0.4538799944414208,255992000
2014-08-15,0.4529285132884979,0.4555452025658093,0.4443647358988186,0.4486466245936582,369796000
2014-08-18,0.45911332964897156,0.4595891170028699,0.4503116889690173,0.45483144196856345,284076000
2014-08-19,0.46281692385673523,0.4652062706498236,0.45756033812533237,0.4592329036671026,248260000
2014-08-20,0.4599495828151703,0.46329468467287815,0.4587549096838291,0.4611442559465115,221468000
2014-08-21,0.4556487798690796,0.46114428228376353,0.4549319987359408,0.45875493588461885,272796000
2014-08-22,0.4558877646923065,0.45971073064952417,0.4523037447886369,0.45517095501492094,251224000
2014-08-25,0.4566045105457306,0.460905339525618,0.45564875494839213,0.457799183679963,153380000
2014-08-26,0.46472835540771484,0.46568408262556993,0.4561266965139895,0.4577992333868646,269636000
2014-08-27,0.4594719409942627,0.46544530953363594,0.4587551310728843,0.46186128841001195,182972000
2014-08-28,0.4632946848869324,0.4642504119991452,0.4570823732077863,0.45851599235935975,179704000
2014-08-29,0.46472835540771484,0.46568408262556993,0.4599496338686673,0.46496727297054996,207932000
2014-09-02,0.4659230411052704,0.4659230411052704,0.4616222115436359,0.4659230411052704,192636000
2014-09-03,0.47022393345832825,0.4718964705991791,0.4652062935525137,0.4683124502331007,259456000
2014-09-04,0.47858649492263794,0.481453733087137,0.4692680278545216,0.46950697386264745,491832000
2014-09-05,0.4771529734134674,0.4802591297380178,0.47404681708891694,0.47810870067490197,253792000
2014-09-08,0.4728521406650543,0.4776308339073607,0.47094065767148,0.47667510665220286,319288000
2014-09-09,0.466878741979599,0.4738078637940069,0.4664008783849086,0.47070170770363484,198588000
2014-09-10,0.4685513973236084,0.4702239630529881,0.464250566916979,0.4695071532380059,172376000
2014-09-11,0.46377265453338623,0.46687881108350837,0.45875501483832276,0.46520627401290743,250720000
2014-09-12,0.4568435251712799,0.4666398583472096,0.45636566151268193,0.4666398583472096,262536000
2014-09-15,0.4506312310695648,0.45899394460877896,0.4487197479925211,0.4582771348944801,294152000
2014-09-16,0.45732131600379944,0.4597106622507432,0.44800284855076633,0.4494364676922342,219936000
2014-09-17,0.4575602412223816,0.4618610702357553,0.45397622179177927,0.4561266505400934,173584000
2014-09-18,0.4644894301891327,0.4649672938194874,0.45899392723190646,0.46042754660622937,219604000
2014-09-19,0.4558877646923065,0.4664009068330258,0.45517095501492094,0.4659230432091882,601316000
2014-09-22,0.4513480067253113,0.46520622238406795,0.4508701146296671,0.46520622238406795,221464000
2014-09-23,0.44943657517433167,0.4544541864029155,0.44728614594785787,0.4489586830240525,196144000
2014-09-24,0.4520648121833801,0.45349843158079944,0.44871973823374717,0.4491976018718006,159592000
2014-09-25,0.4422684609889984,0.45278160300414155,0.441312733752739,0.45158692971718833,298440000
2014-09-26,0.4432242810726166,0.44656935536854714,0.4417906615267823,0.44370214476014064,241188000
2014-09-29,0.44250738620758057,0.4456135423040807,0.4353393468233141,0.4396401761505253,208540000
2014-09-30,0.4408349394798279,0.44394109621116956,0.4355783534037439,0.4405959933915468,277204000
2014-10-01,0.43653401732444763,0.4446577838491837,0.43533934410120667,0.4415516562553623,350976000
2014-10-02,0.43462252616882324,0.4379675997367007,0.4245872484986792,0.43581719936924457,288996000
2014-10-03,0.43557828664779663,0.44322421850183974,0.43557828664779663,0.4372508520429048,239140000
2014-10-06,0.4329500198364258,0.44083486921043874,0.4300827811671426,0.43725084935709263,199032000
2014-10-07,0.42841023206710815,0.435339354009567,0.42793236846358684,0.431038524611361,301896000
2014-10-08,0.4362950623035431,0.4384454911510552,0.4245872478668819,0.4279323499130376,260172000
2014-10-09,0.42793241143226624,0.4348615340704781,0.4243483913210994,0.4343836419357146,306956000
2014-10-10,0.40260523557662964,0.4260208642959085,0.40236631802842615,0.4245872450736651,691376000
2014-10-13,0.40117165446281433,0.4133573326944831,0.4006937908716865,0.40523353771228515,397628000
2014-10-14,0.41049015522003174,0.4217200786768228,0.4042778425929089,0.40666718922130096,376620000
2014-10-15,0.4167024493217468,0.4188528784286432,0.4018885055683619,0.40451676983244517,404428000
2014-10-16,0.4169413447380066,0.4217200375285215,0.4083396863217775,0.4092954419698339,351116000
2014-10-17,0.41622456908226013,0.4267377111691066,0.4145520321657699,0.4219590179887013,290716000
2014-10-20,0.419808566570282,0.42363153230394973,0.41335733681756726,0.41622454687618976,200336000
2014-10-21,0.4377287030220032,0.43820656662826635,0.42172005858775746,0.422914731845044,351092000
2014-10-22,0.42745453119277954,0.43844553716714024,0.42745453119277954,0.43701191778500315,239512000
2014-10-23,0.4370119273662567,0.440118083773482,0.4317553703219383,0.43486152672916356,214476000
2014-10-24,0.44155165553092957,0.44417991952779384,0.4370118802001082,0.4396401726802288,210156000
2014-10-27,0.4417906105518341,0.4434631475068177,0.43653405362906045,0.44131274691944716,145092000
2014-10-28,0.45230385661125183,0.4527817203532312,0.4401181745328181,0.4405960382747975,192580000
2014-10-29,0.44943657517433167,0.4530205954018605,0.44537466279652366,0.45039230250836837,168340000
2014-10-30,0.4465693235397339,0.4501533436656098,0.44083490273163645,0.44824188905175066,170260000
2014-10-31,0.466878741979599,0.46711768801857245,0.4544541176181107,0.456843464074819,256316000
2014-11-03,0.47476354241371155,0.4793033173069791,0.4723741962014402,0.47763075217178635,308732000
2014-11-04,0.4809759259223938,0.48264846282457746,0.46998492030817346,0.47786976968504824,360196000
2014-11-05,0.4809759259223938,0.48408208215973936,0.4773919060677469,0.48384316459271764,335652000
2014-11-06,0.4831264615058899,0.48384327133160365,0.4745247720805892,0.48193175947419087,394088000
2014-11-07,0.4728521406650543,0.49435628873869175,0.46807344742274787,0.48862186824122744,450800000
2014-11-10,0.47834762930870056,0.481453785335157,0.47117956160281727,0.4723742348065885,293388000
2014-11-11,0.47261324524879456,0.4781087199484656,0.46855133301580665,0.47548045563194025,212992000
2014-11-12,0.469507098197937,0.4721353625670767,0.4630558391026387,0.47094068917657855,204584000
2014-11-13,0.4671177864074707,0.4718964803274223,0.4632948198782044,0.4711796705427771,225328000
2014-11-14,0.4728521406650543,0.4728521406650543,0.4630558081250227,0.4675955837951689,160248000
2014-11-17,0.4707017242908478,0.475719363420056,0.4675955680910168,0.4707017242908478,158732000
2014-11-18,0.4819316864013672,0.48312638825191967,0.46974600666167804,0.4709406800289707,207772000
2014-11-19,0.48013198375701904,0.48373119934176334,0.47509313914596807,0.4822915131078656,240300000
2014-11-20,0.48805028200149536,0.4885301965618042,0.4753331468331162,0.47677283330644227,220968000
2014-11-21,0.49068963527679443,0.4930890932181748,0.48661056249720686,0.4923692501150017,198976000
2014-11-24,0.4938090145587921,0.49596848700286106,0.4899698698028043,0.4918894135769988,136004000
2014-11-25,0.49356913566589355,0.49716835253216224,0.49188952019750526,0.4928492922926398,190240000
2014-11-26,0.5019670128822327,0.5024469272875777,0.4904495820221911,0.4906895678286546,219264000
2014-11-28,0.5031670331954956,0.5060464070442386,0.499087958381522,0.5036469479061589,124832000
2014-12-01,0.4938090145587921,0.5038867051847111,0.49308917134156943,0.5010073895234195,190060000
2014-12-02,0.49452897906303406,0.4966884520367303,0.4887702319128761,0.4933292210042135,245952000
2014-12-03,0.5072460174560547,0.5074859461376858,0.4954886539421049,0.49692834044709494,284424000
2014-12-04,0.5026870369911194,0.5084457258920504,0.49932780656620984,0.5065261819942742,185332000
2014-12-05,0.5055664777755737,0.5082058652905124,0.5026871043355604,0.5029270330530248,165680000
2014-12-08,0.4990878403186798,0.509885432489599,0.49500876646964065,0.5048465866538927,226944000
2014-12-09,0.4974081218242645,0.4986078794643436,0.48853013267653267,0.49596843553920683,239448000
2014-12-10,0.4863705635070801,0.49788799563884684,0.48589070625633246,0.49596839501309153,204364000
2014-12-11,0.48613065481185913,0.4926091856232618,0.48517088306342737,0.4892499558999553,135652000
2014-12-12,0.4710140824317932,0.4839711445657793,0.4705341679348484,0.4796521143198518,323964000
2014-12-15,0.4695743918418884,0.4851708977546392,0.46813470557185105,0.4765328087382112,254696000
2014-12-16,0.46429571509361267,0.4765329666322217,0.46405578637163947,0.4690946613825504,185308000
2014-12-17,0.4832513630390167,0.48397120627241785,0.45829697877184467,0.4736535295371352,345596000
2014-12-18,0.48517099022865295,0.49500875293634045,0.4806120019071183,0.4892500639661722,226156000
2014-12-19,0.48997005820274353,0.4918896027150281,0.4839713814885177,0.48853037121471965,325528000
2014-12-22,0.4986081123352051,0.4986081123352051,0.4878105173619364,0.4894901330764236,148976000
2014-12-23,0.49548858404159546,0.5048464877962731,0.4950086695384349,0.5024470296956578,109280000
2014-12-24,0.49356913566589355,0.49740828125404307,0.49308927822213194,0.4966884378807893,45644000
2014-12-26,0.4940488338470459,0.496688220254107,0.4923692191145901,0.49356891940595016,52636000
2014-12-29,0.49332907795906067,0.4966883080175389,0.49020977655973197,0.49260923477401586,82944000
2014-12-30,0.48877018690109253,0.49236940353848246,0.48805034357361454,0.4899699448494251,112120000
2014-12-31,0.48109176754951477,0.49212928469632455,0.4796520528469928,0.4894898411127925,166300000
2015-01-02,0.4830114245414734,0.4866106406352872,0.4753331350130699,0.4830114245414734,113680000
2015-01-05,0.47485318779945374,0.4844510484715717,0.47269368702559955,0.48301136221980506,197952000
2015-01-06,0.46045637130737305,0.47605284610191945,0.45997648549599146,0.47557296029053786,197764000
2015-01-07,0.45925676822662354,0.46789482961185525,0.4578170817944851,0.4638157275887295,321808000
2015-01-08,0.47653284668922424,0.4794122194586118,0.4642955982307224,0.4645355554961042,283780000
2015-01-09,0.4784524738788605,0.48205169025342115,0.47173398431935015,0.47821254518975764,209540000
2015-01-12,0.4724537432193756,0.47989207472539636,0.46813471294503445,0.47965211747534536,190732000
2015-01-13,0.4717339277267456,0.4856507911582065,0.46837469765188877,0.47605295825427457,236720000
2015-01-14,0.47365352511405945,0.47509321156741763,0.4654953781551627,0.46669510733169456,155260000
2015-01-15,0.47029438614845276,0.47989222142370924,0.4700544288250492,0.4770128765618934,188932000
2015-01-16,0.47893235087394714,0.4794122368182891,0.4681347598053563,0.4695744462421816,181512000
2015-01-20,0.48037204146385193,0.4849309722764145,0.4743733669944176,0.4822915852578152,140308000
2015-01-21,0.487090528011322,0.4882902858524398,0.47437339237500675,0.4777326514017738,144780000
2015-01-22,0.49548858404159546,0.49692827034348336,0.4830113790353587,0.48805022388437264,159712000
2015-01-23,0.496928334236145,0.4978881061582753,0.49188943153165954,0.49596850510641377,120416000
2015-01-26,0.49476882815361023,0.4971682866774208,0.4916495263518961,0.49476882815361023,133240000
2015-01-27,0.4710140824317932,0.4875703602738826,0.47005428204170013,0.48709044577693783,357948000
2015-01-28,0.46333587169647217,0.47869242308799564,0.4630959144076197,0.47677285058858004,272728000
2015-01-29,0.4746133089065552,0.4772526958397133,0.46141625982556944,0.46357578942957023,235340000
2015-01-30,0.46069639921188354,0.476772791886786,0.45997658464155466,0.471254032356879,298200000
2015-02-02,0.47077420353889465,0.4726937760347776,0.4544578802295917,0.4635758281321847,259604000
2015-02-03,0.48253148794174194,0.4830114024681851,0.47173392596514013,0.4741333841821628,183468000
2015-02-04,0.48373129963874817,0.4892500598745567,0.4796521973315409,0.481091912467745,181516000
2015-02-05,0.49164941906929016,0.4918893477070354,0.4837312019477856,0.48421105922327606,140448000
2015-02-06,0.4894898533821106,0.49692821267612924,0.48733032417988703,0.4911694681368665,210524000
2015-02-09,0.48901012539863586,0.490449754706391,0.48349136522816766,0.4866106669422411,273944000
2015-02-10,0.5026870369911194,0.5029269656764408,0.4873304569784999,0.4894899867692,226204000
2015-02-11,0.49932774901390076,0.5038866795475593,0.4959684617685787,0.5038866795475593,320832000
2015-02-12,0.5350796580314636,0.5398785741136443,0.5247619827340162,0.5278812839081928,676904000
2015-02-13,0.5353195667266846,0.5360394098329487,0.5257217349199494,0.5338798805141562,310084000
2015-02-17,0.5369992256164551,0.5396386696251059,0.5310006088490378,0.5343598388153991,203340000
2015-02-18,0.530760645866394,0.5372392346333896,0.5298008740071494,0.5362794055665476,170948000
2015-02-19,0.5322002172470093,0.5384388187952919,0.5298007595136378,0.5374790471434603,169432000
2015-02-20,0.5360394716262817,0.5362794002868315,0.5278813250916236,0.5317204696984029,157752000
2015-02-23,0.5317206382751465,0.5357997128357056,0.5290811933419027,0.5357997128357056,125008000
2015-02-24,0.5373807549476624,0.5373807549476624,0.5289503448734334,0.5337677384666676,149356000
2015-02-25,0.5332859754562378,0.5376216641413373,0.530877278662692,0.53521290991993,123820000
2015-02-26,0.5347312688827515,0.5378625808311307,0.5303955796798255,0.5337678015358351,152864000
2015-02-27,0.5313592553138733,0.5344905681512698,0.529432262645076,0.5332861905547859,157492000
2015-03-02,0.5443661212921143,0.5472565811010054,0.529191322151186,0.5299139371034088,301512000
2015-03-03,0.534249484539032,0.5429208051606457,0.5325634023942551,0.5402712557085486,160344000
2015-03-04,0.5402712821960449,0.541475602032272,0.530154731403541,0.5323225760221922,226840000
2015-03-05,0.5506286025047302,0.551592069714116,0.5388259712631384,0.5402712007911472,323056000
2015-03-06,0.5431618690490723,0.550147052078398,0.5426801065448957,0.5474975018751325,257392000
2015-03-09,0.5446069836616516,0.5487018209410193,0.5421982862532521,0.5434026636713899,222388000
2015-03-10,0.5540010929107666,0.5576141688598857,0.5460523832505986,0.5470158510277323,527212000
2015-03-11,0.5511105060577393,0.5612270004906585,0.549665276159358,0.554000908426627,262120000
2015-03-12,0.5460522174835205,0.5499061448499987,0.5356948128108066,0.545811364969327,406972000
2015-03-13,0.5467749238014221,0.5482201539837847,0.5359357548615891,0.5434027583278336,359288000
2015-03-16,0.5532784461975098,0.5566506693671841,0.5474975824361821,0.5511106581794436,236956000
2015-03-17,0.56002277135849,0.5602636239046596,0.5482201351779157,0.5520740630560506,299900000
2015-03-18,0.5508695244789124,0.5629130096859717,0.5458112779203077,0.5600226076929978,413844000
2015-03-19,0.5593000054359436,0.56122694014133,0.5487017497005806,0.5527965290204284,310756000
2015-03-20,0.5653218030929565,0.5686940254680609,0.558577473198502,0.5638766305640571,462084000
2015-03-23,0.5470154881477356,0.555686807245334,0.5467746357202027,0.5484607175686447,426012000
2015-03-24,0.5395486950874329,0.5491834839845148,0.5371399978631624,0.5453295569401077,330480000
2015-03-25,0.5067903995513916,0.5393078406774597,0.5051042598153078,0.5393078406774597,542552000
2015-03-26,0.5051044225692749,0.5072722679902983,0.4928200800392556,0.4964331557409613,311920000
2015-03-27,0.5149800181388855,0.5169069531630911,0.49980521818266205,0.5079947781773533,318288000
2015-03-30,0.5171478986740112,0.5197974488714614,0.5106443633073718,0.5173887512116297,253252000
2015-03-31,0.5041408538818359,0.5161843414288024,0.5036591488366844,0.5157026363836509,357276000
2015-04-01,0.5060679912567139,0.5077540742533048,0.4973966662543215,0.5060679912567139,330768000
2015-04-02,0.5072723031044006,0.5104036164533362,0.5029366693901252,0.508958386072613,192204000
2015-04-06,0.5219651460647583,0.5236512282060036,0.49980511090347757,0.5051042097965728,515864000
2015-04-07,0.5265420079231262,0.5323228727001602,0.5190750025510523,0.5219654636535198,413964000
2015-04-08,0.5303956866264343,0.5323226791366854,0.5219652738562106,0.5270235215183449,366432000
2015-04-09,0.542680025100708,0.5443661074704592,0.5260599964773228,0.5263008489793234,379432000
2015-04-10,0.5482200980186462,0.5484609505484904,0.5412348578022407,0.5431618503246355,258728000
2015-04-13,0.5431618690490723,0.550147052078398,0.5407531139560717,0.5470157393709559,236724000
2015-04-14,0.538585364818573,0.5431619079383335,0.533286206604751,0.5409940626561491,220276000
2015-04-15,0.5450887084007263,0.549183487968907,0.5373808542559907,0.5400304614214216,243560000
2015-04-16,0.5417166352272034,0.5465340305242056,0.5378627075040252,0.5419574877636889,155284000
2015-04-17,0.5347312688827515,0.5400304254325936,0.5301547272000636,0.5303955796798255,293636000
2015-04-20,0.5320819020271301,0.5405123159923042,0.5311183769214919,0.5371401504062346,231624000
2015-04-21,0.5313592553138733,0.5385853486091227,0.5287096475727626,0.5385853486091227,230456000
2015-04-22,0.5373807549476624,0.5381033697294336,0.5263007381976516,0.5344903532484389,207420000
2015-04-23,0.535213053226471,0.5402713580468121,0.5214834835698701,0.5275052558800315,259380000
2015-04-24,0.530636727809906,0.5352132141192795,0.5246149536895124,0.5349723615313898,240960000
2015-04-27,0.5347312688827515,0.5441252047278892,0.5277460301188387,0.5323225718015265,248456000
2015-04-28,0.5373807549476624,0.5393077468416729,0.5287094349942686,0.5337677384666676,234484000
2015-04-29,0.5332859754562378,0.5388259838241795,0.5311181311136881,0.5335268279072339,195156000
2015-04-30,0.5347312688827515,0.5373808184437384,0.5294321123329092,0.5306364895874559,218844000
2015-05-01,0.5479793548583984,0.549665437759589,0.5366584222780031,0.5390671203408314,256968000
2015-05-04,0.5446069836616516,0.5511105183494188,0.5429209012185595,0.5474974435228814,200720000
2015-05-05,0.530636727809906,0.543402833814362,0.5282280296473274,0.542680218622799,292928000
2015-05-06,0.532322883605957,0.5385855111710061,0.5253376407504867,0.5335272041380577,316484000
2015-05-07,0.5417166352272034,0.5434027178383659,0.5284687694465062,0.5301548520576689,534564000
2015-05-08,0.5017321705818176,0.5260600563151863,0.49354261030352253,0.5060678606782423,1146552000
2015-05-11,0.49691474437713623,0.501973049173566,0.49089302952331715,0.4947468994643806,544144000
2015-05-12,0.5017321705818176,0.5058269507209652,0.4930608478168486,0.49330175777412566,388800000
2015-05-13,0.5046226978302002,0.5091992410653302,0.49980530203360685,0.505345312942478,308524000
2015-05-14,0.5128123760223389,0.5154619845135926,0.5048636654043797,0.5060680433418405,293052000
2015-05-15,0.5130529999732971,0.5173886317891001,0.5099216879954904,0.5149799346852387,215824000
2015-05-18,0.5123303532600403,0.5154616650432483,0.5094398939438897,0.5118485908980601,324972000
2015-05-19,0.5091361403465271,0.5147017922902151,0.5081681557264813,0.5130078480519766,253808000
2015-05-20,0.5091361403465271,0.5154277519084077,0.5086521480365042,0.5093781076546968,196824000
2015-05-21,0.5055062770843506,0.5115559205581254,0.5050222848367253,0.5093780419843253,239692000
2015-05-22,0.5047803521156311,0.5086521172806563,0.5035704579542557,0.5067162635449837,212592000
2015-05-26,0.5016347169876099,0.5057484508440802,0.4977629505069026,0.5023606768085986,259732000
2015-05-27,0.5284948945045471,0.5309147405979544,0.5033284489781661,0.5050223354741831,432332000
2015-05-28,0.535754382610321,0.5374482689477023,0.5275269182019908,0.5284948450099692,327656000
2015-05-29,0.5355127453804016,0.5391424875708318,0.5347867854035732,0.535754712808107,335168000
2015-06-01,0.5415621399879456,0.5468858253371326,0.5355125526169381,0.5389003261601976,372660000
2015-06-02,0.5309149026870728,0.5410782824597511,0.5304309102431549,0.5381744431836432,224304000
2015-06-03,0.5251073241233826,0.536480599381368,0.5241393391575806,0.5323668652046736,250788000
2015-06-04,0.5345447659492493,0.5362386531657476,0.5219615378338832,0.5219615378338832,323712000
2015-06-05,0.5386584997177124,0.5410783468378185,0.5272851663288782,0.5328508204744928,313320000
2015-06-08,0.5263172388076782,0.540594354118668,0.5202676498567017,0.5369646122868232,342812000
2015-06-09,0.5289791226387024,0.5328508319593566,0.5258333155453904,0.5268012428755539,256888000
2015-06-10,0.5195416808128357,0.5260752621501951,0.5166378412434737,0.5226874877817428,529460000
2015-06-11,0.5251073241233826,0.528737065817176,0.5195416701916891,0.5195416701916891,283052000
2015-06-12,0.5108301639556885,0.5248652523880097,0.5096202117028218,0.5217194457629949,323728000
2015-06-15,0.5098624229431152,0.5122822706387441,0.5042967674737968,0.508168477631827,306548000
2015-06-16,0.5161538124084473,0.5168797722496732,0.5038126104950091,0.5088942716898893,256892000
2015-06-17,0.5222035050392151,0.5251073446627958,0.5147019962699064,0.5159118909839275,233544000
2015-06-18,0.5309149026870728,0.534302676713399,0.5251072818285563,0.5265592014666102,299404000
2015-06-19,0.5292209386825562,0.5352705260360846,0.5243812457222571,0.5309148254492918,355656000
2015-06-22,0.5270431637763977,0.5330928100200643,0.5190576630432311,0.5301889705921119,514236000
2015-06-23,0.5134919881820679,0.5321248032297262,0.5093782542905355,0.5280110693381939,414064000
2015-06-24,0.5084103941917419,0.5154279683182446,0.5059905470129866,0.5127660960360184,253368000
2015-06-25,0.512282133102417,0.5154279400315276,0.5084103662901498,0.5084103662901498,350460000
2015-06-26,0.5018768310546875,0.5086524387997619,0.4996990086488746,0.5081684462130721,421296000
2015-06-29,0.4868735671043396,0.5011506777852911,0.48614760743465674,0.49606896009751067,391724000
2015-06-30,0.4866316318511963,0.49195531784633534,0.4832438578968797,0.4897774384355469,315916000
2015-07-01,0.49364906549453735,0.5057482959833874,0.48929336559602404,0.49873078268543164,302892000
2015-07-02,0.4941332936286926,0.4972791008265748,0.49098748643081047,0.4934073336835114,145764000
2015-07-06,0.48808351159095764,0.49679497082884755,0.48445377056315797,0.49001942347365174,214776000
2015-07-07,0.4788881242275238,0.48711562052672314,0.4636430838570166,0.48517976619453396,594252000
2015-07-08,0.4755004048347473,0.4791301753941757,0.47162863803261623,0.47622636471600344,332492000
2015-07-09,0.46969273686408997,0.4851798034867721,0.4667889262957626,0.48300192392538827,357588000
2015-07-10,0.4779200851917267,0.4822758141132777,0.47453228320970164,0.47574220630753017,216708000
2015-07-13,0.4810660183429718,0.4837278325546125,0.47792021168662396,0.4827599053588977,212472000
2015-07-14,0.4813079237937927,0.4822758797118209,0.4750163401374167,0.4817919161762298,249216000
2015-07-15,0.4779200851917267,0.48324374105280365,0.47356435627017573,0.4800979352290811,265732000
2015-07-16,0.4885675311088562,0.4885675311088562,0.47913011160273045,0.48082399853556895,282848000
2015-07-17,0.4856637716293335,0.4873576588400044,0.4793721575932951,0.4868737240333591,220372000
2015-07-20,0.4767102599143982,0.4875995988761789,0.47550033656829455,0.48566368690619544,188412000
2015-07-21,0.4788881242275238,0.4856637009307324,0.4757423176674431,0.4757423176674431,149720000
2015-07-22,0.46969273686408997,0.47550038684759577,0.46388511572743524,0.47550038684759577,356472000
2015-07-23,0.4755004048347473,0.4825179497109013,0.4696927546315507,0.4706607107555095,169916000
2015-07-24,0.46993470191955566,0.4793720928522034,0.4679988187201577,0.47888812926406615,188844000
2015-07-27,0.4672728180885315,0.47259647478660705,0.46194916139045594,0.46582089860412607,192420000
2015-07-28,0.4774361252784729,0.4805819022787867,0.46364297878300675,0.46848267121037246,198308000
2015-07-29,0.4832438826560974,0.4871156492424159,0.4745324222603062,0.4764683055534654,232680000
2015-07-30,0.4844537079334259,0.48929340047395004,0.48203383281632084,0.48203383281632084,190180000
2015-07-31,0.48275992274284363,0.4866316605119721,0.4798561122042846,0.48638969312775515,218340000
2015-08-03,0.4909874498844147,0.49147138468270785,0.4803401054569473,0.48663169053754607,397132000
2015-08-04,0.49292322993278503,0.49437514949553785,0.4873575767380303,0.4892934887195995,260100000
2015-08-05,0.4980049729347229,0.5055064807868834,0.49703698804940605,0.5050224883442249,234628000
2015-08-06,0.49485909938812256,0.5004247521045871,0.4866315751374632,0.4967949535096357,655676000
2015-08-07,0.5560813546180725,0.5655187168563228,0.5294629818314918,0.5434981280421397,1405248000
2015-08-10,0.5754401683807373,0.5795539024965058,0.5488217937831945,0.5522096257259185,662304000
2015-08-11,0.572536289691925,0.5781019431599118,0.5669706362239383,0.5669706362239383,435008000
2015-08-12,0.5739881992340088,0.5781019329956361,0.5633408849278146,0.5633408849278146,384048000
2015-08-13,0.5691484808921814,0.5759240862056778,0.5676965613468824,0.5747141340200302,276884000
2015-08-14,0.5696325898170471,0.5730203643198782,0.5652768302902292,0.5686646047930604,214652000
2015-08-17,0.5660028457641602,0.5686646606071103,0.5589852709668772,0.5686646606071103,273880000
2015-08-18,0.5608510375022888,0.5681411217481181,0.5564769521929275,0.5642530652297213,287084000
2015-08-19,0.5586639642715454,0.5664400768827472,0.5525888654309622,0.5601219926282003,249248000
2015-08-20,0.5384949445724487,0.5550191181423942,0.535821872190606,0.5523461036970112,426932000
2015-08-21,0.5217276215553284,0.5435978775091638,0.5212415926928862,0.5346067780773429,382664000
2015-08-24,0.5032593607902527,0.530475700698407,0.48600611944827804,0.4925671900100494,682284000
2015-08-25,0.49281030893325806,0.5273167389700316,0.49281030893325806,0.5253726812863462,622684000
2015-08-26,0.52998948097229,0.530475509627763,0.5049601929121108,0.5088482483466246,614976000
2015-08-27,0.5499159097671509,0.5501588952066094,0.5324196835244,0.5355787259831312,463764000
2015-08-28,0.5523460507392883,0.555748079332044,0.546027964531911,0.549916022039255,320944000
2015-08-31,0.5462708473205566,0.5535609899865437,0.5440838624572039,0.5496729332101651,219352000
2015-09-01,0.523914635181427,0.5394668643907743,0.5200266358155413,0.5304757644683742,353408000
2015-09-02,0.539709746837616,0.5399527322674856,0.5292606201794986,0.5382517183855177,344044000
2015-09-03,0.5411676168441772,0.5504017557128926,0.5401956174728448,0.5477286850211996,262556000
2015-09-04,0.5285317301750183,0.5404388880837903,0.5282887446880394,0.5319337587385378,287972000
2015-09-08,0.5511308312416077,0.5533178737534442,0.5392237349732922,0.541410719548693,238448000
2015-09-09,0.5401957035064697,0.5574488833888016,0.5389806606464745,0.5528318711555441,289392000
2015-09-10,0.5487009286880493,0.5555050431895858,0.5346067866876041,0.5370368151660566,357076000
2015-09-11,0.550402045249939,0.5540470592939878,0.5404388871275345,0.5426259303158361,301584000
2015-09-14,0.5513739585876465,0.5547759866111561,0.5484579014609556,0.5530749725994013,192460000
2015-09-15,0.5574489235877991,0.5603649803129255,0.5499158542964712,0.5516168680739827,327976000
2015-09-16,0.5613370537757874,0.5644960963315622,0.5523459549387529,0.5564769972186636,173508000
2015-09-17,0.5664401054382324,0.5761602177240286,0.5652250624342883,0.5710571182184782,268712000
2015-09-18,0.5659540295600891,0.5708140852986142,0.5552619185226207,0.5586639459523015,326412000
2015-09-21,0.5717862844467163,0.5730013277736877,0.5637671838853597,0.5666832415209274,281840000
2015-09-22,0.5562340617179871,0.563281161739534,0.553318004347292,0.5593931045574236,228356000
2015-09-23,0.5589070916175842,0.562309120022752,0.5545330633732901,0.5567200485272117,161632000
2015-09-24,0.5695992112159729,0.5754312676502414,0.5467568984490485,0.5555050120686743,382440000
2015-09-25,0.5737300515174866,0.5849081895421165,0.5681409825051715,0.5766460497392866,369692000
2015-09-28,0.566197395324707,0.5773755426198286,0.5625523800403915,0.573730527335513,395584000
2015-09-29,0.5761602520942688,0.5771322517935442,0.5642530964529278,0.5722721953607245,380736000
2015-09-30,0.5990024209022522,0.5997314350575663,0.5781041696137375,0.5815061970475807,556380000
2015-10-01,0.5873384475708008,0.6007035750237593,0.5703281905528478,0.5990025609092535,489296000
2015-10-02,0.6026474833488464,0.6026474833488464,0.5781041616230059,0.5841792601878408,386144000
2015-10-05,0.6177137494087219,0.6252468191847379,0.603376566148437,0.606535608491769,482024000
2015-10-06,0.625732958316803,0.628405972333858,0.6087227585114107,0.6111527870550382,453216000
2015-10-07,0.6322938799858093,0.638611964291628,0.6169846979895705,0.627190838632542,310152000
2015-10-08,0.6359389424324036,0.637639956194158,0.6189286889419868,0.6296208582107806,460068000
2015-10-09,0.6335089802742004,0.6386120220893194,0.6216018247691474,0.6325369226496084,423248000
2015-10-12,0.6403130888938904,0.6439581604459537,0.6296209755685829,0.6342379889526006,227588000
2015-10-13,0.6415279507637024,0.645415948738576,0.6330228248366978,0.635209867149887,298444000
2015-10-14,0.664856493473053,0.6753056225551286,0.6415282066371738,0.642257163095884,612148000
2015-10-15,0.666557252407074,0.6801654193430698,0.659267169184551,0.6660712236843332,526048000
2015-10-16,0.6770063638687134,0.6833244474551013,0.6670432097761668,0.6687442813033276,448396000
2015-10-19,0.6757915019989014,0.6823526306667407,0.6680154460644272,0.6791935880277074,294712000
2015-10-20,0.6748193502426147,0.6779783921700576,0.6677722522555166,0.6728753511810034,264824000
2015-10-21,0.666071355342865,0.6830816108275036,0.6648563702005009,0.6789505107087147,386280000
2015-10-22,0.6901285648345947,0.6923156073379917,0.6728753840271803,0.6738473836054337,306884000
2015-10-23,0.6947457194328308,0.6993627904095207,0.6857546208557902,0.6962037479450952,381776000
2015-10-26,0.6915867924690247,0.6969328785946866,0.685268706485002,0.6952318643584423,247436000
2015-10-27,0.6911008358001709,0.6954748642214758,0.6876987493208745,0.688184778228332,208268000
2015-10-28,0.6966899037361145,0.6966899037361145,0.6852687169327769,0.6954748604422997,217036000
2015-10-29,0.6726324558258057,0.6925587113050651,0.6714174706291087,0.6855116697040432,327168000
2015-10-30,0.6893997192382812,0.6942598341908112,0.6748195481900405,0.6799226486124396,301160000
2015-11-02,0.6974185705184937,0.6981475846046987,0.6874554745677399,0.6915865157652824,190088000
2015-11-03,0.6925586462020874,0.6971757169756944,0.6847825910394462,0.6932876604261538,376768000
2015-11-04,0.6811376810073853,0.6957178530640263,0.677978637934801,0.690614810225138,442264000
2015-11-05,0.6733613610267639,0.6864835582311175,0.6714173618524191,0.6845395011203367,478800000
2015-11-06,0.7666746973991394,0.7761518257006913,0.7246351995730121,0.7399443845461159,1172272000
2015-11-09,0.7632727026939392,0.7654597457680005,0.7525805307339398,0.7591416599561238,492568000
2015-11-10,0.7486924529075623,0.757440566350135,0.7326542545855861,0.7533094661090065,552260000
2015-11-11,0.7414022088050842,0.754524347182619,0.7387291377011923,0.7491782629112671,619896000
2015-11-12,0.7387294173240662,0.7465055323100859,0.7355703742320241,0.7397014172132051,291080000
2015-11-13,0.7241491079330444,0.7426173340723046,0.7205040366190391,0.739458291578981,292940000
2015-11-16,0.7387294173240662,0.7392154462368626,0.7277942592460044,0.7336263744537461,344280000
2015-11-17,0.7387294173240662,0.7450475035081504,0.7355703742320241,0.7406734750387981,257048000
2015-11-18,0.7569016218185425,0.7578773704618018,0.7337286674351562,0.7417782157252268,350216000
2015-11-19,0.7590972781181335,0.7666589551655151,0.753486982838961,0.7595851526384144,254072000
2015-11-20,0.7656830549240112,0.7700737499366388,0.760072761178837,0.7647073643066856,239744000
2015-11-23,0.7542185187339783,0.7720250896286559,0.7515353551416033,0.7720250896286559,242552000
2015-11-24,0.7603167295455933,0.7669027139262412,0.7508036151484612,0.7542185613967317,195428000
2015-11-25,0.759340763092041,0.7678781844217714,0.7566576001170628,0.7588529470000949,138300000
2015-11-27,0.7656830549240112,0.7681223105455461,0.7569017230551977,0.7608045436809416,86996000
2015-11-30,0.7737324237823486,0.7771474273809452,0.7656828762935636,0.7664146586249466,327244000
2015-12-01,0.7988568544387817,0.7995886368064801,0.7798306291914872,0.7805624115591855,409496000
2015-12-02,0.7927587032318115,0.8083699250222742,0.7910512303919509,0.8000764688982565,294240000
2015-12-03,0.7910512685775757,0.8073942735392357,0.7871484484024551,0.7991008170148761,246656000
2015-12-04,0.8232496976852417,0.8247132629388843,0.7910514947309114,0.7910514947309114,458756000
2015-12-07,0.80763840675354,0.823005724387561,0.8051991509093533,0.823005724387561,333588000
2015-12-08,0.8186151385307312,0.8220300855383311,0.7925151033205686,0.7976375238319684,314488000
2015-12-09,0.7978811860084534,0.8232494888869679,0.7895877292165252,0.8183709780497823,372676000
2015-12-10,0.8044674396514893,0.8088580772976495,0.7976374877884658,0.800320652007983,236596000
2015-12-11,0.7925150990486145,0.802028215509753,0.7908076255540185,0.7964179205318858,227320000
2015-12-14,0.7944663166999817,0.7988570117709037,0.7849532022027594,0.7932467179512426,275892000
2015-12-15,0.8042232394218445,0.8098335325446424,0.7991008206318079,0.80349145700092,307296000
2015-12-16,0.8091018199920654,0.8117850418193044,0.79885698152732,0.8059307819463757,236356000
2015-12-17,0.796905517578125,0.8186149088527414,0.7964177013747366,0.8103214518307561,254160000
2015-12-18,0.7839776873588562,0.7993450072399163,0.7830019965098035,0.7912954559614346,395896000
2015-12-21,0.8025158047676086,0.8032475872234353,0.7854410164966742,0.7925148747987069,284216000
2015-12-22,0.8032476305961609,0.8112971798884657,0.7983691193981847,0.8049551036998085,130012000
2015-12-23,0.8064186573028564,0.8095896953524061,0.8030037111437845,0.8044672761137982,122524000
2015-12-24,0.8091018199920654,0.8110532593351883,0.8027597439006858,0.8039794007596927,52448000
2015-12-28,0.8083699941635132,0.8083699941635132,0.7893438250659891,0.8005644116788733,142024000
2015-12-29,0.8215420842170715,0.8239813398384773,0.8066625842169872,0.8088579317231849,203660000
2015-12-30,0.814468264579773,0.8278842002199742,0.8142243564528521,0.8208103411312702,180344000
2015-12-31,0.803979218006134,0.8169072753594251,0.803979218006134,0.8132484219269832,148528000
2016-01-04,0.7895879149436951,0.7947103350807067,0.7815383643532768,0.7876365334123907,358076000
2016-01-05,0.8022716641426086,0.8156875944024614,0.7927585531305178,0.8044670108738037,490272000
2016-01-06,0.7690982222557068,0.7927590009815767,0.7600729222031863,0.789100087695899,449344000
2016-01-07,0.7386071085929871,0.7549501104325882,0.7288500309408957,0.7498276344878662,645304000
2016-01-08,0.7227520942687988,0.7488521217949108,0.7212885293660111,0.7481203393435168,398472000
2016-01-11,0.7239716053009033,0.7290940818407322,0.7110435471515761,0.7234837891633018,409372000
2016-01-12,0.7361677885055542,0.7469005563730405,0.7310453707663606,0.7368995707763566,469356000
2016-01-13,0.7137269377708435,0.7466569192808498,0.7129951552344928,0.7417783496530301,481672000
2016-01-14,0.6993352174758911,0.7073847661372521,0.678601517431431,0.6990912512256063,600236000
2016-01-15,0.6612829566001892,0.6793334984186511,0.6498184586484688,0.6712839474046426,841452000
2016-01-19,0.6666492223739624,0.6939689092317807,0.6639660004184913,0.6749426800483721,457140000
2016-01-20,0.6703081130981445,0.6788455375120275,0.6451837724375578,0.6539651049855257,481180000
2016-01-21,0.6781137585639954,0.6886025644192992,0.6637221317603198,0.6776259422932278,481456000
2016-01-22,0.6939690709114075,0.6986036752265802,0.6895783747739418,0.691041940153097,257996000
2016-01-25,0.6932372450828552,0.7017746704923536,0.6917736797947752,0.6937251195643661,270728000
2016-01-26,0.7000671625137329,0.7029942931886886,0.6876269734580807,0.6947008338182538,227944000
2016-01-27,0.6917734742164612,0.701286587605462,0.6786015068510357,0.699091240325746,231700000
2016-01-28,0.6842119097709656,0.6998231350103357,0.6707959740070206,0.6973838792492951,276776000
2016-01-29,0.7144585847854614,0.7159221496996805,0.6873828664981605,0.6900660300699368,310504000
2016-02-01,0.7147027850151062,0.7183616403420192,0.7076289243848958,0.7137270941383599,289884000
2016-02-02,0.6844558119773865,0.7110437169895899,0.6795773004975204,0.7073848624579124,341908000
2016-02-03,0.6878707408905029,0.6939689091634906,0.6720156080623321,0.6898221803266938,326772000
2016-02-04,0.6881145238876343,0.7037257444368791,0.681284574914796,0.6888462480553121,348140000
2016-02-05,0.6446959376335144,0.691041859031788,0.6427445561280174,0.6834801830024253,600428000
2016-02-08,0.615181028842926,0.6381100258783611,0.6061557284098935,0.634938986949232,608852000
2016-02-09,0.6217669248580933,0.6476230489019948,0.6049360417840812,0.6078631721122391,425372000
2016-02-10,0.620303213596344,0.6437200762369782,0.6168882677887676,0.6256695985485597,335800000
2016-02-11,0.617132306098938,0.623474382883546,0.6044481525297221,0.6044481525297221,340144000
2016-02-12,0.6276208758354187,0.6288405323688495,0.6037161428192779,0.626889093546645,340816000
2016-02-16,0.6583556532859802,0.6593314020034606,0.6346948809376215,0.6366462620597063,485352000
2016-02-17,0.6746987700462341,0.6810408464230201,0.6639659985671612,0.6666492205151507,771468000
2016-02-18,0.7327532172203064,0.7556822710396002,0.7293382703184283,0.7300700529626097,1068660000
2016-02-19,0.7425098419189453,0.7490958821714118,0.7232397116933788,0.7288500035078656,525628000
2016-02-22,0.7688540816307068,0.7773915052575247,0.7517792925335116,0.7532428575159879,449668000
2016-02-23,0.7708055973052979,0.7781233647857234,0.7590971344427491,0.7627560472611851,369380000
2016-02-24,0.776171863079071,0.7773915199730355,0.7464129211123518,0.767634497447087,336852000
2016-02-25,0.7778792977333069,0.7817821181819499,0.7639755471371228,0.7790989545669498,349616000
2016-02-26,0.7727571129798889,0.783489828851494,0.7649514697151999,0.7815384471135499,361964000
2016-02-29,0.7677381038665771,0.7838958540150575,0.7672485104489347,0.7738584885336195,323344000
2016-03-01,0.8017674684524536,0.8017674684524536,0.7684726599233542,0.7696967603754239,348700000
2016-03-02,0.8064189553260803,0.809356749923726,0.7958919358422851,0.797360833141108,233812000
2016-03-03,0.7993190884590149,0.8088668006544907,0.788547217806814,0.8054394137962018,302004000
2016-03-04,0.7968712449073792,0.8061741639144353,0.7907508589111193,0.805439715260151,175304000
2016-03-07,0.7917299270629883,0.7978503116889244,0.7814477065734736,0.7924643755528332,239968000
2016-03-08,0.7772859334945679,0.7883026033637904,0.7748377911201093,0.7836511153418237,274940000
2016-03-09,0.7767965197563171,0.7853649908651203,0.7667590928410069,0.7841409485788621,222788000
2016-03-10,0.7755723595619202,0.7858545824714612,0.7599042576169797,0.7814478904952319,286084000
2016-03-11,0.7887923121452332,0.7890371672763016,0.7777756990336148,0.7870786180693887,277400000
2016-03-14,0.7907508611679077,0.7939334525561137,0.7814478837659745,0.7851201270478763,190312000
2016-03-15,0.7868337631225586,0.7917300482252844,0.7728793564166224,0.7865889663779191,226216000
2016-03-16,0.8103357553482056,0.8130287523879439,0.7772858093859165,0.7809580515454192,363644000
2016-03-17,0.8034809827804565,0.8113150021228603,0.7924643146477858,0.807398021635813,353680000
2016-03-18,0.8277179002761841,0.8384897171821463,0.8078879022604013,0.8130290431221456,545512000
2016-03-21,0.8301659822463989,0.830410779003846,0.8115600862089397,0.8203734115286125,337780000
2016-03-22,0.8286970257759094,0.8345725561132601,0.8184148039093047,0.8274729837077753,242012000
2016-03-23,0.8428963422775269,0.8490166697538649,0.8286970798041704,0.8323693229846334,429008000
2016-03-24,0.8441203236579895,0.8455892208244301,0.8326140598014067,0.8353069990276671,244956000
2016-03-28,0.8526890277862549,0.8563612130930132,0.8416723551293137,0.842651600653227,265388000
2016-03-29,0.8663985133171082,0.8683570040780577,0.8470581689873524,0.849016659748302,261812000
2016-03-30,0.8754565715789795,0.8874524871304971,0.869091389516202,0.8695810413550004,376700000
2016-03-31,0.8722738027572632,0.881331922166369,0.865419028621175,0.8793734319470033,379884000
2016-04-01,0.8850042223930359,0.8854938741641796,0.8602779461323672,0.8668879240170899,348292000
2016-04-04,0.8764357566833496,0.897000198607126,0.873008369152159,0.8923487107471865,393940000
2016-04-05,0.8752117156982422,0.8832905910983753,0.8651742914435917,0.8686017373469181,339568000
2016-04-06,0.8764357566833496,0.8769254084885124,0.8477924977367595,0.864195045237443,453376000
2016-04-07,0.867377758026123,0.8786392258136764,0.8637055732601043,0.8708051460392938,378104000
2016-04-08,0.8730083107948303,0.8801079404693676,0.8644397841713114,0.8744772077438122,255936000
2016-04-11,0.8783944845199585,0.8928385444797879,0.8754566898270005,0.8781496293833265,387524000
2016-04-12,0.8774150609970093,0.8825561422979163,0.8602780065906865,0.8813320419681863,292764000
2016-04-13,0.8994483351707458,0.8996931318876108,0.8813320356514727,0.8813320356514727,350716000
2016-04-14,0.9018964171409607,0.9058134561904753,0.8933278905721282,0.8970001329211457,416564000
2016-04-15,0.9089961647987366,0.9170750406472639,0.8987139432547057,0.9016517375153772,436972000
2016-04-18,0.9050791263580322,0.9072824720562561,0.8962658019334561,0.9072824720562561,307320000
2016-04-19,0.8889212012290955,0.9102200303852974,0.8832904688998537,0.9085063368548727,309152000
2016-04-20,0.8923487067222595,0.8977346430814918,0.886473176928389,0.8874524221659814,200172000
2016-04-21,0.8913692831993103,0.896755218481286,0.8874522446640829,0.8925933249093977,178280000
2016-04-22,0.8879422545433044,0.9004277651904063,0.8850044598647732,0.8943074374345701,223540000
2016-04-25,0.8923487067222595,0.8972449912785376,0.8857387284081157,0.8881868706862548,191972000
2016-04-26,0.8930832743644714,0.9080169851108407,0.8891662345233201,0.8977347628238589,214536000
2016-04-27,0.9134028553962708,0.9138925072600202,0.8891662263229729,0.8908799202936113,352396000
2016-04-28,0.8862283229827881,0.9131579464452754,0.8840250357874498,0.9077720100791147,381224000
2016-04-29,0.8698258996009827,0.88451475538383,0.8602781258316345,0.88255626462678,321904000
2016-05-02,0.8813320994377136,0.8867180361767603,0.87398767208537,0.878149508414866,256076000
2016-05-03,0.870805025100708,0.8749668611627459,0.8632158015014997,0.8712946769067251,224024000
2016-05-04,0.8509748578071594,0.8610122209606708,0.842161536282181,0.8602777726362308,525764000
2016-05-05,0.8561162352561951,0.8661536602665498,0.8497510531443411,0.8580747842581691,246884000
2016-05-06,0.8649294376373291,0.8671327830651161,0.8529335236882386,0.8546472173426355,183240000
2016-05-09,0.8637053966522217,0.8708049679797121,0.8566057669564187,0.8671327839645705,333336000
2016-05-10,0.8803527355194092,0.8818216324656345,0.8607675985519035,0.869091270089431,269676000
2016-05-11,0.8828008770942688,0.8925934455719642,0.8781493895568698,0.8830457321640298,328176000
2016-05-12,0.870805025100708,0.8930831608289487,0.8551369260962742,0.8891661214857611,670540000
2016-05-13,1.0032501220703125,1.0037397157233705,0.9547768483170341,0.9594282798627967,2110256000
2016-05-16,1.032872200012207,1.0478059674452975,0.9924778223994102,0.9956604132639528,973032000
2016-05-17,1.0350756645202637,1.042420033568484,1.0150008145327365,1.028220772208846,628392000
2016-05-18,1.0615155696868896,1.0735115435642846,1.028220762342728,1.028220762342728,541072000
2016-05-19,1.0661669969558716,1.073756278971172,1.0558848342796323,1.0573536146019806,398880000
2016-05-20,1.0852627754211426,1.0896694675459477,1.0710635119545429,1.072777206102524,391084000
2016-05-23,1.0869766473770142,1.0940762219033346,1.0803666664768734,1.0899144426074494,413636000
2016-05-24,1.1133623123168945,1.1167987179791823,1.0873445981411096,1.0902900218288971,415788000
2016-05-25,1.1086986064910889,1.1214619111378135,1.0998623374589993,1.1167984612506163,458076000
2016-05-26,1.1204801797866821,1.1285800345338668,1.1074713257090758,1.1106621811258388,309964000
2016-05-27,1.1266165971755981,1.1283347413011866,1.118025759507865,1.121707597239661,277416000
2016-05-31,1.1467431783676147,1.1491977362488008,1.1307889032591902,1.1315253174394506,412524000
2016-06-01,1.1489521265029907,1.1599972841439838,1.1379068518222542,1.14134313869364,387132000
2016-06-02,1.1570520401000977,1.1668700365481806,1.143797639559411,1.1550883471786813,329208000
2016-06-03,1.140852689743042,1.147234401781491,1.1207258238001168,1.1457618070401243,461076000
2016-06-06,1.1349616050720215,1.1526340238849642,1.1290707597877867,1.1437977559586119,322512000
2016-06-07,1.1371712684631348,1.1482165512124878,1.1366804034199993,1.1418348374924097,193400000
2016-06-08,1.1334891319274902,1.1415889873754295,1.124161997280824,1.1374162849156726,234616000
2016-06-09,1.1629431247711182,1.164661268825019,1.1271074150300011,1.1295619734154514,472168000
2016-06-10,1.1339800357818604,1.1595068822021206,1.1325073241007075,1.1491980174738416,400024000
2016-06-13,1.1484615802764893,1.1707975704500713,1.1352072924494634,1.1352072924494634,475588000
2016-06-14,1.1506702899932861,1.1560701527367556,1.1329978736040502,1.1457612919429288,298344000
2016-06-15,1.1624521017074585,1.172515532230706,1.1474796721211804,1.160243093093014,301036000
2016-06-16,1.1671154499053955,1.1690790257550996,1.1425704591847257,1.1538611666202085,246456000
2016-06-17,1.1467431783676147,1.1688337311392427,1.1420796120251704,1.1685882987590763,471000000
2016-06-20,1.1673614978790283,1.1823339325585718,1.164416074031293,1.1651524885131317,293768000
2016-06-21,1.1602429151535034,1.1754607748030956,1.1585246545571808,1.1722699200494995,212508000
2016-06-22,1.1592613458633423,1.1703066239621618,1.1572977694777205,1.1626976337981252,202620000
2016-06-23,1.190187931060791,1.1914152100646256,1.1695700885474885,1.1703065027656963,297880000
2016-06-24,1.122443437576294,1.1624518351372537,1.1118891446789554,1.1413431323028334,1017684000
2016-06-27,1.1104166507720947,1.1217073599401566,1.0939713932779322,1.1131165240898326,449088000
2016-06-28,1.1266165971755981,1.1327527593156768,1.1111531830055112,1.1315255971115354,381920000
2016-06-29,1.1450250148773193,1.1538612826491588,1.1334888739305509,1.136434296521164,318932000
2016-06-30,1.1538619995117188,1.1609800109947912,1.1376622822386697,1.146989303517219,430940000
2016-07-01,1.1452707052230835,1.1624522628452636,1.1413435522441893,1.1474798311835241,218488000
2016-07-05,1.162206768989563,1.164170345375232,1.1298073489867968,1.1388889336604329,371084000
2016-07-06,1.1695703268051147,1.17644302040279,1.148216182763238,1.1541070295498763,273104000
2016-07-07,1.200006127357483,1.204178829844307,1.1720248402757625,1.1774247049294875,395400000
2016-07-08,1.2481143474578857,1.2540051937914394,1.2081059363620292,1.2127695035361288,481932000
2016-07-11,1.2768322229385376,1.286159241526496,1.264559663739931,1.2660323755253557,448776000
2016-07-12,1.295977234840393,1.3077588109542786,1.274868406953325,1.2910682350396252,436760000
2016-07-13,1.2954862117767334,1.3057951929586957,1.2935226353267637,1.2984316349715799,324604000
2016-07-14,1.3087406158447266,1.320522309674961,1.2915591740752916,1.302359021073075,316892000
2016-07-15,1.2935229539871216,1.2994138018280292,1.2724142386102861,1.2920502420268947,428616000
2016-07-18,1.30014967918396,1.3114403892042377,1.2952406799160032,1.3094768129050098,252992000
2016-07-19,1.3136498928070068,1.3188043259650086,1.2969591968632472,1.2994137557231384,382652000
2016-07-20,1.3308309316635132,1.3379490565591368,1.3126676463791083,1.3180675103718307,296460000
2016-07-21,1.3062862157821655,1.3320584962940718,1.301868080455605,1.3278857934234651,361308000
2016-07-22,1.34187650680542,1.34187650680542,1.3013772252752602,1.3109497933678251,315768000
2016-07-25,1.3666666746139526,1.3698575300236995,1.3440852543357098,1.3499761003351733,312528000
2016-07-26,1.3899848461151123,1.397102855890163,1.376730556443057,1.3786941332389533,514508000
2016-07-27,1.3759938478469849,1.4044661149402478,1.3676485604685538,1.4020115566902378,446676000
2016-07-28,1.3789396286010742,1.3892484950295643,1.3747669253096515,1.3791850610817797,221916000
2016-07-29,1.4015207290649414,1.4052024494979225,1.3593033091780917,1.3840937395544977,409588000
2016-08-01,1.3924387693405151,1.412565745863129,1.3833571861513236,1.4074113148033565,301120000
2016-08-02,1.3755033016204834,1.3998028721331466,1.362249011711723,1.3990664576716563,282748000
2016-08-03,1.3791847229003906,1.3818847136057226,1.3661758682943417,1.3737848585295076,299828000
2016-08-04,1.4047116041183472,1.4110933153785077,1.383112029028457,1.3858119027648284,272712000
2016-08-05,1.4285204410552979,1.4292567384062447,1.4140388731285232,1.4209114498965396,371588000
2016-08-08,1.4417743682861328,1.4515923660764831,1.426556389783254,1.448156078553837,305064000
2016-08-09,1.4454562664031982,1.45944696764721,1.4417745460378508,1.448892554349493,372344000
2016-08-10,1.4361289739608765,1.4604285363656524,1.4314654073935233,1.458219527797861,375740000
2016-08-11,1.4653375148773193,1.4714737927508286,1.4407925204230478,1.4437379431655135,681064000
2016-08-12,1.5473179817199707,1.5556632685620773,1.4881645595816377,1.519336698298844,1425744000
2016-08-15,1.5458451509475708,1.55860857114667,1.5249818769328711,1.5490360059973456,573304000
2016-08-16,1.5365182161331177,1.546090664746763,1.5318546495040364,1.543636223754481,287652000
2016-08-17,1.500928282737732,1.5399549714292853,1.4889012724394424,1.5365186827726312,595212000
2016-08-18,1.5242456197738647,1.5267000607012875,1.4928279332165402,1.49871877870598,331684000
2016-08-19,1.5281727313995361,1.5397088726428363,1.5168820225384692,1.523509165017817,291560000
2016-08-22,1.5345549583435059,1.5367640846071766,1.5146735242092824,1.53283681404943,244748000
2016-08-23,1.546972393989563,1.5570543679417477,1.542546118624421,1.5501691288773711,339764000
2016-08-24,1.5231201648712158,1.553120326039933,1.515989039569586,1.5523826719420237,298448000
2016-08-25,1.513038158416748,1.5243496751467585,1.494103747138907,1.523612021063597,406032000
2016-08-26,1.5253335237503052,1.5339400754177033,1.5049235672185068,1.5169728568083365,300024000
2016-08-29,1.524349570274353,1.5376282809013673,1.5218906062441964,1.531480812198251,274652000
2016-08-30,1.515497088432312,1.5304971085901358,1.5113166972790928,1.5223823282089597,285544000
2016-08-31,1.5083659887313843,1.5226283562224499,1.5039398297471056,1.518448081931136,388544000
2016-09-01,1.5528744459152222,1.5585301457822343,1.5083660320573657,1.509595572812963,428492000
2016-09-02,1.5376286506652832,1.5577927233877151,1.5201696618118872,1.5560714129760356,323148000
2016-09-06,1.5521365404129028,1.5521365404129028,1.5351693250228344,1.5430382210209277,306812000
2016-09-07,1.5292677879333496,1.5548416733595845,1.5204153522695174,1.5472186612216576,397988000
2016-09-08,1.5403333902359009,1.5427924717503938,1.5103333461940334,1.5277923324739997,315808000
2016-09-09,1.4636116027832031,1.5319724625381583,1.4508246625045151,1.5233659132180568,697760000
2016-09-12,1.493857741355896,1.4968085921918848,1.4095131941137458,1.444185515553428,598260000
2016-09-13,1.47221839427948,1.5073824858302758,1.4638577282424388,1.4901692671031017,471768000
2016-09-14,1.4852514266967773,1.4901694731193968,1.4633661611555375,1.475661218584348,319048000
2016-09-15,1.5415629148483276,1.5432842249882612,1.4842675590685774,1.4877102966039037,515212000
2016-09-16,1.545251727104187,1.55533370525084,1.527546735533134,1.5469730375864088,902444000
2016-09-19,1.5656614303588867,1.6047599128431072,1.5543499130659728,1.5614810385799012,417128000
2016-09-20,1.5513991117477417,1.5836123544560499,1.5427925604630488,1.5836123544560499,331112000
2016-09-21,1.594923734664917,1.597874585495506,1.5558252542982558,1.556071138991562,336212000
2016-09-22,1.598858118057251,1.6091860959241888,1.5897597981629814,1.604268050310799,308732000
2016-09-23,1.5971366167068481,1.6054972815229203,1.5900054924607565,1.60082523841679,276132000
2016-09-26,1.5821365118026733,1.5885299817158756,1.562218448114052,1.5789397768460722,230040000
2016-09-27,1.6362353563308716,1.6386944378677326,1.575251611635528,1.5759892657433094,402752000
2016-09-28,1.642137050628662,1.6433665913914126,1.6212353266837491,1.6386944302973299,319788000
2016-09-29,1.6573834419250488,1.662547491187127,1.6241866524145179,1.6394325636609293,336684000
2016-09-30,1.6849241256713867,1.7013995729410043,1.6566452748906149,1.6664813663129376,429932000
2016-10-03,1.6832027435302734,1.7092685154811738,1.6802520098286173,1.6849241709681437,242596000
2016-10-04,1.679513931274414,1.7139402458813886,1.6669728756281836,1.685661516768091,281624000
2016-10-05,1.6777925491333008,1.7109894390158842,1.672628619753015,1.6937762238261629,305440000
2016-10-06,1.6559075117111206,1.6679566818702807,1.6293499728160383,1.6576288217338577,360212000
2016-10-07,1.643858551979065,1.6713996350882796,1.6391863903415984,1.6669733581808681,286260000
2016-10-10,1.6500059366226196,1.6613174536043505,1.634514027976907,1.652464900876669,287876000
2016-10-11,1.6261532306671143,1.6470549527892477,1.6136121739427438,1.6445959887336472,388540000
2016-10-12,1.6335299015045166,1.6421364491806179,1.6059888316855746,1.6195134233559363,419920000
2016-10-13,1.6069729328155518,1.6180385649911426,1.5663990263420247,1.6143500600177654,390116000
2016-10-14,1.622710943222046,1.6377109670763774,1.6131207352031762,1.6266453334195683,330636000
2016-10-17,1.6133663654327393,1.6377107087353258,1.61115328595267,1.6224648025555524,195328000
2016-10-18,1.6379566192626953,1.6473009412245214,1.6291041839473313,1.635743539747719,269372000
2016-10-19,1.6345142126083374,1.6421372254423443,1.6185305327574226,1.6268913170298036,199060000
2016-10-20,1.6654975414276123,1.6709074732402756,1.630333570922536,1.6536942563684827,312084000
2016-10-21,1.6608253717422485,1.6637761048408741,1.6450875813575347,1.6595958312188157,279508000
2016-10-24,1.7387770414352417,1.7407442366053525,1.6718914676076373,1.6721374696024451,339836000
2016-10-25,1.7673015594482422,1.7778754233989686,1.7274654199142987,1.735826086831714,397460000
2016-10-26,1.77443265914917,1.7938589578946864,1.7508259686555012,1.7525472788446315,333792000
2016-10-27,1.7380386590957642,1.7913994982063035,1.7309075351396734,1.7879568785547122,388664000
2016-10-28,1.7350879907608032,1.7729569255970543,1.7318912556428145,1.7463995060048056,290856000
2016-10-31,1.7498424053192139,1.7613998070715766,1.7397603117750389,1.7407439678359582,252388000
2016-11-01,1.6979570388793945,1.7658261434926255,1.6792683938748245,1.756235936280617,473224000
2016-11-02,1.6908257007598877,1.7341045731304803,1.6878748498985243,1.7109897701422314,295848000
2016-11-03,1.6711536645889282,1.7001701718447209,1.638694536778105,1.6986947462846407,309664000
2016-11-04,1.6615630388259888,1.6900877694666399,1.6372186990958506,1.6600876136373042,328780000
2016-11-07,1.7525473833084106,1.763613016472672,1.7090226220652334,1.7102521629180334,487580000
2016-11-08,1.7498424053192139,1.7648424274016028,1.733612842474541,1.7591866102483733,429884000
2016-11-09,1.7203339338302612,1.7434488535226456,1.6898421216713344,1.7023830616498223,456532000
2016-11-10,1.6664806604385376,1.758202297219219,1.6416445577053673,1.7579564126261298,869280000
2016-11-11,2.1632046699523926,2.182876854777623,1.9303349534355565,1.9551711864445604,2175344000
2016-11-14,2.0567290782928467,2.1686147236605224,2.056237308821463,2.1661556417926504,1348796000
2016-11-15,2.119434118270874,2.150417703511412,2.0638599504937214,2.0727125039242775,626092000
2016-11-16,2.2532050609588623,2.2760738645924543,2.123368546360063,2.1477128928473377,987984000
2016-11-17,2.271893262863159,2.3309098062316096,2.22910604613568,2.2699259509465186,832988000
2016-11-18,2.295745849609375,2.3195981876241447,2.2573850258264994,2.271893277083706,576060000
2016-11-21,2.2864010334014893,2.320089689257518,2.272138552653503,2.3136962200110394,436436000
2016-11-22,2.302877187728882,2.3050902673974614,2.2716476013788722,2.2942706365116665,330368000
2016-11-23,2.314206123352051,2.3457286057648887,2.284653663980101,2.308049214194101,443236000
2016-11-25,2.318885564804077,2.3420349824085314,2.300415069926688,2.3252886101965067,195564000
2016-11-28,2.3176534175872803,2.3331684026939925,2.3050934664286857,2.311742879967003,278736000
2016-11-29,2.2964746952056885,2.3257810215327415,2.278743312072731,2.314944954470628,444568000
2016-11-30,2.270615816116333,2.318884895538684,2.2681530528618588,2.3050935622308475,440500000
2016-12-01,2.158315896987915,2.2698765150098725,2.087636295829725,2.2681526280270385,1035524000
2016-12-02,2.178264617919922,2.1868840556755753,2.096256421795451,2.124084992918874,478292000
2016-12-05,2.2627346515655518,2.2807123976389354,2.191808678468315,2.2161894670416156,602284000
2016-12-06,2.2999212741851807,2.308294573026041,2.255099981576389,2.2708613333073244,498796000
2016-12-07,2.3412957191467285,2.34695988744067,2.268153332478517,2.2863774540014417,480804000
2016-12-08,2.302138328552246,2.3794673579479024,2.2915488691474986,2.3442507353453412,381544000
2016-12-09,2.2612576484680176,2.3215939428948684,2.2339215852338143,2.3198700554787313,382312000
2016-12-12,2.206338882446289,2.215204688731009,2.155853412967606,2.212741925619362,601332000
2016-12-13,2.2452492713928223,2.272831696930923,2.2176670807166996,2.2186520918517103,387796000
2016-12-14,2.3752803802490234,2.391534238352923,2.255100096532094,2.2789883781184272,983980000
2016-12-15,2.4309377670288086,2.4612290940420447,2.3789745485626055,2.386362602633979,746548000
2016-12-16,2.472803831100464,2.479945515024266,2.4068031446172014,2.458519993528844,1089528000
2016-12-19,2.5028481483459473,2.523042283172882,2.4380788599280883,2.4553179617323035,744656000
2016-12-20,2.590028762817383,2.6136706783263457,2.564170219564626,2.5754987890943917,848056000
2016-12-21,2.6062824726104736,2.6092377412354506,2.554073118339227,2.6016033168594275,576136000
2016-12-22,2.637805461883545,2.6811490148891854,2.6235216228668228,2.6306635423751836,718612000
2016-12-23,2.703559398651123,2.7050371504690864,2.6171184328848396,2.6198273314017486,647692000
2016-12-27,2.8892481327056885,2.890233144173725,2.7390228453134537,2.7597097301766182,1194272000
2016-12-28,2.690507173538208,2.9535242151955567,2.676716075851655,2.9453972847928354,2295764000
2016-12-29,2.744194269180298,2.7456720211159054,2.53166267996832,2.583379535335879,2175368000
2016-12-30,2.6286933422088623,2.7562617104763802,2.6178575124362924,2.7422242414238465,1212932000
2017-01-03,2.512207508087158,2.619581503259775,2.4474381925833324,2.571066050487868,1501996000
2017-01-04,2.570819616317749,2.5981556763595317,2.500386141043587,2.5464388250530794,1199220000
2017-01-05,2.5055577754974365,2.6060362082428243,2.488565038928948,2.57426736281114,984296000
2017-01-06,2.539051055908203,2.5673721304380557,2.4922594907299693,2.5328941474047277,822856000
2017-01-09,2.6419920921325684,2.659723707207968,2.5489019350038964,2.5489019350038964,916248000
2017-01-10,2.6220431327819824,2.689028577581154,2.601356257884167,2.655043349684801,880920000
2017-01-11,2.589782476425171,2.6153946502484717,2.564909178540396,2.610469358669698,525664000
2017-01-12,2.547424077987671,2.5784542856596424,2.5026027712890633,2.5668795797105672,625616000
2017-01-13,2.547177791595459,2.5858421876069,2.538065614682627,2.5513642072218117,457820000
2017-01-17,2.4900431632995605,2.5415136514913375,2.4767445693881065,2.5365883594206755,580612000
2017-01-18,2.5353565216064453,2.5422520701821743,2.4407886292132925,2.468617193763345,654424000
2017-01-19,2.589782476425171,2.621797693704297,2.536095600420196,2.538311993373746,644872000
2017-01-20,2.561461925506592,2.6301715302285062,2.539543892051241,2.612439913265785,492024000
2017-01-23,2.5880587100982666,2.6080067173365538,2.55382709826575,2.5562898616012495,369904000
2017-01-24,2.6432228088378906,2.649379715938094,2.583379034023465,2.5981553762019614,428052000
2017-01-25,2.6545510292053223,2.691737897715431,2.6185955419539275,2.6855809914218605,522760000
2017-01-26,2.70035719871521,2.707745251041791,2.627707352061639,2.657259796229913,458800000
2017-01-27,2.7525670528411865,2.755522321294567,2.6806560684869125,2.7072532497053436,471996000
2017-01-30,2.70947003364563,2.7338508257607246,2.6575070451314105,2.7316344328160844,496004000
2017-01-31,2.6887831687927246,2.710208690294052,2.6646485140342357,2.6831190017564905,362756000
2017-02-01,2.8062546253204346,2.81044104103976,2.7055298154065133,2.723261194231866,590004000
2017-02-02,2.8417165279388428,2.850336196779526,2.7597086026113176,2.7902460594019263,483240000
2017-02-03,2.8168442249298096,2.8542774768931225,2.8050233834114295,2.8431952765019863,372744000
2017-02-06,2.8890011310577393,2.8894936366841275,2.8074854609093562,2.8074854609093562,506768000
2017-02-07,2.933823347091675,2.9779057850534016,2.9035320104225377,2.9232336508011167,746224000
2017-02-08,2.921016216278076,2.9382550867496957,2.8660977312782085,2.91584455513659,449580000
2017-02-09,2.866097927093506,2.9320986147235177,2.8468890328910375,2.9271730886168252,842568000
2017-02-10,2.7981274127960205,2.972486854000394,2.7730077466982177,2.9535240954501942,1651092000
2017-02-13,2.6690821647644043,2.8069936378949953,2.6646491433248656,2.792463661504082,1180724000
2017-02-14,2.6789333820343018,2.712672496707204,2.61761182772268,2.6594778755689936,850632000
2017-02-15,2.6843512058258057,2.7040528479525854,2.653813730987927,2.6818886767065333,373020000
2017-02-16,2.64125394821167,2.6951872098772567,2.602096800361866,2.6939558279155924,647176000
2017-02-17,2.6407601833343506,2.6451932036494408,2.580670270028049,2.6277079623547044,563740000
2017-02-21,2.735328435897827,2.7392687159132425,2.665141097207545,2.6653874674606395,551952000
2017-02-22,2.7311363220214844,2.75678081660933,2.712149397091018,2.747410694728509,433772000
2017-02-23,2.4778969287872314,2.623380021349683,2.4579239856784167,2.60143433446641,1592888000
2017-02-24,2.5018160343170166,2.515131411700886,2.3597850286777997,2.3935667170037407,1029904000
2017-02-27,2.574557304382324,2.58959874312167,2.5042816181477665,2.520062865311889,715400000
2017-02-28,2.5023093223571777,2.59403782323442,2.485048690409687,2.58417433622617,625360000
2017-03-01,2.5346109867095947,2.573570856888083,2.4931852454057606,2.5592689924878096,504804000
2017-03-02,2.4411563873291016,2.535843860920858,2.4384440702518906,2.5217886780365313,754332000
2017-03-03,2.4271013736724854,2.435485005846314,2.3726067063297913,2.430553499007309,864692000
2017-03-06,2.408360242843628,2.4189632961040552,2.346714901543057,2.3908529414578013,883568000
2017-03-07,2.4347453117370605,2.454225364318928,2.395538995715347,2.4083612433200563,603400000
2017-03-08,2.430307388305664,2.4978707645153895,2.4280881979492857,2.48307577020877,638712000
2017-03-09,2.429813861846924,2.452252678104006,2.4017034948616054,2.4142792967458666,478060000
2017-03-10,2.4441158771514893,2.468034313950776,2.425868991975661,2.456198553740133,499740000
2017-03-13,2.51143217086792,2.5212954194582387,2.4537320607932758,2.4544718691061087,774136000
2017-03-14,2.509706497192383,2.53362469648294,2.477404194321031,2.524254808754648,522016000
2017-03-15,2.5286922454833984,2.539541746018439,2.4737044643400625,2.5212948694439774,615036000
2017-03-16,2.559762716293335,2.5602560787601245,2.5252414531261698,2.5392966396264307,523100000
2017-03-17,2.6154892444610596,2.616722179797026,2.559761649003889,2.577268954521217,1119688000
2017-03-20,2.6988346576690674,2.702780146348214,2.616969647691398,2.6329975781594688,748568000
2017-03-21,2.611544370651245,2.7114100398929146,2.6036538648379977,2.681573609167124,913484000
2017-03-22,2.664806842803955,2.669491905409552,2.596503648296538,2.600448902291122,616764000
2017-03-23,2.640641212463379,2.676888770359785,2.631024643006741,2.65691558781957,533940000
2017-03-24,2.6500110626220703,2.6948889308286477,2.624120120478903,2.686998425173136,439500000
2017-03-27,2.669243574142456,2.673188825698257,2.5540900599204672,2.60340629226384,506644000
2017-03-28,2.6554360389709473,2.6850257891061236,2.6450796616974,2.6704774776527795,432444000
2017-03-29,2.64680552482605,2.675162337170746,2.6445863348861156,2.662833216755274,349992000
2017-03-30,2.697600841522217,2.7123958313446956,2.648284600711263,2.653955915493886,525532000
2017-03-31,2.686011791229248,2.7096837772402997,2.672943097847521,2.687984535116305,440808000
2017-04-03,2.672450542449951,2.70376635922231,2.648778551374155,2.6865057283615905,445232000
2017-04-04,2.48504900932312,2.5748047772856313,2.4741995014435596,2.5496533995354875,1271280000
2017-04-05,2.46655535697937,2.5242554916050364,2.453486423578296,2.466308675717333,747048000
2017-04-06,2.4845547676086426,2.49663720610344,2.426607975780423,2.471732520793397,635120000
2017-04-07,2.4739513397216797,2.5084728225471755,2.458909905358377,2.490965517590974,429068000
2017-04-10,2.410827159881592,2.481349287878512,2.406635225939796,2.4746917179342627,756332000
2017-04-11,2.419457197189331,2.4386905667601733,2.3758122702968487,2.3807437768963933,618148000
2017-04-12,2.399484872817993,2.4337596906886376,2.394306683225318,2.41945805778865,414092000
2017-04-13,2.3546066284179688,2.3970186283624724,2.3546066284179688,2.3753196187265924,506892000
2017-04-17,2.4468281269073486,2.4470745729379186,2.362250577053552,2.3674287655966304,497292000
2017-04-18,2.448307752609253,2.454472431364373,2.406635558921817,2.432526504217974,370116000
2017-04-19,2.4579246044158936,2.489979993921836,2.4512667982647116,2.4658151111832276,380828000
2017-04-20,2.496884346008301,2.501569407634582,2.4512666654532906,2.472472783374026,404016000
2017-04-21,2.5072414875030518,2.509953805791366,2.4746927274092307,2.486528490524294,341896000
2017-04-24,2.5385565757751465,2.551625271185942,2.5178438199579856,2.538803021825287,371820000
2017-04-25,2.5826945304870605,2.597242842215198,2.5316522164187374,2.553104779792983,388440000
2017-04-26,2.5649406909942627,2.598722139693893,2.5629679469485613,2.5962565035848,327004000
2017-04-27,2.604886531829834,2.613270163997029,2.5543373521884263,2.5723377871795927,319700000
2017-04-28,2.5718443393707275,2.604886207069189,2.566172789753611,2.5979819572657825,348248000
2017-05-01,2.629545211791992,2.6347236362787503,2.575543892946792,2.5826948266109233,307732000
2017-05-02,2.5516250133514404,2.6039004951876685,2.5289395156332364,2.6026675595862154,629972000
2017-05-03,2.5706121921539307,2.5802287615689274,2.5299262539396286,2.5447210122947688,336904000
2017-05-04,2.560748338699341,2.587872212737434,2.552857598963525,2.5767760290040345,209788000
2017-05-05,2.560995578765869,2.568146512427809,2.533625015091283,2.5491598182298736,228428000
2017-05-08,2.5341174602508545,2.574310024501023,2.522774595956449,2.5728306431539494,365240000
2017-05-09,2.5383098125457764,2.587379618159308,2.531405560829821,2.539789429432588,847672000
2017-05-10,2.9907867908477783,3.003855720682018,2.81152222624754,2.8181797966035838,2129096000
2017-05-11,3.119255781173706,3.2161624561944837,2.9567587152033683,2.9602108410428185,1939792000
2017-05-12,3.1535303592681885,3.1956959098072093,3.101501794342068,3.122461229021096,962620000
2017-05-15,3.311835765838623,3.314301637052937,3.1902710898423066,3.194709705059757,1087540000
2017-05-16,3.373481512069702,3.3890163143284093,3.288411062099139,3.362878452790508,1120700000
2017-05-17,3.1493382453918457,3.325397332396906,3.145146311976833,3.3066570901827688,1271368000
2017-05-18,3.281259536743164,3.290136531409376,3.132817439095976,3.1932298687429745,1156032000
2017-05-19,3.3570396900177,3.4118382193230166,3.337786063621647,3.3824642509201808,1018372000
2017-05-22,3.428623914718628,3.4429406064438894,3.38986971755904,3.40073088339787,836608000
2017-05-23,3.382464647293091,3.4505928174305334,3.3498816196363177,3.448371290164133,681248000
2017-05-24,3.420478582382202,3.482188882154028,3.4083831809517817,3.4794734726544094,815996000
2017-05-25,3.412825584411621,3.4565164765954943,3.3679004583043217,3.4557758891602286,608228000
2017-05-26,3.5011954307556152,3.5861087659268103,3.3844396537467474,3.404680576643326,779140000
2017-05-30,3.5759878158569336,3.6110390723323604,3.5310626874995665,3.547107258495595,989652000
2017-05-31,3.563152313232422,3.6285650711667983,3.5063787229847274,3.6209129611686164,887316000
2017-06-01,3.563398838043213,3.579937291271897,3.517980062311438,3.5789497628213334,503340000
2017-06-02,3.545626640319824,3.5866021294758617,3.539702410816134,3.5604369786729664,487456000
2017-06-05,3.653496503829956,3.6663322574983312,3.5177340324839816,3.529335551906615,817376000
2017-06-06,3.636957883834839,3.6949654745842344,3.623628485011703,3.648806107563134,758728000
2017-06-07,3.680896282196045,3.699656268070049,3.645845014607309,3.6613959440210104,612612000
2017-06-08,3.9479777812957764,3.949458720970966,3.7468020958689103,3.788024526071077,1161744000
2017-06-09,3.6927452087402344,4.1592752685347385,3.5236588443635974,4.066463091632312,3692928000
2017-06-12,3.7018775939941406,3.7445812065522524,3.507860574534015,3.600919675718029,1697532000
2017-06-13,3.7371761798858643,3.820361645202152,3.595242289136565,3.8112283580432496,1672504000
2017-06-14,3.7450740337371826,3.8028349155801897,3.665591291940793,3.7401373329863494,1184640000
2017-06-15,3.7611188888549805,3.7914801520644636,3.6162229181602283,3.627577730222422,963824000
2017-06-16,3.7426064014434814,3.8186336344766536,3.7085424288968687,3.7707463788473845,924960000
2017-06-19,3.883305549621582,3.888489191828269,3.7830879961467754,3.786790463205212,778176000
2017-06-20,3.8776280879974365,3.992409276782975,3.8734319742905727,3.925515338191267,1095444000
2017-06-21,3.9363763332366943,3.9400790358210567,3.8433172406858613,3.9052744789900187,682652000
2017-06-22,3.909224033355713,3.9578518737431545,3.885280406974886,3.9445222381034273,469132000
2017-06-23,3.7971584796905518,3.9326742531761063,3.7821009622756008,3.9168763834962874,1088588000
2017-06-26,3.755688428878784,3.8655326738965305,3.661395109731288,3.8299875323316153,1063960000
2017-06-27,3.6181976795196533,3.746801899792202,3.612520391286069,3.738162496957167,999492000
2017-06-28,3.7458155155181885,3.75050551182451,3.5977106911374714,3.685833092246795,994948000
2017-06-29,3.6206674575805664,3.720391155421471,3.5564886770054196,3.7174292751544553,1064424000
2017-06-30,3.5683372020721436,3.651522677215241,3.542172042673552,3.637946333093067,731060000
2017-07-03,3.4392378330230713,3.5952414407324116,3.4207247928524276,3.5804311027583275,709072000
2017-07-05,3.5310635566711426,3.559943885735314,3.48366994867735,3.502676638835246,820188000
2017-07-06,3.5416769981384277,3.588576952218697,3.4498521470211734,3.5019357430672486,746284000
2017-07-07,3.6226413249969482,3.6409076621196017,3.575494660053965,3.598450993110566,654972000
2017-07-10,3.7939488887786865,3.8013540582267775,3.6700346528396732,3.6961998046019486,958492000
2017-07-11,3.847759962081909,3.855412071714774,3.7556881763347687,3.7976511911300452,757956000
2017-07-12,4.011415004730225,4.023510167178391,3.864544704190402,3.90749500740163,1145208000
2017-07-13,3.9650094509124756,4.10496824805885,3.9186033810316947,4.023510684797449,1369132000
2017-07-14,4.071645736694336,4.073126441119593,3.974390056845251,3.981301580203844,941948000
2017-07-17,4.054366111755371,4.134589681969197,3.992655817994637,4.105709121362271,930792000
2017-07-18,4.096578598022461,4.111142239262176,3.9815501732319123,3.9933986391239586,776640000
2017-07-19,4.075347900390625,4.132121258267623,4.0632527354140935,4.1057091656238525,687044000
2017-07-20,4.134589672088623,4.134836377669169,4.04597387501835,4.095835709394924,699596000
2017-07-21,4.14940071105957,4.1790218641507195,4.099785573889556,4.114102503784633,648332000
2017-07-24,4.101267337799072,4.166186707481406,4.090653344774889,4.1565600078999,652524000
2017-07-25,4.08151912689209,4.095836055580858,4.03782822402159,4.078310070825049,496556000
2017-07-26,4.128665447235107,4.1945720898546,4.093860657038686,4.1390327313761315,640404000
2017-07-27,3.9924097061157227,4.165198742665717,3.889230024989945,4.153596987256577,782856000
2017-07-28,4.0578227043151855,4.082260215406383,3.9316871525340806,3.9566178394824796,513348000
2017-07-31,4.011415004730225,4.107436187718886,3.9647622352872958,4.07139740590661,559672000
2017-08-01,4.060290336608887,4.062018217299158,3.974143007676133,4.00203580430133,431384000
2017-08-02,4.0578227043151855,4.095342676068961,3.9808086449420075,4.091393502713157,478444000
2017-08-03,4.109411239624023,4.11311370585141,4.0402955549029596,4.057327652848268,442420000
2017-08-04,4.127431392669678,4.19802779443059,4.109411998457126,4.132121152702893,589096000
2017-08-07,4.254306793212891,4.254800204258103,4.146930568558893,4.156557733685325,717412000
2017-08-08,4.203704833984375,4.308858836963677,4.164456994325905,4.292320619746203,755336000
2017-08-09,4.248384952545166,4.2508534215946865,4.138787374970595,4.157547363097083,530784000
2017-08-10,4.066461086273193,4.26195921992441,4.056340509345936,4.249616880691621,1328088000
2017-08-11,3.8497354984283447,3.9247752028961593,3.7744490883408073,3.878862769172216,1497196000
2017-08-14,4.156805515289307,4.160507982335129,3.9297116105058465,3.941313129034538,1279020000
2017-08-15,4.1217546463012695,4.188154711710809,4.08744373206995,4.161989791195258,764532000
2017-08-16,4.076579570770264,4.160258855477113,4.044243737711023,4.1368091264810065,596632000
2017-08-17,3.985743999481201,4.085220955510285,3.983522707791445,4.068189326244297,525444000
2017-08-18,3.986485719680786,4.0570826081170654,3.940573283499436,4.040050503199522,601204000
2017-08-21,3.9284775257110596,4.022277206070906,3.884539918227118,4.010922628103092,623672000
2017-08-22,4.015934944152832,4.021864388489787,3.9457704811343355,3.9650410574227886,450456000
2017-08-23,4.096229076385498,4.107346725468914,3.9739349364679244,3.9825824157342224,579520000
2017-08-24,4.081160068511963,4.132795687522469,4.054725187512744,4.128348248988642,469700000
2017-08-25,4.0470662117004395,4.1155015351990105,4.0406424481704555,4.1053720442335955,357200000
2017-08-28,4.075723648071289,4.078935528919779,4.010500224949067,4.066088476752473,389496000
2017-08-29,4.069053649902344,4.0907951087611325,4.008771499267955,4.016924664146684,324096000
2017-08-30,4.093266010284424,4.104383663225806,4.058430572074288,4.0888185721264625,384400000
2017-08-31,4.186159610748291,4.190112260550684,4.1061127975290725,4.113524251521925,612684000
2017-09-01,4.21135950088501,4.2469361772977905,4.190112358407383,4.1987598403122135,445432000
2017-09-05,4.098948001861572,4.164912678840168,4.0408895673400025,4.1599713951112145,695364000
2017-09-06,4.0964765548706055,4.145641517225272,4.06164159524952,4.131806302484795,397672000
2017-09-07,4.115500450134277,4.147864768406107,4.075229890952082,4.113276731523238,352868000
2017-09-08,4.044101715087891,4.118713416583968,4.0198900801185635,4.103890033920867,498856000
2017-09-11,4.175289630889893,4.185913439401161,4.084372071939034,4.0898076732332225,567444000
2017-09-12,4.190359592437744,4.199994765221594,4.125136159398264,4.199994765221594,411488000
2017-09-13,4.209136009216309,4.238041526996603,4.132794925634419,4.165159247485521,580960000
2017-09-14,4.185172080993652,4.26324258111403,4.145642749633471,4.1701013054701885,513712000
2017-09-15,4.449770927429199,4.449770927429199,4.265465199763645,4.270653406068114,1364792000
2017-09-18,4.633582592010498,4.723759371486783,4.567124068866998,4.574041677651797,1684460000
2017-09-19,4.628641128540039,4.690405753276462,4.56119398114663,4.583182360964218,874280000
2017-09-20,4.591334819793701,4.679781708898288,4.5510642601304765,4.632346619002792,724920000
2017-09-21,4.465829849243164,4.513759262321546,4.388006283692316,4.487570836847353,1075600000
2017-09-22,4.422347068786621,4.504123749191941,4.41246497379538,4.454464937768215,491232000
2017-09-25,4.224701404571533,4.39270129815623,4.203948576329687,4.3914657414884255,874580000
2017-09-26,4.248416900634766,4.414440397900571,4.208640663544244,4.359346469033429,1125620000
2017-09-27,4.341558933258057,4.354900303134278,4.26793541860981,4.3388413689716705,713720000
2017-09-28,4.340323448181152,4.3526761833361896,4.292887889638134,4.348723063048724,435244000
2017-09-29,4.416665077209473,4.440382388246096,4.379112079034777,4.424323924764225,619092000
2017-10-02,4.422347068786621,4.495970584939476,4.372935651377029,4.46681767431394,503480000
2017-10-03,4.431488990783691,4.461383145014506,4.387265302102384,4.428524032029293,390332000
2017-10-04,4.4685468673706055,4.490782169094744,4.401099722643831,4.437664556223377,427848000
2017-10-05,4.46607780456543,4.496466280902343,4.436183645181708,4.493007475910516,437364000
2017-10-06,4.479170322418213,4.49251169230366,4.422346981467149,4.438405915640862,318800000
2017-10-09,4.580217361450195,4.613323392271761,4.497205597226185,4.515982095754633,563492000
2017-10-10,4.667675495147705,4.76699310368797,4.626416776707405,4.72944011143222,974876000
2017-10-11,4.7173357009887695,4.718818180393701,4.6382770440516765,4.684229664563648,529508000
2017-10-12,4.7195587158203125,4.770452612602905,4.6923821298435735,4.720793800988939,528292000
2017-10-13,4.807510852813721,4.81764034092914,4.734875976645561,4.781816748376553,628728000
2017-10-16,4.890028953552246,4.892993912047512,4.774158545198851,4.837405652528424,576640000
2017-10-17,4.885580539703369,4.91399220365702,4.850992509016591,4.869274686490091,478596000
2017-10-18,4.881382942199707,4.895218161404153,4.776136318615373,4.8944773928554675,567316000
2017-10-19,4.88681697845459,4.891757789997568,4.7546407273400355,4.803805218585961,570772000
2017-10-20,4.864583492279053,4.931042026788897,4.855689085729711,4.903865903869316,451620000
2017-10-23,4.857664585113525,4.9127585272818415,4.837405606345006,4.8863231800094376,428696000
2017-10-24,4.908557415008545,4.910286816662209,4.840863356546116,4.866804381351077,407244000
2017-10-25,4.784534454345703,4.921899383664581,4.7230172267585555,4.869028694174797,828160000
2017-10-26,4.83468770980835,4.846299206401788,4.788240780981238,4.812205484960618,322744000
2017-10-27,4.987122535705566,4.987369458465103,4.860875264039269,4.8868167618165295,572192000
2017-10-30,5.036042213439941,5.091630016146725,4.971312610077775,4.987124626623722,504056000
2017-10-31,5.109416484832764,5.136098752293261,5.0622283178118215,5.067910840166804,411908000
2017-11-01,5.119051456451416,5.187486759903278,5.054816196101893,5.172169066524548,502576000
2017-11-02,5.0879225730896,5.134122579156999,5.031346155549523,5.08940505222189,342308000
2017-11-03,5.1558637619018555,5.1558637619018555,5.073099389730648,5.1190520035513885,353640000
2017-11-06,5.179086685180664,5.187733694167401,5.106698732455515,5.119051467800381,389944000
2017-11-07,5.238381862640381,5.259876399874429,5.1897116784056845,5.201817493759363,427700000
2017-11-08,5.16747522354126,5.237639929406407,5.1200401351820926,5.233933731797108,522988000
2017-11-09,5.072604179382324,5.0975570422782,4.950310506040619,5.071369094426796,978564000
2017-11-10,5.33992338180542,5.402429256735592,5.228499927089911,5.264323528612331,1253256000
2017-11-13,5.2532057762146,5.365369997294561,5.237888079112497,5.339923280958787,582376000
2017-11-14,5.29149866104126,5.3068163555765615,5.218616386221153,5.262345751113217,529292000
2017-11-15,5.187733173370361,5.237639368946556,5.133874800296007,5.236403812800118,501948000
2017-11-16,5.228004455566406,5.291992795783281,5.219110523470367,5.261851724539295,441768000
2017-11-17,5.221827983856201,5.320404359405614,5.206757684147104,5.285075083270091,515664000
2017-11-20,5.289028644561768,5.301134458382418,5.200581278626358,5.237393036892428,396100000
2017-11-21,5.337698459625244,5.349310427078759,5.296934054605311,5.3288045275695,399176000
2017-11-22,5.313717365264893,5.364894184923892,5.281082994583403,5.364894184923892,356640000
2017-11-24,5.36390495300293,5.3648942734494165,5.30555862436392,5.330034638555946,180752000
2017-11-27,5.294186592102051,5.373794828943314,5.290972479270649,5.372558885614221,422896000
2017-11-28,5.209386348724365,5.308772975975196,5.148320564993011,5.299378203743134,512752000
2017-11-29,4.8560943603515625,5.194799381206175,4.727781671315532,5.192079928942459,1396788000
2017-11-30,4.962154865264893,5.010859316897517,4.861779887538015,4.92482335224364,823768000
2017-12-01,4.887245178222656,4.94781676823994,4.7584383016737695,4.927543716274419,811548000
2017-12-04,4.614798545837402,4.952020584397823,4.5613969260194205,4.945839452767795,1240844000
2017-12-05,4.641499042510986,4.764125272944164,4.4644823469047665,4.50947803963698,981488000
2017-12-06,4.679078102111816,4.700834193729968,4.569802040659538,4.5910639435784715,467032000
2017-12-07,4.746570110321045,4.786374450816645,4.700338017929418,4.745828355957282,542600000
2017-12-08,4.734209060668945,4.815547877666954,4.725803139479976,4.796510772072884,466876000
2017-12-11,4.812581539154053,4.81554855719424,4.73247912537966,4.748301649747178,372748000
2017-12-12,4.718139171600342,4.792308485063112,4.694652481691829,4.769068889448816,455016000
2017-12-13,4.602931499481201,4.760416909136335,4.595514424320586,4.759180965719972,554280000
2017-12-14,4.610100746154785,4.681055965999012,4.563868637217065,4.596503011578501,438164000
2017-12-15,4.735941410064697,4.756214466107102,4.589086715607168,4.654108374324491,670036000
2017-12-18,4.8926849365234375,4.895651483320043,4.746819109056578,4.776486463239005,477704000
2017-12-19,4.848430156707764,4.888481600496074,4.819998747979577,4.883289790334076,373100000
2017-12-20,4.8654890060424805,4.896886960757909,4.809862132799577,4.887739755339642,288820000
2017-12-21,4.842991352081299,4.893920605894958,4.834585429296911,4.868950403426557,300904000
2017-12-22,4.827662467956543,4.837057238552049,4.728275858018717,4.806153474774149,466276000
2017-12-26,4.881312847137451,4.888977017142705,4.742369409492214,4.772284334796054,355080000
2017-12-27,4.874637126922607,4.9438617456869025,4.853375694024708,4.867962278123153,329488000
2017-12-28,4.8803229331970215,4.929274489862355,4.874142273974676,4.898370722196552,240248000
2017-12-29,4.783903121948242,4.906529338415578,4.783903121948242,4.906529338415578,279964000
2018-01-02,4.928532123565674,4.932240895881997,4.808625840562188,4.840270887301392,355616000
2018-01-03,5.25290060043335,5.283310190151921,5.037315905328107,5.045968925600651,914704000
2018-01-04,5.2805891036987305,5.390854021644087,5.258338350305627,5.334238289141166,583268000
2018-01-05,5.325337886810303,5.362669410950492,5.218534182020632,5.295422965695073,580124000
2018-01-08,5.488509654998779,5.562678513220074,5.4039567039345675,5.448952867740209,881216000
2018-01-09,5.487025260925293,5.533504454880867,5.405439341417313,5.493947674001484,497000000
2018-01-10,5.530044078826904,5.533505285884792,5.340171407780598,5.394561871769428,582664000
2018-01-11,5.539933204650879,5.594076571296828,5.51842373734853,5.562678143613948,406032000
2018-01-12,5.51273775100708,5.562431062017867,5.4721921174013355,5.528066087608366,359916000
2018-01-16,5.441782474517822,5.624732719588088,5.357230001426734,5.539191397623721,702348000
2018-01-17,5.55575704574585,5.565646008468552,5.362423132552919,5.456370400412405,538408000
2018-01-18,5.548833847045898,5.603224313227922,5.505321191167811,5.536472055944906,408632000
2018-01-19,5.689013481140137,5.713241932676644,5.612125164511445,5.6390730687535005,609380000
2018-01-22,5.777522563934326,5.77925316783391,5.639320874812149,5.696925463850102,550944000
2018-01-23,5.906577110290527,5.9293220556362005,5.812382272363345,5.8309242551128,475228000
2018-01-24,5.829686641693115,5.945637542592809,5.774059766270133,5.9097890593697695,579972000
2018-01-25,5.843284606933594,5.927342895011972,5.828450930082728,5.884077336161995,409884000
2018-01-26,6.0158514976501465,6.016098592001294,5.874188628015064,5.88704460758633,516356000
2018-01-29,6.102876663208008,6.134028000623604,5.94860537164113,6.001265236057532,455116000
2018-01-30,6.00076961517334,6.092244971645165,5.894213488467811,5.960965737388814,570832000
2018-01-31,6.0769171714782715,6.162706065166608,6.043541044074206,6.076175416884301,478576000
2018-02-01,5.945884704589844,6.104112315544132,5.885560678426622,5.896933147971347,519224000
2018-02-02,5.773319721221924,5.883337561436921,5.715220942180528,5.8593562007437034,718464000
2018-02-05,5.283308982849121,5.7661492899389,5.068218525736487,5.612125092729859,1165204000
2018-02-06,5.577017784118652,5.57998433084788,5.0434948941007605,5.05338432630635,1114800000
2018-02-07,5.656625270843506,5.809166407208525,5.604707168935576,5.675909474090779,802932000
2018-02-08,5.377750873565674,5.815347917369131,5.377503307648409,5.782219353651922,1144000000
2018-02-09,5.7377166748046875,5.9060803263000325,5.3777497744673575,5.890257802318756,1674604000
2018-02-12,5.637589454650879,5.82177613919737,5.563420592106352,5.818809120625277,1093172000
2018-02-13,5.751314163208008,5.797546261630019,5.568858127203677,5.601245399840103,625524000
2018-02-14,5.968629837036133,5.997555905547845,5.699890712604371,5.7110160872970255,744988000
2018-02-15,6.094221591949463,6.140453686438658,5.9711012077196814,6.051945363728499,698900000
2018-02-16,6.0284600257873535,6.180753602150273,6.019312348241568,6.067027962216665,637656000
2018-02-20,6.158008098602295,6.226985136495736,6.0472485439625245,6.0509573164407975,686240000
2018-02-21,5.970854759216309,6.229457834989471,5.96714645808926,6.222535421390149,892292000
2018-02-22,5.99039888381958,6.07648834238074,5.924842326398158,6.004747284195494,534364000
2018-02-23,6.083909034729004,6.083909034729004,5.999551269005909,6.0502649219584015,415300000
2018-02-26,6.099990367889404,6.134623951132203,6.037649446205183,6.13017112926487,469312000
2018-02-27,6.0871262550354,6.157630603177743,6.0641194587733205,6.073272350216784,455436000
2018-02-28,5.986688613891602,6.137592422760437,5.97506135545111,6.098011049432822,523116000
2018-03-01,5.744500160217285,6.038392086286314,5.643320074234557,5.984462308697891,1040120000
2018-03-02,5.851615905761719,5.858048125781038,5.488209158236849,5.636886772044606,913428000
2018-03-05,5.829598426818848,5.869179790605233,5.677951967028865,5.801396598955456,620776000
2018-03-06,5.990645408630371,6.0099415960270575,5.871901309648214,5.914946033733068,636808000
2018-03-07,5.982729434967041,6.0349275228502925,5.886497158107259,5.887733869414305,581208000
2018-03-08,5.966402053833008,6.010188994512682,5.922120145526819,6.010188994512682,411912000
2018-03-09,6.06906795501709,6.08193145411964,5.997821382975804,6.0139009927776055,505524000
2018-03-12,6.178657531738281,6.2588097329259025,6.102215936430128,6.110379835581523,605060000
2018-03-13,6.127943992614746,6.2959178016109165,6.086630943949415,6.22145513174335,619772000
2018-03-14,6.153424263000488,6.1982006666631815,6.091083350545604,6.170988299945566,505496000
2018-03-15,6.168269157409668,6.249410844399875,6.126213882414901,6.167032445724792,401952000
2018-03-16,6.196467876434326,6.215516340981511,6.1469909407026275,6.184593374110956,399456000
2018-03-19,5.961950302124023,6.1685155703873695,5.862996866074301,6.139571991145417,713772000
2018-03-20,6.174203872680664,6.213043020737624,5.964917047484544,5.964917047484544,554696000
2018-03-21,6.1489715576171875,6.234071545337446,6.118543080402229,6.167772306200336,438688000
2018-03-22,5.982976913452148,6.1321494994676,5.9456221908964775,6.085641414237361,551196000
2018-03-23,5.76330041885376,5.999056953598304,5.752168129344331,5.996583059057638,735620000
2018-03-26,6.048039436340332,6.049276147790006,5.835784174299207,5.887734548434682,611424000
2018-03-27,5.578997611999512,6.184592941507608,5.43873118375283,6.128931510664641,1409000000
2018-03-28,5.475839138031006,5.674735404404652,5.368227343316775,5.544611787508956,945904000
2018-03-29,5.729160785675049,5.825887552154622,5.459759688475533,5.544117455284402,916628000
2018-04-02,5.468420028686523,5.804862224148337,5.380598872968767,5.6586584632615535,922092000
2018-04-03,5.574796199798584,5.698488150931186,5.475842733261972,5.635405463466392,667432000
2018-04-04,5.596811294555664,5.607201368983579,5.294013289444341,5.318999012022968,789168000
2018-04-05,5.4765825271606445,5.668304872258876,5.405088720492209,5.655193655804861,701240000
2018-04-06,5.300198078155518,5.482025334218606,5.271006780267874,5.373918538495116,662988000
2018-04-09,5.32889461517334,5.491178424649962,5.308856209958216,5.363280948847103,499524000
2018-04-10,5.638123989105225,5.6650886369671625,5.502062622929911,5.559208500529911,761676000
2018-04-11,5.596811294555664,5.664594498095268,5.564156640111601,5.62328144829461,460244000
2018-04-12,5.803624629974365,5.821436390930149,5.645546372128949,5.689828290648072,593920000
2018-04-13,5.726934909820557,5.875612532985618,5.678695144028108,5.867201385591195,503036000
2018-04-16,5.726687431335449,5.760084299811818,5.632434078425284,5.733614147299692,350792000
2018-04-17,5.876353740692139,5.897628853438739,5.723223322184177,5.778884762339266,447224000
2018-04-18,5.847410202026367,5.918656757203468,5.758352361940327,5.82588783955547,391364000
2018-04-19,5.666079044342041,5.766516912729792,5.610665308319672,5.73312003924608,471996000
2018-04-20,5.657915115356445,5.74177792762923,5.626744891600924,5.657420147679795,386200000
2018-04-23,5.538428783416748,5.726935028899402,5.512453596964896,5.675726871586774,427508000
2018-04-24,5.47213077545166,5.6601420795551,5.406821456468065,5.56415750021516,414596000
2018-04-25,5.359817028045654,5.481529990338182,5.20248102441101,5.442443119353928,588492000
2018-04-26,5.571578025817871,5.579741925606837,5.455555052577292,5.521606579103608,375824000
2018-04-27,5.599037170410156,5.69724884825512,5.556734659377671,5.67745816394745,400848000
2018-04-30,5.563661575317383,5.665088895021589,5.544365857958718,5.615364698643373,327844000
2018-05-01,5.619076251983643,5.62179739472889,5.496868301597587,5.5554986178965695,253788000
2018-05-02,5.598543643951416,5.660141882314021,5.572320734983751,5.615613188797377,268248000
2018-05-03,5.763794422149658,5.790017324562317,5.585183309460886,5.630454679177173,443144000
2018-05-04,5.913957595825195,5.917173706256831,5.717782409050456,5.73509920084051,400660000
2018-05-07,6.15194034576416,6.2090862262742945,6.008705008550383,6.018600587036718,687616000
2018-05-08,6.1944899559021,6.197211098158286,6.103204999372075,6.152186975524751,506616000
2018-05-09,6.32758092880249,6.3298075749218965,6.187314491302571,6.2145268530314155,596760000
2018-05-10,6.435194492340088,6.444347382814036,6.362710752988787,6.380522509999874,994080000
2018-05-11,6.296660423278809,6.426784559800564,6.197954705163433,6.253368441649258,1214456000
2018-05-14,6.317192554473877,6.394624087913714,6.2934440153883,6.334757064764962,523140000
2018-05-15,6.074756622314453,6.25633662108504,5.974318764054904,6.2536150066679275,963528000
2018-05-16,6.085888862609863,6.147982060929388,5.99930443766662,6.03616466563345,553828000
2018-05-17,6.127943992614746,6.221702379647557,6.071540328544249,6.087620407413383,519784000
2018-05-18,6.084156513214111,6.243224193322817,6.079208724483137,6.17989429058534,483716000
2018-05-21,6.042101860046387,6.185337196830497,5.9493329353274635,6.1816265908328285,640624000
2018-05-22,6.004005432128906,6.080694284307306,5.943396188540577,6.05546131205039,518264000
2018-05-23,6.1275248527526855,6.1287628009439,5.94707053300779,5.947813207494739,442956000
2018-05-24,6.13123893737793,6.17356808633815,6.0705926841829765,6.123813135351847,437372000
2018-05-25,6.170596122741699,6.186933544844222,6.108217132244192,6.143862202222926,292112000
2018-05-29,6.15351676940918,6.221589763174247,6.106732520885247,6.152526694031698,352684000
2018-05-30,6.262434005737305,6.2710977567345765,6.162429295860781,6.187183072483995,390996000
2018-05-31,6.2426300048828125,6.317138722779872,6.219856855361887,6.230500755573351,493868000
2018-06-01,6.377042293548584,6.383231090742736,6.278770350797195,6.287434100302282,421968000
2018-06-04,6.55601167678833,6.5780421515053655,6.379022843816979,6.411202417021347,642024000
2018-06-05,6.56145715713501,6.599082851947313,6.514425038619631,6.55922913357155,391712000
2018-06-06,6.563438892364502,6.566656992020134,6.455017828878615,6.471355255871544,371356000
2018-06-07,6.5077433586120605,6.571607715958641,6.417392001966743,6.559725865257178,369448000
2018-06-08,6.492393493652344,6.534969558018529,6.416152041287373,6.434964885590633,360456000
2018-06-11,6.451303005218506,6.521355669234114,6.4384310825704665,6.479769675512245,265372000
2018-06-12,6.499820709228516,6.5119499587248075,6.427540013865091,6.477790233917247,319160000
2018-06-13,6.495365619659424,6.576310070715226,6.486206595581126,6.5013065444481875,338208000
2018-06-14,6.6070051193237305,6.663691072569374,6.525565390173005,6.5404179389994574,430016000
2018-06-15,6.566161155700684,6.621114357436662,6.518881629026692,6.549823730107257,432260000
2018-06-18,6.561952114105225,6.579527012414776,6.4948696753125725,6.52209839765327,356268000
2018-06-19,6.440163612365723,6.526058894012536,6.312682338417278,6.458728585155146,594932000
2018-06-20,6.493136405944824,6.546108969555368,6.442886194997707,6.481254559408616,369780000
2018-06-21,6.364417552947998,6.543386519243133,6.356743879626638,6.525068946865799,359516000
2018-06-22,6.2119364738464355,6.398579640884511,6.196589594796939,6.38521244077224,434160000
2018-06-25,5.919100284576416,6.109208465259689,5.830482156875028,6.105495564243447,665816000
2018-06-26,5.990143775939941,6.0807425378591065,5.938656068478329,6.032472930148606,478884000
2018-06-27,5.834936618804932,6.100048276676049,5.829490496596424,6.033708512012404,453892000
2018-06-28,5.96217155456543,5.974053404221776,5.817362279104554,5.82503595400182,338012000
2018-06-29,5.864146709442139,6.039897604379081,5.862908761089648,6.027273552873015,392300000
2018-07-02,5.996332168579102,6.000045069801115,5.774043926305765,5.794589527727071,357572000
2018-07-03,5.862661361694336,6.03692737964503,5.854245012595614,6.03098645511293,222732000
2018-07-05,6.008460521697998,6.013410898540981,5.878998606440352,5.917861779456704,306216000
2018-07-06,6.1223273277282715,6.13074367672411,5.962665986175089,5.983954259476636,296352000
2018-07-09,6.169854164123535,6.206242384941266,6.0911377423904,6.196588559883071,303880000
2018-07-10,6.268869400024414,6.290899875958122,6.14188290579733,6.182231429035553,360016000
2018-07-11,6.1272783279418945,6.210698201105286,6.11663395495908,6.176043201019297,367508000
2018-07-12,6.218864917755127,6.266887102651769,6.162674258923286,6.172575954511342,345508000
2018-07-13,6.171586990356445,6.237431960918624,6.129505717590321,6.237431960918624,246988000
2018-07-16,6.143863201141357,6.1968362492321845,6.131486550197018,6.143863201141357,197036000
2018-07-17,6.279760837554932,6.294860786046719,6.069107066101221,6.0946035146802195,362136000
2018-07-18,6.230500221252441,6.28619608626157,6.179507803937298,6.272334088239546,277640000
2018-07-19,6.238668918609619,6.2723343117356976,6.1965881214798495,6.21168759608948,235752000
2018-07-20,6.210450649261475,6.275057671624511,6.199558875725473,6.236194497881875,222352000
2018-07-23,6.173815727233887,6.185697577504424,6.022075443652956,6.183964827345763,301584000
2018-07-24,6.156486988067627,6.308474641936027,6.138911617034922,6.221836679279951,354620000
2018-07-25,6.234708786010742,6.24733330877444,6.107969701056329,6.165893593151828,319112000
2018-07-26,6.308226108551025,6.345109124426305,6.197824933828507,6.214657628588879,325124000
2018-07-27,6.238421440124512,6.351793323305382,6.184458323617384,6.344862324133724,295420000
2018-07-30,6.043115615844727,6.258472828574286,6.008212743750892,6.2525319041298255,340340000
2018-07-31,6.061185836791992,6.13594195847816,5.993855988753482,6.03271916268441,283988000
2018-08-01,6.101038932800293,6.147823652968639,6.03717458630776,6.092623056111181,283556000
2018-08-02,6.2037672996521,6.207727601359724,5.970835176504149,6.029748677586334,269668000
2018-08-03,6.2404022216796875,6.264165919607523,6.211440745986463,6.228272971902883,214288000
2018-08-06,6.2881760597229,6.291641559130818,6.181240379627775,6.227777220859502,207508000
2018-08-07,6.360457897186279,6.379023345740433,6.310208146674644,6.336942071538125,258132000
2018-08-08,6.396844863891602,6.441896830970049,6.326792197169073,6.361695066204969,262100000
2018-08-09,6.34832763671875,6.417390225613102,6.340653963270611,6.414667400609999,204280000
2018-08-10,6.306990146636963,6.339417595842179,6.255255046114106,6.266394220993968,256396000
2018-08-13,6.339911460876465,6.460709616664197,6.3139202140428745,6.315652963831781,375208000
2018-08-14,6.471354007720947,6.485463880030126,6.362190290589358,6.445362758913174,466220000
2018-08-15,6.41318416595459,6.526060800999152,6.334467260794411,6.492147999819686,591136000
2018-08-16,6.372586727142334,6.485463815944609,6.3124352821307586,6.482988391491337,801260000
2018-08-17,6.0601959228515625,6.261938543667501,6.033214125043516,6.261195869069054,1143188000
2018-08-20,6.134953022003174,6.267632591927562,5.90919926587753,6.019600955001107,854388000
2018-08-21,6.270602703094482,6.275058278837055,6.1314869467578275,6.151289872832928,673988000
2018-08-22,6.50576114654541,6.510711995151746,6.2344611584351854,6.237926658031839,749856000
2018-08-23,6.605271339416504,6.670621033220095,6.453283679521441,6.467145678553846,720684000
2018-08-24,6.738447666168213,6.7530523430230245,6.609233598594066,6.61368917469334,531512000
2018-08-27,6.8295392990112305,6.903800138730226,6.736713013293034,6.768149910104254,505776000
2018-08-28,6.791913986206055,6.846372379049316,6.671858498862244,6.823598757718386,475384000
2018-08-29,6.897423267364502,6.922438117772443,6.763432517648559,6.784236891564404,420108000
2018-08-30,6.880581378936768,6.977421393707401,6.843678179797916,6.866216251597537,346608000
2018-08-31,6.951663494110107,6.964542459825396,6.850613002375618,6.860520117109178,306592000
2018-09-04,7.026458740234375,7.064104538508699,6.910052533415964,6.938534772506374,391720000
2018-09-05,6.895689487457275,7.0442929090346285,6.814700757330836,7.008875869664056,393156000
2018-09-06,6.754514694213867,6.881818163785146,6.7215744419792065,6.879341385605506,322796000
2018-09-07,6.733216762542725,6.85878656279511,6.61755360483397,6.662382213427763,295420000
2018-09-10,6.8042988777160645,6.83401975233547,6.711917338819199,6.755755333634524,220140000
2018-09-11,6.756496429443359,6.845658082310702,6.737177748517391,6.757982118439867,243112000
2018-09-12,6.642569065093994,6.7361892313227285,6.487030841998392,6.716623008198272,419092000
2018-09-13,6.7203369140625,6.810984736361112,6.69111159018085,6.708448566653494,305536000
2018-09-14,6.846402168273926,6.912530691235202,6.773834398989934,6.81073759636974,386936000
2018-09-17,6.784483432769775,6.869930630817947,6.765165223365851,6.820891554180493,205528000
2018-09-18,6.712411880493164,6.891231241623151,6.705725097580059,6.788447522834709,299520000
2018-09-19,6.736186981201172,6.754019500335029,6.643805471510903,6.6938351616057465,224860000
2018-09-20,6.5950140953063965,6.6564365884042935,6.541021464397834,6.6140847677748225,430584000
2018-09-21,6.524923801422119,6.6524753029640475,6.491736006980724,6.606903615345308,435128000
2018-09-24,6.58065128326416,6.58411867947691,6.406785455457229,6.49396590554809,293912000
2018-09-25,6.647770404815674,6.6727852591431684,6.561085027519775,6.64677978767359,280388000
2018-09-26,6.610866546630859,6.693093902462129,6.595015729129467,6.652723305428943,268548000
2018-09-27,6.622753143310547,6.667334205281509,6.591299052793501,6.646034291078052,214428000
2018-09-28,6.960083484649658,6.982374018833306,6.726776428910967,6.754763600904996,709396000
2018-10-01,7.166643142700195,7.233514279165872,6.999216584387794,7.037853482459887,622060000
2018-10-02,7.09531307220459,7.250850799273947,7.073022537327065,7.139151061144093,383964000
2018-10-03,7.101504802703857,7.173081956175866,6.997482463778114,7.165651620396451,320552000
2018-10-04,6.917236804962158,7.089616437538756,6.840210549809722,7.065344668739879,391220000
2018-10-05,6.683681488037109,6.954634819894774,6.626221455154507,6.892469238547144,426636000
2018-10-08,6.582382678985596,6.715877858879873,6.441457164492704,6.6004627346847995,408612000
2018-10-09,6.576688289642334,6.656438396168938,6.5088260603266175,6.561827616433509,273500000
2018-10-10,6.085058212280273,6.516503319072675,6.082828969789823,6.47068362292545,684940000
2018-10-11,5.823516845703125,6.131373412989649,5.801969389698521,5.997877727828555,725436000
2018-10-12,6.1061110496521,6.180413002790353,5.935465085650344,6.0806011233936115,608236000
2018-10-15,5.829708099365234,6.092736036089197,5.828717482398618,6.092736036089197,449760000
2018-10-16,6.08852481842041,6.0996700846330665,5.89311159172918,5.94239820469765,408712000
2018-10-17,6.019920825958252,6.188833553271723,5.970881738492521,6.150691725866869,329668000
2018-10-18,5.932492733001709,6.127658477584331,5.872060837098693,6.089269584093853,524020000
2018-10-19,5.675903797149658,6.007289040294297,5.639496142249984,5.987723291616021,613608000
2018-10-22,5.726677894592285,5.828223482746511,5.623894153000866,5.7281640566347924,368844000
2018-10-23,5.47504186630249,5.5525631967375535,5.367304119370685,5.459438113358586,626436000
2018-10-24,4.938831329345703,5.483214812828313,4.924961746632418,5.436652507320217,884288000
2018-10-25,5.147619724273682,5.194925116403321,4.796915756050437,4.8412492968345715,951720000
2018-10-26,4.911092281341553,5.073317273653669,4.783045701934126,4.911587353651875,664784000
2018-10-29,4.597291946411133,5.055733197098137,4.3592788266259275,5.052265801036238,758016000
2018-10-30,5.027744293212891,5.037651405642666,4.597290367437591,4.620323978679407,807192000
2018-10-31,5.221673488616943,5.26526394696704,5.052760757758614,5.192448158936238,745772000
2018-11-01,5.401978015899658,5.411389585008951,5.131519762566331,5.2580801646965245,566528000
2018-11-02,5.322970867156982,5.4983228235564425,5.2063170990310255,5.392566786769668,452960000
2018-11-05,5.2449541091918945,5.3331256339925455,5.084214812320023,5.309844009169884,379332000
2018-11-06,5.22736930847168,5.321236993864527,5.190218103167157,5.237028413996088,299012000
2018-11-07,5.294983386993408,5.3846405939087765,5.230341028321325,5.293992770092266,483812000
2018-11-08,5.101800918579102,5.236534305400089,5.0483033383324205,5.235791224402552,511352000
2018-11-09,5.093873977661133,5.1842742736201375,4.979201912013973,5.012885251719588,413240000
2018-11-12,4.694377899169922,5.024524909985202,4.672582440769583,5.0024819154930995,617116000
2018-11-13,4.9363532066345215,5.057712494730355,4.786016135461258,4.792208316684221,644712000
2018-11-14,4.883847713470459,5.123842023355172,4.775862910647352,5.109476896997176,526580000
2018-11-15,5.012638092041016,5.084710798072551,4.841991665770096,4.877904250702254,840708000
2018-11-16,4.072473526000977,4.226773081483235,4.002629606476951,4.0449819011066905,1963520000
2018-11-19,3.5838165283203125,4.007831039907984,3.582082830610161,4.007088431515515,1697820000
2018-11-20,3.6922976970672607,3.820591828556383,3.301718663543305,3.320294034027063,1692032000
2018-11-21,3.58406400680542,3.846348846272988,3.556820152341425,3.829507177902595,1025496000
2018-11-23,3.591247081756592,3.704928536609855,3.5365115927011646,3.5493905590905155,411968000
2018-11-26,3.7906222343444824,3.801024419028201,3.6298829715363023,3.7123578407261775,814832000
2018-11-27,3.807464122772217,3.8887006076438215,3.7287044161695295,3.7646167562745307,738060000
2018-11-28,3.964488983154297,3.969690076791153,3.7926044121886315,3.9251090042482466,804524000
2018-11-29,3.9012699127197266,4.003908703471532,3.8710237310014626,3.9667207906333375,549172000
2018-11-30,4.051756381988525,4.062416759669402,3.8606098614678235,3.9109376350113156,729564000
2018-12-03,4.215631484985352,4.330666535641296,4.148692973451854,4.27909913175207,890804000
2018-12-04,3.895070791244507,4.175963975872411,3.8799474686671274,4.171005462941813,812112000
2018-12-06,3.924325942993164,3.929284220231112,3.7388817401689804,3.754500632655693,692308000
2018-12-07,3.6595466136932373,3.9387046013795106,3.610210686983384,3.9285397917741602,681676000
2018-12-10,3.7649128437042236,3.789704936670523,3.6109544618116325,3.614673346687054,629472000
2018-12-11,3.673926591873169,3.8648248715949456,3.5948400502405327,3.856643513372085,671912000
2018-12-12,3.6915290355682373,3.787721884108416,3.5903776733372,3.6796287918581343,654136000
2018-12-13,3.6912810802459717,3.802597255640552,3.6553328010946387,3.7383860153980013,471384000
2018-12-14,3.630788564682007,3.733427336423378,3.6072360981481406,3.64963030147416,471820000
2018-12-17,3.5596351623535156,3.672934542775032,3.501621833703234,3.6007899714280147,662868000
2018-12-18,3.6429364681243896,3.7269812840351855,3.5762459762094996,3.6035170905509117,564372000
2018-12-19,3.4339394569396973,3.6627696720804384,3.382372057873062,3.6092188205747373,745364000
2018-12-20,3.3493990898132324,3.515505500449428,3.2896503292870305,3.4255105657409715,749588000
2018-12-21,3.2122995853424072,3.408900212447757,3.1847804484955375,3.375926757710307,863740000
2018-12-24,3.1505672931671143,3.222464081148635,3.0866038427631026,3.135940009905203,463840000
2018-12-26,3.2998151779174805,3.300806786003362,3.085612226661851,3.1966803710681195,695100000
2018-12-27,3.2519662380218506,3.2819646270449137,3.1034621778205627,3.2475037654543346,637044000
2018-12-28,3.313450813293457,3.40617303143989,3.2306456223341833,3.27254402188619,628728000
2018-12-31,3.309731960296631,3.389314065222245,3.278989745357333,3.3568366543541996,465140000
2019-01-02,3.377166271209717,3.4331961511819213,3.224199719565695,3.238827003762373,508752000
2019-01-03,3.1731278896331787,3.3508865238272074,3.165690356157027,3.316921464491716,705552000
2019-01-04,3.37642240524292,3.414601916728265,3.2155222923306335,3.2462642704199265,585620000
2019-01-07,3.5551722049713135,3.592112320008131,3.382371870893955,3.4336914833405525,709160000
2019-01-08,3.4666647911071777,3.6389693260514377,3.3940241871443835,3.6367378534550667,786016000
2019-01-09,3.5348434448242188,3.5821961609359905,3.467409127423472,3.51798468814783,617260000
2019-01-10,3.600541591644287,3.609218752586293,3.455012598727183,3.5155051779777278,523156000
2019-01-11,3.689793586730957,3.712602229451064,3.5504624735758616,3.578229393529933,874764000
2019-01-14,3.729708671569824,3.7549965720560086,3.6139300212068006,3.637482489131921,730168000
2019-01-15,3.7155776023864746,3.80185366684315,3.6972314312797843,3.7624342837438287,617012000
2019-01-16,3.6900413036346436,3.7758215552106362,3.6845872224196863,3.7428483383631446,470104000
2019-01-17,3.7614426612854004,3.801357848355411,3.6297970918985385,3.65706844639474,493436000
2019-01-18,3.890608549118042,3.9166402722571694,3.7597068184114057,3.8112742241891566,651336000
2019-01-22,3.6883058547973633,3.872014620828446,3.6580596786916066,3.8603623976914765,661552000
2019-01-23,3.701197385787964,3.8323471262187803,3.66995960425008,3.7435918218628452,591020000
2019-01-24,3.9131693840026855,3.930771492182378,3.781028025703517,3.7857385189506694,708972000
2019-01-25,3.9704387187957764,3.9885368677664954,3.7510296946117756,3.853668466718467,1154572000
2019-01-28,3.421544075012207,3.5115390206214054,3.247752326096619,3.3853477751296337,2511528000
2019-01-29,3.262627363204956,3.423775514995445,3.248000078520702,3.3754309512408227,1153932000
2019-01-30,3.406172513961792,3.420551775615729,3.259155871049647,3.3387382052306096,974228000
2019-01-31,3.5638506412506104,3.5995511409146275,3.381133452993701,3.402950490686983,842852000
2019-02-01,3.588146209716797,3.6392178132657,3.5348436060100865,3.582444108105326,625048000
2019-02-04,3.6984705924987793,3.7356584977000353,3.5819481270012767,3.6040129444490905,528592000
2019-02-05,3.717560052871704,3.754252151089736,3.676653265836587,3.710370303503436,542424000
2019-02-06,3.79317569732666,3.8576349481240015,3.745327181462258,3.7507812620747845,702464000
2019-02-07,3.6548361778259277,3.7490457966738466,3.6119461753718007,3.746814560403445,637120000
2019-02-08,3.6734302043914795,3.6840905812653575,3.5732704689142656,3.587649730366063,461604000
2019-02-11,3.630788564682007,3.6835953627593336,3.5824440032246034,3.629300916040426,495180000
2019-02-12,3.7478065490722656,3.7634256774212536,3.6548365490287362,3.6692160490049512,591060000
2019-02-13,3.7902002334594727,3.8633366378438305,3.763672711721794,3.777308384671895,605372000
2019-02-14,3.8311080932617188,3.8593710550368208,3.7460714241024835,3.789209691136838,827264000
2019-02-15,3.900773048400879,4.0626645299708235,3.877964408162225,4.039856126167089,1516748000
2019-02-19,3.8834187984466553,3.963992988178719,3.871022987504742,3.8901127444180337,551892000
2019-02-20,3.930771827697754,3.9979581308316945,3.9015174940275297,3.912673677475732,540988000
2019-02-21,3.8618500232696533,3.967959665754317,3.8472227384773094,3.943415826169995,448548000
2019-02-22,3.9466373920440674,3.9654793601996943,3.9000285120253073,3.9136641842065965,401740000
2019-02-25,3.9342422485351562,4.097621376367747,3.925564850678126,4.03018730106737,656020000
2019-02-26,3.8948233127593994,3.9855620786700827,3.861354055127313,3.9295321987965566,488464000
2019-02-27,3.8529248237609863,3.906971249647877,3.795903100622869,3.880443958985459,500256000
2019-02-28,3.828355312347412,3.8690562226778793,3.806019715350334,3.846720389002192,324944000
2019-03-01,3.8827059268951416,3.9248955454090013,3.819917459146095,3.878238618181043,357188000
2019-03-04,3.890895128250122,3.9440046163180127,3.8343109620729843,3.921172471197037,409992000
2019-03-05,3.8844432830810547,3.9226621459293805,3.8209102222217957,3.8752606261527087,362924000
2019-03-06,3.7735087871551514,3.8839468185347172,3.770778935941451,3.875508989020271,403524000
2019-03-07,3.7042675018310547,3.7596107701403376,3.6581068900495652,3.7499317985772644,450104000
2019-03-08,3.738515615463257,3.749187216448156,3.5935809834350056,3.614924185404804,422416000
2019-03-11,3.9990997314453125,4.0219316406329035,3.7149386955701456,3.762092168923421,859728000
2019-03-12,4.033349514007568,4.079757939824517,3.9507067681079735,4.026896706909144,579576000
2019-03-13,4.184735298156738,4.2140200156985275,4.06337739512096,4.070822830775678,768900000
2019-03-14,4.108794689178467,4.205831522907976,4.101101212402681,4.193919012199835,519384000
2019-03-15,4.214267730712891,4.256953656326466,4.148500911601883,4.151975352911792,661484000
2019-03-18,4.192924976348877,4.299640511747437,4.165873560400984,4.245786192369545,486992000
2019-03-19,4.360691547393799,4.405115174456572,4.270604097388697,4.287479755137556,854972000
2019-03-20,4.328181266784668,4.44308637144721,4.293436371576382,4.389728595971831,719148000
2019-03-21,4.564939498901367,4.591246322878655,4.346297248345588,4.351260871489553,824312000
2019-03-22,4.405116081237793,4.586284121959003,4.391218310810665,4.5376419254640545,747644000
2019-03-25,4.312794208526611,4.4286919404417375,4.246531296109056,4.364414761621294,525212000
2019-03-26,4.389481544494629,4.510590969831538,4.333145392551135,4.454503330498076,703508000
2019-03-27,4.38029670715332,4.461449998017917,4.310807882367545,4.415041592903325,474372000
2019-03-28,4.398911952972412,4.464678325754755,4.345802208245104,4.40635691692071,480264000
2019-03-29,4.456239223480225,4.480560790355246,4.415290511200249,4.465669919201426,456896000
2019-04-01,4.523743629455566,4.554020979133716,4.4763421079600105,4.548064724877347,483824000
2019-04-02,4.541611671447754,4.586035300073622,4.504881991117906,4.547816437921497,440920000
2019-04-03,4.681085586547852,4.740151564165175,4.5862825647316905,4.591246187729545,783504000
2019-04-04,4.672151565551758,4.714589454567535,4.609363105728911,4.665698760815017,457376000
2019-04-05,4.738910675048828,4.75628335646995,4.678852537650183,4.715334174584486,481744000
2019-04-08,4.759757041931152,4.78482272006386,4.684311495059332,4.70838454336853,424192000
2019-04-09,4.696969985961914,4.737422621771342,4.654780129105895,4.726254704563654,439972000
2019-04-10,4.767452239990234,4.793262520732675,4.691759092451784,4.696226165396186,444772000
2019-04-11,4.75355339050293,4.8014514592230695,4.704166613377398,4.769932969819874,374600000
2019-04-12,4.715582370758057,4.796239594720298,4.706896266436853,4.792268601306097,471708000
2019-04-15,4.583800792694092,4.712852151606433,4.544092755083701,4.707888528565848,440092000
2019-04-16,4.670910835266113,4.689772226127988,4.590254082439547,4.623013240598129,394964000
2019-04-17,4.648078918457031,4.726750411102566,4.625743085798759,4.705903760183431,351004000
2019-04-18,4.623508453369141,4.688778718295902,4.595712923979351,4.654778897289763,380988000
2019-04-22,4.677363395690918,4.692998383081152,4.568414562275509,4.59993257621409,279936000
2019-04-23,4.731962203979492,4.763232654575449,4.680838205315907,4.690516940172109,346856000
2019-04-24,4.744370460510254,4.785071126541376,4.681582004121221,4.742384727353693,318204000
2019-04-25,4.638648986816406,4.726503150176021,4.558984851013382,4.704167313840032,499296000
2019-04-26,4.4197587966918945,4.4892481277504,4.300882674144726,4.484780581163319,868988000
2019-04-29,4.450531959533691,4.478327497963614,4.355480401234242,4.427699571996782,391920000
2019-04-30,4.491976261138916,4.517538021147229,4.39915849573698,4.4182679242945175,362920000
2019-05-01,4.478823184967041,4.58653134894412,4.478574672452426,4.544341497677258,354280000
2019-05-02,4.546326637268066,4.588019935758864,4.445319320073938,4.488501800184308,394684000
2019-05-03,4.5418596267700195,4.5646915362434095,4.480311834810655,4.55476476314629,336824000
2019-05-06,4.463437080383301,4.475597628396843,4.318254148476516,4.355480383487374,422176000
2019-05-07,4.296165943145752,4.415042020907966,4.248019839387,4.415042020907966,555220000
2019-05-08,4.316269397735596,4.396430092421914,4.256707320014466,4.268619830230155,419168000
2019-05-09,4.223698616027832,4.256954326196563,4.104823002024501,4.247275591504085,660248000
2019-05-10,4.189699649810791,4.25844438355847,4.070078946976801,4.19292605315742,569500000
2019-05-13,3.9323410987854004,4.08075018730162,3.916457833647851,4.057669762177069,656912000
2019-05-14,4.021435737609863,4.056676706245999,3.933333316019523,3.9720484896725825,524880000
2019-05-15,3.9603848457336426,3.9968664867634973,3.9065307580109603,3.9658445479217614,502320000
2019-05-16,3.9755232334136963,4.018209640365021,3.912486963102783,3.9549248575161338,781088000
2019-05-17,3.8846917152404785,4.062881856027424,3.845231942418824,3.933582421812273,1022068000
2019-05-20,3.7660632133483887,3.84101222478381,3.7412455689832913,3.7859172341690277,572064000
2019-05-21,3.8482091426849365,3.864092406656991,3.788150765280584,3.82686617683523,361848000
2019-05-22,3.7772319316864014,3.835553100645876,3.7663120522413505,3.809494781540147,325868000
2019-05-23,3.6561219692230225,3.714939448237951,3.5963116233667836,3.714939448237951,591844000
2019-05-24,3.6022677421569824,3.7102239603420277,3.5955668971144394,3.674982987427909,357584000
2019-05-28,3.5570998191833496,3.6526474524105756,3.555114322219888,3.619888290924512,428356000
2019-05-29,3.4828951358795166,3.5444424604204987,3.4481504799727127,3.5094497653355536,559800000
2019-05-30,3.4563100337982178,3.5219031343267155,3.4180473128403444,3.486125057952194,394300000
2019-05-31,3.3656229972839355,3.4746964495150117,3.3638837931577723,3.407364133260645,389720000
2019-06-03,3.3238821029663086,3.415563277116883,3.294563955112986,3.376803667722783,478644000
2019-06-04,3.5529611110687256,3.558178723450121,3.3658715584403143,3.3879843304779613,641836000
2019-06-05,3.510225296020508,3.6322185862711898,3.4739503411480155,3.6267524160339892,511616000
2019-06-06,3.572340250015259,3.596937662493112,3.5119647614833687,3.514449406044464,408140000
2019-06-07,3.615074872970581,3.649362064963667,3.5591715592388082,3.57830303660081,348856000
2019-06-10,3.6878738403320312,3.7564484705340457,3.6712270050970766,3.6712270050970766,402780000
2019-06-11,3.745516538619995,3.7855184698542477,3.706011725941666,3.7477526243264987,383872000
2019-06-12,3.632467269897461,3.7082472722594373,3.617311316814816,3.702035660701794,358892000
2019-06-13,3.683649778366089,3.702035579496407,3.6369393608824816,3.6545799582012313,308080000
2019-06-14,3.593708038330078,3.614827045911955,3.5489856152351678,3.5904781895451867,394428000
2019-06-17,3.6033973693847656,3.640417765389285,3.5691099400561903,3.59196814729233,276040000
2019-06-18,3.79843807220459,3.8538442771572177,3.6538351089547136,3.6647672143889545,581920000
2019-06-19,3.80440092086792,3.84514805098579,3.7783126256635913,3.8337190645925183,331644000
2019-06-20,3.8287501335144043,3.9090023158703024,3.814339619550784,3.8950886834986993,350168000
2019-06-21,3.77061128616333,3.8630381476180027,3.7641513506032944,3.813843308418226,434428000
2019-06-24,3.7929720878601074,3.8225387938745508,3.744771018752774,3.791978324666796,282948000
2019-06-25,3.76365327835083,3.8729752666224133,3.7609203115760996,3.797940708918767,311868000
2019-06-26,3.956953763961792,4.018074922362196,3.878192484455307,3.8911123501776355,584072000
2019-06-27,4.0555925369262695,4.074723779025369,4.006646033577113,4.042672669367494,445440000
2019-06-28,4.080438613891602,4.108762994332991,4.0337284316468605,4.0995698564825584,397668000
2019-07-01,4.1286396980285645,4.321940598852988,4.091122179552119,4.287653165839552,709756000
2019-07-02,4.030747413635254,4.13311261260208,4.017579221013296,4.111993366040826,400228000
2019-07-03,4.043665885925293,4.059815836665473,3.983787523124919,4.054101107478119,246636000
2019-07-05,3.9810543060302734,3.989750323443612,3.917697066136059,3.9852781536163815,396552000
2019-07-08,3.906020164489746,3.9403075952902618,3.875956818917564,3.921424676121789,329788000
2019-07-09,3.9085052013397217,3.936581023680068,3.8511112342786356,3.8637825434406228,342860000
2019-07-10,3.9768316745758057,4.03422540705508,3.938072067724618,3.951985699840806,452076000
2019-07-11,4.131373405456543,4.1721205428015145,4.012609927908385,4.049878656869001,682560000
2019-07-12,4.164416790008545,4.235476287931402,4.159199179305226,4.159199179305226,506392000
2019-07-15,4.155970096588135,4.201686518778212,4.127646188167227,4.185537038267442,289840000
2019-07-16,4.151249885559082,4.178331710359048,4.095594880286139,4.141062983256248,341444000
2019-07-17,4.21659517288208,4.223551990126137,4.12367142952488,4.15298958045273,348204000
2019-07-18,4.228271007537842,4.291131137034786,4.170380166878811,4.227028922277097,442192000
2019-07-19,4.1850385665893555,4.272992974556765,4.179075515718905,4.266533279220589,344896000
2019-07-22,4.256595611572266,4.269515478899345,4.198953090120873,4.20640702377409,315940000
2019-07-23,4.364427089691162,4.366414615941003,4.280199385711847,4.295852695096325,428176000
2019-07-24,4.43896484375,4.444679574485205,4.331630836479247,4.407659170612291,366236000
2019-07-25,4.3077778816223145,4.4101430552782395,4.284422791957234,4.397471510474665,392700000
2019-07-26,4.349768161773682,4.396478347478795,4.334860766609773,4.334860766609773,274160000
2019-07-29,4.3435564041137695,4.3597063572260515,4.255353652473047,4.342562641043361,248160000
2019-07-30,4.359210014343262,4.371384443442507,4.282684557536129,4.297095309364815,197772000
2019-07-31,4.191996097564697,4.328648698706648,4.1497580897786355,4.327654461810294,359416000
2019-08-01,4.097583293914795,4.2928717658812525,4.045406691590111,4.202432669376725,421212000
2019-08-02,4.004907608032227,4.074227926198215,3.9574522139465893,4.004907608032227,428348000
2019-08-05,3.7465100288391113,3.8225383542046103,3.699551287599022,3.8212960318814724,589156000
2019-08-06,3.785269021987915,3.8667635101470714,3.7375650816183366,3.8212956549590773,361272000
2019-08-07,3.8235316276550293,3.835457730870932,3.7070045098825752,3.7243965462818296,372560000
2019-08-08,3.9321084022521973,3.9333507244902846,3.8237804147476293,3.8811743752343184,309300000
2019-08-09,3.830737590789795,3.8945914907638715,3.780300440523427,3.891113082948864,341816000
2019-08-12,3.7629079818725586,3.8307371636508005,3.741043537367064,3.7785608152947523,279200000
2019-08-13,3.877199172973633,3.923164151825202,3.7224095529757264,3.7614174793234634,351956000
2019-08-14,3.7286205291748047,3.800176677162124,3.684891877381991,3.7889960142298094,419880000
2019-08-15,3.6963212490081787,3.7673805229303308,3.6620340528603617,3.7475038394057614,477200000
2019-08-16,3.9644083976745605,4.013602988071271,3.8978212945052966,3.9591907860120497,1007960000
2019-08-19,4.243179798126221,4.259081432867054,4.061556638508778,4.07770659560408,815112000
2019-08-20,4.170877933502197,4.2382102438581395,4.149758689607738,4.237713125338106,463188000
2019-08-21,4.254361152648926,4.309519053707521,4.215353211296976,4.236969107071477,427244000
2019-08-22,4.260571002960205,4.306535740958399,4.22131428375063,4.264049410442258,303488000
2019-08-23,4.035964488983154,4.238458537186339,4.016087804575927,4.184046095850396,568056000
2019-08-26,4.110750675201416,4.138826734402694,4.072488188579572,4.114726201585745,318208000
2019-08-27,4.020063400268555,4.151746259023311,3.9907452547205264,4.149013291878587,290968000
2019-08-28,4.009618282318115,4.062343667583897,3.954405792400483,3.993701381786324,255612000
2019-08-29,4.153369426727295,4.1857008348207865,4.0976593324169865,4.101141183663465,357976000
2019-08-30,4.166053771972656,4.2493701227194,4.147898333812529,4.199628975315367,290616000
2019-09-03,4.08298397064209,4.126258524250914,4.060103379376793,4.093180951813853,296140000
2019-09-04,4.197140693664551,4.204602005993086,4.14366914122656,4.14366914122656,227728000
2019-09-05,4.470219612121582,4.476437136282169,4.297618447020891,4.299359372760523,695676000
2019-09-06,4.443110942840576,4.503794781567796,4.40505914096025,4.446841362831437,376976000
2019-09-09,4.489120960235596,4.575670589296728,4.472706449022284,4.474198806687141,417524000
2019-09-10,4.555774211883545,4.5823852354104515,4.446592547510068,4.456291923567229,352812000
2019-09-11,4.584373950958252,4.632622724271211,4.54134795366165,4.5704465482479675,361512000
2019-09-12,4.582882404327393,4.685597491850589,4.574923954851905,4.630882618044122,327840000
2019-09-13,4.524933338165283,4.553285753443613,4.481161163295235,4.516228711680695,324592000
2019-09-16,4.481908321380615,4.51647826679335,4.439379926352239,4.449825480416518,231832000
2019-09-17,4.503296375274658,4.507524404776446,4.442114943097713,4.488622793250782,223048000
2019-09-18,4.476187705993652,4.512001438992079,4.389638562797423,4.49633310869276,258152000
2019-09-19,4.400580883026123,4.500560275515015,4.389886289055321,4.482155801934214,245476000
2019-09-20,4.2948808670043945,4.423212666998994,4.284684358479062,4.399585893325058,350244000
2019-09-23,4.348353385925293,4.39386649268725,4.291399979035365,4.295130872616926,249712000
2019-09-24,4.2909040451049805,4.409287489986878,4.255339345439847,4.379691747358096,317268000
2019-09-25,4.4326629638671875,4.452310748852547,4.245636866007446,4.290403778888933,308432000
2019-09-26,4.410530090332031,4.431670241902006,4.359545632784867,4.4229656131281025,234564000
2019-09-27,4.271753787994385,4.4194844048737005,4.211069471523686,4.36874850808785,362056000
2019-09-30,4.329202651977539,4.339399635853765,4.266280297759916,4.297617428009608,186184000
2019-10-01,4.327463626861572,4.501557184724058,4.322738459342409,4.352334202894325,366008000
2019-10-02,4.303586483001709,4.317513885941315,4.2312133218406105,4.305575976459771,293372000
2019-10-03,4.509264945983887,4.5154824684744215,4.2777209360731545,4.3080628442948745,450588000
2019-10-04,4.525679111480713,4.555026270819616,4.446342259169057,4.5115026679278225,265524000
2019-10-07,4.584373950958252,4.684104305808644,4.581886846993333,4.590591473687261,480984000
2019-10-08,4.407792568206787,4.49260075831543,4.389637139472193,4.49260075831543,444436000
2019-10-09,4.4943413734436035,4.5438339235698875,4.455792457524897,4.484642002457807,292412000
2019-10-10,4.552042007446289,4.603026452067715,4.4868815922346394,4.492104368174887,309124000
2019-10-11,4.625659942626953,4.708975807367671,4.617203882338242,4.636105496736535,446404000
2019-10-14,4.639089584350586,4.659980691880222,4.585866594282239,4.616954687448954,200040000
2019-10-15,4.883814811706543,4.956437025337233,4.715441689664922,4.729369568891344,664124000
2019-10-16,4.830094337463379,4.954695742202176,4.818654037777898,4.849742128344207,428944000
2019-10-17,4.832084655761719,4.9196285467818335,4.777617876928295,4.874613049096965,263436000
2019-10-18,4.737575054168701,4.865160667235678,4.663212413346254,4.8325802274800775,307440000
2019-10-21,4.8748602867126465,4.888290551661717,4.7801036766308185,4.799005285035759,261868000
2019-10-22,4.864912033081055,5.037015516465059,4.857202154508038,4.931813362361075,328720000
2019-10-23,4.851980209350586,4.866156179982779,4.751006066506949,4.782840332775047,279916000
2019-10-24,4.89600133895874,4.929576058826617,4.859192861915762,4.8932651923567185,232020000
2019-10-25,5.087007522583008,5.107898632346243,4.968872661045614,4.976582543129671,423092000
2019-10-28,5.142964839935303,5.195441168710671,5.101430725108639,5.130777888075237,330792000
2019-10-29,5.046717166900635,5.135504857418931,5.027318414871446,5.129038290498065,211236000
2019-10-30,5.048705577850342,5.0792965313522265,4.980560443479402,5.073576144485224,205960000
2019-10-31,4.999461650848389,5.048705169569233,4.919627655466068,5.027814066057341,209732000
2019-11-01,5.038509368896484,5.07084077539784,4.939027096410339,4.964146232646767,283640000
2019-11-04,5.23523473739624,5.24767025937287,5.096457822450334,5.119586992030212,376716000
2019-11-05,5.213099956512451,5.261099692380898,5.1650997462773764,5.234985809574233,300868000
2019-11-06,5.163855075836182,5.214590470723479,5.076310737836193,5.188974205232624,269012000
2019-11-07,5.181512832641602,5.265077709055861,5.136745917620874,5.2504041302153555,280340000
2019-11-08,5.1675872802734375,5.1991729847474,5.127048379340189,5.164603039575898,189100000
2019-11-11,5.177535533905029,5.200664703086255,5.080540361625758,5.166840937752793,243436000
2019-11-12,5.213099956512451,5.269058615645752,5.180768075961376,5.215835628849345,283504000
2019-11-13,5.187234401702881,5.209368821852523,5.120830192520741,5.181762582915754,300188000
2019-11-14,5.217575550079346,5.21981408576045,5.136249202497248,5.196186837359422,518080000
2019-11-15,5.078300952911377,5.267067521842271,4.990010432098567,5.21533690351096,1053628000
2019-11-18,5.279502868652344,5.306113881130765,5.067855237248647,5.070839476963107,574588000
2019-11-19,5.172810077667236,5.27204331534341,5.114613351719055,5.248416534703051,414564000
2019-11-20,5.252146244049072,5.335959707478232,5.1372446908596405,5.1499287794842115,472588000
2019-11-21,5.2272772789001465,5.303380885230979,5.2056399883622975,5.247671254187964,288388000
2019-11-22,5.244933128356934,5.296414704487735,5.221305880354842,5.249906861397849,224100000
2019-11-25,5.501598358154297,5.506572567464583,5.3600852815336015,5.37301794112032,506476000
2019-11-26,5.39689302444458,5.48866494408061,5.390426458356778,5.483939303575425,385244000
2019-11-27,5.431736946105957,5.476785657980302,5.405355042614716,5.442439433136044,215784000
2019-11-29,5.394402503967285,5.4292466981869465,5.370509070950065,5.400873839874675,141556000
2019-12-02,5.207986354827881,5.400875125146189,5.192804441469207,5.387434947196444,372036000
2019-12-03,5.168412685394287,5.172394608073015,4.986973159959638,5.024306296013905,465232000
2019-12-04,5.212218284606934,5.274440355387221,5.1835961890140085,5.252040371928979,273424000
2019-12-05,5.195293426513672,5.2497999186570175,5.164679898566728,5.234120027389068,184884000
2019-12-06,5.280661582946777,5.313515297936631,5.254528431528692,5.264484189049856,232236000
2019-12-09,5.280661582946777,5.335417299879885,5.24905304972204,5.257764100194735,211880000
2019-12-10,5.325710296630859,5.3774790918331785,5.258012385749654,5.3107766616725405,256388000
2019-12-11,5.409336566925049,5.414812423158617,5.333674807577428,5.336163746826029,233796000
2019-12-12,5.576838493347168,5.595007322829574,5.3715059874596935,5.380465789086191,404348000
2019-12-13,5.57484769821167,5.699043065992247,5.520838711177942,5.579825576915695,454704000
2019-12-16,5.6037187576293945,5.6761453290181985,5.594260977611441,5.622385566135441,320976000
2019-12-17,5.681869983673096,5.70451871570871,5.612927832005348,5.622385612100623,321196000
2019-12-18,5.712233543395996,5.772713387953918,5.708251145819848,5.716713443971287,343548000
2019-12-19,5.860321998596191,5.873762175351524,5.741851245868105,5.746829124275014,445360000
2019-12-20,5.957637310028076,5.983023729631733,5.9076107253155365,5.926775034446558,603044000
2019-12-23,5.943947792053223,6.018365308271743,5.933245782091431,5.986258803669817,355060000
2019-12-24,5.938971996307373,5.956145348334653,5.894172030099983,5.928518734154545,138864000
2019-12-26,5.953158378601074,5.981282493413734,5.923540330405871,5.94245589111793,182852000
2019-12-27,5.895415306091309,5.981779548382364,5.869032930836672,5.968339371896367,254644000
2019-12-30,5.782172203063965,5.878740970463417,5.7508124187002325,5.873514339736128,258056000
2019-12-31,5.856340408325195,5.865798187948946,5.727665139968271,5.746829450735264,231004000
2020-01-02,5.971076965332031,5.971076965332031,5.8916820387936255,5.9422061261104835,237536000
2020-01-03,5.875504016876221,5.9193084896201915,5.826472914547734,5.851361830304913,205384000
2020-01-06,5.900144577026367,5.9053712073821005,5.756038640237342,5.782171792016009,262636000
2020-01-07,5.971574783325195,6.017370217404022,5.883468334889304,5.928517039782527,314856000
2020-01-08,5.982775688171387,6.02409122818226,5.92727371561059,5.967344548549254,277108000
2020-01-09,6.048481464385986,6.12090802671999,5.994721708224297,6.069139231981593,255112000
2020-01-10,6.080836296081543,6.186116088078672,6.0666498661842505,6.155751792284249,316296000
2020-01-13,6.271486282348633,6.296623954505938,6.141317545571688,6.163966752912107,319840000
2020-01-14,6.154509544372559,6.2540647613811355,6.141318116147422,6.228677860610162,359088000
2020-01-15,6.111948490142822,6.189601691642836,6.086064089642818,6.167201711413345,263104000
2020-01-16,6.195574760437012,6.201548119865506,6.142063751814368,6.165459211777373,284192000
2020-01-17,6.204286098480225,6.2222061775969015,6.156748447081117,6.2147393592857885,253792000
2020-01-21,6.17093563079834,6.204535602628313,6.136837681171992,6.167699961913598,217916000
2020-01-22,6.2249436378479,6.311556638293385,6.19731702825236,6.216232587499454,239240000
2020-01-23,6.2933878898620605,6.301850188800662,6.176161835918426,6.265015025340445,244516000
2020-01-24,6.234152317047119,6.458649601386447,6.179894581687254,6.408871766709822,373512000
2020-01-27,5.97829532623291,6.029317393777205,5.779931189053332,5.929512971699287,470536000
2020-01-28,6.171682357788086,6.204037622473159,5.99098904942448,6.044251311365819,310976000
2020-01-29,6.111201286315918,6.193334376160934,6.071378736202756,6.1572454719838525,258848000
2020-01-30,6.117922306060791,6.131362485087373,5.95838521630714,6.013389215433764,290504000
2020-01-31,5.884464263916016,6.084072633373489,5.842651224069046,6.072125914926748,370420000
2020-02-03,5.981531620025635,6.000944683491805,5.860073936086424,5.866296047468316,255564000
2020-02-04,6.15077543258667,6.169940219855815,6.073371453032142,6.12339804667602,271544000
2020-02-05,6.241121292114258,6.281938851591867,6.157743488432498,6.271734343043309,208220000
2020-02-06,6.327983856201172,6.327983856201172,6.194331171243668,6.275468797628245,218284000
2020-02-07,6.261778831481934,6.3100632069700815,6.236391936795416,6.287911980673991,189752000
2020-02-10,6.545012474060059,6.545758728420386,6.2794484605503715,6.28442633791831,529608000
2020-02-11,6.667466163635254,6.782203738856207,6.591306431955307,6.653279733113141,638556000
2020-02-12,6.783200263977051,6.789671601503967,6.681404871426681,6.720231472438191,374644000
2020-02-13,6.739395618438721,6.806595557928401,6.697831327462878,6.725209186080892,528016000
2020-02-14,7.2125325202941895,7.3414565446723685,7.118203946999055,7.149563729349154,1041924000
2020-02-18,7.3812785148620605,7.3996965714360154,7.089830500246091,7.109243562917757,620164000
2020-02-19,7.832510948181152,7.850182271217836,7.503729871108259,7.503729871108259,694332000
2020-02-20,7.683180809020996,7.8728334470144254,7.3758036554537405,7.784478228486057,810052000
2020-02-21,7.319055557250977,7.596068354037517,7.234184775589799,7.570930686367929,768180000
2020-02-24,6.801619052886963,7.01541438526623,6.670206064525198,6.724712566529033,856916000
2020-02-25,6.522116661071777,6.9387555440768045,6.420321266694582,6.876782232264527,1055496000
2020-02-26,6.661492824554443,6.855625800296119,6.520871326944372,6.522364310618723,747732000
2020-02-27,6.290677547454834,6.649291124091377,6.198284706095649,6.347955969591056,906416000
2020-02-28,6.725743293762207,6.785263225786728,6.0214667690129255,6.038152109998723,1133252000
2020-03-02,6.884131908416748,6.913020490869271,6.49986787674665,6.895836871565735,890744000
2020-03-03,6.621647834777832,6.999686077057141,6.5362280041934895,6.939917228179043,652792000
2020-03-04,7.085354328155518,7.094817764212099,6.654270899500302,6.7289823117891885,597408000
2020-03-05,6.805936336517334,7.052731956422238,6.761358474218322,6.885877048237078,540328000
2020-03-06,6.625382900238037,6.683906769581396,6.42515686299559,6.626378976418261,515412000
2020-03-09,6.112367630004883,6.460023449528423,5.931566710825775,5.974400843675041,614160000
2020-03-10,6.50186014175415,6.50186014175415,6.126063463078123,6.388797187781808,580648000
2020-03-11,6.138018608093262,6.390293368054027,6.040894269510428,6.3619030525450215,499964000
2020-03-12,5.386920928955078,5.8802631082003245,5.374219890329719,5.614789598406931,816540000
2020-03-13,5.997809410095215,6.002291990483821,5.469103849526931,5.740304950543586,634836000
2020-03-16,4.891087532043457,5.630727877877242,4.831318696774143,5.289795809090351,726972000
2020-03-17,5.410828590393066,5.500233193091708,4.7566084388934895,5.003403997386374,833632000
2020-03-18,5.05096960067749,5.2282839626354765,4.499601844322408,4.983231679255495,874268000
2020-03-19,5.303743362426758,5.397381175638423,4.816128672882115,5.029553080920315,765512000
2020-03-20,5.123939037322998,5.735822960901085,5.10849866717156,5.45391294297646,804636000
2020-03-23,5.2967705726623535,5.39115604913871,4.943884999796366,5.122942664733292,643876000
2020-03-24,6.205507755279541,6.29217305534779,5.679292495888863,5.7029508550306645,1101644000
2020-03-25,6.116848945617676,6.5202887570171155,6.068037414793704,6.320561003595748,793432000
2020-03-26,6.406230926513672,6.5302512073855095,6.225927824904156,6.324048223224364,696108000
2020-03-27,6.293914794921875,6.5526642311293,6.193054598613622,6.225927488151051,638828000
2020-03-30,6.614175319671631,6.6233898543465966,6.315330655894333,6.359410227176467,602252000
2020-03-31,6.56461763381958,6.8584814665930685,6.418930693842656,6.654270660343303,949960000
2020-04-01,6.053343772888184,6.513066364473172,6.008766400221248,6.366632732890536,656912000
2020-04-02,6.3621506690979,6.375349509282011,6.034417867069975,6.082481747363266,675764000
2020-04-03,6.074263572692871,6.366134774325188,5.936795093852247,6.32454562778288,663212000
2020-04-06,6.684154987335205,6.721012652243208,6.298894420190499,6.356422207479282,727884000
2020-04-07,6.450808048248291,6.929457580587798,6.407724545831599,6.905798751803751,784520000
2020-04-08,6.648045063018799,6.672948867099333,6.489906453358047,6.559885910074075,542444000
2020-04-09,6.548431396484375,6.796721352167685,6.485424937569646,6.773810171653583,525564000
2020-04-13,6.720266819000244,6.728983080179184,6.400254158571719,6.488662221958455,398408000
2020-04-14,7.071408271789551,7.1055261364577325,6.820876830501493,6.848519962641627,530948000
2020-04-15,6.993957042694092,7.076886433315747,6.857982919107444,6.903307468636154,366148000
2020-04-16,7.339122295379639,7.446208311676407,7.136157424957222,7.149356264291328,745620000
2020-04-17,7.279853343963623,7.442723456928721,7.145871343771936,7.421306153923963,539120000
2020-04-20,7.148609161376953,7.3092381874601005,7.104280687783636,7.15334111656417,449388000
2020-04-21,6.711799144744873,7.091829539403619,6.652030295879827,7.0305668136923725,735160000
2020-04-22,7.126196384429932,7.169030984977875,6.858481793507247,6.904055247287236,483356000
2020-04-23,7.072902679443359,7.300273585870351,7.047749973310746,7.168284222501299,424160000
2020-04-24,7.211864948272705,7.21385710057877,6.9879805641097965,7.0626919755938395,352328000
2020-04-27,7.398394584655762,7.558276460300396,7.321691013396195,7.346345919337004,479388000
2020-04-28,7.25594425201416,7.575707960165228,7.250465595877795,7.545823301692941,442904000
2020-04-29,7.432761192321777,7.485557029064431,7.315464555147975,7.39067376810219,379160000
2020-04-30,7.278855800628662,7.432760720852031,7.264909785203958,7.378719436080781,375916000
2020-05-01,7.042270660400391,7.194681234845582,6.993957405102291,7.081369380151772,342096000
2020-05-04,7.254200458526611,7.2678975728455475,6.994952787509616,6.994952787509616,317556000
2020-05-05,7.315216064453125,7.477837263737754,7.254201764682971,7.358299567249931,368896000
2020-05-06,7.416075706481934,7.520920683811323,7.356805134500558,7.3946588804721864,323464000
2020-05-07,7.59239387512207,7.655649225730638,7.503985819448694,7.555287305768912,373732000
2020-05-08,7.782410144805908,7.788635977921629,7.630248446454644,7.664117415604735,339216000
2020-05-11,8.03443431854248,8.0812532199306,7.748788480019479,7.777427686453684,469060000
2020-05-12,7.772447109222412,8.141021876961775,7.762734773214537,8.092210821639759,493060000
2020-05-13,7.750035285949707,8.047385189290235,7.56549850114975,7.887005510227171,625852000
2020-05-14,7.999568939208984,8.005047594988737,7.657889678751727,7.811545690852361,602312000
2020-05-15,8.458046913146973,8.467758774357401,7.843672178972516,7.859361447082682,987660000
2020-05-18,8.716548919677734,8.882158848045403,8.647067723866698,8.726759533757651,774460000
2020-05-19,8.771585464477539,9.052498925226844,8.728999759788941,8.756393994968642,717320000
2020-05-20,8.935449600219727,9.008168373058702,8.854512369148708,8.956368621173326,587536000
2020-05-21,8.741453170776367,9.017634700566356,8.703848319064196,9.016639099197258,761068000
2020-05-22,8.991483688354492,9.057977113329207,8.679689536790752,8.79125766258948,1038764000
2020-05-26,8.684172630310059,9.14638620409018,8.638599173736333,9.121481923174644,770780000
2020-05-27,8.492415428161621,8.59950051785167,7.965950391400026,8.591780807781486,1175892000
2020-05-28,8.45431137084961,8.726757430888176,8.346975498703378,8.379848386112114,734896000
2020-05-29,8.841315269470215,8.841315269470215,8.452319232440864,8.521551519120809,745256000
2020-06-01,8.77232837677002,8.806695606061657,8.65602832764597,8.799224799694192,389876000
2020-06-02,8.791257858276367,8.80321172202104,8.624652366711704,8.762370225061078,391320000
2020-06-03,8.735722541809082,8.832100150941315,8.666490263414596,8.788269951310621,365440000
2020-06-04,8.736719131469727,8.912867912730361,8.648020780578813,8.698349139572496,424280000
2020-06-05,8.889699935913086,8.9664380418545,8.678420180221178,8.764626517663563,481748000
2020-06-08,8.775091171264648,8.859552513936833,8.6562459473122,8.847095164462296,387736000
2020-06-09,9.01527214050293,9.078805861080788,8.72152408273164,8.770108413045627,468488000
2020-06-10,9.334930419921875,9.46772799834327,9.12240468175973,9.136607026501476,632180000
2020-06-11,8.766371726989746,9.22979144236008,8.7561564523807,9.118919406237683,583652000
2020-06-12,8.902156829833984,9.156041713433337,8.67368562111554,9.13137603070364,570908000
2020-06-15,9.142586708068848,9.151057932425964,8.714047113327261,8.785305003482147,400004000
2020-06-16,9.037694931030273,9.235272266881237,8.808725684298462,9.193664132376961,535716000
2020-06-17,9.20462417602539,9.267409883163971,9.03943674835207,9.082789870444397,408304000
2020-06-18,9.186688423156738,9.250969183096228,9.083539630190096,9.195657676798437,254408000
2020-06-19,9.229787826538086,9.41291375503679,9.195903884184563,9.211102283168469,524160000
2020-06-22,9.494386672973633,9.498871773981955,9.241747842834549,9.268407534142762,398468000
2020-06-23,9.417896270751953,9.60974242382118,9.375541107956739,9.518552986284448,375108000
2020-06-24,9.204127311706543,9.52403697253175,9.113435883941849,9.444058844499436,449372000
2020-06-25,9.457763671875,9.47271306129178,9.151059303167177,9.323970010638464,376072000
2020-06-26,9.1239013671875,9.467729712336192,9.094003539480816,9.467729712336192,592084000
2020-06-29,9.168746948242188,9.173232049293702,8.869765873209746,9.138600111994467,342248000
2020-06-30,9.465487480163574,9.493890273450207,9.235023200799287,9.282361506421937,367892000
2020-07-01,9.497626304626465,9.543221507665718,9.381024126433216,9.488408038637727,326648000
2020-07-02,9.579597473144531,9.704421861503496,9.545712575907153,9.60625621550432,364056000
2020-07-06,9.805827140808105,9.875091029212872,9.679507699342986,9.708658485901832,315892000
2020-07-07,9.838216781616211,10.035793168745375,9.81728820722433,9.912463798097562,357800000
2020-07-08,10.181297302246094,10.190267506077985,9.931648488925946,9.959802269166286,365480000
2020-07-09,10.473299026489258,10.534091670213655,10.198734648692174,10.344986563450181,494548000
2020-07-10,10.44365119934082,10.619052957502204,10.343492498515767,10.55277915164797,497676000
2020-07-13,10.018101692199707,10.755587630848778,9.990943973478354,10.559008288759605,457076000
2020-07-14,10.341748237609863,10.367410922178168,9.752257335870901,10.040774113605373,542676000
2020-07-15,10.192508697509766,10.397559289542265,10.021591068209313,10.37887374260071,403984000
2020-07-16,10.100323677062988,10.172078651972994,9.861886201857047,9.980980432503275,344964000
2020-07-17,10.166844367980957,10.21368463559378,10.053481282951243,10.190763004726778,266284000
2020-07-20,10.475044250488281,10.495474793400428,10.12224671574614,10.239347866244826,284852000
2020-07-21,10.293416023254395,10.52413028927334,10.251807884962611,10.477289056517796,277036000
2020-07-22,10.403291702270508,10.566485168713976,10.256541709263525,10.332283763774852,367292000
2020-07-23,10.095338821411133,10.51117107626877,9.99717318149924,10.414500470016959,411660000
2020-07-24,10.159870147705078,10.329541762567553,9.743788814776028,9.841455491581248,473292000
2020-07-27,10.386098861694336,10.406279442311487,10.183040382548999,10.197491742615112,292132000
2020-07-28,10.180798530578613,10.346733032822945,10.174570331657685,10.339009800039262,271636000
2020-07-29,10.429945945739746,10.480523314739726,10.3118487633201,10.355449943492497,284508000
2020-07-30,10.5779447555542,10.586914007838889,10.260277163298035,10.339756314835071,308880000
2020-07-31,10.578692436218262,10.72992751603733,10.397559530166061,10.527367058329665,386080000
2020-08-03,10.972847938537598,11.061047324167738,10.678849986437134,10.696041448492522,412720000
2020-08-04,11.189608573913574,11.189608573913574,10.868951887154713,11.012462764883185,310336000
2020-08-05,11.24841022491455,11.333121529035113,11.128319935451577,11.205806034151632,249924000
2020-08-06,11.296991348266602,11.319414950364918,11.140774125561245,11.31119274116081,244316000
2020-08-07,11.161455154418945,11.465668381238801,11.000005768248506,11.274071207483068,342516000
2020-08-10,11.127074241638184,11.369497853821477,10.819621877894193,11.295749813064376,427796000
2020-08-11,10.813145637512207,11.098921459640222,10.759079196498455,11.03613477821053,354512000
2020-08-12,11.401387214660645,11.428045955610024,10.921024246348408,10.953414108119377,464412000
2020-08-13,11.404129981994629,11.681933535464289,11.317176598209866,11.506779797368292,374460000
2020-08-14,11.524717330932617,11.664989136086199,11.401636988520456,11.490832433229327,366436000
2020-08-17,12.295093536376953,12.367596510208923,11.77710938203919,11.810993335687185,621300000
2020-08-18,12.219098091125488,12.453549380710092,12.045191382124148,12.407705171039536,503448000
2020-08-19,12.097267150878906,12.273166969973811,12.056904085940626,12.254730435791068,622624000
2020-08-20,12.09975528717041,12.332960564965441,11.838396236704872,11.934319795564626,921388000
2020-08-21,12.64041519165039,12.765239587965969,12.153823018009948,12.160301181206735,999868000
2020-08-24,12.677040100097656,12.868637287738805,12.465012367409239,12.839984531805605,490564000
2020-08-25,12.706686973571777,12.717898299986915,12.531035256257917,12.587841781224544,289076000
2020-08-26,12.72961139678955,12.824786987002051,12.634684820494062,12.755772114597788,321244000
2020-08-27,12.585351943969727,12.806348917519589,12.523811298192753,12.738081095050577,317604000
2020-08-28,13.103087425231934,13.103336439127528,12.599553765736271,12.631943630422956,537160000
2020-08-31,13.329065322875977,13.528883733964262,12.993459276887542,13.137966198424918,500840000
2020-09-01,13.77817153930664,13.95038574188467,13.394862527172423,13.438227675991252,511316000
2020-09-02,14.302043914794922,14.681115585297444,13.856926739094181,14.658186142029646,874012000
2020-09-03,12.975167274475098,13.841473875875945,12.838840818617765,13.785896742009523,945128000
2020-09-04,12.583385467529297,13.134173137133722,11.668479059045653,12.744134944953624,1463684000
2020-09-08,11.876084327697754,12.511110487825011,11.667981426416873,11.698137285184876,795728000
2020-09-09,12.675599098205566,12.769556763892693,12.193845970090976,12.361574683143147,736200000
2020-09-10,12.273597717285156,13.024762692469325,12.129295687593542,12.948997994743744,698684000
2020-09-11,12.126805305480957,12.613293024359079,11.858887908507215,12.446810700699576,636928000
2020-09-14,12.83236312866211,13.273741182740684,12.5921106768219,13.040467009993598,1201744000
2020-09-15,12.95074462890625,13.257540745071386,12.788000526305535,13.238848656035094,727556000
2020-09-16,12.475717544555664,13.05217549389546,12.47497027949737,12.917095450622478,556384000
2020-09-17,12.424878120422363,12.55073716303664,11.99745669318927,12.094654408006981,792512000
2020-09-18,12.151473999023438,12.593350015826047,11.951595837272928,12.554720411098824,698460000
2020-09-21,12.478461265563965,12.483694973903694,11.867610018715604,11.88804667529522,721044000
2020-09-22,12.598588943481445,12.60880727296717,12.117834034410564,12.536033524473098,646452000
2020-09-23,12.086180686950684,12.68756183930577,12.0418191842963,12.536530607405997,647012000
2020-09-24,12.309736251831055,12.530550274972123,11.97677159825077,12.034841522187119,731240000
2020-09-25,12.833856582641602,12.843576734436919,12.20780331992882,12.408927939676413,588016000
2020-09-28,12.994607925415039,13.011306356370335,12.710491215075473,12.999841634274576,573808000
2020-09-29,13.18476390838623,13.401091441820128,12.893170810331622,12.897407213832448,621460000
2020-09-30,13.488572120666504,13.580287038831065,13.109500461527388,13.116727827913346,689184000
2020-10-01,13.572309494018555,13.720099703122544,13.419035538099738,13.715365122828189,525004000
2020-10-02,13.021772384643555,13.477605085052133,13.01055675215891,13.184018292696402,552496000
2020-10-05,13.600226402282715,13.601970972015213,13.1817768534753,13.19498614604387,479820000
2020-10-06,13.693930625915527,14.098174399576221,13.622652378034157,13.787141008036896,784420000
2020-10-07,13.920726776123047,14.075496220253884,13.820538108612384,13.956366378512186,418084000
2020-10-08,13.795865058898926,14.040853931484282,13.715365781402312,14.031382869002927,378900000
2020-10-09,13.720101356506348,13.781411326549797,13.618418151320464,13.724338711308537,346892000
2020-10-12,14.181916236877441,14.3025415705262,13.869388259768023,13.946149317152287,434744000
2020-10-13,14.204096794128418,14.304036377631371,13.975308163127476,14.252197472284319,344604000
2020-10-14,14.051570892333984,14.298303391544927,13.916739922173088,14.246215398362194,276100000
2020-10-15,13.926712036132812,13.96235069634033,13.725088260229557,13.767955238570718,267224000
2020-10-16,13.76870059967041,14.07774039175941,13.749759423521498,13.99325283964249,242392000
2020-10-19,13.455924987792969,13.940169047931054,13.365206413030409,13.859918842046525,298068000
2020-10-20,13.603216171264648,13.756988333381303,13.465145135362771,13.541408020040002,229212000
2020-10-21,13.482840538024902,13.748764292958706,13.435737157219936,13.582780136172405,219596000
2020-10-22,13.319597244262695,13.569569814147943,13.190747236945244,13.480596768269912,290480000
2020-10-23,13.548134803771973,13.551125765582382,13.25006159631915,13.408319223122215,233484000
2020-10-26,13.1005277633667,13.650319103468638,12.998096338348244,13.385392673750909,336896000
2020-10-27,13.35523509979248,13.40034481317978,13.150620413716602,13.264765633930438,250520000
2020-10-28,12.587868690490723,13.218907391560498,12.569924822486415,13.157099256205193,376520000
2020-10-29,12.983642578125,13.151869480796144,12.710491457131447,12.79871724418056,320080000
2020-10-30,12.495159149169922,12.896411055077888,12.261884079576626,12.810179890792627,416820000
2020-11-02,12.541765213012695,12.796971486220077,12.35659080784414,12.618526270619803,299652000
2020-11-03,12.979156494140625,13.064391321084145,12.56369791533839,12.669120313420843,272900000
2020-11-04,13.751503944396973,13.784651715579656,13.295671227164691,13.347759223710232,410228000
2020-11-05,14.116121292114258,14.294566513756212,13.947645310964258,14.118614077596797,319028000
2020-11-06,14.516874313354492,14.543541030292754,13.851941452053909,14.066025304842766,383348000
2020-11-09,13.588508605957031,14.645971395758417,13.568571079455158,14.507402211518222,582976000
2020-11-10,12.730429649353027,13.564336776684897,12.5891185599537,13.564336776684897,644068000
2020-11-11,13.376420021057129,13.393367538571804,12.908125296795578,13.013298590022384,404744000
2020-11-12,13.41504955291748,13.723341113846628,13.27473578360391,13.437230778580004,365812000
2020-11-13,13.2557954788208,13.626393386360808,13.018782160079738,13.58502189438396,346312000
2020-11-16,13.473365783691406,13.607199424530691,13.11522904858404,13.131677435113653,413776000
2020-11-17,13.380657196044922,13.554117795380119,13.262524644847927,13.510503557144846,312028000
2020-11-18,13.387136459350586,13.563588009896126,13.1441421824514,13.423523328788992,510924000
2020-11-19,13.398603439331055,13.445706821618874,13.059407748022466,13.17180842574458,565936000
2020-11-20,13.047195434570312,13.452684764910122,13.024515078130138,13.412310574058976,341088000
2020-11-23,13.099282264709473,13.341030162070899,12.975167790038975,13.130435427576792,361356000
2020-11-24,12.917598724365234,13.12121520804302,12.845074060237616,13.101775852379744,346500000
2020-11-25,13.193735122680664,13.228377416742042,12.979651297579528,12.99211236976413,259916000
2020-11-27,13.220157623291016,13.36595516884803,13.129689084018645,13.333555608644337,167276000
2020-11-30,13.359971046447754,13.370937590814925,12.932051446429709,13.223894627264986,286952000
2020-12-01,13.348505973815918,13.486826076488711,13.187256431069839,13.450439209421589,296948000
2020-12-02,13.50252914428711,13.631129114745079,13.193240254326906,13.309130061070027,283360000
2020-12-03,13.358433723449707,13.621693331672965,13.29162217345362,13.549396414005608,199520000
2020-12-04,13.52022933959961,13.521974424507142,13.351204314555789,13.410786363398698,202244000
2020-12-07,13.568592071533203,13.692743209564702,13.462141895080437,13.563107654973566,223244000
2020-12-08,13.312562942504883,13.56061510598697,13.24425451987971,13.546903589065858,271920000
2020-12-09,12.894487380981445,13.376381837972524,12.832162653647892,13.26320049071074,401300000
2020-12-10,12.935873031616211,13.032102820669692,12.813466967276163,12.83291301548905,207764000
2020-12-11,12.97675609588623,12.98348727275227,12.787039235846656,12.930884618613915,209264000
2020-12-14,13.271428108215332,13.351203686233916,13.040826798286616,13.051297307239059,270156000
2020-12-15,13.323033332824707,13.426242500782983,13.149770658003526,13.40206047490147,193016000
2020-12-16,13.205364227294922,13.399567920519228,13.175447671879173,13.38485880478983,223116000
2020-12-17,13.30383586883545,13.341978569105423,13.141542045726027,13.329263701682226,231384000
2020-12-18,13.234781265258789,13.367407711372202,13.033846398297575,13.341480601086888,342064000
2020-12-21,13.294861793518066,13.332506174025465,12.931134759264241,13.038084209341594,302332000
2020-12-22,13.24101448059082,13.299849046264637,13.017393488830592,13.281899872364148,185580000
2020-12-23,12.97276782989502,13.237772518322112,12.968530174223998,13.218825746792993,179144000
2020-12-24,12.95731258392334,13.095673577659898,12.902467461442201,13.0006905480948,97884000
2020-12-28,12.863823890686035,13.025868569074484,12.727458111823653,13.025868569074484,212564000
2020-12-29,12.906949996948242,13.035838036663034,12.806233421646759,12.888751666495113,170372000
2020-12-30,13.108885765075684,13.176694914698261,12.860584432443018,12.953821418799093,225396000
2020-12-31,13.018390655517578,13.114121164807875,12.87878290992759,13.099662161368183,192424000
2021-01-04,13.076725959777832,13.614214972587265,12.926149380434182,13.067502211124319,560640000
2021-01-05,13.367157936096191,13.405798962277402,13.050299048810631,13.063012965896096,322760000
2021-01-06,12.579127311706543,13.207859146171348,12.550707625109041,13.185422201120657,580424000
2021-01-07,13.306578636169434,13.34023452196622,12.850362120145352,12.93113434405788,461480000
2021-01-08,13.239516258239746,13.383361639460059,13.005424797193161,13.325026358914794,292528000
2021-01-11,13.583300590515137,13.92184894045649,13.32502709160105,13.381118966632627,518344000
2021-01-12,13.446934700012207,13.71592883730901,13.307577070665623,13.7139336394329,291476000
2021-01-13,13.493800163269043,13.586788919117168,13.347462223277248,13.452167296082305,210028000
2021-01-14,13.163232803344727,13.561612396886156,13.143538544960627,13.536932045657988,283120000
2021-01-15,12.82343578338623,13.287879340414982,12.812466952148759,13.19090209083894,277780000
2021-01-19,12.988723754882812,13.057280388815155,12.807981463243154,12.979748217546279,226188000
2021-01-20,13.328269004821777,13.392837146187576,13.020135512164993,13.074980630078048,258572000
2021-01-21,13.828612327575684,13.959992973771397,13.215835495319384,13.380871079540578,337780000
2021-01-22,13.67404556274414,13.802933631043508,13.589034728801968,13.701468596467407,246820000
2021-01-25,13.614962577819824,13.789721185785888,13.19938129579068,13.74310221612875,251112000
2021-01-26,13.397573471069336,13.606485325863583,13.34995690590269,13.542415511367036,163980000
2021-01-27,12.881524085998535,13.195640288057769,12.757871281264219,13.192897604485092,371272000
2021-01-28,13.014399528503418,13.302340407127636,12.924153447665297,12.959803578675862,228316000
2021-01-29,12.953320503234863,13.297353226268248,12.875290021733056,13.038331322992429,271552000
2021-02-01,13.199881553649902,13.233536494186444,12.866568401432255,13.016646669284185,217204000
2021-02-02,13.518733024597168,13.533939513350386,13.248242969774687,13.361176112515281,220440000
2021-02-03,13.492557525634766,13.892682206778403,13.478596845978661,13.597760947043264,245408000
2021-02-04,13.625931739807129,13.635155488119919,13.300347404064619,13.493055176707028,201340000
2021-02-05,13.552885055541992,13.698725635356672,13.507762015334324,13.68651004246619,169152000
2021-02-08,14.398260116577148,14.43316181497627,13.688755187120892,13.688755187120892,434624000
2021-02-09,14.223251342773438,14.542353649548263,14.182615117513894,14.300533397758027,287560000
2021-02-10,14.722848892211914,14.86320414212183,14.30128481843633,14.422693293603515,485352000
2021-02-11,15.20798397064209,15.22942426691182,14.883148028404765,14.938243265667598,450828000
2021-02-12,14.919293403625488,15.248367885003656,14.733565033067464,15.007794401549177,374756000
2021-02-16,15.287260055541992,15.329392207780066,14.908076391399229,15.0220061893389,321960000
2021-02-17,14.864198684692383,15.180808421709868,14.738551627972099,15.128454926659813,274756000
2021-02-18,14.78741455078125,14.831539993564954,14.534126197463962,14.687694606829579,233868000
2021-02-19,14.884642601013184,15.134439861142546,14.80511617951891,14.982367357934063,271724000
2021-02-22,14.3154935836792,15.090813464605944,14.284829539167944,14.733318293645503,325884000
2021-02-23,14.102343559265137,14.198822514035365,13.351953168163426,14.03578021297403,391780000
2021-02-24,14.458341598510742,14.466070375748892,13.717425083680581,14.083147360949729,448320000
2021-02-25,13.270181655883789,14.33443901715153,13.179188080871866,14.00611199836621,824436000
2021-02-26,13.676040649414062,13.815647436688753,13.323531609545643,13.713933240960111,500932000
2021-03-01,13.802933692932129,13.885950280412095,13.515242901527062,13.836090305328044,353184000
2021-03-02,13.36865520477295,13.881462909178813,13.358433857283094,13.861020214199105,264116000
2021-03-03,12.768840789794922,13.413776541433187,12.762857098855966,13.388597869897936,377592000
2021-03-04,12.335559844970703,12.938614575428367,12.049863300020087,12.764852623838904,573344000
2021-03-05,12.426554679870605,12.514806524253467,11.646497921681421,12.514806524253467,542840000
2021-03-08,11.560739517211914,12.436276664198935,11.534063968796627,12.41508648345778,543112000
2021-03-09,12.489450454711914,12.585712508751332,12.029584075134197,12.100409513789169,521824000
2021-03-10,12.437575340270996,12.948065579929416,12.426851970545927,12.808909118795265,384376000
2021-03-11,12.96153450012207,13.014155316080448,12.703171840009764,12.918141567568973,299916000
2021-03-12,12.824373245239258,12.857042807221505,12.559027830206189,12.617134005807182,243964000
2021-03-15,13.158799171447754,13.17426110970681,12.73584243101685,12.833102427316174,221988000
2021-03-16,13.258553504943848,13.479258807224893,13.084482313956556,13.32364243314881,272128000
2021-03-17,13.308430671691895,13.420154662329283,12.957545610939825,13.007672048190122,243864000
2021-03-18,12.691202163696289,13.151567029011133,12.685715853663865,13.104184222736647,293896000
2021-03-19,12.814149856567383,12.889713864876905,12.581473976517742,12.718635542098236,299208000
2021-03-22,13.153809547424316,13.361547266325193,12.874997152443814,12.880982909051182,297804000
2021-03-23,13.038596153259277,13.311672080567098,12.989217459153739,13.221644080605948,222048000
2021-03-24,12.611898422241211,13.126879078644556,12.60566436776516,13.118898385374361,245840000
2021-03-25,12.504409790039062,12.683468752541286,12.241808053601774,12.468748307367942,295144000
2021-03-26,12.807662010192871,12.824620384035123,12.343058124473357,12.523612577983327,363968000
2021-03-29,12.916397094726562,13.030366222137898,12.668757782645448,12.788711716238293,273520000
2021-03-30,12.840082168579102,12.943327898120906,12.673742460758223,12.810405490366506,200204000
2021-03-31,13.315410614013672,13.437359455060992,12.950560131348015,12.983478936125065,314776000
2021-04-01,13.777772903442383,13.835879080768066,13.47801127894021,13.538862038226707,308276000
2021-04-05,13.95309066772461,13.979525226057607,13.699216354541514,13.833385984222154,255672000
2021-04-06,13.827400207519531,14.019676015663661,13.739617343870526,13.96531045972212,191744000
2021-04-07,14.108704566955566,14.208457976713019,13.677767211137832,13.84660035897789,251284000
2021-04-08,14.281779289245605,14.435899213055192,14.213945783814793,14.217687357595498,244416000
2021-04-09,14.364571571350098,14.372552262021722,14.14012570539876,14.179029313018907,195172000
2021-04-12,15.17158317565918,15.314730471035531,14.104465091205773,14.254595135072282,869324000
2021-04-13,15.640928268432617,15.661378021363982,15.088540447915161,15.194030388057516,676212000
2021-04-14,15.239419937133789,15.681828520353747,15.190041239869165,15.586563452144864,385500000
2021-04-15,16.097551345825195,16.174361581809492,15.593044896398382,15.623968769706602,598480000
2021-04-16,15.873353004455566,16.12598008943115,15.826218501412095,16.01350646843604,335208000
2021-04-19,15.323956489562988,15.768610086032313,15.195523394059228,15.498276894788122,404420000
2021-04-20,15.133926391601562,15.458874387907025,14.926188677668558,15.285551919658973,334132000
2021-04-21,15.322710990905762,15.32470592597656,15.06509609224263,15.0815550200728,216776000
2021-04-22,14.813716888427734,15.400519884321316,14.747130576116172,15.337175698398932,277788000
2021-04-23,15.227697372436523,15.297275618549515,14.863595508360055,14.897511312075965,227500000
2021-04-26,15.439920425415039,15.440918368559602,15.087789194594976,15.147642000066975,197796000
2021-04-27,15.343908309936523,15.63194762998392,15.316725060501184,15.540173958472135,164572000
2021-04-28,15.239169120788574,15.494041387544131,15.178070060901838,15.326703691397503,209416000
2021-04-29,15.287050247192383,15.398524986163917,15.034423133882983,15.362114800935823,173196000
2021-04-30,14.972576141357422,15.327201831127287,14.96010708165607,15.13717115419707,201912000
2021-05-03,14.800247192382812,15.209238317666788,14.751118712186878,15.087787980814348,203912000
2021-05-04,14.315943717956543,14.601489619166298,13.975783018917165,14.601240371190695,405324000
2021-05-05,14.422931671142578,14.77705885779142,14.35210623381281,14.672815161485438,292024000
2021-05-06,14.48727035522461,14.53540184870253,14.18302136153679,14.459588610408613,193380000
2021-05-07,14.775809288024902,14.93391906739071,14.635654875272314,14.771819417961543,229328000
2021-05-10,14.230656623840332,14.769577450358023,14.214945436853133,14.750873384517554,268904000
2021-05-11,14.271053314208984,14.31943405516003,13.716172183673429,13.79098747804603,285584000
2021-05-12,13.724653244018555,14.225168896948256,13.675524752489777,13.975035218815083,303408000
2021-05-13,13.631632804870605,14.046111298805778,13.42588999722822,13.999226037710349,285404000
2021-05-14,14.20796012878418,14.292751054175579,13.714676512622503,13.85582887340321,258616000
2021-05-17,14.130650520324707,14.134391142572785,13.819418762550056,14.122171332609264,216980000
2021-05-18,13.981271743774414,14.368816262318823,13.969550427599062,14.231903945136112,186256000
2021-05-19,14.031146049499512,14.044862298330735,13.509931447897435,13.533123876129947,344000000
2021-05-20,14.576553344726562,14.647628031207587,14.235394659351991,14.267315528168957,321592000
2021-05-21,14.954866409301758,15.184550295946321,14.83291756981621,15.126443178932425,672992000
2021-05-24,15.573596000671387,15.706268251263516,15.138667709220721,15.1750778988587,554816000
2021-05-25,15.60925579071045,15.779585403800763,15.444412487570158,15.727214784284769,435408000
2021-05-26,15.661376953125,15.754896323009897,15.547907279022002,15.69554295501756,370440000
2021-05-27,15.449897766113281,15.71125330157703,15.421966770902706,15.66112686872143,581476000
2021-05-28,16.20453453063965,16.237454287840492,15.462864882329143,15.462864882329143,644536000
2021-06-01,16.2244873046875,16.347933551781875,15.864126093340143,16.229974565620903,472804000
2021-06-02,16.73697280883789,16.877128178251017,16.195558646312733,16.21226777374694,594168000
2021-06-03,16.92799949645996,17.21653919121197,16.542201731687715,16.659662203794827,580008000
2021-06-04,17.535005569458008,17.61755040818045,17.053443272743788,17.070399745238127,617120000
2021-06-07,17.575653076171875,17.768677543429288,17.150453185888143,17.528021981905518,575756000
2021-06-08,17.41405487060547,17.57814946975256,17.208560371373252,17.484131607589486,323848000
2021-06-09,17.31951332092285,17.535780721881775,17.21724304760244,17.476663064864983,381656000
2021-06-10,17.38611602783203,17.452967859710565,17.137673016665815,17.311284529275444,287772000
2021-06-11,17.785470962524414,17.89921687451145,17.404822092173582,17.440491747486085,416308000
2021-06-14,17.97854232788086,17.99924607215233,17.623337708587435,17.866044815690444,321376000
2021-06-15,17.748804092407227,17.97604663575129,17.68843990745718,17.875022883618865,243032000
2021-06-16,17.770509719848633,17.914688031036157,17.545263461195876,17.751054402065236,307124000
2021-06-17,18.61561393737793,18.792966905127752,17.716625537466296,17.734834323579165,809656000
2021-06-18,18.5971622467041,19.33176940808772,18.542533966472092,18.742088476437882,968856000
2021-06-21,18.386131286621094,18.495138525894447,17.782980352467526,18.394112856856477,672384000
2021-06-22,18.8446044921875,18.921434238935472,18.344972300218704,18.430282227083815,580144000
2021-06-23,19.014724731445312,19.11001257671834,18.865558432257274,18.96533567291674,332356000
2021-06-24,19.162641525268555,19.37666328306946,19.045652733544433,19.184842999806214,320924000
2021-06-25,18.98853302001953,19.302332029426786,18.852338209521378,19.237476542149953,278364000
2021-06-28,19.940404891967773,20.033945692644743,19.275890678564842,19.31804607968373,495436000
2021-06-29,19.98206329345703,20.053901233491175,19.61313737146754,19.838134302070934,367632000
2021-06-30,19.957866668701172,20.117509490168736,19.81942620130902,19.954623798999663,326568000
2021-07-01,20.16689682006836,20.410351816483264,19.97432670783761,20.080091067121554,480136000
2021-07-02,20.441282272338867,20.45949296291919,20.24247763436387,20.39463747913961,342764000
2021-07-06,20.652311325073242,20.795490483018398,20.304839002416227,20.69122385571064,446708000
2021-07-07,20.326290130615234,20.828417245407213,20.286629685691395,20.806965588248794,418428000
2021-07-08,19.85833740234375,20.088073010027667,19.656788496494755,19.81219121733982,503300000
2021-07-09,20.005510330200195,20.035444075342934,19.710171276544106,19.917956647255515,296624000
2021-07-12,20.466726303100586,20.48692953104882,20.142700097359224,20.194833408061367,321984000
2021-07-13,20.204814910888672,20.41559384007116,20.06911869589807,20.3549784361798,290708000
2021-07-14,19.797224044799805,20.372188248728314,19.70867315158552,20.312322668503903,380100000
2021-07-15,18.923925399780273,19.802710619931563,18.816415909806356,19.76753957121302,550564000
2021-07-16,18.12047004699707,19.11424759877164,18.032667088106123,18.988030726422647,688224000
2021-07-19,18.73784065246582,18.999504392664644,17.825629630506736,17.875269883894855,749060000
2021-07-20,18.570465087890625,18.795960580206206,18.12346488761401,18.68820179026465,434687000
2021-07-21,19.36668586730957,19.48342535694125,18.700177259556888,18.83986423648893,371017000
2021-07-22,19.550273895263672,19.84261930571644,19.232982752333722,19.59816711341448,323826000
2021-07-23,19.514354705810547,19.656038014900673,19.207041478833922,19.612135581591964,195672000
2021-07-26,19.250944137573242,19.398612673272545,18.87179107976758,19.26790639829814,203943000
2021-07-27,19.165136337280273,19.57821202904054,18.699177517637054,19.22200834655241,248863000
2021-07-28,19.459474563598633,19.60215507409645,18.952608867881935,19.275885189194327,202191000
2021-07-29,19.61812400817871,19.808697767774508,19.28486780665784,19.475441566253632,190781000
2021-07-30,19.455486297607422,19.586192570661208,19.220012897722576,19.374665779501278,183497000
2021-08-02,19.70592498779297,19.916454551964733,19.31779315905893,19.656037331339196,217444000
2021-08-03,19.770782470703125,20.17687382086152,19.17710902193863,19.69594907533359,301811000
2021-08-04,20.228759765625,20.27266220607287,19.783753941478007,19.945393101365298,231309000
2021-08-05,20.590946197509766,20.686732636563846,20.296604434887584,20.454252790573072,211435000
2021-08-06,20.3205509185791,20.524096148760073,20.164898907628032,20.478199273286513,178497000
2021-08-09,20.249711990356445,20.46223602836236,20.098050750515416,20.400374106685497,146443000
2021-08-10,19.891515731811523,20.38441290505014,19.790739367084083,20.276654093629627,179238000
2021-08-11,19.655046463012695,20.00426591413598,19.38664756137036,19.998278783857486,185925000
2021-08-12,19.86058235168457,19.984304288652414,19.576218486098607,19.825660607005055,151652000
2021-08-13,20.142948150634766,20.16889110337351,19.806700306984172,19.86058065307714,183063000
2021-08-16,19.905481338500977,20.24172919957382,19.409588774585117,20.09006796888295,210876000
2021-08-17,19.414579391479492,19.72588343328819,19.224005625797794,19.641072122334368,204585000
2021-08-18,18.997512817382812,19.590187158874645,18.95760116460458,19.456485405778384,285913000
2021-08-19,19.75382423400879,20.449269491332213,18.720134701148606,19.450501709268725,766555000
2021-08-20,20.769548416137695,20.818438857926825,19.888519437371215,19.94638866874233,675741000
2021-08-23,21.909000396728516,21.947912925807106,20.903250350633197,20.924203397298,575807000
2021-08-24,21.744365692138672,21.909995609508034,21.486942027246627,21.704455946330775,297299000
2021-08-25,22.16343116760254,22.419857643177572,21.67352760765165,21.688493526251065,347701000
2021-08-26,22.018754959106445,22.29014733822545,21.741375451642853,22.15046036413365,237940000
2021-08-27,22.585487365722656,22.671295897934026,22.1175340779144,22.134496340275508,304722000
2021-08-30,22.637374877929688,22.991582292262514,22.500681440564495,22.77905822428135,262580000
2021-08-31,22.3389892578125,22.648351539197673,22.07453455787261,22.648351539197673,259850000
2021-09-01,22.394872665405273,22.650346976918826,22.311045692279038,22.438782848035817,201767000
2021-09-02,22.349960327148438,22.546555855660092,22.249168120910575,22.47170927220523,187834000
2021-09-03,22.796045303344727,22.938751008342507,22.154367377268184,22.279110432537877,280532000
2021-09-07,22.61541748046875,22.851929824701582,22.475703964992363,22.786065507103327,198107000
2021-09-08,22.29308319091797,22.563526062752924,21.93182586082569,22.466725323109348,254434000
2021-09-09,22.131412506103516,22.491670487300535,22.085507536787368,22.26613522548103,196856000
2021-09-10,22.431795120239258,22.579489705395595,22.224222499927517,22.302061280830465,248376000
2021-09-13,22.106464385986328,22.916795498614167,21.813068113227185,22.637370386299374,297500000
2021-09-14,22.1962833404541,22.36393729454732,22.04060385304118,22.229214551396048,199755000
2021-09-15,22.295074462890625,22.321021990703297,21.920845329366998,22.263140654637013,166538000
2021-09-16,22.1962833404541,22.231211247556853,21.881930273101137,22.137404596562575,156033000
2021-09-17,21.854978561401367,22.275112616046236,21.78512276887462,22.254155878288213,294503000
2021-09-20,21.06960105895996,21.388942963530003,20.619527919799644,21.102532264947648,349440000
2021-09-21,21.202327728271484,21.380958731216275,20.90693664793861,21.372975754388563,204688000
2021-09-22,21.895898818969727,21.91485886480449,21.152429377866472,21.32208000784405,268726000
2021-09-23,22.4357852935791,22.488675841781284,21.845001277296493,22.094487365537624,248555000
2021-09-24,22.03561019897461,22.10347121162325,21.816063110959004,22.02463313008802,217655000
2021-09-27,21.615474700927734,21.75418890615817,21.28116425373178,21.665371157592627,245215000
2021-09-28,20.65644645690918,21.374967501015178,20.608544800178443,21.170389015607775,343069000
2021-09-29,20.474830627441406,20.973802953548656,20.42493225277366,20.896961550331532,218394000
2021-09-30,20.673416137695312,21.022697064179454,20.645473815850814,20.725309293039082,221009000
2021-10-01,20.699365615844727,20.816123798789594,20.161472062841753,20.707348593286746,240978000
2021-10-04,19.69144058227539,20.499775067963235,19.51480436585159,20.461853071607546,345635000
2021-10-05,20.408966064453125,20.60556166121766,19.813192992009895,19.90899634754412,279282000
2021-10-06,20.657445907592773,20.677403345187102,20.038719659907972,20.07863834195168,297202000
2021-10-07,21.031679153442383,21.27817116327567,20.928890239898514,21.048642502901718,256919000
2021-10-08,20.78818130493164,21.16241049332735,20.732296656436677,21.057626777399292,151258000
2021-10-11,20.652462005615234,21.019705627765678,20.468840194540014,20.532709726416876,163388000
2021-10-12,20.628511428833008,21.013717707370695,20.48580570766781,20.785188312861532,162134000
2021-10-13,20.895954132080078,20.946849883438986,20.670418895804758,20.87499739389011,180652000
2021-10-14,21.70130157470703,21.710281948455567,21.078583653114016,21.24424280701027,243589000
2021-10-15,21.817062377929688,21.885920792719308,21.6174746181001,21.765169217756938,226994000
2021-10-18,22.176321029663086,22.245179438302365,21.599508134493956,21.70429374523038,189494000
2021-10-19,22.244176864624023,22.332992694391685,21.991696726188678,22.23020380347393,161473000
2021-10-20,22.057565689086914,22.38688726459648,21.936814127495424,22.259150122667332,146276000
2021-10-21,22.64535140991211,22.66431335655304,22.037604079563785,22.05157523880334,187590000
2021-10-22,22.679283142089844,23.082451989687545,22.514623314038865,22.776083865908273,249384000
2021-10-25,23.118379592895508,23.30699025615322,22.72319371456026,22.925775538059284,230235000
2021-10-26,24.666194915771484,25.207082591726095,23.874825605142483,23.939692534950368,485898000
2021-10-27,24.400739669799805,25.038426104852544,24.23208643543216,24.42369310756561,245990000
2021-10-28,24.889734268188477,24.89871654547079,24.47259418957567,24.826864037496623,234204000
2021-10-29,25.514448165893555,25.656156492279774,24.948614160155966,24.94961155653505,292503000
2021-11-01,25.773914337158203,25.840776060615124,25.175147208367978,25.596280704392232,265740000
2021-11-02,26.34672737121582,26.623158377452754,25.746962995391332,25.768919034563826,294112000
2021-11-03,26.543325424194336,26.72894390976585,26.18107263291449,26.615177925392462,239910000
2021-11-04,29.73974609375,31.30053054584952,27.062260305806582,27.17303221163715,1153631000
2021-11-05,29.690839767456055,31.33545079424875,29.34954185584099,30.124945007142678,851260000
2021-11-08,30.74068260192871,31.03607369583626,29.8455251398631,30.08702828256524,503101000
2021-11-09,30.593982696533203,32.243586659600666,29.9024083019337,32.215644336725056,646746000
2021-11-10,29.39844512939453,30.786586602763936,28.718845203917095,29.29565811512244,636206000
2021-11-11,30.327533721923828,30.527123389718387,29.715794759201316,30.4053744156664,332172000
2021-11-12,30.327533721923828,30.616938549883123,29.569095649103904,29.948315637227935,413054000
2021-11-15,29.963281631469727,30.581008726244367,29.186880973756832,30.48919878124828,384909000
2021-11-16,30.14091682434082,30.32753271977368,29.644938667134358,29.697831126511854,264484000
2021-11-17,29.200855255126953,30.446291154053746,28.740802374447846,30.355476692185867,428508000
2021-11-18,31.609888076782227,32.69265683604596,31.256615668173605,32.30046694089971,781711000
2021-11-19,32.91720199584961,33.01999092531616,31.839421944726077,32.17672655199687,533867000
2021-11-22,31.890316009521484,34.57578482836839,31.834431357319282,33.44810639994247,754335000
2021-11-23,31.680740356445312,32.29347848259723,30.81651945710525,31.47017366542769,532163000
2021-11-24,32.60683822631836,32.787465936329255,30.86442684819975,31.396332208296116,435162000
2021-11-26,31.438243865966797,32.64276162923178,31.285558488884924,32.532987132035885,283069000
2021-11-29,33.30738830566406,33.34331359989163,31.970142795523095,32.29946624079579,454964000
2021-11-30,32.608829498291016,33.284439797778,31.798500284928068,33.100816111812016,622066000
2021-12-01,31.374221801757812,33.22463920028377,31.31932783633501,33.15477484562234,484368000
2021-12-02,32.06389236450195,32.415213053889744,30.965021023061166,31.15365672304559,472890000
2021-12-03,30.63365936279297,32.06688384228752,30.07174622980887,31.93813163483009,544325000
2021-12-06,29.97892951965332,30.18253369080409,27.983793678236385,29.82223155843537,658938000
2021-12-07,32.36430740356445,32.3862680389149,30.591741852503894,30.89715192628836,593053000
2021-12-08,31.764469146728516,32.22757276894839,31.36025147158854,31.937135010758553,475551000
2021-12-09,30.43105125427246,32.142737576964656,30.369170849219458,31.672645621504326,488507000
2021-12-10,30.139616012573242,31.24447612099294,29.80326766525303,31.089775108201945,488825000
2021-12-13,28.10655403137207,30.235431505717692,28.06164095629319,30.190518430638814,598344000
2021-12-14,28.28221321105957,28.62255352658214,27.1973149206465,27.645446231268327,667035000
2021-12-15,30.400114059448242,30.44103516074104,27.784180879721173,28.345094654187285,698297000
2021-12-16,28.332117080688477,31.099756612539498,28.038686765312615,31.091772658065082,707366000
2021-12-17,27.747249603271484,28.86608252956396,27.706328507960936,27.930893869344864,713758000
2021-12-20,27.665409088134766,28.08958664914624,27.092519430074276,27.25220994036055,461847000
2021-12-21,29.01878547668457,29.063698547231173,27.348020394547447,28.319140617374146,524385000
2021-12-22,29.34316062927246,29.497861653248666,28.393998983391853,28.8351458054204,395184000
2021-12-23,29.58269500732422,30.00088555963705,29.374099442198006,29.697472444063603,343022000
2021-12-27,30.885173797607422,31.026899467312578,29.58269644654039,29.60265823746476,403686000
2021-12-28,30.263378143310547,31.269428770384458,29.95397610422819,31.251463920554766,420591000
2021-12-29,29.942996978759766,30.488940318885827,29.309224428409372,30.214472371231356,343139000
2021-12-30,29.528799057006836,30.39811536049081,29.482888465222835,29.76933233244258,308864000
2021-12-31,29.354135513305664,29.971940112811122,29.274290262971935,29.616627511446417,266530000
2022-01-03,30.062767028808594,30.651626527613114,29.727416179654284,29.757358865642377,391547000
2022-01-04,29.233375549316406,30.409097659269086,28.294194767957748,30.2184669283259,527154000
2022-01-05,27.55063247680664,29.359129558729837,27.479770596008006,28.893031463942076,498064000
2022-01-06,28.123519897460938,28.38301743954945,27.01267281731573,27.586559964920273,454186000
2022-01-07,27.19432258605957,28.367052077902994,27.004689383729875,28.086595203604723,409939000
2022-01-10,27.34702491760254,27.415891757825346,25.594419420833177,26.52960811483407,594681000
2022-01-11,27.763221740722656,28.010743386947276,26.78711374014883,27.270177292552447,404089000
2022-01-12,27.944868087768555,28.539714564955542,27.554623289676226,28.012735506788296,383413000
2022-01-13,26.523624420166016,28.42494034461968,26.446771712443983,28.32413577123768,540171000
2022-01-14,26.889911651611328,27.1444197184354,26.159326499116265,26.24915265168228,395832000
2022-01-18,25.852922439575195,26.586502096835268,25.720180142919816,26.209232613206122,424270000
2022-01-19,25.018537521362305,26.49168380986728,25.003567129964498,26.02858206203493,488315000
2022-01-20,24.103307723999023,25.529545731359246,24.031446427083026,25.255077800339837,435181000
2022-01-21,23.32880973815918,24.775007677466373,23.218024282355426,23.461552019986037,718958000
2022-01-24,23.326810836791992,23.334794790372676,20.84761430587089,22.286825688304823,913982000
2022-01-25,22.280841827392578,22.898646539669308,21.957468790063057,22.502412770653898,664616000
2022-01-26,22.72797393798828,24.010489477432596,22.256886340278513,23.195069558309832,755959000
2022-01-27,21.901575088500977,23.948610407504805,21.633094151119476,23.52243589687238,573353000
2022-01-28,22.795841217041016,22.81380606550494,21.2548257675977,21.969441054751794,543774000
2022-01-31,24.438661575317383,24.46161782547409,23.00743389482427,23.137181729796545,564680000
2022-02-01,24.590368270874023,25.09638806614209,23.843813269742828,25.05546696522535,518925000
2022-02-02,25.193201065063477,25.76708829461429,24.505532004420324,25.74413394762899,543419000
2022-02-03,23.901700973510742,25.02851797372646,23.734026501108175,24.410715212297134,410178000
2022-02-04,24.271982192993164,24.58737122731306,23.58631015608026,23.925652956622258,354829000
2022-02-07,24.680192947387695,25.133313778359717,24.155208910844877,24.324880318773864,376868000
2022-02-08,25.05946159362793,25.181225487134643,23.933641958398347,24.31190899495466,410359000
2022-02-09,26.653369903564453,26.673331693511606,25.303984503910602,25.572463535153865,524282000
2022-02-10,25.774076461791992,26.87294784160419,25.55051047315788,25.944747316228323,513200000
2022-02-11,23.902700424194336,26.101442533660926,23.7270419828092,25.865898715581448,605472000
2022-02-14,24.220083236694336,24.826907552973196,23.709072083831487,23.887726864389506,440424000
2022-02-15,26.44378089904785,26.493683477952125,24.73608814997745,24.900768183290644,699869000
2022-02-16,26.459745407104492,26.530609192134296,25.502599827448215,26.208233700505765,732676000
2022-02-17,24.459619522094727,25.735148587356477,24.118281669763785,25.58044757027019,810595000
2022-02-18,23.596290588378906,24.93769195223297,23.05533867775434,24.620305983753607,761255000
2022-02-22,23.34478187561035,24.017478686544916,22.955536432235384,22.990468617991528,633422000
2022-02-23,22.34371566772461,24.108298935289074,22.257883403820344,23.755980792771823,566511000
2022-02-24,23.702085494995117,23.753985005383658,20.84961126769638,20.97436959630377,735801000
2022-02-25,24.110294342041016,24.1701778047602,23.33579559273523,23.675138387578873,528866000
2022-02-28,24.337854385375977,24.617313720025166,23.661165729918974,23.945614559981106,477319000
2022-03-01,23.431610107421875,24.329871618461585,23.087277797297364,24.244037444614957,412056000
2022-03-02,24.177289962768555,24.36595776316323,23.37371109259494,23.714109379928413,389642000
2022-03-03,23.67218780517578,24.283108229788855,23.427618955251905,24.219219994125485,365095000
2022-03-04,22.89555549621582,23.63824300925391,22.442355607308915,23.342765447634537,431415000
2022-03-07,21.314350128173828,22.99238774615269,21.29238955966222,22.776767102643568,450821000
2022-03-08,21.476064682006836,22.333549276082426,20.613587838111286,21.271426231053603,557467000
2022-03-09,22.973424911499023,23.179061096947333,22.207776979329143,22.3475295418682,492742000
2022-03-10,22.618045806884766,22.74781572701485,21.8434132311393,22.491268951508776,428066000
2022-03-11,22.061031341552734,23.104188764046526,22.00712570703421,22.981404553858948,367209000
2022-03-14,21.29239273071289,22.22274871765177,21.12169469516694,21.830441971262182,385354000
2022-03-15,22.932493209838867,22.99737913390775,21.284405208779518,21.480058765436652,491996000
2022-03-16,24.452802658081055,24.553624381420153,23.13113806857909,23.458558771385942,671422000
2022-03-17,24.722332000732422,24.798196302698308,23.863847789795177,24.077471154131192,471941000
2022-03-18,26.406356811523438,26.522153405836594,24.580583162078188,24.75527383800032,730719000
2022-03-21,26.686857223510742,27.104121306196102,25.921209533056214,26.46025822521899,591727000
2022-03-22,26.47722625732422,27.18996785031838,26.026023674593535,26.679867392282006,547007000
2022-03-23,25.58879852294922,26.56507268180156,25.529902546610163,26.079929619211555,502120000
2022-03-24,28.100364685058594,28.270065012059774,25.861319580253287,26.11986368042065,877379000
2022-03-25,27.643169403076172,28.307995393290817,27.2229122356588,27.836827561473978,579016000
2022-03-28,28.169239044189453,28.200184516498037,27.158024860655512,27.70705614407583,425494000
2022-03-29,28.605470657348633,28.894958306684245,27.930662062478252,28.644401446440966,488984000
2022-03-30,27.64117431640625,28.44575284009706,27.454503782301863,28.25409196032564,463487000
2022-03-31,27.237886428833008,28.19819004641193,27.221915798943442,27.73301213113302,523440000
2022-04-01,26.664897918701172,27.44751586683608,26.220682903584812,27.32672893992416,517235000
2022-04-04,27.31175422668457,27.509405029535966,26.566071738835454,26.680868720371922,397120000
2022-04-05,25.88527488708496,27.270827874661148,25.774470555611817,27.205941957892414,436615000
2022-04-06,24.363964080810547,25.255389153160042,23.960677101781798,24.89003527746439,703833000
2022-04-07,24.165319442749023,24.678413156591088,23.436606951102867,24.397908446137844,557992000
2022-04-08,23.078237533569336,23.880820824954892,23.021338824397546,23.874830885888688,524781000
2022-04-11,21.87834930419922,22.280638493985993,21.62180255279711,22.174826429726735,575207000
2022-04-12,21.466081619262695,22.684929295161435,21.24447295091747,22.497261070505825,662258000
2022-04-13,22.163848876953125,22.46032606445315,21.41716862218913,21.689687961003017,516943000
2022-04-14,21.220516204833984,22.736838829968864,21.125684399232618,22.465317170334803,569097000
2022-04-18,21.744586944580078,22.049047482223045,21.04182796602704,21.162614873714208,525701000
2022-04-19,22.158857345581055,22.33354799958623,21.276415360813395,21.681699582090733,512781000
2022-04-20,21.44411849975586,22.630023279185664,21.16261619627235,22.477293204743273,468974000
2022-04-21,20.147409439086914,22.35251367670244,19.964731581536245,21.670717529613366,656209000
2022-04-22,19.480587005615234,20.44987543262351,19.465614065609277,20.267197567812772,624713000
2022-04-25,19.866905212402344,19.90982865501306,19.06232675761767,19.168138831768125,641566000
2022-04-26,18.754871368408203,19.753108075976066,18.63707940645143,19.683231811083985,653143000
2022-04-27,18.382530212402344,19.133203133217663,18.25775062172566,18.56520619274725,499460000
2022-04-28,19.747116088867188,20.001667489116333,18.45739457929483,18.933552723499567,570327000
2022-04-29,18.514297485351562,20.092509128467537,18.484349698064364,19.367789431189383,500435000
2022-05-02,19.49855613708496,19.539482298603552,18.358569760292387,18.508304867075665,572049000
2022-05-03,19.56743812561035,19.790046421879733,19.09926517746787,19.365794615900857,475751000
2022-05-04,20.298145294189453,20.364028903111393,18.717936368444736,19.887870698989126,648855000
2022-05-05,18.810771942138672,19.889865173375625,18.467378659821374,19.83196878609108,626331000
2022-05-06,18.64206886291504,19.47759284066745,17.958277283967274,18.702962121693464,633297000
2022-05-09,16.920116424560547,18.222813995724024,16.797332187655584,18.002204871895295,644455000
2022-05-10,17.56397247314453,18.16590978890649,16.99497790989981,17.657806577427667,761474000
2022-05-11,16.600677490234375,17.72169853655912,16.53878843716362,17.31641425027413,670167000
2022-05-12,16.146480560302734,16.758400627921947,15.539553695242823,16.19040360695308,708728000
2022-05-13,17.674776077270508,17.896384717582276,16.56373981104597,16.758395637485194,670437000
2022-05-16,17.233558654785156,17.756634863058387,17.075838212801916,17.478127488678094,521446000
2022-05-17,18.14494514465332,18.338603271908426,17.602903449160152,18.042126144063122,585830000
2022-05-18,16.90812873840332,18.0860480556068,16.83425983504842,17.673776294585583,545161000
2022-05-19,17.09380531311035,17.655812285056605,16.704491716469843,16.90713478134416,621310000
2022-05-20,16.664560317993164,17.37929725353171,15.727216118212382,17.30143569024576,739105000
2022-05-23,16.868202209472656,16.885172429110426,16.150470255550008,16.245302043892696,639889000
2022-05-24,16.125511169433594,16.567730715048278,15.75217113553823,16.480884249302466,588550000
2022-05-25,16.945066452026367,17.08082630804417,15.971785398507762,15.991750587212342,781132000
2022-05-26,17.81951904296875,18.060093255204293,15.993744068733532,16.007719318373898,996575000
2022-05-27,18.77783203125,18.84770829801262,18.068085271445213,18.15393407231878,738379000
2022-05-31,18.639076232910156,19.166145079805915,18.317643518254673,18.946531790942434,664100000
2022-06-01,18.287696838378906,19.019404173433802,18.090046008838897,18.690985716581736,544514000
2022-06-02,19.557449340820312,19.584402153884042,18.16590850320256,18.25974260084453,648656000
2022-06-03,18.686994552612305,19.297916967344694,18.489343687136312,19.048357736067352,598779000
2022-06-06,18.75287437438965,19.302903402711614,18.53126570006665,19.10525257728722,422406000
2022-06-07,18.892629623413086,18.96649855003817,18.15593002204157,18.43942965955534,388914000
2022-06-08,18.61905288696289,19.15022663664718,18.5062274317263,18.76981755595969,363252000
2022-06-09,18.019989013671875,18.903615681719316,18.012999908462263,18.452317541565765,395574000
2022-06-10,16.94765281677246,17.669530104023234,16.842814357055154,17.572680551655733,465248000
2022-06-13,15.622711181640625,16.286678851618216,15.581774461064812,15.975162900820372,604153000
2022-06-14,15.811417579650879,16.041060084311727,15.388075033067116,15.706580080249356,469680000
2022-06-15,16.501346588134766,16.841816878842977,15.901278698602091,16.070016042814906,563936000
2022-06-16,15.576783180236816,15.917254419069693,15.377093820674675,15.835380972284335,545749000
2022-06-17,15.85534954071045,15.970170797325055,15.304206366327632,15.62370932462703,630334000
2022-06-21,16.540285110473633,16.98159844424935,16.381531524997932,16.44942676298862,483089000
2022-06-22,16.334606170654297,16.63613744371276,16.15488526686756,16.200813392123194,437135000
2022-06-23,16.19981575012207,16.559255659016674,15.828392479583755,16.493358120207393,463680000
2022-06-24,17.09941291809082,17.11339112344329,16.28467969796983,16.47438527374452,472153000
2022-06-27,16.84281349182129,17.303098316739902,16.60019067372971,17.285126608804937,427968000
2022-06-28,15.957191467285156,17.175296973833603,15.920248247332506,16.873765723191674,461149000
2022-06-29,15.517876625061035,15.79544501126096,15.146454276122414,15.7894547582367,482352000
2022-06-30,15.135469436645508,15.542836100215856,14.838930531324044,15.337155541620188,686070000
2022-07-01,14.500457763671875,15.039619559909022,14.369661530656511,14.87587455574691,577610000
2022-07-05,14.94077205657959,14.94776116044216,14.033183597161376,14.152997214317173,651397000
2022-07-06,15.106513977050781,15.295220723870164,14.766042751623154,14.986700366030874,529066000
2022-07-07,15.833383560180664,15.92024840415713,15.36511172210343,15.432008107054722,492903000
2022-07-08,15.813414573669434,16.012106019018525,15.36511120957137,15.406047929888661,467972000
2022-07-11,15.12847900390625,15.502896867323374,15.014655653490305,15.501898015957396,437321000
2022-07-12,15.058588027954102,15.40704625326835,14.853906325120404,15.244299171117744,458483000
2022-07-13,15.140460014343262,15.351132914368169,14.442545687722442,14.567351646375842,521918000
2022-07-14,15.348136901855469,15.448979946164094,14.705136566748275,15.08454678517,456235000
2022-07-15,15.737533569335938,15.757502029258568,15.42102524308435,15.634693763078548,385935000
2022-07-18,16.07600975036621,16.87077382032313,15.977164381591052,16.276697995053787,670517000
2022-07-19,16.96562385559082,17.083440714371143,16.146897048307313,16.46040880264038,702366000
2022-07-20,17.77935791015625,17.90516367987839,16.774920881624166,16.920694158582595,760538000
2022-07-21,18.021984100341797,18.115838067216817,17.517768741299832,17.857241184682085,557049000
2022-07-22,17.292116165161133,17.93910909409701,17.110397569443286,17.865224557589684,536671000
2022-07-25,16.997573852539062,17.097419003652497,16.623155964154584,16.992580547570068,480748000
2022-07-26,16.507339477539062,16.892740033046326,16.452424540325435,16.86278591155121,397865000
2022-07-27,17.76238441467285,17.908157678578863,16.886745027673552,17.005559778739524,569776000
2022-07-28,17.956085205078125,18.11184320520838,17.412930859956532,17.947100301917377,474646000
2022-07-29,18.134809494018555,18.21568315008048,17.664539858114644,17.785352344678618,435460000
2022-08-01,18.412376403808594,18.816748460231146,17.96207621952918,18.153777639044684,476469000
2022-08-02,18.497241973876953,18.90860309946713,18.06391563779565,18.093869755691863,489527000
2022-08-03,18.863670349121094,18.938554681641246,18.10884343781565,18.155771359130984,418146000
2022-08-04,19.185171127319336,19.244079552001388,18.730877537420913,18.81974007621488,409652000
2022-08-05,18.95952606201172,19.199153311398565,18.63702746035856,18.78080304823543,386068000
2022-08-08,17.765380859375,18.210689626521116,17.21523743534715,17.474834090197074,981859000
2022-08-09,17.059476852416992,17.41991651210645,16.69803929354924,17.225219526625484,668263000
2022-08-10,18.06890869140625,18.089876002325298,17.290118776438867,17.67052787955639,597422000
2022-08-11,17.914146423339844,18.67796013862692,17.84824889643112,18.10285410298937,509327000
2022-08-12,18.67995834350586,18.688945150127985,17.925131336436703,18.131810749254285,478094000
2022-08-15,19.002460479736328,19.13425557524463,18.584112079295874,18.671974841505314,457666000
2022-08-16,18.849693298339844,19.112285523433606,18.472279819564992,18.8906300185085,451240000
2022-08-17,18.306537628173828,18.65899030543156,18.11683393671878,18.49424742554819,446799000
2022-08-18,18.743860244750977,18.835716492772463,18.15477592247858,18.27259278693306,415447000
2022-08-19,17.82129669189453,18.491254730260824,17.74241883906721,18.377431354862185,441588000
2022-08-22,17.00756072998047,17.530747560414262,16.939665485324408,17.4628523157582,409593000
2022-08-23,17.154329299926758,17.437888836392574,16.94365639819852,16.962627909583983,369986000
2022-08-24,17.195266723632812,17.378981119005086,16.868774654974345,16.98559171254238,522661000
2022-08-25,17.88519287109375,17.919140487325382,16.806869484666464,16.81785208888546,770691000
2022-08-26,16.234760284423828,17.89617686185633,16.21179527063193,17.82928142778485,769127000
2022-08-29,15.776472091674805,16.312638221113218,15.742525425220169,15.995132957792901,496132000
2022-08-30,15.443990707397461,16.01410353790401,15.158434390290923,15.935226643010983,530181000
2022-08-31,15.07056999206543,15.51587778140862,14.935779319161014,15.360119797456045,573710000
2022-09-01,13.915366172790527,14.357678353574007,13.249401725179203,14.186943313242518,1178865000
2022-09-02,13.625816345214844,14.149002165812359,13.569902564470526,14.078113230868253,743157000
2022-09-06,13.444096565246582,13.75760922899293,13.330273223321344,13.709683410878347,535751000
2022-09-07,13.696779251098633,13.820624094483655,13.329241313594487,13.545968837041476,512657000
2022-09-08,13.972434043884277,13.990412045199538,13.352214429237836,13.442100625906576,624873000
2022-09-09,14.368936538696289,14.455827199487729,14.108264556321975,14.139224819065335,486612000
2022-09-12,14.486786842346191,14.528733921971712,14.180172168334149,14.350957931422553,484159000
2022-09-13,13.114513397216797,13.904520650543393,13.082553985169255,13.784671426649664,714956000
2022-09-14,13.111515998840332,13.273312285293565,12.896785812619402,13.23735723747835,588507000
2022-09-15,12.91276741027832,13.21638563613665,12.773941987146994,12.998659878355168,523625000
2022-09-16,13.181427955627441,13.195410315643226,12.601157157541842,12.726000201955259,670751000
2022-09-19,13.36519718170166,13.44609580364354,12.993664533666465,12.995661877637879,569685000
2022-09-20,13.159456253051758,13.4660709531129,13.040606184015623,13.198407796353832,524818000
2022-09-21,13.24435043334961,14.013384151989733,13.0935399916861,13.196411314775915,807679000
2022-09-22,12.54522705078125,13.132488997665579,12.412394637690474,13.053587725360877,759162000
2022-09-23,12.500285148620605,12.595166136683892,12.241610515089357,12.404405964748552,663309000
2022-09-26,12.212646484375,12.643106039060946,12.198664123420288,12.475316755127498,547343000
2022-09-27,12.397414207458496,12.720008599389836,12.24260909385547,12.491296042868766,553854000
2022-09-28,12.720008850097656,12.806899506976707,12.338488516455438,12.394417959508273,542414000
2022-09-29,12.204656600952148,12.48430476090285,11.93100047295723,12.432370007378605,532763000
2022-09-30,12.123759269714355,12.617139480743118,12.059839492993778,12.071824510658695,565638000
2022-10-03,12.49629020690918,12.662082145584952,12.089800688912364,12.331497416498822,547478000
2022-10-04,13.150467872619629,13.203401777565151,12.862829366915662,12.862829366915662,584182000
2022-10-05,13.192412376403809,13.304272196736822,12.605151415204883,12.894787208374261,507131000
2022-10-06,13.11351490020752,13.638854510072967,13.086548373024156,13.203402054182803,644157000
2022-10-07,12.060837745666504,12.654091789877265,12.006905646417971,12.48929899981872,672478000
2022-10-10,11.655346870422363,12.10877633421103,11.393675761746923,12.02188568072584,698699000
2022-10-11,11.571453094482422,11.831125915365966,11.268833090820673,11.546483912922639,667482000
2022-10-12,11.48556137084961,11.720265977710053,11.330756245153442,11.564462656173577,492590000
2022-10-13,11.944982528686523,12.062834393103017,10.79942244062999,10.957224041163421,850103000
2022-10-14,11.212903022766113,12.095792850477494,11.189932138993667,12.0418607547837,713432000
2022-10-17,11.873071670532227,11.932996747101859,11.502538201372328,11.503536397037033,580774000
2022-10-18,11.951974868774414,12.47631532526222,11.603413077767147,12.328501382530158,659362000
2022-10-19,12.035868644714355,12.334493965352559,11.819141098000895,11.864084673089435,523131000
2022-10-20,12.178689956665039,12.75296781971056,12.089801000398303,12.097791329296781,652398000
2022-10-21,12.450346946716309,12.482307307631256,11.872074435302578,12.082808987293975,609494000
2022-10-24,12.583181381225586,12.69404207682602,12.048853249537009,12.492296031938748,517457000
2022-10-25,13.24435043334961,13.283301979197523,12.648099847684048,12.678062868329203,505482000
2022-10-26,12.87980842590332,13.371190325371368,12.692044742302587,12.852842851331863,532953000
2022-10-27,13.159456253051758,13.820625721091393,13.105524152883197,13.612886696752097,583113000
2022-10-28,13.816629409790039,13.832610066638065,13.044600239000303,13.087546468385248,521040000
2022-10-31,13.48005485534668,13.820627301199643,13.280306136982034,13.76070220945174,486341000
2022-11-01,13.52599811553955,13.907518515963615,13.50202807789919,13.793661313410434,432817000
2022-11-02,13.202404022216797,14.192160042993345,13.194414644951317,13.832612349167132,672628000
2022-11-03,13.40414810180664,13.7636966949046,12.939732756516582,13.02662341252142,500065000
2022-11-04,14.138224601745605,14.211132890719782,13.67980037633338,13.968437992700602,612576000
2022-11-07,14.283044815063477,14.39390551613281,13.936481302213952,14.210136511880672,410061000
2022-11-08,14.583666801452637,14.872303507657966,14.198150808496923,14.782416354106235,595292000
2022-11-09,13.75870418548584,14.193158459885122,13.741725330956239,14.144219240509747,454414000
2022-11-10,15.730225563049316,15.753196449879484,14.528735884798065,14.78141849736078,700819000
2022-11-11,16.306501388549805,16.36842382289729,15.462562957739296,15.787154735164645,655487000
2022-11-14,16.274538040161133,16.519231225758354,15.9020062807447,16.197635066244544,527852000
2022-11-15,16.64507484436035,16.976656817848582,16.361431033277864,16.70100428796189,545876000
2022-11-16,15.890024185180664,16.34145634523152,15.853070937382359,16.14170859646812,649547000
2022-11-17,15.657316207885742,16.245577368149426,15.51549430312848,15.695268602256101,710894000
2022-11-18,15.38965129852295,15.981907079261498,15.101013685603117,15.945951080569174,492072000
2022-11-21,15.297769546508789,15.457568510471011,15.06106664059395,15.127982909179686,404739000
2022-11-22,16.01786231994629,16.037837664544167,15.103012110863446,15.308753778828079,472866000
2022-11-23,16.498258590698242,16.506249872107517,16.02785119143118,16.07778765170836,427241000
2022-11-25,16.249568939208984,16.46629549039378,16.1516924322223,16.29750899710752,167934000
2022-11-28,15.807127952575684,16.336463192763517,15.70525673572653,16.00587750224232,303741000
2022-11-29,15.619364738464355,15.91199708976901,15.500514664430007,15.807128424908809,298384000
2022-11-30,16.90607261657715,16.91306558413823,15.581398772907361,15.681298173391307,565298000
2022-12-01,17.11786651611328,17.24773568748677,16.618366478545138,16.982002826008905,470977000
2022-12-02,16.859121322631836,16.91606542821989,16.428552620891118,16.642339295101205,371389000
2022-12-05,16.5933895111084,16.97800471429634,16.455527032443175,16.662320750441012,352255000
2022-12-06,15.9710111618042,16.55642456672552,15.803178964975501,16.513468304609546,352694000
2022-12-07,16.1038818359375,16.169815824778205,15.65133378658821,15.75622928850062,372388000
2022-12-08,17.151830673217773,17.161820901316364,15.943039749464951,16.256726814348887,515456000
2022-12-09,16.983997344970703,17.565416038789124,16.95802427651782,17.142838730956267,465338000
2022-12-12,17.5174617767334,17.52045903534799,16.780200942536133,17.01996067185302,457328000
2022-12-13,18.053932189941406,18.771214747997423,17.693293055318943,18.512472917738112,656589000
2022-12-14,17.65632438659668,18.233747362128558,17.402578696343596,17.969011087419783,496888000
2022-12-15,16.93504524230957,17.302677220211773,16.68329837585279,17.128851458484657,478542000
2022-12-16,16.554424285888672,17.023955395876953,16.39358602459837,16.847132391381294,478232000
2022-12-19,16.237743377685547,16.592387869431995,16.128853140261523,16.555426124711342,354039000
2022-12-20,16.06891441345215,16.29368979912943,15.83614855958652,16.04793550448502,403260000
2022-12-21,16.484498977661133,16.610374338355122,16.08589779725307,16.097886834196,325025000
2022-12-22,15.32365894317627,16.121860588450037,14.867116217993509,16.0779039686439,565045000
2022-12-23,15.19079303741455,15.323659446874593,14.868116110553647,15.180802809610176,349326000
2022-12-27,14.106878280639648,15.084899302148365,14.041942751760569,15.058925281140848,464902000
2022-12-28,14.021963119506836,14.247736933600988,13.87011470494691,13.913071922510106,351066000
2022-12-29,14.588396072387695,14.668315992800219,14.212772636992952,14.387597820165574,354923000
2022-12-30,14.599385261535645,14.614369650707939,14.218765770853738,14.319664595858889,310490000
2023-01-03,14.300684928894043,14.981004654277776,14.081904060760499,14.836149193445959,401277000
2023-01-04,14.734249114990234,14.838145196007998,14.226757745256368,14.552431925929696,431324000
2023-01-05,14.250736236572266,14.549437041892885,14.133852649988928,14.47651008305059,389168000
2023-01-06,14.844139099121094,14.994988100578038,14.019964406631336,14.459523925052371,405044000
2023-01-09,15.612369537353516,16.039940959776242,15.125856157242278,15.268713734456611,504231000
2023-01-10,15.89309024810791,15.9460367412462,15.456527005264633,15.491491850303234,384101000
2023-01-11,15.984996795654297,16.011970219679487,15.547435115356448,15.824158513514837,353285000
2023-01-12,16.494483947753906,16.620357362874767,15.47650318645187,16.083895766750675,551409000
2023-01-13,16.882099151611328,16.905076865313244,16.148833986111153,16.261719936070204,447287000
2023-01-17,17.68429946899414,17.71027444723034,16.882102890181493,16.882102890181493,511102000
2023-01-18,17.359622955322266,17.8551253151724,17.264716740500983,17.64933195026429,439624000
2023-01-19,16.74823570251465,17.179804849106613,16.714271208962963,17.01896463226559,452932000
2023-01-20,17.8211612701416,17.838144467896704,16.80817535561797,16.99398826883285,564967000
2023-01-23,19.17380714416504,19.22575518813864,17.80018219062393,18.045934566497856,655163000
2023-01-24,19.24573516845703,19.47550662588318,18.80118045535214,18.808173425147835,496204000
2023-01-25,19.303674697875977,19.350628576512324,18.561417754150824,18.894084898187952,449537000
2023-01-26,19.782196044921875,20.14583232825715,19.258719930188406,19.681297222805807,489535000
2023-01-27,20.34463119506836,20.607368636676057,19.38559227826472,19.44253447559157,542142000
2023-01-30,19.14283561706543,20.119856196776876,19.130846582408306,19.930047598821574,488611000
2023-01-31,19.5174617767334,19.667311381220713,18.931048939885837,19.150828232771158,498017000
2023-02-01,20.922054290771484,21.170803892462075,19.591385781806697,19.671305692212208,660477000
2023-02-02,21.687284469604492,21.927044172800503,20.679294884143992,20.978994036778822,564276000
2023-02-03,21.078899383544922,21.723254810357187,20.76820957509745,20.978999007184377,429366000
2023-02-06,21.06791114807129,21.54842912938245,20.76521275361375,20.78519321039508,452197000
2023-02-07,22.15082359313965,22.23673802068742,21.12884604934928,21.360614360794933,664150000
2023-02-08,22.18279266357422,22.85511993042836,21.985989180590057,22.364609852385264,559651000
2023-02-09,22.314659118652344,22.996976567245348,22.097877100421048,22.583391079267905,523876000
2023-02-10,21.243736267089844,22.055923064460973,20.790191659912153,21.66831244786486,550737000
2023-02-13,21.766210556030273,22.025950766178745,20.941036401408137,21.516460573823032,474919000
2023-02-14,22.948030471801758,23.025951590397128,21.34463396769386,21.556421868382394,675474000
2023-02-15,22.741233825683594,22.832142420903672,22.08389284711268,22.526448693208266,420575000
2023-02-16,21.979997634887695,22.52744803558797,21.905071876709787,22.110865240742353,412026000
2023-02-17,21.36661148071289,21.71825874769265,20.95402439345479,21.609368499758,465888000
2023-02-21,20.63434600830078,21.472505817155305,20.597382352251547,20.979000327725977,410015000
2023-02-22,20.733245849609375,21.082896233045748,20.400578664452947,20.686293870610594,513184000
2023-02-23,23.640335083007812,23.864112008367524,23.001974156806483,23.41656006308935,1117995000
2023-02-24,23.262710571289062,23.450524180326013,22.924050815235166,23.201772660724565,589716000
2023-02-27,23.477497100830078,23.85611778942511,23.43054512484724,23.64632871610379,452994000
2023-02-28,23.192785263061523,23.801177465098963,23.18279503369379,23.348629411403607,455963000
2023-03-01,22.67530059814453,23.2327431288166,22.48549007597283,23.16880605034979,460026000
2023-03-02,23.290679931640625,23.356613901548346,22.40956216056099,22.465507809506477,389415000
2023-03-03,23.866106033325195,23.876096260572954,23.106865911464638,23.296676418290033,412393000
2023-03-06,23.530447006225586,24.22375134917666,23.463512664360874,23.867109901704033,437429000
2023-03-07,23.268661499023438,24.104966338425466,23.22169964405819,23.580402685270712,515154000
2023-03-08,24.160919189453125,24.179904417575,23.4045478535388,23.467495262178186,513573000
2023-03-09,23.41653823852539,24.43369248287704,23.363580850091193,24.154922945379216,501257000
2023-03-10,22.94593048095703,23.607381425129905,22.70712862155447,23.389562036275382,474866000
2023-03-13,22.946928024291992,23.27865305444534,22.278484860419933,22.733106940046454,421890000
2023-03-14,24.043020248413086,24.198890859033952,23.440520278180596,23.476491591871543,474910000
2023-03-15,24.207883834838867,24.26583433506912,23.34060451539056,23.74127063015997,524486000
2023-03-16,25.519790649414062,25.56675059825911,23.874157083100002,24.007047963864338,583253000
2023-03-17,25.703638076782227,26.377078166810012,25.646684297201393,25.960424630848856,848547000
2023-03-20,25.87849235534668,26.00238993506894,25.109131303094223,25.59372917074599,432747000
2023-03-21,26.17724609375,26.370086636571166,25.35992640091997,26.15826276917553,547408000
2023-03-22,26.446022033691406,27.566091472465203,26.215212950904103,26.40305656588551,797295000
2023-03-23,27.168418884277344,27.476163665994406,26.667835494751287,27.09248178596672,564889000
2023-03-24,26.75676155090332,27.144439836382894,26.33311386181286,27.00855309347375,454920000
2023-03-27,26.508970260620117,26.977580691716717,26.343107731941966,26.814715931188335,361026000
2023-03-28,26.3880672454834,26.490982347841836,25.828532839951382,26.42503717383145,356104000
2023-03-29,26.961593627929688,27.055515439693604,26.57491583467265,26.802727159767205,393694000
2023-03-30,27.360260009765625,27.47616480917353,27.079493220776026,27.206388565387414,364516000
2023-03-31,27.753931045532227,27.810882913038117,27.0824882713584,27.117459050662813,433933000
2023-04-03,27.94178009033203,27.976750876466422,27.313302654961962,27.486159344006186,398716000
2023-04-04,27.43020248413086,27.976749146372356,27.284323812201485,27.942776983152683,368592000
2023-04-05,26.858680725097656,26.97558225141349,26.373084198934407,26.80672385592453,515015000
2023-04-06,27.01454734802246,27.057510906173512,26.405053322399837,26.561922527602437,397654000
2023-04-10,27.55609703063965,27.598061968083517,26.64685290782655,26.800724345120734,395279000
2023-04-11,27.14643669128418,27.76692123864769,27.10347122895872,27.70097606708646,314378000
2023-04-12,26.472999572753906,27.445191173354328,26.426037716955808,27.347272978771652,446259000
2023-04-13,26.44102668762207,26.86467442012051,26.30713907820163,26.71180158046341,353615000
2023-04-14,26.73577880859375,26.860675005002047,26.198225472529604,26.481990027168322,395660000
2023-04-17,26.979576110839844,26.983572499232327,26.411048411628634,26.54293875740368,321471000
2023-04-18,27.64402198791504,28.086654863038415,27.334279980849992,27.51013440499539,604812000
2023-04-19,27.907808303833008,27.976751256223757,27.209389286713794,27.3382818867537,358660000
2023-04-20,27.08148956298828,28.006721092158084,26.977575846030575,27.64801809164862,427713000
2023-04-21,27.09648323059082,27.16043117541032,26.699813490444193,26.929622069612844,345103000
2023-04-24,27.019542694091797,27.343273032566316,26.648850502655943,26.990567448071825,339282000
2023-04-25,26.219209671020508,27.22437484436602,26.20322411553106,27.055514550596037,378527000
2023-04-26,26.933616638183594,27.30730663861179,26.682825603237607,26.979579875522322,406337000
2023-04-27,27.203393936157227,27.47217159023553,26.60289311743897,27.340281221046943,377161000
2023-04-28,27.725955963134766,27.73494736073306,27.048517616065947,27.202390959322397,292216000
2023-05-01,28.8859920501709,29.033869862760206,27.756931277189757,27.81688091763852,570329000
2023-05-02,28.186574935913086,28.812056494254247,28.05968148797479,28.656185891505462,402730000
2023-05-03,27.778913497924805,28.34344486027376,27.449187603389927,27.81688204976608,383387000
2023-05-04,27.539112091064453,27.83586443324702,27.217378984903736,27.628036978765422,321850000
2023-05-05,28.65618324279785,28.731119816226787,27.707971926376775,27.802892348359304,361494000
2023-05-08,29.126794815063477,29.195737767876224,28.32646120146538,28.498317367315533,344979000
2023-05-09,28.54727554321289,28.94894217400301,28.426377630267304,28.875004213655114,314869000
2023-05-10,28.861011505126953,29.088822793586665,28.437363846624915,28.980910779016046,369350000
2023-05-11,28.554264068603516,28.925956755931157,28.22254098038231,28.872000751072463,322149000
2023-05-12,28.316469192504883,28.7561043901141,28.022712678290027,28.505311440794113,274222000
2023-05-15,28.928955078125,28.94494253797439,28.12862158025983,28.484324933585533,293926000
2023-05-16,29.188739776611328,29.845195673358166,28.808057560657943,28.81704895850863,449405000
2023-05-17,30.15294075012207,30.173923220986072,29.405562670982768,29.55943412398546,432535000
2023-05-18,31.651697158813477,31.801572232212237,30.294824908471195,30.384750333663444,748725000
2023-05-19,31.238040924072266,31.553778528813286,30.890330301104353,31.509814437648227,473908000
2023-05-22,31.150114059448242,31.493828286869693,30.654525616110014,30.875340877060037,372000000
2023-05-23,30.662519454956055,31.26202165563563,30.605567574899254,30.97426067554003,356253000
2023-05-24,30.512643814086914,30.58158676598894,29.781251257198175,30.184915137347215,721419000
2023-05-25,37.94845962524414,39.44721397289926,36.60457534049064,38.49100796728165,1543911000
2023-05-26,38.91366195678711,39.13747499196258,37.51882115873588,37.85853900635431,714397000
2023-05-30,40.07768630981445,41.90316857958582,39.915822107319386,40.56128548762709,923401000
2023-05-31,37.80257797241211,40.26153261415584,37.79058690184261,39.455203631645354,1002580000
2023-06-01,39.73697280883789,40.0167390585578,38.30816007086099,38.45703459331072,635873000
2023-06-02,39.294342041015625,40.46636830283073,39.025564415674026,40.063703080946816,482731000
2023-06-05,39.13847732543945,39.53214737766458,38.674861888368824,38.876693830155325,396094000
2023-06-06,38.62190246582031,39.12748282035394,38.116322111286685,38.79775882224138,388729000
2023-06-07,37.447750091552734,39.47028049803264,37.32883713586247,38.886705495226614,511998000
2023-06-08,38.48200225830078,38.835744998272645,37.47773561947334,37.69657436729438,417772000
2023-06-09,38.74181365966797,39.68212760699857,38.53896213031096,39.00861783598584,427717000
2023-06-12,39.45329284667969,39.50125828347373,38.58992260823452,39.17150019392895,388701000
2023-06-13,40.99217987060547,41.07112482299617,39.71111409271858,40.15678903495475,613208000
2023-06-14,42.96574783325195,42.96874400584985,40.52252155664653,40.794327015832565,740465000
2023-06-15,42.62199401855469,43.25753327513272,42.116361328067455,42.571032403423146,568622000
2023-06-16,42.66095733642578,43.68920841570231,42.62997783526068,43.41840556812391,655709000
2023-06-20,43.776153564453125,43.95802428329941,42.64297902478398,42.966744812657,451153000
2023-06-21,43.01369857788086,43.58328761702222,42.04940392408919,43.46936828442457,551603000
2023-06-22,42.99372100830078,43.39442663272672,42.20329572401854,42.22227910485018,417737000
2023-06-23,42.178314208984375,42.77787649157712,41.98445500064074,42.4331298944521,358140000
2023-06-26,40.60246276855469,42.732912892803704,40.070848008649996,42.43013175413964,594322000
2023-06-27,41.845550537109375,41.90950317799757,40.418591274861775,40.76933398174648,462175000
2023-06-28,41.08711242675781,41.81458388032518,40.488548818702085,40.63044389045078,582639000
2023-06-29,40.79231643676758,41.56975062175712,40.57047773361946,41.52778134342767,380514000
2023-06-30,42.271240234375,42.51906101069841,41.470823955071786,41.64969465752979,501148000
2023-07-03,42.38216018676758,42.86680815864475,42.171315066266786,42.48608466102656,198209000
2023-07-05,42.28623962402344,43.14561125771648,42.05440601633571,42.10436890718979,323618000
2023-07-06,42.07239532470703,42.14834029261051,41.31594563009927,41.81358472410437,303582000
2023-07-07,42.47209930419922,43.18258476591584,42.14933607210184,42.29123113247118,355881000
2023-07-10,42.14934158325195,42.77988345650076,41.61872549978595,42.625996062988435,353908000
2023-07-11,42.374168395996094,42.72691238917329,42.0364166991454,42.45011335397041,298244000
2023-07-12,43.870086669921875,43.903063626531846,42.745904468123335,43.00171889202097,481277000
2023-07-13,45.943580627441406,46.12144883056754,44.459659460176354,44.48564153669653,478204000
2023-07-14,45.435943603515625,48.05303894524698,45.027240569884796,46.54913208580055,772075000
2023-07-17,46.427223205566406,46.46219760945773,45.22909733231496,46.255351170399976,510488000
2023-07-18,47.459468841552734,47.86117699331049,45.700750131517545,46.66704612621804,569164000
2023-07-19,47.04276657104492,47.78322886465052,46.70801108864936,47.42948619218216,427502000
2023-07-20,45.486907958984375,47.052770110424305,45.029240736563175,46.473189933800484,537865000
2023-07-21,44.27678680419922,45.83265793125683,44.067939106833165,45.754711707343915,963769000
2023-07-24,44.57957077026367,45.076211144606674,44.0079879634292,44.69848374999772,382516000
2023-07-25,45.64579772949219,46.14942918660317,44.890346731901275,44.90833520333714,348081000
2023-07-26,45.418949127197266,46.0195138467564,44.59754824937486,45.98753562136378,364237000
2023-07-27,45.866634368896484,47.36054650639366,45.71674188711987,46.48518386639015,455976000
2023-07-28,46.71601104736328,46.9928100852104,46.34727984222391,46.63406993246034,331194000
2023-07-31,46.69502639770508,47.095735831876695,46.47218895380473,46.72000974655935,251055000
2023-08-01,46.47319412231445,46.8659100066495,45.99354349080503,46.426227402155924,237858000
2023-08-02,44.236820220947266,45.80667734864654,43.35546141010275,45.79768501941141,530142000
2023-08-03,44.482635498046875,45.08519773730657,43.76815517445485,43.76815517445485,324176000
2023-08-04,44.647518157958984,45.6088167758493,44.36072805590183,44.95229672936695,362666000
2023-08-07,45.38397979736328,45.50689146915822,44.53060059886417,45.078202515862756,322154000
2023-08-08,44.631526947021484,45.20910580762462,44.0239673068551,44.820388704613485,353843000
2023-08-09,42.52306365966797,44.279784996235016,42.10336702177276,44.2418106099287,586449000
2023-08-10,42.35718536376953,43.54232399177734,41.80458597956359,42.129350474246436,492705000
2023-08-11,40.825294494628906,41.98745090774671,40.6094519413775,41.72064293519623,533085000
2023-08-14,43.72118377685547,43.768150485620254,40.28168906443316,40.45656105246858,690286000
2023-08-15,43.908058166503906,45.2350957564997,43.67822581342224,44.527610226384226,676512000
2023-08-16,43.45438766479492,44.6425224910749,43.37444399152848,44.487636389026356,527451000
2023-08-17,43.3124885559082,44.02996504043604,42.9697356160732,43.93803287430319,452395000
2023-08-18,43.26751708984375,43.54631355808522,41.6297088674994,42.603998420369834,583768000
2023-08-21,46.932857513427734,47.030785847728,44.18985399309083,44.46165562877054,692573000
2023-08-22,45.634803771972656,48.151973748830216,45.30004819413079,48.100009595272404,755293000
2023-08-23,47.08175277709961,47.165691352034756,45.17513874604211,45.83266139495846,779046000
2023-08-24,47.12871170043945,50.229456525679716,47.12471680402284,50.17949363700367,1156044000
2023-08-25,45.98455047607422,47.77025023235798,44.99126973402356,46.97782740620056,925341000
2023-08-28,46.80095291137695,46.945847962697144,44.85536966380344,46.44820888033288,685192000
2023-08-29,48.748538970947266,49.04532396396878,46.35727690385868,46.63207852923495,701397000
2023-08-30,49.22818374633789,49.89069992908974,48.38979301948212,49.008342472169936,735206000
2023-08-31,49.31911849975586,49.70783563609758,48.922407758819745,49.34410184954682,528570000
2023-09-01,48.47373580932617,49.763797697596935,48.107002016363225,49.72582712049024,463830000
2023-09-05,48.51271438598633,48.81549556049151,47.825214716744455,48.18794984205686,382653000
2023-09-06,47.030662536621094,48.51770224742843,46.54997362392489,48.40977397493204,468670000
2023-09-07,46.2111930847168,46.314127328933516,45.122894378455285,45.495655031746296,433330000
2023-09-08,45.54262161254883,46.575955463730146,45.241816956969146,45.912385845022,473069000
2023-09-11,45.14887237548828,46.13323408329751,44.28342961037863,46.118244364675505,473966000
2023-09-12,44.84107208251953,45.64355580633702,44.50228992802937,44.7091572109494,349256000
2023-09-13,45.4556770324707,45.90038984188142,44.474307858028645,44.571245445404095,398355000
2023-09-14,45.55161666870117,45.9573531646138,45.10190600685458,45.92037826774396,370097000
2023-09-15,43.87169647216797,45.56959852066616,43.779752923471165,45.31176544872774,506831000
2023-09-18,43.93765640258789,44.213479451862526,41.972924204170205,42.720443095064276,500271000
2023-09-19,43.491943359375,43.93765497175379,42.97427575565499,43.80474129556245,373064000
2023-09-20,42.21177291870117,43.874701837692996,42.19578439055347,43.57189573593531,367108000
2023-09-21,40.99055862426758,42.07286070255986,40.95358372498065,41.5561956700247,450736000
2023-09-22,41.58317565917969,42.087851165439716,41.204418374834624,41.54519814398996,479236000
2023-09-25,42.19478225708008,42.508579017607495,41.15045392041829,41.56418850458507,419091000
2023-09-26,41.88398361206055,42.79239807025896,41.62814811031587,41.97392575085955,402282000
2023-09-27,42.440616607666016,42.84435926371942,41.60216067664093,42.302708909565496,444935000
2023-09-28,43.061214447021484,43.41798267758721,42.08784351392444,42.432618445848725,424663000
2023-09-29,43.47095489501953,44.11553949357653,43.27907734367155,43.79874253504086,397830000
2023-10-02,44.75312805175781,45.14587240598545,43.83272043820974,44.00161019361143,433298000
2023-10-03,43.48894119262695,45.10090400420974,43.2181160083425,44.77910920077743,470850000
2023-10-04,44.01260757446289,44.11454300550294,43.26408989829739,43.713800550252934,361821000
2023-10-05,44.6591911315918,44.87105626291606,43.859707622537925,44.021601937102886,393483000
2023-10-06,45.73250198364258,45.75948500590108,43.99762098117797,44.16451314682261,434436000
2023-10-09,45.243812561035156,45.575599261777526,44.339397209393,44.81309065878453,409675000
2023-10-10,45.76847839355469,46.229179763507624,45.05893698303584,45.28079400115597,368582000
2023-10-11,46.77582550048828,46.82879273607268,46.02031234982247,46.16621813703432,378137000
2023-10-12,46.914730072021484,47.578303395976704,46.300128752154,46.74683912853525,481325000
2023-10-13,45.43169021606445,47.0856258439627,45.25080714920821,46.92972437247631,474115000
2023-10-16,46.06528854370117,46.195202001343034,44.88304863104429,45.03395227290401,375099000
2023-10-17,43.9096794128418,44.72515534952336,42.452618986235684,43.971639725117456,812333000
2023-10-18,42.16878890991211,43.19113184765277,41.79802976693043,42.56353465026812,627294000
2023-10-19,42.0738639831543,43.26909220321944,41.855003378817976,42.78340541148184,501233000
2023-10-20,41.360313415527344,42.442615246520695,41.051510746944686,41.862987418638,477266000
2023-10-23,42.947296142578125,43.22012278548461,40.91860593108143,41.20242325687503,478530000
2023-10-24,43.634849548339844,43.66882802570082,42.66347986731124,43.049228794577566,401463000
2023-10-25,41.75206756591797,43.62186366950043,41.52821293771827,43.37002340053755,398379000
2023-10-26,40.30000305175781,42.22875913409801,39.85429143072344,41.82601906009142,541001000
2023-10-27,40.4738883972168,41.17943449809006,39.98920048176121,41.103483284155644,416784000
2023-10-30,41.134464263916016,41.73907378443747,40.45490233078289,41.06051446991565,388028000
2023-10-31,40.75370788574219,40.8526468966784,39.204707934267006,40.42392261933526,517969000
2023-11-01,42.29771423339844,42.353677886742396,40.842651621979584,40.85764134166272,437593000
2023-11-02,43.47795104980469,43.855705696322225,42.86634611035468,43.300064408208144,409172000
2023-11-03,44.975982666015625,45.27978369407566,43.69480778178644,43.99161716605405,424610000
2023-11-06,45.72150802612305,45.905391339762694,44.870056042056,45.25580880956027,400733000
2023-11-07,45.92537307739258,46.18820018807057,45.12888604597762,45.68952517362853,343165000
2023-11-08,46.543975830078125,46.83678620591324,45.93836370236791,46.07027857367067,346719000
2023-11-09,46.91973114013672,48.198904678121394,46.719859321767146,47.43639611181253,540496000
2023-11-10,48.30384063720703,48.440753359097926,47.25252065392858,47.46937982263058,421245000
2023-11-13,48.58864974975586,49.084332134936744,48.06798577140686,48.288843946075154,384136000
2023-11-14,49.62398910522461,49.80187576621573,49.00838887341186,49.64797570826254,416954000
2023-11-15,48.856483459472656,49.927790961524366,48.168927272564574,49.902809365822506,475497000
2023-11-16,49.44810485839844,49.49307783387502,48.29884843286255,48.647622492403215,339756000
2023-11-17,49.26622009277344,49.684948701072095,48.97540732164273,49.49207232670018,325205000
2023-11-20,50.37650680541992,50.515417145162935,49.14929773253739,49.28021380853264,414120000
2023-11-21,49.911800384521484,50.48442900851123,49.1902657498463,50.09368225266799,565747000
2023-11-22,48.684593200683594,50.302548939584284,47.659253670052365,49.819862426084605,899420000
2023-11-24,47.74519729614258,48.88945951237367,47.7142152401005,48.438750082118126,294645000
2023-11-27,48.21089553833008,48.49870804491457,47.621275800712816,47.76917918519112,395662000
2023-11-28,47.790164947509766,48.29184398043461,47.442389759187826,48.204898277235316,401491000
2023-11-29,48.10896301269531,48.73056364947179,47.82914475163215,48.347811153163846,382005000
2023-11-30,46.73984909057617,48.078985380939635,46.39207386383031,47.99303847449865,526247000
2023-12-01,46.73485565185547,47.16957663238465,46.157229102972245,46.49501248567539,369317000
2023-12-04,45.480655670166016,46.047291437827624,44.980978046044385,46.047291437827624,437543000
2023-12-05,46.54007339477539,46.57405104711008,45.24579248346221,45.44068360016381,371718000
2023-12-06,45.4776611328125,47.36061475805966,45.38671220041947,47.188709647488736,380590000
2023-12-07,46.5700569152832,46.6030394870367,45.578608662273986,45.67455588233509,350823000
2023-12-08,47.479549407958984,47.71441917110969,46.52408042310089,46.56905734985708,359224000
2023-12-11,46.60103988647461,47.50453592444969,45.8044865345936,47.46456109151934,509728000
2023-12-12,47.630470275878906,47.639464136950096,46.020367077736175,46.020367077736175,372387000
2023-12-13,48.06122589111328,48.5669446692335,47.58149361223289,47.60248182794816,447792000
2023-12-14,48.32307434082031,48.64289584092454,47.395593515547255,48.36305298147659,391232000
2023-12-15,48.862770080566406,49.376483747013744,48.09319847493445,48.16715857212324,479948000
2023-12-18,50.04912185668945,50.40492266538302,49.12263977704994,49.372500602339976,412587000
2023-12-19,49.57637405395508,49.67232125952952,48.86776928450163,49.396473996646186,464444000
2023-12-20,48.08421325683594,49.971162561409855,48.07122000684809,49.6273523215611,397894000
2023-12-21,48.96272277832031,49.06766385409553,48.39203776733346,48.783821596134075,300425000
2023-12-22,48.80281448364258,49.35550417725914,48.440013817586234,49.16760912555352,252507000
2023-12-26,49.251556396484375,49.572376781102484,48.93273380006729,48.9407287654443,244200000
2023-12-27,49.389488220214844,49.65234228998856,49.05767232034617,49.483437657255976,233648000
2023-12-28,49.494422912597656,49.85622084400242,49.384483556355164,49.61535772949362,246587000
2023-12-29,49.494422912597656,49.969160695229064,48.7238523373362,49.78526123454254,389293000
2024-01-02,48.141178131103516,49.267549491534815,47.56849914375037,49.21657920112469,411254000
2024-01-03,47.542510986328125,48.15716638258974,47.29364909537562,47.45855812854748,320896000
2024-01-04,47.97127914428711,48.47299856752152,47.481550264732384,47.740404942993884,306535000
2024-01-05,49.069664001464844,49.51941421396134,48.27910404671196,48.43501923291163,415039000
2024-01-08,52.223907470703125,52.24589839467499,49.45145358195024,49.48443615533453,642510000
2024-01-09,53.110416412353516,54.29475809672614,51.66122286319163,52.37182939884466,773100000
2024-01-10,54.319740295410156,54.56960111335146,53.45921957741913,53.58615158748565,533796000
2024-01-11,54.791473388671875,55.315183696465496,53.530178853161665,54.9683767860804,596759000
2024-01-12,54.67953872680664,54.939396104159464,54.2997530407885,54.58958868273426,352994000
2024-01-16,56.35060501098633,56.80335188433168,54.86943178251625,54.98736610755934,449580000
2024-01-17,56.021793365478516,56.43955990801359,54.70952466514394,56.31562839717504,474394000
2024-01-18,57.075199127197266,57.56792463682623,56.07575596466505,57.22811380906235,491650000
2024-01-19,59.45787811279297,59.46687197330924,57.19313710812396,57.956711672124605,543501000
2024-01-22,59.62078857421875,60.29741362477489,59.03711406646688,60.01556912613644,452955000
2024-01-23,59.839664459228516,59.876642607504685,58.55237959065836,59.536831763324194,294654000
2024-01-24,61.32783889770508,62.814010587371705,59.90463186103389,60.270429235036126,560271000
2024-01-25,61.58269119262695,62.68407876992676,60.81611616664833,62.31528094129938,482777000
2024-01-26,60.99702072143555,61.74860477846685,60.53927933125107,60.92606110295733,390309000
2024-01-29,62.43021774291992,62.4542026404575,60.87308662667512,61.19790260674366,348733000
2024-01-30,62.739044189453125,63.457645602005435,62.225330458008614,62.86497729318725,410735000
2024-01-31,61.49274444580078,62.23433190687522,60.666205224632265,61.40579108468123,453795000
2024-02-01,62.991905212402344,63.15581535659614,61.615673062934434,62.06541944015991,369146000
2024-02-02,66.12316131591797,66.56291110918288,63.654531745686434,63.93837399186544,476578000
2024-02-05,69.29339599609375,69.45830503749701,67.16758142852466,68.18701012748092,680078000
2024-02-06,68.18501281738281,69.71515858330277,66.26308702618283,69.59122707783612,683111000
2024-02-07,70.0599594116211,70.18089422020962,67.56235060844563,68.28095195120673,495575000
2024-02-08,69.60221099853516,70.75456869186667,69.41631758373076,70.03496848915448,414422000
2024-02-09,72.09284973144531,72.14481511205457,70.17291382776136,70.49373428612587,436637000
2024-02-12,72.20777130126953,74.56945447682682,71.21032591879988,72.55957267433736,613710000
2024-02-13,72.08784484863281,73.40910749101484,69.58124543898839,70.36080999462226,602580000
2024-02-14,73.85885620117188,74.19466766232887,71.89795059750436,73.16124677886643,504917000
2024-02-15,72.61753845214844,73.93380643951798,72.35968650824275,73.82787028335872,420122000
2024-02-16,72.57255554199219,74.36056058278803,72.46061841088577,74.05872683634956,495327000
2024-02-20,69.413330078125,71.91593356383504,67.6962844049487,71.90693589131082,704833000
2024-02-21,67.43443298339844,68.84964494727922,66.21111545956025,67.96813224619191,673755000
2024-02-22,78.4942626953125,78.53123702620657,74.1786666792708,74.98321866434527,865100000
2024-02-23,78.77311706542969,82.34812129044985,77.52680973171769,80.7450180977802,829388000
2024-02-26,79.0479736328125,80.60110940022084,78.4612947940882,79.6556292519544,503973000
2024-02-27,78.65716552734375,79.4357386337423,77.11902880227755,79.33678712059191,391705000
2024-02-28,77.61975860595703,78.88904810428491,77.08205615581203,77.57678328073024,393110000
2024-02-29,79.06793975830078,79.94544912775561,78.30636310105034,79.04995204006282,507289000
2024-03-01,82.2331771850586,82.2541692109824,79.39075927311268,79.95544705800646,479135000
2024-03-04,85.18953704833984,87.64616854479111,83.67238457234258,84.08315120139147,615616000
2024-03-05,85.92017364501953,86.05310907669562,83.37447499815761,85.22652719248794,520639000
2024-03-06,88.65476989746094,89.67824984643924,86.9856232402923,87.97712182383515,582520000
2024-03-07,92.62173461914062,92.71968420903526,89.55629754335479,90.11201372188047,608119000
2024-03-08,87.48336791992188,97.35033567284756,86.46188588221935,95.08948806655721,1142269000
2024-03-11,85.73027038574219,88.75172411339899,84.12308851295148,86.38493521532801,678364000
2024-03-12,91.86612701416016,91.91310011628946,86.10606561656215,88.00409921373667,668075000
2024-03-13,90.84164428710938,91.45732742042443,88.38989247854538,91.00855892799535,635713000
2024-03-14,87.8991470336914,90.59977243652932,86.55583073162953,89.53131740403234,602318000
2024-03-15,87.79220581054688,89.50033394584524,86.2130173215006,86.8856706502334,642086000
2024-03-18,88.40989685058594,92.35787961611925,87.04059269589636,90.3419098330075,668976000
2024-03-19,89.3524169921875,90.49782872213696,84.96665402343716,86.65578707702176,672171000
2024-03-20,90.32592010498047,90.36390274155225,88.17801382637771,89.75120872764549,479063000
2024-03-21,91.38837432861328,92.60076087628697,90.3589007516049,92.2529387505123,480372000
2024-03-22,94.24091339111328,94.72966241146648,90.78767363601877,91.09451627074266,586719000
2024-03-25,94.95355224609375,96.71665262612369,93.46231633076846,93.89309629655145,552136000
2024-03-26,92.51380157470703,96.32585986372577,92.4548335490284,95.8021249691622,513648000
2024-03-27,90.2039794921875,93.19245268869888,89.07755527294492,93.06451960589087,586067000
2024-03-28,90.30992126464844,91.25344006885744,89.14751238127785,89.95410001839039,435212000
2024-04-01,90.3169174194336,92.17796738530402,89.15851187965868,90.25295469319977,452441000
2024-04-02,89.40637969970703,90.04805054821496,87.57531335437362,88.4028863469108,433064000
2024-04-03,88.91864013671875,90.32792493292138,88.35493231864154,88.43888912667452,370067000
2024-04-04,85.8611831665039,90.58777505707383,85.83619439258581,90.35988689456467,434965000
2024-04-05,87.96312713623047,88.43588552210704,85.88218803532831,86.82170353525082,399678000
2024-04-08,87.08856201171875,88.7846950725735,86.68776556126254,88.65475649731144,283220000
2024-04-09,85.31045532226562,87.59029759028141,82.97965182031417,87.39739525078261,501700000
2024-04-10,86.99461364746094,87.35542960706438,83.66631003801581,83.88320224037439,431929000
2024-04-11,90.56978607177734,90.69272444380793,86.8816730383785,87.37541678298889,431637000
2024-04-12,88.14103698730469,90.1290289713359,87.4853732060557,89.65326609988566,426805000
2024-04-15,85.9571533203125,90.5668014834056,85.885191431367,89.05257449013831,443077000
2024-04-16,87.37042236328125,88.0730591608871,86.02011339953525,86.38892089132743,370453000
2024-04-17,83.99214172363281,88.72972195798647,83.90717836732355,88.2949386437983,495400000
2024-04-18,84.62781524658203,86.14604537295341,82.35997524716916,84.92666635523963,447260000
2024-04-19,76.16114807128906,84.28100677926233,75.56745676539116,83.10760934336838,875198000
2024-04-22,79.47745513916016,80.0321724749778,76.36104864748893,78.06417460921173,596341000
2024-04-23,82.38096618652344,82.72679042021001,80.2230705514645,80.7278102893302,438559000
2024-04-24,79.6363754272461,84.03912814064545,79.14262401880819,83.90719166390734,512208000
2024-04-25,82.58985900878906,83.2805008438938,78.18310352042066,78.82777119604825,424641000
2024-04-26,87.69026184082031,88.28595859317252,83.34447944649524,83.77525942235107,551011000
2024-04-29,87.7122573852539,87.94713054569272,85.22252257935692,87.55033742522801,388971000
2024-04-30,86.35795593261719,88.77372365378562,86.25601055156,87.195526189522,363709000
2024-05-01,82.99864959716797,85.95614014617317,81.21355734292688,85.03361435183398,559863000
2024-05-02,85.77323913574219,86.19302312746696,83.15756927733226,84.40593290133356,377898000
2024-05-03,88.74372100830078,89.23546686580507,86.99561241116382,87.7442309865165,398341000
2024-05-06,92.09300994873047,92.17297098055205,89.00958414820802,89.34441239026923,376203000
2024-05-07,90.5078125,91.73418402804691,88.96560026111723,91.05153374398775,437342000
2024-05-08,90.36589813232422,91.14749704338682,89.37439959760155,89.43737100980039,325721000
2024-05-09,88.70175170898438,91.02556319779642,88.18601596391863,90.48284079234612,378013000
2024-05-10,89.83216857910156,91.3543946079418,89.18149955504683,90.25895279926722,335325000
2024-05-13,90.35291290283203,90.95160653164567,88.48386356145281,90.43186737899792,289680000
2024-05-14,91.30941772460938,91.60426546540805,88.88864807554503,89.55330988776338,296507000
2024-05-15,94.58174133300781,94.81362528334245,91.55228873986127,92.42484465754981,417735000
2024-05-16,94.3108901977539,95.77014487035822,94.05501639356171,94.8616117597436,323952000
2024-05-17,92.43183898925781,94.69168763651655,91.75918564554273,94.3208822477914,359691000
2024-05-20,94.73168182373047,95.1514658859747,93.39236858928308,93.70220811729594,318764000
2024-05-21,95.33735656738281,95.35134936664903,93.1324803037148,93.55126534071833,328946000
2024-05-22,94.90158081054688,95.97103489974472,93.20145177000462,95.41032394954395,548648000
2024-05-23,103.74608612060547,106.26579699236947,101.46824101677741,101.97598526792865,835065000
2024-05-24,106.41471099853516,106.42070464479184,102.94747814509458,104.39573676851408,429494000
2024-05-28,113.8429183959961,114.88039109228285,109.8269695886833,110.18778556165118,652728000
2024-05-29,114.76644134521484,115.43310102209165,110.84444643564275,112.99235261607853,557442000
2024-05-30,110.44364929199219,115.75993705260656,109.60707814261482,114.59153447828542,484553000
2024-05-31,109.57710266113281,112.65952979992652,106.88547499697964,112.46262402548862,613263000
2024-06-03,114.94136047363281,114.94136047363281,111.94588702357191,113.56306583418551,438392000
2024-06-04,116.37763214111328,116.54055105021374,113.98685338816156,115.65700669071254,403324000
2024-06-05,122.37757110595703,122.38656157559062,117.40810617337777,118.31064561773049,528402000
2024-06-06,120.9363021850586,125.52295906565588,118.25966633915728,123.98474236351488,664696000
2024-06-07,120.82636260986328,121.62995352369373,117.96182659837903,119.70892880786865,412386000
2024-06-10,121.72789764404297,123.0372272074531,116.95033628620642,120.30862356189567,313434100
2024-06-11,120.85826873779297,122.81742917863629,118.68919144067175,121.71789374529509,222551200
2024-06-12,125.14644622802734,126.82572796109054,122.51757388076366,123.00736216195214,299595000
2024-06-13,129.55455017089844,129.74447132445016,127.10560139337456,129.33464307228707,260704500
2024-06-14,131.82359313964844,132.78317395786428,128.26511837192902,129.90441625095465,309320400
2024-06-17,130.92396545410156,133.67278906643185,129.52457044327446,132.9331153831068,288504400
2024-06-18,135.52198791503906,136.27166699428068,130.63408092847425,131.08388532556722,294335100
2024-06-20,130.72406005859375,140.69978702792184,129.46460449105635,139.74020619139688,517768400
2024-06-21,126.5158462524414,130.57411435219748,124.24682083583242,127.0656139833598,649445800
2024-06-24,118.05946350097656,124.40674492687346,117.98949375774167,123.18726572238242,476060900
2024-06-25,126.03605651855469,126.44588478591346,119.26895600052943,121.1481490132055,414192600
2024-06-26,126.3459243774414,128.0651821115694,122.54754706402704,126.07603561970313,362975900
2024-06-27,123.93695068359375,126.35592112032522,122.86740877139376,124.04690423190566,252571700
2024-06-28,123.48715209960938,127.65536639722576,122.69748913626472,124.52670811618471,315516700
2024-07-01,124.246826171875,124.78658844306486,118.77916507660012,123.41717942454187,284885500
2024-07-02,122.61750793457031,123.35719678093928,120.97821029721358,121.07816598219777,218374000
2024-07-03,128.22511291503906,128.22511291503906,121.30807553564613,121.60795022813568,215749000
2024-07-05,125.77616882324219,128.7948810674807,125.62623147151251,127.32550112143423,214176700
2024-07-08,128.1451416015625,130.7140492483546,126.98564191819271,127.43544631776729,237677300
2024-07-09,131.3238067626953,133.76276548705792,128.59496354527897,130.29424856790877,285366600
2024-07-10,134.852294921875,135.04221608834806,132.36335454676214,133.9726664675838,248978600
2024-07-11,127.34550476074219,136.09175422496259,126.99565600235432,135.69193143030844,374782700
2024-07-12,129.18472290039062,131.86356920556344,127.16558268757724,128.20513111513003,252680500
2024-07-15,128.38504028320312,131.3337748661706,127.12557732818904,130.50412821022553,208326200
2024-07-16,126.30593872070312,128.9847847878456,124.52670149646414,128.38505064333017,214769500
2024-07-17,117.93951416015625,121.79786321418705,116.670060903269,121.29807714631912,390086200
2024-07-18,121.03819274902344,122.34763750285344,116.51013195140489,121.79786974825338,320979500
2024-07-19,117.87954711914062,121.54797517785201,117.31978914047505,120.29850995680886,217223800
2024-07-22,123.48715209960938,124.0169241522775,119.8087260510085,120.29851430002402,258068900
2024-07-23,122.53755187988281,124.63665959294896,122.04776363902835,122.72747303753543,173911000
2024-07-24,114.20111846923828,119.89867669033677,113.39146746574805,119.1190116312528,327776900
2024-07-25,112.23194885253906,116.58008575638628,106.25451224826189,112.99162574787731,460067000
2024-07-26,113.0116195678711,116.1502753623964,111.53225712550028,116.14028513217615,293399100
2024-07-29,111.54225158691406,116.23024736996389,111.2523823769322,113.64135918454429,248152100
2024-07-30,103.68561553955078,111.94207545546908,102.49612232025332,111.47227535621278,486833300
2024-07-31,116.96991729736328,118.28935209111981,110.83254555393661,112.85168535455355,473174200
2024-08-01,109.16327667236328,120.10859659996095,106.76430191931924,117.47971689042026,523462300
2024-08-02,107.2240982055664,108.67348235860572,101.32662878479363,103.71560554704351,482027500
2024-08-05,100.40702056884766,103.36576087778293,90.65120176374947,92.020610744235,552842400
2024-08-06,104.20539855957031,107.66391734722711,100.50698458680512,103.79557030996848,409012100
2024-08-07,98.86768341064453,108.75345120343057,98.64777632103673,107.76386930019544,411440400
2024-08-08,104.92508697509766,105.45485898012505,97.47827008281362,101.95635654950479,391910000
2024-08-09,104.70518493652344,106.55439192807604,103.38574997554278,105.59480355882924,290844200
2024-08-12,108.97335815429688,111.02248421974713,106.214544366382,106.27451625816647,325559900
2024-08-13,116.0903091430664,116.18027460234957,111.53226256952769,112.3918952304853,312646700
2024-08-14,118.02948760986328,118.5492618001431,114.02120093884069,118.47929205094907,339246400
2024-08-15,122.80744171142578,123.18727640390337,117.41974813678404,118.7091971963176,318086700
2024-08-16,124.52670288085938,124.94652136236562,121.12815597457694,121.88783295977665,302589900
2024-08-19,129.9443817138672,129.9443817138672,123.36719502454015,124.22682769827617,318333600
2024-08-20,127.19556427001953,129.82444407435935,125.83614544847738,128.345066215563,300087400
2024-08-21,128.44500732421875,129.2946496603409,126.60579842852306,127.26551201028192,257883600
2024-08-22,123.68705749511719,130.69406050330699,123.04733191995243,129.96437709388331,376189100
2024-08-23,129.31463623046875,129.54454879248973,125.16641816339359,125.80614369005178,323230300
2024-08-26,126.40589141845703,131.2038330961495,124.31678931451107,129.51456899800732,331964700
2024-08-27,128.2451171875,129.14472607274774,123.8270022374259,124.99650751528328,303134600
2024-08-28,125.55626678466797,128.27510443502842,122.58753608006307,128.06518755846798,448101100
2024-08-29,117.53968048095703,124.37675766304139,116.66005977160985,121.30807159752445,453023300
2024-08-30,119.31893157958984,121.69791057687668,117.169849908653,119.47885915972935,333751600
2024-09-03,107.95378875732422,116.1602749319815,107.24409346859224,115.96036355880885,477155100
2024-09-04,106.16456604003906,113.22154357052297,104.07546373187543,105.36491282865293,372470300
2024-09-05,107.16413879394531,109.60309749669094,104.71518985962717,104.94508720389065,306850700
2024-09-06,102.78600311279297,108.10372649561138,100.90680264312543,107.9937729521253,413638100
2024-09-09,106.42445373535156,106.50442134190934,103.64564422957986,104.83512996607128,273912000
2024-09-10,108.05374145507812,109.35318822314704,104.90508784485718,107.76386463370491,268283700
2024-09-11,116.8599853515625,117.13986433729632,107.37404002456883,109.34319840779227,441422400
2024-09-12,119.0992202758789,120.74865704096976,115.34050510922769,116.80000446674823,366052700
2024-09-13,119.0592269897461,119.91893319621943,117.5597404845181,119.03923719212747,238358300
2024-09-16,116.74002075195312,118.13954300655384,114.32085103611607,116.75001946408975,248772300
2024-09-17,115.55043029785156,118.75933823796504,114.79069593440207,118.12954900355818,231925900
2024-09-18,113.33118438720703,117.659695980885,113.18123422247302,115.850318172966,310318900
2024-09-19,117.82965087890625,119.6190390017094,117.20986038538442,117.30982462581498,293506400
2024-09-20,115.9603042602539,118.57941042970523,115.35051239494953,117.01993908275097,382462400
2024-09-23,116.22020721435547,116.94995306986277,114.82068489843978,116.51010886475667,206228500
2024-09-24,120.82862854003906,121.75831050299728,115.34050229413268,116.48011145817397,354966800
2024-09-25,123.46772003173828,124.8972307941946,121.56836894761845,121.9782246233193,284692900
2024-09-26,123.9975357055664,127.62629022604027,121.75830470715397,126.75659295249227,302582900
2024-09-27,121.35844421386719,123.9875411739155,119.21917738287792,123.9275641535197,271009200
2024-09-30,121.39842987060547,121.45840689022769,118.10955522149155,118.26949648274505,226553700
2024-10-01,116.95994567871094,122.39808576451375,115.7503608309228,121.72830933905863,302094500
2024-10-02,118.80931854248047,119.33913591399957,115.1005893150636,116.40014740227824,221845900
2024-10-03,122.80794525146484,124.31743049345978,120.2988023230489,120.87860561160097,277118000
2024-10-04,124.87723541259766,124.99719707970252,121.78829684578011,124.89723283717322,243678100
2024-10-07,127.67627716064453,130.59527568838965,124.90722118000957,124.94720840149982,346250200
2024-10-08,132.84449768066406,133.43429200303964,129.3756845929013,130.2153933149511,285722500
2024-10-09,132.60458374023438,134.473953954377,131.33502948270424,134.06409064908044,246191600
2024-10-10,134.7638397216797,134.95377710780917,130.9551466749852,131.86483875930813,242311300
2024-10-11,134.7538604736328,135.73352074472976,133.61425131031754,133.9641223517835,170209500
2024-10-14,138.0227508544922,139.5522259694365,136.25335239175735,136.42329237635488,232347700
2024-10-15,131.55496215820312,138.52257769243778,128.6959404665834,137.82280508502743,377831000
2024-10-16,135.67355346679688,136.57323935639468,131.53497091822635,133.93414345953184,264879700
2024-10-17,136.88311767578125,140.8417687676179,136.82314065604464,139.29229632563835,306435900
2024-10-18,137.9527587890625,138.85244459278235,137.23300404466042,138.62252759913224,176090200
2024-10-21,143.6608123779297,143.6608123779297,137.95276029474488,138.0827206747143,264554500
2024-10-22,143.5408477783203,144.37056551302095,141.73146975294682,142.86108785315807,226311600
2024-10-23,139.51222229003906,142.38123492807873,137.41295033058282,141.9813779606296,285930000
2024-10-24,140.3619384765625,141.30161913611144,138.41260905173522,140.7718017861216,172354900
2024-10-25,141.49154663085938,144.08067171203157,140.75180968215267,140.8817548130095,205122100
2024-10-28,140.47190856933594,143.09100694226274,140.00206821568727,142.95105547012693,173586700
2024-10-29,141.20164489746094,142.21129364579818,138.8524432880062,140.2419668294209,157593600
2024-10-30,139.29229736328125,140.28196395700422,136.76316465511044,139.49222584841445,179418100
2024-10-31,132.7145538330078,137.56289989167158,132.06478241439225,137.55290880572403,270039600
2024-11-01,135.35365295410156,137.26300291330367,134.52395044654537,134.65389558133728,207127800
2024-11-04,136.00343322753906,138.91244079735898,135.52360180221356,137.16303982117785,187528200
2024-11-05,139.8621063232422,140.3219403030432,137.28298774012364,137.40294177771256,160537400
2024-11-06,145.56016540527344,146.43986910531262,141.91142072377156,142.9110784725191,242043900
2024-11-07,148.8290557861328,148.87902647248674,146.11997647950326,146.33990241230273,207323300
2024-11-08,147.57945251464844,149.71871911263233,146.2099112659944,148.71906153874144,175665800
2024-11-11,145.2102508544922,148.79903306733925,143.52084240062385,148.6290778599626,182325600
2024-11-12,148.23922729492188,149.5987623190427,145.96000905647895,146.72974972362667,198634700
2024-11-13,146.21994018554688,149.27889039349282,145.85005645366056,149.01898487542564,191903300
2024-11-14,146.70974731445312,148.94898588208457,145.5001701321721,147.58945090415918,194463300
2024-11-15,141.93138122558594,145.1902747512061,140.03203789439084,144.8203910682193,250132900
2024-11-18,140.1020050048828,141.50153478170088,137.10303223771245,139.45223367342163,221205300
2024-11-19,146.9596710205078,147.0796403153284,140.94174272954967,141.27163159656618,227834900
2024-11-20,145.84005737304688,147.50948385732136,142.68113546401185,147.35954130772643,309871700
2024-11-21,146.6197967529297,152.83766902515802,140.65183891204953,149.29888738883682,400946600
2024-11-22,141.90138244628906,147.1096048566197,141.0516827032354,145.88001511983566,236406200
2024-11-25,135.9734344482422,142.00136870780395,135.7735059739188,141.9413916908634,344941900
2024-11-26,136.87313842773438,139.25232877348597,135.6235662299349,137.6528702588759,190287700
2024-11-27,135.2936553955078,137.17301655731904,131.7548742168772,134.96376655836661,226370900
2024-11-29,138.2026824951172,139.30231211006736,136.0034385187834,136.7331843976686,141863200
2024-12-02,138.58253479003906,140.401903648449,137.77281459318448,138.78246325473978,171682800
2024-12-03,140.2119903564453,140.49189330582607,137.90278339727084,138.21267485883047,164414000
2024-12-04,145.09033203125,145.740103497805,140.24198561488052,141.95140715914127,231224300
2024-12-05,145.0203399658203,146.49993108099994,143.9106428157812,145.07032934736787,172621200
2024-12-06,142.4010467529297,145.66014968908138,141.2713509133455,144.56045967909182,188505600
2024-12-09,138.77203369140625,139.91172129670065,137.0925004855475,138.93199359328304,189308600
2024-12-10,135.03306579589844,141.7812196768295,133.7534018405272,138.97197539548316,210020900
2024-12-11,139.2718963623047,140.13166176303284,135.173026862483,137.32243273699547,184905200
2024-12-12,137.3024444580078,138.40214979482639,135.76287224107875,137.04252103958567,159211400
2024-12-13,134.21328735351562,139.56183041879834,132.50374826625531,138.9020072444441,231514900
2024-12-16,131.96388244628906,134.36321966164874,130.3843129319086,134.14327863720246,237951100
2024-12-17,130.35433959960938,131.5540083659402,126.82530622422306,129.0546920799943,259410300
2024-12-18,128.874755859375,136.6626191312432,128.2449232385065,133.82339933223892,277444500
2024-12-19,130.6442413330078,133.99333094415113,129.51456085077075,131.72394769790225,209719200
2024-12-20,134.6631622314453,135.24300545668208,128.1849385069714,129.7745000485284,306528600
2024-12-23,139.63180541992188,139.75176772445488,135.08304656610844,136.24273302531586,176053500
2024-12-24,140.18165588378906,141.86118913948326,138.61207790245493,139.9617148258363,105157000
2024-12-26,139.89173889160156,140.8115008078877,137.69234337416663,139.66180603983884,116205600
2024-12-27,136.9725341796875,138.9819943823141,134.67317523350815,138.5121216661011,170582600
2024-12-30,137.452392578125,140.2316308377207,133.98334063995796,134.79311660884966,167734700
2024-12-31,134.25328063964844,138.0322612848829,133.79341493856927,137.99226367763055,155659200
2025-01-02,138.2721710205078,138.84202245285945,134.5931847895647,135.96280522543205,198247200
2025-01-03,144.4304962158203,144.86037131104774,139.69178686675932,139.9717090810043,229322500
2025-01-06,149.38912963867188,152.11839407781596,147.77958455274808,148.54936300568127,265377400
2025-01-07,140.10166931152344,153.08812187242287,139.97169998670535,152.98814312185272,351782200
2025-01-08,140.0717010498047,143.9106477112154,137.5223950503333,142.5410270870028,227349900
2025-01-10,135.8728485107422,139.88174676307978,134.18330808313058,137.41242079266553,207602500
2025-01-13,133.19357299804688,133.4535116815908,129.4745887600242,129.95446851982027,204808900
2025-01-14,131.72396850585938,136.3427156721725,130.0144445990235,136.0128040706775,195590500
2025-01-15,136.2027587890625,136.4126928345012,131.25409986764885,133.61345527658474,185217300
2025-01-16,133.53347778320312,138.7120538029648,133.4534978315376,138.60208327625168,209235600
2025-01-17,137.67234802246094,138.46212527408701,135.4229633158422,136.65262268416788,201188800
2025-01-21,140.79148864746094,141.7912151745994,137.05250594430132,139.12194717769367,197749000
2025-01-22,147.02981567382812,147.74960487622204,143.63073568135124,144.62047062339892,237651400
2025-01-23,147.17974853515625,147.1897403093082,143.6807055002306,145.01034368405638,155915500
2025-01-24,142.58099365234375,148.92926325643236,141.84120577881646,148.32942123311412,234657600
2025-01-27,118.38761138916016,128.36487767970476,116.66808057296325,124.76587139934672,818830900
2025-01-28,128.95472717285156,128.96471894622445,116.21820602712087,121.77668294561497,579666400
2025-01-29,123.66617584228516,126.8553060976507,120.01717989918284,126.46541333864903,467120600
2025-01-30,124.61592102050781,124.96582380169083,118.06770880237578,123.06634175444341,392925500
2025-01-31,120.03717041015625,127.81504199868698,119.15741376372098,123.74615511454752,388161100
2025-02-03,116.62810516357422,118.53757894355685,112.97910166242248,114.71862375628316,371235700
2025-02-04,118.6175537109375,121.16685177317855,116.66808241089754,116.92801344303115,256550000
2025-02-05,124.79586791992188,124.96581960402936,120.72698113870702,121.72670769553925,262230800
2025-02-06,128.6448211669922,128.7348081612174,125.1757760130246,127.38517104864236,251483600
2025-02-07,129.80447387695312,130.3343276557766,124.96580169637689,129.18464838201572,228186300
2025-02-10,133.53347778320312,134.96307937585763,129.92446445785666,130.05441853152416,216989100
2025-02-11,132.76370239257812,134.4432358451655,130.9841901729766,132.54376130884148,178902400
2025-02-12,131.10414123535156,132.203846559633,129.04470695043977,129.98445236307722,160278600
2025-02-13,135.25299072265625,136.46266649297655,131.13412244698262,131.52401516963508,197430000
2025-02-14,138.81202697753906,139.21191146517995,135.46293718873886,136.44266486168982,195479600
2025-02-18,139.36187744140625,143.40078131766987,137.89227816645598,141.23137649622348,219176600
2025-02-19,139.1919403076172,141.32136300101118,137.18249518803503,139.4718625554808,167536000
2025-02-20,140.0717010498047,140.62155375629743,136.75260126124348,139.99172108753137,143903600
2025-02-21,134.3932342529297,141.42132600995674,133.99334973043614,140.0017008694862,228217600
2025-02-24,130.244384765625,138.55211066034528,130.04444248958205,136.52266681200447,251381100
2025-02-25,126.59537506103516,130.16439867421266,124.40597902043103,129.94445760453814,271428700
2025-02-26,131.24411010742188,133.69343728770713,128.4548795357506,129.95446947322534,322553800
2025-02-27,120.11714935302734,134.9730792207777,119.97718824289691,134.96308744670299,443175800
2025-02-28,124.8858413696289,125.05579305607802,116.36817434407594,117.98772650698133,389091100
2025-03-03,114.02880859375,123.66617198823369,112.2492965435478,123.47622912906817,411381400
2025-03-04,115.95829010009766,119.27738221868555,110.07990024013375,110.61975353757568,398163300
2025-03-05,117.26792907714844,118.24765683915241,114.47869104666965,117.54785129486386,284337900
2025-03-06,110.53976440429688,115.31845609620828,110.18986163701831,113.49895407905146,321181900
2025-03-07,112.65919494628906,113.44897988924723,107.53059251797079,111.21958617661252,341755500
2025-03-10,106.95074462890625,111.81940781621753,105.43115607331026,109.8699441866197,366487400
2025-03-11,108.73026275634766,112.20930691241836,104.74134829193281,106.96074247458567,354865700
2025-03-12,115.71900177001953,116.73882100614277,112.85951998498375,114.09930053195751,323857500
2025-03-13,115.55902862548828,117.73863334670654,113.76935252443205,117.00876245655117,299033100
2025-03-14,121.64791870117188,121.85787967708788,118.12856083227834,118.58847644066721,277593500
2025-03-17,119.50830841064453,122.86769930249316,118.00858060635532,122.71772499646224,255501500
2025-03-18,115.4090576171875,118.99840261510599,114.51921970184797,117.97859103200136,299686900
2025-03-19,117.49867248535156,120.42814113812437,115.65901001721268,117.24871784817985,273426200
2025-03-20,118.50848388671875,120.17817892707569,116.44886024718888,116.5288475567653,248829700
2025-03-21,117.67863464355469,117.96858292451893,115.39904967929496,116.91877807414131,266498500
2025-03-24,121.38796997070312,122.19782052957932,119.31833831489072,119.85824123014483,228452500
2025-03-25,120.66809844970703,121.26798803028822,118.89841541478116,120.52812446850508,167447200
2025-03-26,113.7393569946289,118.81842927999459,112.68954449720724,118.70845626054094,293463300
2025-03-27,111.40977478027344,114.42922326739314,110.63991789836862,111.32978747025457,236902100
2025-03-28,109.65009307861328,112.84951685583745,109.0502035041368,111.46976244373079,229872500
2025-03-31,108.3603286743164,110.93986229194257,103.63119133667838,105.11091847763528,299212700
2025-04-01,110.13001251220703,110.17999886185885,106.45068001979016,108.50030342775528,222614000
2025-04-02,110.39995574951172,111.95967777974947,106.77061737970816,107.2705266243207,220601200
2025-04-03,101.78153228759766,105.61083156865355,101.58156399912866,103.49122110695384,338769400
2025-04-04,94.29288482666016,100.11182847125419,92.09328707213024,98.89205625014841,532273800
2025-04-07,97.62227630615234,101.73153089146867,86.60427995314998,87.444123819458,611041300
2025-04-08,96.28252410888672,105.83078615825814,94.44285411172834,103.79115551332612,476243400
2025-04-09,114.30925750732422,115.07911444025873,97.51230269046886,98.87205653888144,612918300
2025-04-10,107.55047607421875,110.83987986480561,99.13200610877084,109.35015243101728,437812400
2025-04-11,110.90986633300781,111.52975654810143,107.46049556472005,108.4803070767672,313417300
2025-04-14,110.68990325927734,114.26925525660798,109.05020155855789,114.08928762467488,264705000
2025-04-15,112.17963409423828,113.59938217981927,110.4799456735416,110.94986159507806,228966900
2025-04-16,104.47103881835938,106.77062454919468,100.4317709352981,104.53103311878802,397016900
2025-04-17,101.47157287597656,104.45103522860795,100.0318394876262,104.43103458781992,292517500
2025-04-21,96.89241790771484,99.42195758129023,95.02275450080649,98.75207336541831,288501100
2025-04-22,98.8720474243164,99.7918785816798,97.26233908492571,98.76206678289148,241004800
2025-04-23,102.69136047363281,104.78098517141211,102.00148324580945,104.5010295750129,247526000
2025-04-24,106.41067504882812,106.52065568558213,103.09127819009328,103.46121375263034,220815000
2025-04-25,110.98986053466797,111.89969145813895,105.71081975581805,106.83061166162848,251064700
2025-04-28,108.71026611328125,110.3499678015911,106.00075133412535,109.67009093365705,207708500
2025-04-29,109.00021362304688,110.1799998026459,107.42050613077843,107.65046012276234,170444300
2025-04-30,108.90023040771484,108.90023040771484,104.06111247501677,104.45104108413872,235044600
2025-05-01,111.5897445678711,114.9191420385801,111.27980327057723,113.05947899879722,236121500
2025-05-02,114.4792251586914,115.37906338859757,113.34943293159324,114.15928352450368,190194800
2025-05-05,113.79934692382812,114.64919116473993,112.63956137373921,112.88951601094917,133163200
2025-05-06,113.51940155029297,114.71918078517231,110.79989381468877,111.45977773347964,158525600
2025-05-07,117.03875732421875,117.65864757290291,112.25962586336117,113.02949042053457,206758800
2025-05-08,117.34870910644531,118.658469001105,115.82898059800607,118.22854670795566,198428100
2025-05-09,116.62882995605469,118.20854502226882,115.18908887008638,117.32869985728382,132972200
2025-05-12,122.9776840209961,122.9776840209961,120.25817629208265,121.94787211512306,225023300
2025-05-13,129.9064178466797,131.19619232916256,124.44741706637032,124.95732666651305,330430100
2025-05-14,135.3154296875,135.4154176381041,131.65609038206884,133.17581874633882,281180800
2025-05-15,134.80552673339844,136.2752611112406,132.6359224746836,134.2656162138544,226632600
2025-05-16,135.37542724609375,136.32526708518697,133.43579205010155,136.19528579014883,226542500
2025-05-19,135.54539489746094,135.84532822832756,132.36596428610483,132.36596428610483,193154600
2025-05-20,134.35562133789062,134.55558199625042,132.59593092987555,134.26562607401144,161514200
2025-05-21,131.7760772705078,137.3750515435132,130.56629021032253,133.0358430493297,270608700
2025-05-22,132.80589294433594,134.22563338103308,131.52612648714359,132.20599574301846,187344000
2025-05-23,131.26617431640625,132.65592152877483,129.13657112060253,129.97641506418768,198821300
2025-05-27,135.47540283203125,135.63537744884945,133.2857979393918,134.1256417936587,192953600
2025-05-28,134.78553771972656,137.22509744866613,134.76553707682788,136.00531758419635,304021100
2025-05-29,139.1647491455078,143.46397204605128,137.88498259688382,142.22419152756274,369241900
2025-05-30,135.10548400878906,139.59465948344436,132.8958783257386,138.6948289010735,333170900
2025-06-02,137.35507202148438,138.09492795630163,135.37542038395227,135.46541564458173,197663100
2025-06-03,141.19436645507812,141.97422364617418,137.9249557656252,138.75480693174418,225578800
2025-06-04,141.8942413330078,142.36415725393297,139.5146683935161,142.1641966028205,167120800
2025-06-05,139.964599609375,143.97386636815438,138.80480646885346,142.14419665233672,231397900
2025-06-06,141.69427490234375,143.24399658328852,141.4843063108272,142.4841247816278,153986200
2025-06-09,142.6041259765625,144.97369107987248,141.91424872977086,143.16402192873528,185114500
2025-06-10,143.9338836669922,144.26381035974757,141.50431668274294,142.66410985007164,155881900
2025-06-11,142.81399536132812,144.97375695921582,141.85409623212945,144.59379466225064,167694000
2025-06-12,144.98374938964844,144.98374938964844,141.83410852298076,141.9540901919345,162365000
2025-06-13,141.95408630371094,143.5639064320885,140.83421673860605,142.4640236398758,180820600
2025-06-16,144.6737823486328,146.16360555156524,143.18394388862185,143.33393622751285,183133700
2025-06-17,144.1038360595703,145.20371882793046,143.7638778428329,144.4738049491523,139108000
2025-06-18,145.46368408203125,145.63366319028128,143.10394808189747,143.9938476821936,161494100
2025-06-20,143.83387756347656,146.1836049259659,142.63399990245927,145.43368901636921,242956200
2025-06-23,144.15383911132812,144.76377135076248,142.01407957999888,142.48402812138661,154308900
2025-06-24,147.88340759277344,147.94341367999496,145.4836828445603,145.54367367470394,187566100
2025-06-25,154.29270935058594,154.43269305532343,149.24327207878133,149.25328072295656,269146500
2025-06-26,155.00262451171875,156.70243086817015,153.98273459501658,155.9625083392563,198145700
2025-06-27,157.73231506347656,158.69221415352254,155.24258871826237,156.02250005395288,263234500
2025-06-30,157.97230529785156,158.6422284044636,155.94253394670602,158.38224776867892,194580300
2025-07-01,153.2828369140625,157.18239409932116,151.47304203431221,156.27249233706732,213143600
2025-07-02,157.2323760986328,157.58234297497486,152.95285700312823,152.962850389823,171224100
2025-07-03,159.3221435546875,160.96195919540767,157.7523273944205,158.35225101493015,143716100
2025-07-07,158.22227478027344,159.29214695363126,157.3223664705724,158.18227071828886,140139000
2025-07-08,159.98207092285156,160.20204749093682,158.3722507239072,159.31214783171163,138133000
2025-07-09,162.86175537109375,164.40157611225678,161.14194686393122,161.20193770023792,183656400
2025-07-10,164.0816192626953,164.48156834124046,161.5918927660757,164.30159583301895,167704100
2025-07-11,164.90151977539062,167.87118822352508,163.4516852914618,163.70165728031435,193633300
2025-07-14,164.05162048339844,165.4714595173457,162.00184716942397,165.35146259057728,136975800
2025-07-15,170.6808624267578,172.38066881478494,169.18103056842588,171.17081299302788,230627400
2025-07-16,171.35079956054688,171.73076187811773,168.88107501049606,171.04083672550954,158831500
2025-07-17,172.98062133789062,174.1404950617398,170.81086624213197,172.00073538495315,160841100
2025-07-18,172.39068603515625,174.23047621121117,171.24080573231237,173.62054394819432,146456400
2025-07-21,171.36080932617188,173.36058531454748,170.9808470061149,172.73065099594356,123126100
2025-07-22,167.01129150390625,171.37080379639445,164.5615689540832,171.32080634495316,193114300
2025-07-23,170.7608642578125,171.24080620570157,167.95118153678195,169.511004310231,154082200
2025-07-24,173.7205352783203,173.81052153075,171.28080627636527,172.42067791171223,128984600
2025-07-25,173.48056030273438,174.70042482917586,172.9406275198062,173.59054858813744,122316800
2025-07-28,176.73019409179688,176.98016607778243,173.9505068282037,174.00050427681666,140023500
2025-07-29,175.49032592773438,179.35990260986108,175.00039060425894,177.94006357342778,154077500
2025-07-30,179.2499237060547,179.869849375745,176.0202745228646,176.49022309733303,174312200
2025-07-31,177.85006713867188,183.2794667127293,175.9102820488597,182.87950237318685,221685400
2025-08-01,173.70053100585938,176.52020701181988,170.8708463561498,174.07048465468185,204529000
2025-08-04,179.97982788085938,180.17980241597786,174.500446281802,175.14037394842856,148174600
2025-08-05,178.24002075195312,180.23979665506658,175.8802845759961,179.59986897635343,156407600
2025-08-06,179.39988708496094,179.87982901005608,176.23024423927978,176.31023710297544,137192300
2025-08-07,180.749755859375,183.85940811228025,178.7799753024853,181.54966930117607,151878400
2025-08-08,182.6795196533203,183.27945850723472,180.3797743894202,181.52965464990967,123396700
2025-08-11,182.0395965576172,183.8193958765311,180.22980182096376,182.02960317073044,138323200
2025-08-12,183.1394805908203,184.4593247511904,179.43989822709233,182.9395060522284,145485700
2025-08-13,181.5696563720703,183.9493946696141,179.329917039869,182.59953978080497,179871700
2025-08-14,181.99960327148438,182.99949119039164,179.43989264021437,179.7298534235828,129554000
2025-08-15,180.42977905273438,181.87961354108583,178.02004541114613,181.85962676701382,156602200
2025-08-18,181.98959350585938,182.91949719839158,180.56975450061333,180.57976314427117,132008000
2025-08-19,175.6203155517578,182.47954736718557,175.47033846497254,182.4095478886331,185229200
2025-08-20,175.38034057617188,175.9802794498554,168.7810892510499,175.1503706193276,215142700
2025-08-21,174.96038818359375,176.88017120538285,173.79052111986658,174.83041312567687,140040900
2025-08-22,177.97006225585938,178.56998587344157,171.18081451068767,172.59066018618677,172789400
2025-08-25,179.78985595703125,181.88962682620624,176.5502286534902,178.33002804439553,163012800
2025-08-26,181.7496337890625,182.36955942503778,178.78995879531527,180.0398187111229,168688200
2025-08-27,181.57965087890625,182.46955051009175,179.07993109949993,181.95959791056248,235518900
2025-08-28,180.14981079101562,184.44933204343067,176.39023757757423,180.79974711518173,281787800
2025-08-29,174.1604766845703,178.130033086625,173.13059331145078,178.09004428153852,243257900
2025-09-02,170.7608642578125,172.36069109354864,167.20126556823303,169.980952871088,231164900
2025-09-03,170.60089111328125,172.3906992342715,168.86109570238054,171.0408442884315,164424900
2025-09-04,171.64077758789062,171.8407521362954,169.39102958990665,170.55090333056648,141670100
2025-09-05,167.0012969970703,169.0110663720669,164.05163046676552,168.01117837826322,224441400
2025-09-08,168.2911376953125,170.940849905597,167.33125381142952,167.53122834914853,163769100
2025-09-09,170.74085998535156,170.96083655380463,166.7213214317911,169.0710489481518,157548400
2025-09-10,177.3101348876953,179.26990675759993,175.45034266016896,176.62020974984335,226852000
2025-09-11,177.16014099121094,180.26996857097555,176.4701769393558,179.66999584989978,151159300
2025-09-12,177.8101043701172,178.59005971058946,176.44017029123495,177.76010410307373,124911000
2025-09-15,177.74009704589844,178.84004186496986,174.50027206258352,175.66021109761542,147061600
2025-09-16,174.87026977539062,177.49011904437822,174.37029760906842,176.99014687805604,140737800
2025-09-17,170.280517578125,173.1903593144249,168.40063256525568,172.63039291663662,211843800
2025-09-18,176.23019409179688,177.09014682532762,172.95037791227023,173.9703101424577,191763300
2025-09-19,176.66015625,178.07008136373162,175.17023376194967,175.7602124903078,237182100
2025-09-22,183.5997772216797,184.53972732383275,174.70027887607205,175.29024236301854,269637000
2025-09-23,178.42005920410156,182.409842567533,176.20019683221489,181.9598706713119,192559600
2025-09-24,176.96014404296875,179.76998508551358,175.39022416770254,179.75999113536878,143564100
2025-09-25,177.68011474609375,180.24996380236055,173.12037093203185,174.47028665549124,191586700
2025-09-26,178.18008422851562,179.75999811527313,174.920255917913,178.16008106951017,148573700
2025-09-29,181.8398895263672,183.98976381560166,180.30997586310093,180.4199550960203,193063500
2025-09-30,186.56961059570312,187.3395719841704,181.4698885277926,182.06986121505474,236981000
2025-10-01,187.22958374023438,188.12952754318238,183.88975804814035,185.22969505995906,173844900
2025-10-02,188.87948608398438,191.0393695238543,188.04953044946197,189.5894532800495,136805800
2025-10-03,187.6095428466797,190.34939569471342,185.36967740169,189.1794627061203,137596900
2025-10-06,185.5296630859375,187.21957143407985,183.31979467524326,185.48967202648717,157678100
2025-10-07,185.02969360351562,189.0494741147918,183.9897582054133,186.21962980709273,140088000
2025-10-08,189.09947204589844,189.58945025835604,186.52960780500513,186.55962017208088,130168900
2025-10-09,192.5592803955078,195.28912405123697,191.04935474353755,192.21928773885006,182997200
2025-10-10,183.14981079101562,195.6091088464203,182.0398719523004,193.49922565779727,268774400
2025-10-13,188.3095245361328,190.09941818271824,185.94965529464977,187.9595379156231,153482800
2025-10-14,180.0199737548828,184.78971240822688,179.68999030007896,184.75971529942103,205641400
2025-10-15,179.8199920654297,184.85970481354866,177.2801249034248,184.7897166440438,214450500
2025-10-16,181.7998809814453,183.26980040587233,179.76000120804414,182.21985578014733,179723300
2025-10-17,183.20980834960938,184.08976427610557,179.74000017155936,180.16996892604442,173135200
2025-10-20,182.6298370361328,185.18969215276272,181.71988400794234,183.1198152646831,128544700
2025-10-21,181.14991760253906,182.77981647710283,179.78999271004406,182.77981647710283,124240200
2025-10-22,180.26995849609375,183.42978616900905,176.7501502622395,181.1299112106735,162249600
2025-10-23,182.1498565673828,183.01980322210497,179.7799782111653,180.40994799999942,111363700
2025-10-24,186.24961853027344,187.45955783835475,183.48977777431884,183.8297551720498,131296700
2025-10-27,191.47933959960938,191.98930570001696,188.41949722334647,189.979423148828,153452700
2025-10-28,201.01881408691406,203.1386912540773,191.89932637827522,193.03926234185508,297986200
2025-10-29,207.02847290039062,212.1781954922272,204.76860414707738,207.96842303697136,308829600
2025-10-30,202.8787078857422,206.1485301715792,201.39879452489242,205.1385766163601,178864400
2025-10-31,202.47872924804688,207.95841980607935,202.05875446792163,206.43850017947892,179802200
2025-11-03,206.8684844970703,211.32822759164594,205.5485506791992,208.06841462190084,180267300
2025-11-04,198.67893981933594,203.9586446199207,197.9189723693821,202.98869740675082,188919300
2025-11-05,195.1991424560547,202.90870481768462,194.63916080574026,198.75894188581304,171350300
2025-11-06,188.0695343017578,197.60899664277025,186.3696319662745,196.40906647995496,223029800
2025-11-07,188.1395263671875,188.3095303364016,178.90005019006267,184.8897071775586,264942300
2025-11-10,199.03892517089844,199.9288750287355,193.7792081445882,195.09914200543773,198897100
2025-11-11,193.1492462158203,195.40911485928362,191.28934919242405,195.14913483203398,176483300
2025-11-12,193.78921508789062,195.87909508520013,191.1193655455878,195.70910637927892,154935300
2025-11-13,186.84959411621094,191.42934088057365,183.8397672401686,191.03936321053533,207423100
2025-11-14,190.15940856933594,190.99935813210442,180.56994624954729,182.8498180673128,186591900
2025-11-17,186.58961486816406,188.98947511566342,184.30974305565786,185.95964506857126,173628900
2025-11-18,181.3498992919922,184.7897101334883,179.63998782140993,183.36979105504545,213598900
2025-11-19,186.50961303710938,187.8495347223247,182.8198161698128,184.7796984316032,247246400
2025-11-20,180.62994384765625,195.9890894251709,179.83999453744622,195.9390891568929,343504800
2025-11-21,178.8700408935547,184.54971718190046,172.92036011460985,181.22991004695137,346926200
2025-11-24,182.5398406982422,183.4897847612219,176.47017128450955,179.48001348627363,256618300
2025-11-25,177.8101043701172,178.15008177330986,169.54056066153746,174.90026276869568,320600300
2025-11-26,180.2499542236328,182.8998157763143,178.2300777211247,181.61988829154,183852000
2025-11-28,176.99014282226562,179.28000857805475,176.49017066740046,179.0000253919654,121332800
2025-12-01,179.9099884033203,180.28997214473748,173.67033006996684,174.75027181562072,188131000
2025-12-02,181.4499053955078,185.6496685428864,179.98997995570696,181.74987648908228,182632200
2025-12-03,179.5800018310547,182.43984327721986,179.1000328161426,181.06992440272873,165138000
2025-12-04,183.3800048828125,184.52000427246094,179.9600067138672,181.6199951171875,167364900
2025-12-05,182.41000366210938,184.66000366210938,180.91000366210938,183.88999938964844,143971100
2025-12-08,185.5500030517578,188.0,182.39999389648438,182.63999938964844,204378100
2025-12-09,184.97000122070312,185.72000122070312,183.32000732421875,185.55999755859375,144719700
2025-12-10,183.77999877929688,185.47999572753906,182.0399932861328,184.97000122070312,162785400
2025-12-11,180.92999267578125,181.32000732421875,176.6199951171875,180.27999877929688,182136600
2025-12-12,175.02000427246094,182.82000732421875,174.6199951171875,181.11000061035156,204274900
2025-12-15,176.2899932861328,178.4199981689453,175.02999877929688,177.94000244140625,164775600
2025-12-16,177.72000122070312,178.49000549316406,174.89999389648438,176.25999450683594,148588100
2025-12-17,170.94000244140625,176.1300048828125,170.30999755859375,176.10000610351562,222775500
2025-12-18,174.13999938964844,176.14999389648438,171.82000732421875,174.52999877929688,176096000
2025-12-19,180.99000549316406,181.4499969482422,176.33999633789062,176.6699981689453,324925900
2025-12-22,183.69000244140625,184.16000366210938,182.35000610351562,183.9199981689453,129064400
2025-12-23,189.2100067138672,189.3300018310547,182.89999389648438,182.97000122070312,174873600
2025-12-24,188.61000061035156,188.91000366210938,186.58999633789062,187.94000244140625,65528500
2025-12-26,190.52999877929688,192.69000244140625,188.0,189.9199981689453,139740300
2025-12-29,188.22000122070312,188.75999450683594,185.91000366210938,187.7100067138672,120006100
2025-12-30,187.5399932861328,188.99000549316406,186.92999267578125,188.24000549316406,97687300
2025-12-31,186.5,190.55999755859375,186.49000549316406,189.57000732421875,120100500
2026-01-02,188.85000610351562,192.92999267578125,188.25999450683594,189.83999633789062,148240500
2026-01-05,188.1199951171875,193.6300048828125,186.14999389648438,191.75999450683594,183529700
2026-01-06,187.24000549316406,192.1699981689453,186.82000732421875,190.52000427246094,176862600
2026-01-07,189.11000061035156,191.3699951171875,186.55999755859375,188.57000732421875,153543200
2026-01-08,185.0399932861328,189.5500030517578,183.7100067138672,189.11000061035156,172457000
2026-01-09,184.86000061035156,186.33999633789062,183.6699981689453,185.0800018310547,131072000
