Date,days_delta,Close,High,Low,Open,Volume
1995-03-15,0,1.768211007118225,1.797681452183625,1.5324492932780571,1.5717431687351733,71337728
1995-03-16,1,1.9450325965881348,2.003973038926374,1.866445596620964,1.9450325965881348,17607744
1995-03-17,1,1.8762692213058472,1.954856235759704,1.8664459406805631,1.954856235759704,13216075
1995-03-20,3,1.8664461374282837,1.8762694190890692,1.8271523952238071,1.8664461374282837,5498827
1995-03-21,1,1.9548553228378296,1.974502028803658,1.8467979014099136,1.8664450690464784,6312768
1995-03-22,1,2.190617322921753,2.33796802239365,1.9646790194672008,1.9646790194672008,14026731
1995-03-23,1,2.141500234603882,2.229910503203666,2.1316769569207232,2.170970067653358,6550955
1995-03-24,1,2.1513237953186035,2.170970353269653,2.1120306794165047,2.1611470742941283,1577781
1995-03-27,3,2.1807940006256104,2.1807940006256104,2.1120302909918514,2.1415001224986128,1945739
1995-03-28,1,2.249558448791504,2.3379687417882855,2.1807947165825476,2.19061799697646,10769323
1995-03-29,1,2.2593812942504883,2.328145013222306,2.220087410787412,2.279027851256316,3939936
1995-03-30,1,2.1316778659820557,2.2397355054810637,2.072737405296386,2.2397355054810637,2329301
1995-03-31,1,2.2102644443511963,2.2102644443511963,2.072736986990092,2.1022069805499792,3544875
1995-04-03,3,2.1611478328704834,2.200441732016443,2.1316779855998087,2.200441732016443,2472213
1995-04-04,1,2.0334432125091553,2.1611472336181947,2.0137964992194193,2.151323953918478,2035264
1995-04-05,1,1.9843264818191528,2.0334436605925603,1.9646799180904635,2.0334436605925603,3745280
1995-04-06,1,1.9843264818191528,2.0334436605925603,1.984326481819153,2.0039736611091894,2031979
1995-04-07,1,1.9843264818191528,2.013796942973534,1.954856482335782,1.984326481819153,1200789
1995-04-10,3,2.082559585571289,2.1218534617272815,1.95485544987841,1.9843254337972016,2306304
1995-04-11,1,2.082559585571289,2.1120301850511027,2.062913032218931,2.082559585571289,1878389
1995-04-12,1,2.121854066848755,2.136588601339456,2.092383458964359,2.092383458964359,3177739
1995-04-13,1,2.082559585571289,2.141500015079639,2.062913032218931,2.141500015079639,602037
1995-04-17,4,2.013796329498291,2.102206762686396,2.013796329498291,2.0629134933088324,770411
1995-04-18,1,1.9745025634765625,2.043266283812766,1.9548558521906272,2.013796293829007,1040629
1995-04-19,1,1.9548553228378296,1.9941491964402231,1.9548553228378296,1.974502028803658,1360128
1995-04-20,1,1.9548553228378296,1.9941491964402231,1.9548553228378296,1.964678752765867,1312491
1995-04-21,1,1.994149684906006,1.994149684906006,1.9843257909008756,1.9843257909008756,502656
1995-04-24,3,2.239736318588257,2.259382889465351,1.9941511048167244,1.9941511048167244,4398240
1995-04-25,1,2.1513237953186035,2.2299107965742593,2.1513237953186035,2.2102642386232096,983957
1995-04-26,1,2.2299108505249023,2.2495581784027583,2.1513238473679066,2.1513238473679066,2085365
1995-04-27,1,2.239736318588257,2.259382889465351,2.210265692820652,2.220088978259199,1733013
1995-04-28,1,2.1513237953186035,2.2299107965742593,2.121853958392029,2.2299107965742593,817227
1995-05-01,3,2.141500234603882,2.170970067653358,2.1316769569207232,2.170970067653358,820512
1995-05-02,1,2.1513237953186035,2.170970353269653,2.131677237367554,2.170970353269653,272683
1995-05-03,1,2.2102644443511963,2.2200877242410564,2.1316774357807837,2.1316774357807837,1546571
1995-05-04,1,2.347792148590088,2.4362030619082717,2.220087957690344,2.220087957690344,6742325
1995-05-05,1,2.377262592315674,2.4263789934484734,2.347791982184438,2.347791982184438,1885781
1995-05-08,3,2.416555643081665,2.446026252357519,2.3576151939814896,2.367439243374463,1213109
1995-05-09,1,2.347792148590088,2.416555884501365,2.3281455867444687,2.416555884501365,2055797
1995-05-10,1,2.26920485496521,2.3183220230397033,2.2593815752406146,2.3183220230397033,3379787
1995-05-11,1,2.2200872898101807,2.2888510050349193,2.2200872898101807,2.2888510050349193,749877
1995-05-12,1,2.347792148590088,2.3969093226557456,2.220087957690344,2.220087957690344,1915349
1995-05-15,3,2.416555643081665,2.4362028185257723,2.3576151939814896,2.3772625233159035,1425835
1995-05-16,1,2.416555643081665,2.426378923023105,2.3969090831987843,2.4067323631402244,536331
1995-05-17,1,2.6621406078338623,2.691611215874386,2.4951431630360976,2.5246131555154205,5533323
1995-05-18,1,2.74072790145874,2.819315689268088,2.681788214779167,2.7505519520236272,2813888
1995-05-19,1,2.6523168087005615,2.711257401093415,2.642493684415644,2.642493684415644,1774080
1995-05-22,3,2.613023519515991,2.691611297025789,2.5737302463223117,2.671963814032273,607787
1995-05-23,1,2.7112581729888916,2.7112581729888916,2.563907265617055,2.622847874790306,2675083
1995-05-24,1,2.789844512939453,2.858608236293922,2.760374829442747,2.770197954681453,5276245
1995-05-25,1,2.701434373855591,2.8487852613581057,2.701434373855591,2.8389618278205244,1796256
1995-05-26,1,2.6817874908447266,2.730904037042609,2.6817874908447266,2.7112574801195697,509227
1995-05-30,4,2.579870223999023,2.740727771930535,2.563907181345197,2.7014346493344994,1418443
1995-05-31,1,2.534435987472534,2.5737297142132967,2.4656722734567458,2.534435987472534,2255381
1995-06-01,1,2.568817138671875,2.568817138671875,2.5147887409189957,2.5442585662066155,292395
1995-06-02,1,2.613023519515991,2.6326706947288976,2.5049665180898817,2.524613231631874,1369163
1995-06-05,3,2.642493486404419,2.652316609953256,2.613022884635769,2.62284693152621,768768
1995-06-06,1,2.5835530757904053,2.6326702358091816,2.5835530757904053,2.613023064021115,487051
1995-06-07,1,2.6032004356384277,2.6424944835642754,2.5835538733464807,2.622847921272328,560149
1995-06-08,1,2.622847557067871,2.6523172425233525,2.622847557067871,2.6326706829594957,251328
1995-06-09,1,2.6523168087005615,2.6817874126775463,2.6228471280652506,2.6523168087005615,177408
1995-06-12,3,2.642493486404419,2.6621400412826275,2.642493486404419,2.652316609953256,154411
1995-06-13,1,2.6523168087005615,2.6817874126775463,2.642493684415644,2.671963365050955,285003
1995-06-14,1,2.613023519515991,2.6424941284450463,2.613023519515991,2.6424941284450463,523189
1995-06-15,1,2.622847557067871,2.6817878513206588,2.593376948270565,2.613023507834422,925643
1995-06-16,1,2.622847557067871,2.6523172425233525,2.622847557067871,2.6523172425233525,175765
1995-06-19,3,2.6523168087005615,2.6621402407660373,2.6228471280652506,2.6228471280652506,1864427
1995-06-20,1,2.6621406078338623,2.671963733473236,2.632670615354539,2.652317174413888,4287360
1995-06-21,1,2.642493486404419,2.6916106430512774,2.642493486404419,2.6916106430512774,1582709
1995-06-22,1,2.6032004356384277,2.6621410458562225,2.5933773083827796,2.632671048527976,534688
1995-06-23,1,2.6032004356384277,2.622847921272328,2.544260133201284,2.5933773083827796,2169141
1995-06-26,3,2.671963930130005,2.711257974482548,2.6228476827569738,2.642494243262311,1710016
1995-06-27,1,2.622847557067871,2.6916112849928915,2.613023507834422,2.67196380208721,758091
1995-06-28,1,2.5835530757904053,2.60319963201736,2.573729797676928,2.5933765077941606,358923
1995-06-29,1,2.7603743076324463,2.78984398555832,2.60319940903547,2.60319940903547,882112
1995-06-30,1,2.8193154335021973,2.91754915906509,2.7505517024959234,2.7505517024959234,1806933
1995-07-03,3,2.9077248573303223,2.9077248573303223,2.878254871567114,2.9077248573303223,212725
1995-07-05,2,3.0354299545288086,3.0845468155933564,3.0059599610023247,3.025606520759777,2205280
1995-07-06,1,3.0354299545288086,3.182780537722451,2.98631278568365,3.1140168091198404,1107979
1995-07-07,1,3.1140167713165283,3.163133939565418,3.084546778147802,3.084546778147802,744128
1995-07-10,3,3.182780504226685,3.19260455345355,3.143487385125303,3.143487385125303,487872
1995-07-11,1,3.12384033203125,3.1729568770382346,3.1189281543036005,3.1729568770382346,1273067
1995-07-12,1,3.2810146808624268,3.300661239454921,3.1336637986254594,3.1336637986254594,2828672
1995-07-13,1,3.7820076942443848,3.9293585674249334,3.330131642119959,3.330131642119959,10247776
1995-07-14,1,3.644479513168335,3.6935966661027058,3.38907124125114,3.5069521005131192,6320981
1995-07-17,3,3.664127826690674,3.70342156791362,3.634657828554124,3.634657828554124,4528832
1995-07-18,1,3.5462467670440674,3.713244852691127,3.536423639917202,3.6935982906567495,2629909
1995-07-19,1,3.516775608062744,3.516775608062744,3.1041927455069187,3.4283644230655335,2351477
1995-07-20,1,3.811477899551392,3.831125073607543,3.467659278632053,3.4971289624842097,1821717
1995-07-21,1,3.899888038635254,4.017768905561212,3.634656318887246,3.7525371858132046,1379840
1995-07-24,3,4.037415981292725,4.116002825678252,3.890065109453862,3.890065109453862,802443
1995-07-25,1,4.233884334564209,4.2633549441873475,4.066887188579051,4.1356509184309855,5065984
1995-07-26,1,4.243707656860352,4.283001391616568,4.204414537665352,4.204414537665352,2552704
1995-07-27,1,4.371409893035889,4.449997638216848,4.086531971361578,4.243705922821081,2496032
1995-07-28,1,4.391059875488281,4.4303533116009675,4.2142386435294945,4.292825823535547,1667307
1995-07-31,3,4.400883674621582,4.626821489530055,4.371413056488969,4.5875283579555886,1921099
1995-08-01,1,4.140562534332275,4.440175910811576,4.135651278601729,4.440175910811576,1020096
1995-08-02,1,3.978476047515869,4.224061285101893,3.978476047515869,4.224061285101893,918251
1995-08-03,1,3.8900651931762695,3.9981223373674153,3.880242068252093,3.9588289143289743,1378197
1995-08-04,1,3.6543045043945312,3.968653186300964,3.6543045043945312,3.9097125776080257,2884523
1995-08-07,3,3.7918310165405273,3.8704178593558938,3.693597309131037,3.693597309131037,1553141
1995-08-08,1,3.870419502258301,3.9760212134417463,3.791832626084646,3.968653866927108,1120299
1995-08-09,1,3.7918310165405273,3.8900650317305825,3.791831016540527,3.8900650317305825,440235
1995-08-10,1,3.683773040771485,3.823756557899853,3.6739499168429752,3.823756557899853,246400
1995-08-11,1,3.7427144050598145,3.870418428127031,3.7427144050598145,3.752538146581074,616000
1995-08-14,3,3.899888038635254,3.899888038635254,3.742713446807133,3.772183740483755,1707552
1995-08-15,1,3.8900651931762695,3.9490057894047976,3.8311249047283193,3.92935861621471,1546571
1995-08-16,1,4.125826835632324,4.194591180490656,3.968652817082242,4.037416546379345,968352
1995-08-17,1,4.116003036499023,4.184766759693851,4.106179911283123,4.106179911283123,1195861
1995-08-18,1,4.106179714202881,4.165120001572322,4.106179714202881,4.165120001572322,36960
1995-08-21,3,3.7623612880706783,4.096356470405763,3.762361288070679,4.086533345208761,489515
1995-08-22,1,3.831125020980835,3.8311250209808354,3.664126967713157,3.7721844229638006,1167115
1995-08-23,1,3.899888038635254,3.988298304104058,3.8114771576053865,3.880241483964704,974101
1995-08-24,1,3.831125020980835,3.8998887442201218,3.7881474631208407,3.8998887442201218,228331
1995-08-25,1,3.8507721424102783,3.899889314608229,3.83112558131173,3.899889314608229,1357664
1995-08-28,3,3.7918310165405273,3.9097115885441416,3.791831016540527,3.831124745728775,854187
1995-08-29,1,3.6935980319976807,3.840948621949604,3.5757171291432663,3.7820083244127094,1954773
1995-08-30,1,3.673951148986816,3.7918320612490137,3.6641277139832455,3.73289145122759,757269
1995-08-31,1,3.703420639038086,3.74271406262497,3.6739503405124863,3.6935975139768016,514976
1995-09-01,1,3.811477899551392,3.8409481989647314,3.7525379162858954,3.7525379162858954,258720
1995-09-05,4,4.05706262588501,4.05706262588501,3.831124904794085,3.831124904794085,559328
1995-09-06,1,4.066887378692627,4.1356511117590395,4.0079467722523034,4.096357066351526,1126869
1995-09-07,1,4.05706262588501,4.116002914333971,4.027592635550818,4.066886674151089,477195
1995-09-08,1,4.047239780426025,4.09635695107744,4.007946659466139,4.027593219946082,40245
1995-09-11,3,4.243707656860352,4.322295126372785,4.007946479445486,4.007946479445486,618464
1995-09-12,1,4.125826835632324,4.39105893451372,4.086533715720572,4.302648029699512,397525
1995-09-13,1,4.0767107009887695,4.174944434209641,4.0767107009887695,4.116003824940343,671851
1995-09-14,1,4.047239780426025,4.076710390597497,3.998122917555234,4.076710390597497,179872
1995-09-15,1,3.870419502258301,3.9883004320801736,3.821302935485289,3.9883004320801736,654603
1995-09-18,3,3.801654100418091,3.909711546750096,3.732890382854292,3.821301272582755,1117013
1995-09-19,1,3.870419502258301,3.8998901194396383,3.8016557547708314,3.8016557547708314,5069269
1995-09-20,1,3.909710645675659,3.988297777319465,3.909710645675659,3.9686512252438817,418880
1995-09-21,1,3.860594511032105,3.939181349291616,3.850771079304528,3.880241682267803,992171
1995-09-22,1,3.477482318878174,3.874102537239593,3.467659193761406,3.850771537855224,632427
1995-09-25,3,3.595362901687622,3.673950050437154,3.5658929132693964,3.595362901687622,593003
1995-09-26,1,3.6199231147766113,3.7328918602441425,3.6150109350656185,3.7328918602441425,867328
1995-09-27,1,3.3596012592315674,3.624833626048488,3.0059595397849908,3.57571646408599,1974485
1995-09-28,1,3.4480128288269043,3.5167765551783736,3.3694250534667947,3.3694250534667947,1023381
1995-09-29,1,3.4480128288269043,3.6935977416710664,3.4480128288269047,3.615009966310956,932213
1995-10-02,3,3.12384033203125,3.5167760776732817,3.0845462957962075,3.4774820414382392,514155
1995-10-03,1,3.182780504226685,3.223302591295824,3.1336639514596536,3.1336639514596536,2758037
1995-10-04,1,3.153310537338257,3.2220742657913233,3.1533105373382573,3.163133971085925,151947
1995-10-05,1,3.143486738204956,3.212250451932523,3.1238401826974687,3.1926038964250356,254613
1995-10-06,1,3.202427625656128,3.29083791160373,3.202427625656128,3.202427625656128,1471008
1995-10-09,3,3.1336638927459717,3.202427619336522,3.1336638927459717,3.202427619336522,128128
1995-10-10,1,3.074723482131958,3.143487206094602,2.9077254271075494,3.143487206094602,560149
1995-10-11,1,3.202427625656128,3.330131953388247,3.13366389892988,3.13366389892988,510048
1995-10-12,1,3.3399550914764404,3.339955091476441,3.2810147980329165,3.2810147980329165,320320
1995-10-13,1,3.3006608486175537,3.3694245650003265,3.3006608486175533,3.3596011329769935,1835680
1995-10-16,3,3.2417211532592773,3.3596017433963494,3.2220742856428948,3.3596017433963494,2468107
1995-10-17,1,3.526599645614624,3.526599645614624,3.3399550275390646,3.3988956276348823,840224
1995-10-18,1,3.870419502258301,3.909713248125824,3.762362624464701,3.772185753150885,3057003
1995-10-19,1,3.5658938884735107,3.860595699934453,3.5658938884735107,3.801655091417751,1162187
1995-10-20,1,3.644479513168335,3.703419788909069,3.556068637886467,3.575715806840727,1321525
1995-10-23,3,3.821301937103271,3.821301937103271,3.6444807424584424,3.6444807424584424,1355200
1995-10-24,1,3.9490060806274414,4.086533533074924,3.8311251872577414,3.850771746335525,982315
1995-10-25,1,3.870419502258301,3.9883004320801736,3.8409495006383545,3.9883004320801736,404096
1995-10-26,1,3.7721848487854,3.811478277451793,3.713244551895501,3.811478277451793,320320
1995-10-27,1,3.732891321182251,3.782008494488975,3.69359819809815,3.69359819809815,327712
1995-10-30,3,3.8409483432769775,3.840948343276977,3.7525380572763862,3.772184616509517,586432
1995-10-31,1,3.899888038635254,3.899888038635254,3.8114771576053865,3.8507708825075495,1335488
1995-11-01,1,3.880241632461548,3.899888187883972,3.801653871869136,3.899888187883972,290752
1995-11-02,1,3.8507721424102783,3.870418703508826,3.801654970212327,3.8114784046519175,1509611
1995-11-03,1,3.870419502258301,3.9195366845927047,3.8016557547708314,3.8311263719521698,941248
1995-11-06,3,3.899888038635254,3.899888038635254,3.8507708825075495,3.8507708825075495,1842251
1995-11-07,1,3.6543045043945312,3.8114785375671048,3.6543045043945312,3.7623619792176086,463232
1995-11-08,1,3.6543045043945312,3.7623619792176086,3.6543045043945312,3.7623619792176086,157696
1995-11-09,1,3.7427144050598145,3.831125308725656,3.7427144050598145,3.7721847062817617,372064
1995-11-10,1,3.732891321182251,3.791831929150319,3.732891321182251,3.75253849828558,41888
1995-11-13,3,3.5462467670440674,3.683774240187944,3.5462467670440674,3.683774240187944,304715
1995-11-14,1,3.428365707397461,3.467659753105706,3.379249458329848,3.418542580696192,1048843
1995-11-15,1,3.3988959789276123,3.457836277334603,3.398895978927612,3.438189716386026,69813
1995-11-16,1,3.55607008934021,3.615010389138152,3.418542620551466,3.418542620551466,284181
1995-11-17,1,3.575716972351074,3.6543041348811607,3.536423237195725,3.536423237195725,722773
1995-11-20,3,3.4811666011810303,3.6739508430380905,3.428365603961267,3.585540550929633,729344
1995-11-21,1,3.369424819946289,3.506952878678945,3.281014540607885,3.428365108765419,436128
1995-11-22,1,3.3792481422424316,3.3890712651179715,3.349777542493757,3.3890712651179715,117451
1995-11-24,2,3.417314291000366,3.417314291000366,3.3890720368508007,3.3890720368508007,119915
1995-11-27,3,3.418541431427002,3.487305141902222,3.389071445669354,3.487305141902222,1149045
1995-11-28,1,3.369424819946289,3.379248868274067,3.3399548294270143,3.379248868274067,214368
1995-11-29,1,3.418541431427002,3.506952312041538,3.418541431427002,3.418541431427002,608608
1995-11-30,1,3.310486316680908,3.4676603731535405,3.3006622648811126,3.4676603731535405,283360
1995-12-01,1,3.3006608486175537,3.3399545767108845,3.3006608486175533,3.3252192747856073,720309
1995-12-04,3,3.0845463275909424,3.2441764085764473,3.0059594854330416,3.2441764085764473,2087008
1995-12-05,1,3.2122507095336914,3.2257576598194047,3.1434869902917306,3.182780104457752,1574496
1995-12-06,1,3.163133382797241,3.477481973136719,3.143486826736438,3.359601097869138,3058645
1995-12-07,1,3.025606155395508,3.143487038608291,2.947019002513844,3.143487038608291,596288
1995-12-08,1,3.0845463275909424,3.1631334775294055,3.0648997709417483,3.0845463275909424,1390517
1995-12-11,3,3.143486738204956,3.153309862068427,3.064899592833373,3.13366330656094,1672235
1995-12-12,1,3.12384033203125,3.1729568770382346,3.0845462957962075,3.1729568770382346,680064
1995-12-13,1,3.0648999214172363,3.179096672488147,3.0648999214172363,3.133663642516871,779445
1995-12-14,1,3.094370603561402,3.1238412160224795,3.0550768639874923,3.084547168667924,41888
1995-12-15,1,3.0648999214172363,3.1238405176002755,2.986312459839851,3.1238405176002755,2289056
1995-12-18,3,2.7309045791625977,3.084546982907854,2.691611457516324,3.084546982907854,1112085
1995-12-19,1,2.74072790145874,2.7603753870272145,2.681788214779167,2.691611649782754,3483275
1995-12-20,1,2.770197868347168,2.8291384646260243,2.7407272624271615,2.8291384646260243,1729728
1995-12-21,1,2.7112581729888916,2.770198474381498,2.6916116110451203,2.7505519124377256,1361771
1995-12-22,1,2.74072790145874,2.819315689268088,2.7014347770056912,2.7468675098634012,930571
1995-12-26,4,2.701434373855591,2.7701981008380576,2.701434373855591,2.701434373855591,467339
1995-12-27,1,2.716169595718384,2.7505514581674166,2.691611166509159,2.7505514581674166,506763
1995-12-28,1,2.6326699256896973,2.711257064681888,2.5933762023033418,2.684242552908639,973280
1995-12-29,1,2.613023519515991,2.652317254380585,2.613023519515991,2.613023519515991,172480
1996-01-02,4,2.701434373855591,2.701434373855591,2.6326706468731245,2.6523172061676834,2356405
1996-01-03,1,2.7603743076324463,2.8193145868257825,2.6916105972767985,2.8094911556634714,9935669
1996-01-04,1,2.9371955394744873,2.9764886497196015,2.848784656410557,2.848784656410557,2777749
1996-01-05,1,3.2417211532592773,3.3006614483278134,3.1140168215334016,3.1434874307385883,2735040
1996-01-08,3,3.349778652191162,3.536423280925826,3.349778652191162,3.536423280925826,1065269
1996-01-09,1,3.104193925857544,3.3988960386302947,3.104193925857544,3.3792494773366193,2120683
1996-01-10,1,3.025606155395508,3.1238404812233056,2.9568424350966236,3.1238404812233056,896896
1996-01-11,1,3.2417211532592773,3.271191454683852,3.192604599779546,3.236809590245488,1434048
1996-01-12,1,3.3006608486175537,3.3399545767108845,3.202427143945339,3.2810142923514443,616000
1996-01-15,3,3.192604303359986,3.3792489128252488,3.192604303359986,3.349778306356281,601216
1996-01-16,1,3.2122507095336914,3.3006609858586624,3.1729569798065316,3.3006609858586624,763840
1996-01-17,1,3.2613677978515625,3.3399546399654483,3.1041931902821043,3.1631334757577996,425451
1996-01-18,1,3.222074031829834,3.281014630036043,3.172957174438581,3.281014630036043,901824
1996-01-19,1,3.457835912704468,3.457835912704468,3.222074128376415,3.2711912950200084,785195
1996-01-22,3,3.320308208465576,3.3988953613218773,3.276102607967047,3.3988953613218773,568363
1996-01-23,1,3.320308208465576,3.3792488039432325,3.320308208465576,3.32521946308452,635712
1996-01-24,1,3.418541431427002,3.428364554825865,3.3694242755300374,3.3694242755300374,582325
1996-01-25,1,3.3596012592315674,3.615009578094852,3.3596012592315674,3.448012458544632,1142475
1996-01-26,1,3.4480128288269043,3.497129072722294,3.4087187872565488,3.457835954493742,652139
1996-01-29,3,3.526599645614624,3.5757168123611383,3.497129037786117,3.5560696378819343,1372448
1996-01-30,1,3.477482318878174,3.5560694742764083,3.4578357608640533,3.516776358248167,977387
1996-01-31,1,3.516775608062744,3.516775608062744,3.4480119002302794,3.4971281308979982,314571
1996-02-01,1,3.6346569061279297,3.6444803389406135,3.3792488841204817,3.4971288467503596,1300992
1996-02-02,1,3.6346569061279297,3.6346569061279297,3.5560694436264613,3.5560694436264613,631605
1996-02-05,3,3.6543045043945312,3.713244805306827,3.595363895701593,3.664127631396045,4204405
1996-02-06,1,3.575716972351074,3.673950694678223,3.575716972351074,3.575716972351074,1171221
1996-02-07,1,3.477482318878174,3.634656937455226,3.4578357608640533,3.5757166478516966,658709
1996-02-08,1,3.6935980319976807,3.791831758632296,3.615010250460362,3.791831758632296,1921920
1996-02-09,1,3.6543045043945312,3.752538544435452,3.6543045043945312,3.752538544435452,276789
1996-02-12,3,3.7623612880706783,3.801654404419861,3.615009793406848,3.615009793406848,2746539
1996-02-13,1,3.6150097846984863,3.732890672364996,3.6150097846984863,3.6543038242947703,536331
1996-02-14,1,3.6150097846984863,3.6469364804147664,3.5364229366282607,3.634656958386921,1589280
1996-02-15,1,3.4381892681121826,3.546246108692395,3.3645136738738537,3.5364229833891683,1673056
1996-02-16,1,3.516775608062744,3.5953624389165455,3.5069521772608896,3.5364221618859353,1669771
1996-02-20,4,3.968653917312622,4.106181414033592,3.919536734354633,3.9293601709462305,2526421
1996-02-21,1,4.145474910736084,4.1651214749553525,4.047240550736333,4.0668880382976464,2139573
1996-02-22,1,4.096357345581055,4.165121083334769,4.066887655913344,4.145474520962746,1722336
1996-02-23,1,4.066887378692627,4.125827061791056,4.0079467722523034,4.066887378692627,1495648
1996-02-26,3,4.047239780426025,4.076710390597497,4.027593219946082,4.066887264247836,498549
1996-02-27,1,3.811477899551392,3.988299080470247,3.7918313410564233,3.988299080470247,2288235
1996-02-28,1,3.6346569061279297,3.8507715046652247,3.6150097327219815,3.742714051506286,3678752
1996-02-29,1,3.811477899551392,3.850771632102511,3.7525379162858954,3.7525379162858954,2723541
1996-03-01,1,3.732891321182251,3.9097125295251782,3.6150104130267526,3.850772229337749,2565845
1996-03-04,3,3.6150097846984863,3.75253784605343,3.467659213731374,3.742714105318921,3716533
1996-03-05,1,3.5855398178100586,3.654303535268279,3.384159919853039,3.5560692134985907,6773536
1996-03-06,1,3.2417211532592773,3.477482641314034,3.1631339905743587,3.4087189124373065,7479061
1996-03-07,1,3.143486738204956,3.202427020288507,3.08454614834086,3.143486738204956,27365184
1996-03-08,1,3.12384033203125,3.143486888477932,3.0845462957962075,3.104193160023449,4859008
1996-03-11,3,3.2122507095336914,3.222073834184912,3.104193260564571,3.12384043320872,3323936
1996-03-12,1,3.202427625656128,3.2220741848774823,3.1434873324308588,3.202427625656128,1909600
1996-03-13,1,3.222074031829834,3.2613680717478952,3.202427473541686,3.2417208978985705,3137493
1996-03-14,1,3.1582224369049072,3.2318974140528938,3.1434871336947268,3.2220739811729677,2566667
1996-03-15,1,3.192604303359986,3.2220739864872012,3.1434871388793453,3.1631336968910175,1898923
1996-03-18,3,3.3596012592315674,3.3596012592315674,3.22207382129771,3.22207382129771,2278379
1996-03-19,1,3.320308208465576,3.4381890916403144,3.2613679207684942,3.3792488039432325,1319883
1996-03-20,1,3.2810146808624268,3.3203084136086014,3.2024275231506714,3.300661239454921,1066912
1996-03-21,1,3.2908377647399902,3.2908377647399902,3.222074041082535,3.2515446480508574,978208
1996-03-22,1,3.320308208465576,3.339954765844221,3.222073882669483,3.3104850836665407,2798283
1996-03-25,3,3.2613677978515625,3.261367797851563,3.1041931902821043,3.1434869191196095,871435
1996-03-26,1,3.2711915969848633,3.2810150312203863,3.2220744258072465,3.241721294278293,637355
1996-03-27,1,3.1582224369049072,3.300661136431792,3.1582224369049072,3.24172084693282,2526421
1996-03-28,1,3.202427625656128,3.261368226662,3.1631338916522136,3.231897618378461,3167883
1996-03-29,1,3.172956943511963,3.241720661967354,3.143486954334261,3.241720661967354,1289493
1996-04-01,3,3.2122507095336914,3.222073834184912,3.1631335473747413,3.2122507095336914,90347
1996-04-02,1,3.3006608486175537,3.3006608486175533,3.1827799721181167,3.222073700211448,2327659
1996-04-03,1,3.4087178707122803,3.418541301518371,3.310484485992927,3.3596007166818262,1387232
1996-04-04,1,3.428365707397461,3.438189757440631,3.379249458329848,3.438189757440631,524011
1996-04-08,4,3.3792481422424316,3.4381884183982403,3.3203075583061095,3.349777542493757,1232821
1996-04-09,1,3.3939836025238037,3.4578360760674376,3.3890723472983115,3.44801295005523,995456
1996-04-10,1,3.418541431427002,3.438188601566318,3.343638114937227,3.343638114937227,1255819
1996-04-11,1,3.418541431427002,3.418541431427002,3.3596008443506444,3.3988948768487464,2549419
1996-04-12,1,3.3792481422424316,3.418541249305619,3.3792481422424316,3.418541249305619,1232821
1996-04-15,3,3.4111745357513428,3.418541879265633,3.3792487649616127,3.398895322113623,835296
1996-04-16,1,3.497129201889038,3.536423244910722,3.4185423469681195,3.467659516019459,934677
1996-04-17,1,3.497129201889038,3.5462463709403775,3.4774826420491145,3.4774826420491145,390955
1996-04-18,1,3.595362901687622,3.595362901687622,3.457835468321081,3.49712858102501,311285
1996-04-19,1,3.53642201423645,3.556068567239376,3.53642201423645,3.556068567239376,96096
1996-04-22,3,3.526599645614624,3.5560696378819343,3.497129037786117,3.5462462045326317,183979
1996-04-23,1,3.5658938884735107,3.6150104466761457,3.4774829756984578,3.4774829756984578,536331
1996-04-24,1,3.506953239440918,3.5855404018775836,3.5069532394409184,3.5855404018775836,445163
1996-04-25,1,3.575716972351074,3.575716972351074,3.506953243609825,3.5265998034068877,226688
1996-04-26,1,3.53642201423645,3.575715735803313,3.516775461233524,3.516775461233524,38603
1996-04-29,3,3.497129201889038,3.536423244910722,3.497129201889038,3.497129201889038,90347
1996-04-30,1,3.477482318878174,3.516776358248167,3.4578357608640533,3.477482318878174,198763
1996-05-01,1,3.477482318878174,3.497128876892295,3.438189202849933,3.4578357608640533,593824
1996-05-02,1,3.4381892681121826,3.4480127011959993,3.3792489773898735,3.4381892681121826,981493
1996-05-03,1,3.428365707397461,3.448013191922534,3.379249458329848,3.379249458329848,662816
1996-05-06,3,3.487305164337158,3.487305164337158,3.4283645768816173,3.45783517838992,1129333
1996-05-07,1,3.575716972351074,3.595363532148137,3.4676595084544757,3.4774826344627012,8932000
1996-05-08,1,3.595362901687622,3.595362901687622,3.516776060718648,3.595362901687622,1560533
1996-05-09,1,3.53642201423645,3.556068567239376,3.53642201423645,3.556068567239376,190549
1996-05-10,1,3.477482318878174,3.5364229162622873,3.477482318878174,3.5364229162622873,303072
1996-05-13,3,3.516775608062744,3.5265987310840807,3.477481577074807,3.477481577074807,575755
1996-05-14,1,3.53642201423645,3.5953622888062395,3.516775461233524,3.5462451368476606,167552
1996-05-15,1,3.732891321182251,3.77218505982763,3.575717289942652,3.575717289942652,662816
1996-05-16,1,3.713244676589966,3.732891237692602,3.693598115487329,3.732891237692602,41888
1996-05-17,1,3.732891321182251,3.762361932946925,3.654304459452771,3.654304459452771,468981
1996-05-20,3,3.732891321182251,3.732891321182251,3.683774147875527,3.7181560152999142,1264853
1996-05-21,1,3.683773040771485,3.7132436436792,3.664126485133919,3.693597088041634,130592
1996-05-22,1,3.664127826690674,3.67395126199641,3.6543046991655967,3.6543046991655967,293216
1996-05-23,1,3.4480128288269043,3.5658934146349655,3.3792491024754354,3.5560696734069257,1435691
1996-05-24,1,3.595362901687622,3.595362901687622,3.556069173422577,3.595362901687622,676779
1996-05-28,4,3.58062744140625,3.634656469272461,3.575716187261072,3.634656469272461,439413
1996-05-29,1,3.5855398178100586,3.6150094987798425,3.57571638563309,3.6150094987798425,367957
1996-05-30,1,3.6543045043945312,3.6739510661782018,3.5855407687000795,3.5855407687000795,298144
1996-05-31,1,3.713244676589966,3.732891237692602,3.624834382176521,3.673950938823429,705525
1996-06-03,3,3.7525384426116943,3.772185003862262,3.71324470454929,3.7328912657998576,294859
1996-06-04,1,3.8507721424102783,3.929359310146367,3.8507721424102783,3.8507721424102783,555221
1996-06-05,1,3.860594511032105,3.909711361889436,3.850771079304528,3.8704176349791326,849259
1996-06-06,1,3.831125020980835,3.8998887442201218,3.8311250209808354,3.890065311217283,1216395
1996-06-07,1,3.7623612880706783,3.801654404419861,3.7328906813573264,3.7525378550930903,434485
1996-06-10,3,3.7918310165405273,3.811477573354086,3.752537595132844,3.791831016540527,1078411
1996-06-11,1,3.5658938884735107,3.732891355928907,3.556070145940085,3.732891355928907,1209003
1996-06-12,1,3.6935980319976807,3.713244592656228,3.634657426680161,3.664127421558295,1779829
1996-06-13,1,3.713244676589966,3.7525384143565033,3.7034212421483312,3.713244676589966,1005312
1996-06-14,1,3.664127826690674,3.6935984403885422,3.6543046991655967,3.664127826690674,751520
1996-06-17,3,3.55607008934021,3.634657566111649,3.5413353991165213,3.624834439295857,1809397
1996-06-18,1,3.4087178707122803,3.585539317441398,3.3006604396257995,3.565892455829216,3612224
1996-06-19,1,3.3596012592315674,3.428364978198496,3.3203081452227052,3.4087184211940653,2730933
1996-06-20,1,3.418541431427002,3.4578351561445735,3.330131166373526,3.330131166373526,2284128
1996-06-21,1,3.3792481422424316,3.497128078993021,3.290836958557435,3.497128078993021,1861141
1996-06-24,3,3.320308208465576,3.359601323222866,3.3006610355257835,3.3006610355257835,2269344
1996-06-25,1,3.222074031829834,3.3203083621735163,3.212250906576054,3.2613680717478952,1970379
1996-06-26,1,3.1336638927459717,3.2318976120007,3.1238407670449804,3.2318976120007,3550624
1996-06-27,1,3.222074031829834,3.251544638713527,3.0845465849098552,3.0845465849098552,1520288
1996-06-28,1,3.222074031829834,3.281014630036043,3.202427473541686,3.271191197001675,382741
1996-07-01,3,3.310486316680908,3.3203094451386383,3.2613691354888155,3.3006622648811126,508405
1996-07-02,1,3.2613677978515625,3.3104849588984444,3.236809063437841,3.2761024844947837,1897280
1996-07-03,1,3.143486738204956,3.1668168112709725,3.104193011628892,3.1238401826974687,1777365
1996-07-05,2,3.2417211532592773,3.2417211532592773,3.1631339905743587,3.1631339905743587,1161365
1996-07-08,3,3.2613677978515625,3.281014354489753,3.2220737612334953,3.2220737612334953,1475936
1996-07-09,1,3.3596012592315674,3.389071864189634,3.3006609726571376,3.3203081452227052,2441003
1996-07-10,1,3.251544713973999,3.3399549977684866,3.1336638226136895,3.3006612647215183,3474240
1996-07-11,1,3.163133382797241,3.2024271104799524,3.104193099053727,3.163133382797241,2605269
1996-07-12,1,3.0845463275909424,3.1483981753168067,3.0256060420822357,3.1238403642310177,2079616
1996-07-15,3,2.8880789279937744,3.025606378743727,2.8340498909098115,3.025606378743727,1377376
1996-07-16,1,2.9863128662109375,2.9863128662109375,2.8684325811456945,2.878255707399,1049664
1996-07-17,1,3.074723482131958,3.143487206094602,3.0354297497072524,3.0943700405637204,1435691
1996-07-18,1,2.9961369037628174,3.0649006410070823,2.9568431637485806,3.0649006410070823,713739
1996-07-19,1,3.0845463275909424,3.0845463275909424,3.0354294742971137,3.0354294742971137,700597
1996-07-22,3,3.0059592723846436,3.094369540491314,2.966665546310087,3.094369540491314,912501
1996-07-23,1,2.9863128662109375,3.055076596667794,2.966666305923707,3.045253162633869,578219
1996-07-24,1,2.8880789279937744,2.947019220060812,2.8782554946858356,2.907725486829056,451733
1996-07-25,1,2.7309045791625977,2.9863129476696573,2.711258018339461,2.907725781035226,4160875
1996-07-26,1,2.848785161972046,2.9273720119698172,2.6916111541959107,2.7505514455845357,3530091
1996-07-29,3,2.8880789279937744,2.927372045664337,2.8880789279937744,2.907725486829056,1164651
1996-07-30,1,2.9077248573303223,2.9077248573303223,2.8536964475042637,2.9077248573303223,758912
1996-07-31,1,2.966665744781494,2.966665744781494,2.868432038584301,2.9077251517265044,1898101
1996-08-01,1,3.055077075958252,3.084547382683425,2.9470199001939523,2.9814017708163205,1168757
1996-08-02,1,3.143486738204956,3.1631332937124435,3.064899592833373,3.064899592833373,292395
1996-08-05,3,3.163133382797241,3.1827799388580433,3.143486826736438,3.143486826736438,265291
1996-08-06,1,3.0648999214172363,3.1041933444253513,3.0648999214172363,3.084546479031005,80491
1996-08-07,1,3.192604303359986,3.2024274284755294,3.0943699743987056,3.0943699743987056,244757
1996-08-08,1,3.2417211532592773,3.2417211532592773,3.1631339905743587,3.182780550410129,1087445
1996-08-09,1,3.163133382797241,3.192603986339828,3.133663394815761,3.1533099508765634,407381
1996-08-12,3,2.9961369037628174,3.084547203233551,2.9715784701442445,3.084547203233551,114987
1996-08-13,1,2.976489543914795,2.986312978317493,2.9273723719013045,2.986312978317493,174123
1996-08-14,1,2.966665744781494,2.976488869176764,2.9175485839023363,2.9273717082976063,103488
1996-08-15,1,2.9273722171783447,2.9470193927259425,2.8586084877745184,2.917549091075468,490336
1996-08-16,1,2.8880789279937744,2.927372045664337,2.8782554946858356,2.8979023613017136,436128
1996-08-19,3,2.9715778827667236,2.9863125706885527,2.9273719723177023,2.9273719723177023,248043
1996-08-20,1,3.0059592723846436,3.0452523828981186,2.947018683272809,3.0059592723846436,928107
1996-08-21,1,2.956843137741089,3.0059603123268657,2.9470197028239338,2.9764896997947523,797515
1996-08-22,1,3.0059592723846436,3.025605827641381,2.966665546310087,2.966665546310087,459125
1996-08-23,1,3.0059592723846436,3.0059592723846436,2.966665546310087,2.966665546310087,14784
1996-08-26,3,3.025606155395508,3.025606155395508,2.986312425064389,3.025606155395508,115808
1996-08-27,1,3.0157828330993652,3.025606266041386,2.9666659761698457,3.025606266041386,475552
1996-08-28,1,3.025606155395508,3.025606155395508,2.986312425064389,3.025606155395508,386848
1996-08-29,1,3.025606155395508,3.064899885726627,3.025606155395508,3.064899885726627,176587
1996-08-30,1,3.025606155395508,3.0354295879782875,2.986312425064389,2.986312425064389,244757
1996-09-03,4,2.8880789279937744,2.8979023613017136,2.8487851947620184,2.8880789279937744,926464
1996-09-04,1,2.829138994216919,2.829138994216919,2.8094921251129055,2.819315559664912,556864
1996-09-05,1,2.613023519515991,2.711257856677476,2.583553526148155,2.671963814032273,1111264
1996-09-06,1,2.7210805416107178,2.7701977022311004,2.671963380990335,2.671963380990335,556864
1996-09-09,3,2.789844512939453,2.809491686758628,2.750551396423454,2.809491686758628,114165
1996-09-10,1,2.9077248573303223,2.9273714119122847,2.829138023441413,2.838961146842129,809013
1996-09-11,1,2.7505507469177246,2.838961007653294,2.7014335934196136,2.789843854155183,1929312
1996-09-12,1,2.7112581729888916,2.7505519124377256,2.6916116110451203,2.7505519124377256,230795
1996-09-13,1,2.6817874908447266,2.730904037042609,2.65231688600875,2.730904037042609,836117
1996-09-16,3,2.7309045791625977,2.7505517555469905,2.691611457516324,2.711258018339461,2004053
1996-09-17,1,2.789844512939453,2.8193151197779223,2.750551396423454,2.789844512939453,1828288
1996-09-18,1,2.878255844116211,2.878255844116211,2.829138979394153,2.8487855406145957,254613
1996-09-19,1,2.848785161972046,2.8782554615566553,2.8487851619720463,2.8782554615566553,95275
1996-09-20,1,2.9863128662109375,2.9863128662109375,2.888079141432925,2.888079141432925,772053
1996-09-23,3,2.9077248573303223,2.9273714119122847,2.878254871567114,2.9273714119122847,318677
1996-09-24,1,2.9863128662109375,2.9863128662109375,2.8979025754668504,2.917549135754081,874720
1996-09-25,1,3.025606155395508,3.025606155395508,2.986312425064389,2.986312425064389,749056
1996-09-26,1,3.12384033203125,3.12384033203125,3.0648997393495256,3.0648997393495256,448448
1996-09-27,1,2.9863128662109375,3.1238409426858893,2.9863128662109375,3.1238409426858893,793408
1996-09-30,3,2.991224765777588,3.025606631335434,2.956842900219742,2.9961366367319213,669387
1996-10-01,1,2.9273722171783447,2.9568428266094338,2.888079097205608,2.9568428266094338,1016811
1996-10-02,1,3.025606155395508,3.025606155395508,2.986312425064389,3.0059595980105223,197941
1996-10-03,1,3.192604303359986,3.251544592956169,3.0256062519063938,3.0256062519063938,1182720
1996-10-04,1,3.2122507095336914,3.231897266616702,3.153310114942951,3.153310114942951,1727264
1996-10-07,3,3.143486738204956,3.1827798492199304,3.114016135492363,3.153309862068427,588896
1996-10-08,1,3.104193925857544,3.1336642294690096,3.104193925857544,3.1238411027124897,711275
1996-10-09,1,3.104193925857544,3.114017052614064,3.0943704913203884,3.104193925857544,193013
1996-10-10,1,3.0648999214172363,3.0648999214172363,3.0648999214172363,3.0648999214172363,14784
1996-10-11,1,3.055077075958252,3.1041942538335405,3.055077075958252,3.084547382683425,119915
1996-10-14,3,3.0648999214172363,3.0747233541144094,3.035429623325717,3.045252748242312,209440
1996-10-15,1,3.104193925857544,3.1238411027124897,3.064900495489558,3.104193925857544,135520
1996-10-16,1,2.966665744781494,3.0452525866270244,2.966665744781494,3.0157825978800905,372885
1996-10-17,1,2.858607769012451,2.9273714811264804,2.8586077690124516,2.9273714811264804,240651
1996-10-18,1,2.947019338607788,2.947019338607788,2.897902477872912,2.927372163420985,330997
1996-10-21,3,2.917548894882202,2.947019194550919,2.8880789029940788,2.939651234907997,170016
1996-10-22,1,2.848785161972046,2.9077254533606713,2.8291386033629,2.9077254533606713,348245
1996-10-23,1,2.848785161972046,2.8979023279463947,2.8451013360513957,2.8451013360513957,143733
1996-10-24,1,2.8684327602386475,2.8979027563997866,2.8684327602386475,2.8684327602386475,66528
1996-10-25,1,2.8094916343688965,2.8487850579327634,2.8094916343688965,2.829138500041121,375349
1996-10-28,3,2.8389620780944824,2.8389620780944824,2.7898449060765595,2.7898449060765595,12320
1996-10-29,1,2.8193154335021973,2.8291388676146108,2.7898448233843345,2.7898448233843345,80491
1996-10-30,1,2.7996673583984375,2.7996673583984375,2.7996673583984375,2.7996673583984375,95275
1996-10-31,1,2.829138994216919,2.8389621209882896,2.824226815269962,2.8389621209882896,101024
1996-11-01,1,2.8193154335021973,2.8291388676146108,2.8193154335021973,2.8291388676146108,30389
1996-11-04,3,2.8094916343688965,2.8094916343688965,2.8094916343688965,2.8094916343688965,60779
1996-11-05,1,2.829138994216919,2.8389621209882896,2.824226815269962,2.824226815269962,156875
1996-11-06,1,2.848785161972046,2.8487851619720463,2.8291386033629,2.8291386033629,99381
1996-11-07,1,2.8193154335021973,2.8487854280588163,2.809491999389784,2.8487854280588163,36960
1996-11-08,1,2.829138994216919,2.829138994216919,2.8094921251129055,2.8094921251129055,47637
1996-11-11,3,2.8684327602386475,2.8684327602386475,2.8389621485162304,2.84878558316349,32853
1996-11-12,1,3.0059592723846436,3.015782396122742,2.947018683272809,3.0059592723846436,555221
1996-11-13,1,3.0059592723846436,3.03542925916002,2.996135840866004,3.025605827641381,667744
1996-11-14,1,2.976489543914795,2.976489543914795,2.976489543914795,2.976489543914795,8213
1996-11-15,1,3.0354299545288086,3.045253080517229,3.015783086990745,3.025606520759777,476373
1996-11-18,3,3.0354299545288086,3.0354299545288086,3.0354299545288086,3.0354299545288086,41067
1996-11-19,1,3.0010476112365723,3.015782605647993,2.996136049026286,2.996136049026286,69813
1996-11-20,1,2.9863128662109375,2.9961366080254823,2.966666305923707,2.9961366080254823,156053
1996-11-21,1,3.0845463275909424,3.104193192020699,3.0256060420822357,3.0256060420822357,445984
1996-11-22,1,3.5658938884735107,3.6346576239623545,3.1434877330070226,3.1434877330070226,8409632
1996-11-25,3,3.487305164337158,3.536422320550109,3.3988948987149112,3.4283645768816173,4495157
1996-11-26,1,3.3890717029571533,3.4185416909520723,3.3104848631170016,3.349777975256524,4811371
1996-11-27,1,3.3792481422424316,3.3890712651179715,3.3301309889621633,3.359600665369297,878005
1996-11-29,2,3.4676592350006104,3.5167764000714983,3.3792489534341867,3.3792489534341867,1172864
1996-12-02,3,3.4480128288269043,3.457835954493742,3.4087187872565488,3.4480128288269047,1541643
1996-12-03,1,3.506953239440918,3.556069792765493,3.438189510781412,3.45783607055512,2657835
1996-12-04,1,3.4676592350006104,3.497128918481968,3.389072078667777,3.4578358019864326,3180203
1996-12-05,1,3.55607008934021,3.624834439295857,3.497129481761631,3.497129481761631,3186773
1996-12-06,1,3.821301937103271,3.880242540505291,3.4578361139132765,3.477482673933334,5817504
1996-12-09,3,3.8409483432769775,3.909712070044438,3.713244323248922,3.723067756755788,8166517
1996-12-10,1,3.831125020980835,3.988299025684499,3.8114778471945696,3.8311250209808354,5889781
1996-12-11,1,3.909710645675659,3.949004673168298,3.78200667217216,3.821300391884308,4320213
1996-12-12,1,3.958828449249267,3.9882984361208456,3.89988816772557,3.949005325479103,4891861
1996-12-13,1,3.919534683227539,3.9686518404820865,3.8900646966553496,3.919534683227539,1515360
1996-12-16,3,3.7820076942443848,3.890065144874389,3.7820076942443848,3.890065144874389,2151893
1996-12-17,1,3.713244676589966,3.7427146721342366,3.673950938823429,3.673950938823429,3426603
1996-12-18,1,3.72306752204895,3.72306752204895,3.644480366728855,3.673950357611026,4252864
1996-12-19,1,3.6935980319976807,3.732891153314776,3.673950855777882,3.673950855777882,1929312
1996-12-20,1,3.909710645675659,3.958827795315844,3.8704169259635113,3.919534075603696,4238901
1996-12-23,3,3.909710645675659,3.939180627679279,3.890064093600076,3.939180627679279,528117
1996-12-24,1,3.8900651931762695,3.909711750805201,3.8900651931762695,3.8900651931762695,350709
1996-12-26,2,3.8900651931762695,3.909711750805201,3.880242068252093,3.880242068252093,656245
1996-12-27,1,3.880241632461548,3.890064756282488,3.870417585298978,3.870417585298978,795051
1996-12-30,3,3.919534683227539,3.919534683227539,3.870417525972992,3.870417525972992,1066091
1996-12-31,1,3.9146244525909424,3.9686528780250327,3.8802425874144215,3.9097122739104666,758091
1997-01-02,2,3.8900651931762695,3.899888625881024,3.870418019986182,3.8900651931762695,1456224
1997-01-03,1,4.047239780426025,4.047239780426025,3.939182312773537,3.949006362465065,818869
1997-01-06,3,4.253530502319336,4.31247110056751,4.0374162065317165,4.086533371738528,2668512
1997-01-07,1,4.302647590637207,4.302647590637207,4.224060743271843,4.2437073012228925,1949845
1997-01-08,1,4.214237213134766,4.2535303281299175,4.204414088276265,4.243707203271417,2375296
1997-01-09,1,4.292825222015381,4.322295525805961,4.194591491608054,4.194591491608054,711275
1997-01-10,1,4.332118511199951,4.332118511199951,4.2633547839327655,4.312471336262834,249685
1997-01-13,3,4.322296142578125,4.322296142578125,4.2633558343670845,4.322296142578125,616821
1997-01-14,1,4.459822177886963,4.5384093324897785,4.302647560900751,4.322294734277181,2263595
1997-01-15,1,4.715231418609619,4.7545248496150245,4.558056771246077,4.636644556598808,1252533
1997-01-16,1,4.842935085296631,4.862581644164271,4.685760459891323,4.685760459891323,2463179
1997-01-17,1,4.754524230957031,4.764347972155919,4.695583630447305,4.715230805064481,1366699
1997-01-20,3,4.744700908660889,4.783994643254309,4.695583740419114,4.744700908660889,1176971
1997-01-21,1,4.838022708892822,4.911698609697689,4.597349679537261,4.597349679537261,2127253
1997-01-22,1,4.79381799697876,4.82328860521309,4.74470082955588,4.813464556167309,2090293
1997-01-23,1,4.862581253051758,4.941168097762531,4.538409210552383,4.538409210552383,6592843
1997-01-24,1,5.2653398513793945,5.383220405977421,5.019755003556233,5.068871542228138,4656139
1997-01-27,3,5.235869884490967,5.2849873524466275,5.226046760236503,5.280075174758282,5799435
1997-01-28,1,5.324281215667725,5.4421618011462165,5.147460337449985,5.147460337449985,4001536
1997-01-29,1,5.334104061126709,5.334104061126709,5.294810334045301,5.3242803215758085,700597
1997-01-30,1,5.422516345977783,5.422516345977783,5.304635127631282,5.343928867080115,3286155
1997-01-31,1,5.746687412261963,5.795804887983797,5.530573104442979,5.530573104442979,2179819
1997-02-03,3,5.874390125274658,5.913683848819214,5.815449539957824,5.913683848819214,2312053
1997-02-04,1,5.7565107345581055,5.83509882150775,5.697570746578028,5.707394488282196,2535456
1997-02-05,1,5.402868747711182,5.658277404127094,5.402868747711182,5.560043068751279,2172427
1997-02-06,1,5.393044948577881,5.422514937730395,5.265340636315103,5.353751219333775,2103435
1997-02-07,1,5.540395736694336,5.560042602120621,5.48145514041548,5.48145514041548,1609813
1997-02-10,3,5.501100540161133,5.520748015913818,5.481453679969441,5.5109236624764835,1142475
1997-02-11,1,5.186753749847412,5.3635749353854605,5.098343464858988,5.3635749353854605,1981056
1997-02-12,1,5.682836055755615,5.6877470032644615,5.265341499135579,5.275164625275735,3047968
1997-02-13,1,5.658277988433838,5.825274836914771,5.628807376997182,5.736864849288619,3918581
1997-02-14,1,5.795803546905518,5.815449793974896,5.589512412627427,5.6091586596968055,1779008
1997-02-18,4,5.795803546905518,5.835097272166411,5.717216096383729,5.785979807809759,2100971
1997-02-19,1,5.776157855987549,5.825274099185454,5.7663341148990135,5.776157855987549,823797
1997-02-20,1,5.677924156188965,5.79580536903198,5.618983549767457,5.79580536903198,849259
1997-02-21,1,5.776157855987549,5.815450973658112,5.717217256139915,5.736864122755793,1100587
1997-02-24,3,5.687745094299316,5.756508800885095,5.6189813877135375,5.717215693951097,889504
1997-02-25,1,5.60915994644165,5.668100547854002,5.58951369486541,5.658277422065882,950283
1997-02-26,1,5.4421610832214355,5.530572280118683,5.3930448459427325,5.530572280118683,2166677
1997-02-27,1,5.388131618499756,5.412690040135221,5.383220057284863,5.402866917705435,718667
1997-02-28,1,5.226047992706299,5.265341730113105,5.186754255299491,5.255517987980775,5122656
1997-03-03,3,5.235869884490967,5.2849873524466275,5.206399896166461,5.245693624306544,918251
1997-03-04,1,5.314458847045898,5.314458847045898,5.226048241453089,5.226048241453089,1309205
1997-03-05,1,5.697570323944092,5.707394064919555,5.5011022756078845,5.520749757558811,2022123
1997-03-06,1,5.805628776550293,5.962803119050994,5.785981906792544,5.903863125339039,2172427
1997-03-07,1,6.159271240234375,6.3655624506606205,5.835099426073316,5.835099426073316,3301760
1997-03-10,3,6.395030975341797,6.797790791865343,6.326267254364887,6.787967051405125,5153867
1997-03-11,1,6.090505123138428,6.345913716233416,6.002094550999556,6.345913716233416,2328480
1997-03-12,1,5.776157855987549,6.169093341621529,5.7663341148990135,5.913685306737501,4077920
1997-03-13,1,5.7368645668029785,6.051213225865986,5.7368645668029785,5.854745160061296,2857419
1997-03-14,1,5.894038677215576,6.021743007575229,5.874391809809382,5.913685544621771,1356021
1997-03-17,3,5.884214401245117,5.982448729353071,5.815450679350132,5.94315499810989,1190933
1997-03-18,1,5.668100833892822,5.913685762162503,5.579690235093287,5.854745157775732,2441824
1997-03-19,1,5.4421610832214355,5.540395404462201,5.304633649045484,5.501101675965894,5663093
1997-03-20,1,5.324281215667725,5.579689869025859,5.324281215667725,5.412691808666894,4651211
1997-03-21,1,5.402868747711182,5.491279341768812,5.3635750135608555,5.461809348936671,2710400
1997-03-24,3,5.3733978271484375,5.422515299763452,5.2555172471069795,5.383221567895909,902645
1997-03-25,1,5.432339191436768,5.491279797554427,5.402869196158567,5.402869196158567,1061984
1997-03-26,1,5.766332626342773,5.77615636489535,5.569864626462634,5.638628334086528,3366645
1997-03-27,1,5.86456823348999,6.1494468656593915,5.8547444927607435,6.1494468656593915,5973557
1997-03-31,4,5.894038677215576,5.972626146840353,5.879303988331845,5.913685544621771,2206101
1997-04-01,1,5.7368645668029785,5.95297888518302,5.70739457237871,5.8350989074859445,1612277
1997-04-02,1,5.540395736694336,5.618982582838321,5.46180889055035,5.599336332973192,3494773
1997-04-03,1,5.638630390167236,5.668101001010148,5.442162318646612,5.530573535614089,2526421
1997-04-04,1,6.3164448738098145,6.326267999866457,5.599336973715623,5.6189832258289085,6336587
1997-04-07,3,6.660264015197754,6.758497736245464,6.483442824862903,6.483442824862903,4712811
1997-04-08,1,6.493264675140381,6.512910923041441,6.306619780030447,6.306619780030447,1811861
1997-04-09,1,6.50308895111084,6.660263886651572,6.453972091534963,6.453972091534963,2056619
1997-04-10,1,5.933331489562988,6.385207522967874,5.933331489562988,6.326266929912884,2523957
1997-04-11,1,5.805628776550293,5.992273115906972,5.7368650401788175,5.9726268617105145,3045504
1997-04-14,3,6.119975566864014,6.208386145622144,5.776156991449676,5.844920706532544,2341621
1997-04-15,1,6.169092655181885,6.365560683918323,6.119975801888056,6.178916395177326,2119861
1997-04-16,1,5.962802886962891,6.218211568311155,5.884215410990728,6.11997722334595,2997045
1997-04-17,1,5.962802886962891,6.129800350061837,5.9038628955450365,5.972626629240046,1568747
1997-04-18,1,6.110154628753662,6.110154628753662,6.021744018366073,6.090507758049606,2512459
1997-04-21,3,5.844921588897705,6.149447098494614,5.844921588897705,6.139623357393413,1310027
1997-04-22,1,5.628807544708252,5.854745622794351,5.550220065950675,5.854745622794351,6776000
1997-04-23,1,5.785980701446533,5.903861895435804,5.638629516740528,5.756510095168633,3634400
1997-04-24,1,5.923507213592529,6.051211512541905,5.785979791136771,5.923507213592529,3283691
1997-04-25,1,5.7368645668029785,5.95297888518302,5.722129261810224,5.913685764471075,2042656
1997-04-28,3,5.7368645668029785,5.864568901910213,5.668100836105523,5.81545142378811,2887808
1997-04-29,1,6.051212310791016,6.110152906287695,5.815450544365449,5.854744274696568,2594592
1997-04-30,1,6.247680187225342,6.3950307488597575,6.002095302273516,6.011918426824692,5049557
1997-05-01,1,6.306621074676514,6.37538480312958,6.188740485265718,6.247681087751727,1727264
1997-05-02,1,6.68973445892334,6.689734458923341,6.237857711212848,6.267327706399589,3489845
1997-05-05,3,6.758495807647705,6.787965792440249,6.522734082624234,6.59149840640857,4167445
1997-05-06,1,6.699557304382324,6.856731631386057,6.6307935747907685,6.679910436561705,4193728
1997-05-07,1,6.778143405914307,6.8960239734550886,6.719202814363363,6.758496542063993,3093963
1997-05-08,1,7.092493534088135,7.269314115954414,6.699557403013373,6.699557403013373,3398677
1997-05-09,1,7.063021183013916,7.446134093371931,6.9647874822417615,7.30860666606648,3292725
1997-05-12,3,7.5640153884887695,7.622955983985449,7.347901102789911,7.465781062660972,3096427
1997-05-13,1,7.387196063995361,7.858719714704203,7.2693148435375,7.819425358990281,4320213
1997-05-14,1,7.406841278076172,7.465781259566207,7.30860756521867,7.426488143759905,2496853
1997-05-15,1,7.721189022064209,7.74083588551936,7.30860673618931,7.347900463099613,2979387
1997-05-16,1,7.367547035217285,7.662249384452429,7.23001960054015,7.603308791493176,2821691
1997-05-19,3,7.269313812255859,7.387195015990173,7.151433224082761,7.308608162395179,1454581
1997-05-20,1,7.328255653381348,7.387196265215766,7.210375045273829,7.288962527719721,2396240
1997-05-21,1,7.426489353179932,7.544369950918279,7.328255008763588,7.544369950918279,3566640
1997-05-22,1,7.937307834625244,8.173069697262191,7.36755035899677,7.426490978546357,5542768
1997-05-23,1,8.64459228515625,8.762473525533741,7.898014173905835,7.9373079206983315,8799765
1997-05-27,4,8.703530311584473,8.86070525191437,8.330241059423413,8.624943456980747,4602341
1997-05-28,1,8.428474426269531,8.703529309041352,8.369533830435076,8.605295598211745,2474267
1997-05-29,1,8.48741626739502,8.683884333441583,8.38918192659112,8.48741626739502,1445957
1997-05-30,1,8.212359428405762,8.271300023555774,7.740836513889089,7.917657683777985,7329168
1997-06-02,3,8.015887260437012,8.173062099796947,7.819419326797919,8.173062099796947,1520699
1997-06-03,1,7.956952095031738,8.094479557232964,7.819424632830513,7.878365237585857,2149840
1997-06-04,1,7.829248905181885,7.976600119272917,7.799778908588193,7.937306380107137,1928901
1997-06-05,1,7.976597785949707,8.074831489567439,7.898010330606636,8.074831489567439,2567899
1997-06-06,1,7.976597785949707,8.055184625731671,7.701542307810064,7.898010330606636,916608
1997-06-09,3,8.035538673400879,8.212359852419253,7.976598690768872,7.976598690768872,1313723
1997-06-10,1,7.55419397354126,7.917659522469883,7.308609026726541,7.740838311518382,4626160
1997-06-11,1,7.416666030883789,7.662250962104767,7.347902299386814,7.662250962104767,7261819
1997-06-12,1,7.387196063995361,7.701544754093721,7.387196063995361,7.5640172791208515,4539099
1997-06-13,1,7.652423858642578,7.858715578076477,7.40683903530025,7.485426474239064,2936677
1997-06-16,3,8.055185317993164,8.07483218351738,7.642602373106934,7.642602373106934,1645131
1997-06-17,1,8.19271469116211,8.448123387585598,7.937306610299927,8.074834085807357,3297243
1997-06-18,1,8.133773803710938,8.349888120552603,7.996246343294995,8.133773803710938,2596645
1997-06-19,1,8.664236068725586,8.752647275260335,8.173066871225021,8.271300587612897,2405275
1997-06-20,1,9.135761260986328,9.214348125006074,8.624944490393432,8.683885100079214,2906288
1997-06-23,3,8.958943367004395,9.391172818168142,8.900002735479623,9.33223218664337,1995019
1997-06-24,1,9.312578201293944,9.351871307493056,9.076816486294206,9.076816486294206,2319035
1997-06-25,1,9.11611270904541,9.292933274354388,8.939291528175248,9.214346424834972,2597056
1997-06-26,1,9.037524223327637,9.214345384228803,8.95893738268329,9.116111679533097,727701
1997-06-27,1,9.273284912109377,9.39116546732757,9.13575749509464,9.13575749509464,1586405
1997-06-30,3,9.1947021484375,9.233995892045671,9.037527789566171,9.214349020241585,842688
1997-07-01,1,9.50904941558838,9.548342535097474,9.096466428472487,9.096466428472487,1406533
1997-07-02,1,9.450109481811523,9.509050088588504,9.292934530406244,9.509050088588504,2599109
1997-07-03,1,9.646575927734377,9.72516277461493,9.450107887191248,9.450107887191248,1392160
1997-07-07,4,9.921630859375,10.31456694221242,9.774279674420676,10.23597947942047,1608581
1997-07-08,1,9.98056983947754,10.01986356693086,9.901983000132,9.98056983947754,1750261
1997-07-09,1,9.862689971923828,10.098451737797696,9.823396857245806,10.01986427731936,1335077
1997-07-10,1,11.621079444885254,11.630903802061743,10.687856616180284,10.962911532428022,5244213
1997-07-11,1,11.99436378479004,12.21047986725128,11.670192123342204,11.866660729615145,3995787
1997-07-14,3,12.33818531036377,12.456066496942308,11.984542981750405,12.08277791946031,2153536
1997-07-15,1,12.849002838134766,12.868649087437207,12.475713021287884,12.790062859105165,2514512
1997-07-16,1,13.359820365905762,13.792050210426954,12.750769333273396,13.733110224764031,5268032
1997-07-17,1,12.4855375289917,12.573946883050771,11.98454339221577,12.122070832373192,8812085
1997-07-18,1,11.581786155700684,12.416775293785868,11.57196302926824,12.416775293785868,5421621
1997-07-21,3,11.964899063110352,12.35783519710966,11.650550402135403,11.709490391342428,4261488
1997-07-22,1,12.731122016906738,12.849003209495208,12.023837323620551,12.023837323620551,2869739
1997-07-23,1,13.988518714904783,14.145693663467148,13.300881392750728,13.929578724755157,7179685
1997-07-24,1,13.556286811828612,13.792047946910175,13.330347569769442,13.556286811828617,4218779
1997-07-25,1,13.556286811828612,13.674166763808287,13.261584469635,13.536639332417192,1140011
1997-07-28,3,13.37946891784668,13.477702645509993,13.281235190183372,13.477702645509993,2392955
1997-07-29,1,12.829355239868164,13.202642555220567,12.711474063081498,13.202642555220567,1722747
1997-07-30,1,12.691827774047852,13.104411315902464,12.495360358781666,12.515007838981642,3283691
1997-07-31,1,12.731122016906738,12.947236921091108,12.652535786303403,12.947236921091108,1261568
1997-08-01,1,13.163352966308594,13.30088042068855,12.377480743175347,12.67218313463092,2324373
1997-08-04,3,13.249306678771973,13.399113339203694,12.868649804991856,13.006177251144294,2268523
1997-08-05,1,13.733110427856444,13.949224122190628,13.241940590408657,13.41876178113476,2409381
1997-08-06,1,13.615228652954102,13.792049836268374,13.477701202723267,13.792049836268374,1078411
1997-08-07,1,13.104413986206056,13.733111320515048,12.986532774352176,13.733111320515048,1057877
1997-08-08,1,12.662361145019531,13.104414156306454,12.3381881159941,13.006179196258502,4122683
1997-08-11,3,12.613242149353027,12.947238281212522,12.416774705522108,12.809710824306393,3002795
1997-08-12,1,12.750770568847656,12.947239258632946,12.652538070638816,12.731124315430396,2536688
1997-08-13,1,14.361808776855469,14.499336242958966,12.86865167184246,12.88829792509045,6199835
1997-08-14,1,14.047454833984377,14.420743354553656,13.516991421940409,13.949219911251664,4248757
1997-08-15,1,13.792051315307615,14.243927447542088,13.615230113031302,13.615230113031302,2911216
1997-08-18,3,14.126042366027832,14.420744699466471,13.65452010987262,14.047456144083414,3047968
1997-08-19,1,14.086749076843262,14.36180517111596,13.890281669199265,14.106396556280991,2995403
1997-08-20,1,15.678140640258787,15.83531431913037,14.302865102301975,14.381451326176665,5915243
1997-08-21,1,14.57791805267334,15.63884495228612,14.518978079735568,15.442377555078782,6907003
1997-08-22,1,14.597570419311523,14.715450404661178,14.08675304572114,14.381455471340404,3941579
1997-08-25,3,14.204634666442873,14.93156700869213,14.086753446615877,14.852979528807465,2293984
1997-08-26,1,14.342159271240234,14.636860389865932,14.165338107615918,14.342159271240234,1856213
1997-08-27,1,14.18498706817627,14.420748254372135,13.988518387077647,14.302868276835442,2436896
1997-08-28,1,13.674165725708008,13.98851429232646,13.61522575419271,13.98851429232646,3553088
1997-08-29,1,13.359820365905762,13.575935288166358,13.143706674767584,13.49734781986752,2871792
1997-09-02,4,13.831343650817873,14.08675107068097,13.634874984243496,13.713462450873246,2433200
1997-09-03,1,14.086749076843262,14.479686354375689,13.556286829980028,13.870635420883753,2240597
1997-09-04,1,13.949220657348633,14.283216704035636,13.69381329172448,13.83134071355968,2586379
1997-09-05,1,13.674165725708008,14.302864090067034,13.47769833324227,14.027809248166152,1476757
1997-09-08,3,13.241943359375,13.92958078314186,13.163355873480874,13.73311329952924,3772384
1997-09-09,1,14.106398582458496,14.24392603378754,13.418761325813271,13.516995043745103,4877488
1997-09-10,1,14.26357364654541,14.499336069434888,14.027813685900954,14.26357364654541,2751877
1997-09-11,1,14.460040092468262,14.656508747777066,14.204631456127975,14.224278937220015,2730933
1997-09-12,1,14.499333381652832,14.636860820616592,14.145691043996798,14.617214571245604,4348549
1997-09-15,3,14.656511306762695,14.892272503174182,14.302868896584195,14.892272503174182,2035675
1997-09-16,1,15.186970710754396,15.520966801992625,14.735094660003384,14.774388390215076,3125584
1997-09-17,1,14.744916915893556,15.06908986325671,14.695800063803851,15.06908986325671,1717408
1997-09-18,1,14.911919593811035,14.970860819565091,14.735098378794074,14.774392118922576,2251275
1997-09-19,1,15.069091796875,15.206619246597702,14.81368314833753,14.81368314833753,1670181
1997-09-22,3,15.697790145874023,15.854965088482972,15.28520653708677,15.344147756126358,2596645
1997-09-23,1,16.621191024780273,16.798011000966504,15.874612457129585,15.874612457129585,3821253
1997-09-24,1,16.424718856811523,16.935536116989347,16.13001772774489,16.621187507311568,3739531
1997-09-25,1,16.542598724365234,16.89624103586578,16.228248908700575,16.346130089574824,3279584
1997-09-26,1,15.697790145874023,16.346133706329773,15.481675215347954,16.28719371841265,7024453
1997-09-29,3,15.697790145874023,16.051432535621693,15.383441491778594,15.481675215347954,3949381
1997-09-30,1,15.520966529846191,15.953195092351464,15.520966529846191,15.737081426659964,1801595
1997-10-01,1,15.245911598205566,16.03178249240101,15.088736680693115,15.73708136874857,4360048
1997-10-02,1,15.678140640258787,15.83531431913037,15.28520336527432,15.383438299581542,1788453
1997-10-03,1,15.83531379699707,16.031781196889035,15.501317739834132,15.874607523199897,2016373
1997-10-06,3,15.717432022094728,16.306836661653897,15.638844572670555,16.18895548751764,2179819
1997-10-07,1,15.697790145874023,16.051432535621693,15.619202674569552,15.796023869443385,1808576
1997-10-08,1,15.963020324707031,16.10054777002791,15.265558741840746,15.894255986485422,2427451
1997-10-09,1,16.22825050354004,16.62118781173697,15.71743446512865,15.756728195948345,2753931
1997-10-10,1,15.75673007965088,16.42472112119875,15.65849635641905,16.0121387449516,1689072
1997-10-13,3,15.678140640258787,15.953194270503504,15.560259457763449,15.874608046628817,1195040
1997-10-14,1,15.481678009033203,16.01214168937744,15.12803555547038,15.972847946634603,3372395
1997-10-15,1,15.324498176574709,15.52096682796189,15.226264466442265,15.226264466442265,1189291
1997-10-16,1,14.676156044006348,15.61920196335116,14.243926202635738,15.57990822948816,6286896
1997-10-17,1,14.086749076843262,14.695800010335198,13.025823351994578,14.695800010335198,16128112
1997-10-20,3,13.890284538269045,14.2832206658411,13.39911468658459,14.145693205859253,10709365
1997-10-21,1,14.833330154418944,14.931565107326971,14.165340353827997,14.460041519184747,4437253
1997-10-22,1,15.088739395141602,15.147679384250878,14.73509699824096,14.990505669585309,3783883
1997-10-23,1,13.949220657348633,14.617212750722636,13.674165813678238,14.224276732141158,6283611
1997-10-24,1,12.790063858032228,14.106398366649938,11.630903049476428,14.106398366649938,20330875
1997-10-27,3,10.982558250427246,12.436420201042438,10.982558250427246,12.161365303959691,7302475
1997-10-28,1,12.259599685668944,12.770417006096473,10.707503934825152,10.766443921365854,9095856
1997-10-29,1,12.416775703430176,12.986533059901364,12.08278077585071,12.573949424902118,6084437
1997-10-30,1,11.139731407165527,12.122069641286728,11.080790202087847,11.709487361353832,5980539
1997-10-31,1,11.513023376464844,12.063133246249924,11.061146005001342,11.945253263366,5155099
1997-11-03,3,12.220309257507324,12.239955512650058,11.729139336589904,11.866666815956968,4465179
1997-11-04,1,12.436421394348145,12.613242592456684,11.709490349289698,12.12207273450213,3836859
1997-11-05,1,13.143705368041992,13.733108859440916,12.416773205231769,12.53465439596047,4108720
1997-11-06,1,12.181010246276855,13.025822243256954,12.102422797459612,12.927587316674344,5057360
1997-11-07,1,11.513023376464844,11.866665787361692,11.198674703570148,11.47372963846269,4360459
1997-11-10,3,11.169204711914062,12.08278140112029,11.159381584649209,12.063133915467974,4142805
1997-11-11,1,11.316555976867676,11.630904651409343,10.982559817660723,11.395142222161184,2966656
1997-11-12,1,10.21633243560791,11.316553817707804,10.078804993680857,11.04149770273139,5168240
1997-11-13,1,11.19866943359375,11.218315677788242,9.980567822120433,10.76643975009535,7766939
1997-11-14,1,11.159379959106444,11.57196232423456,10.845031314562773,11.120086224648182,4322267
1997-11-17,3,12.16136360168457,12.416772212277564,11.552312678308112,11.552312678308112,4718560
1997-11-18,1,11.139731407165527,11.886308514342526,11.021850228132342,11.788074814042623,7360379
1997-11-19,1,10.589622497558594,11.002206087630418,10.530682512315078,10.884324886020982,6047067
1997-11-20,1,10.864678382873535,11.277262010135898,10.687857180081814,10.96291211084171,5383019
1997-11-21,1,10.569973945617676,11.296904786185836,10.294917868395268,11.277258539088162,8566507
1997-11-24,3,10.26544952392578,10.609267500359524,10.2163320545884,10.550327522052475,3144885
1997-11-25,1,10.059162139892578,10.491391476951236,9.78410654761765,10.491391476951236,4578523
1997-11-26,1,9.391168594360352,10.177040250093045,9.27328799989076,10.03951278728498,9388661
1997-11-28,2,9.823396682739258,10.019864099322689,9.64657551536526,9.803749817968686,2570773
1997-12-01,3,10.39315700531006,10.45209700158929,9.82339960420202,10.373509519135222,4329659
1997-12-02,1,10.39315700531006,10.609270735374787,9.951103339847904,10.53068448404336,3434816
1997-12-03,1,10.766441345214844,10.884322521212544,10.30474161145986,10.569973949674148,2615947
1997-12-04,1,10.432450294494627,10.923618960743417,10.294921590597868,10.746797748444818,3934187
1997-12-05,1,11.247791290283203,11.316555637867976,10.46191901190942,10.471742138386528,3952256
1997-12-08,3,11.12990665435791,11.473725824238649,11.00220358720656,11.237963474600477,4177712
1997-12-09,1,10.95308780670166,11.365670158484727,10.746796015248933,11.080792131779788,2894789
1997-12-10,1,10.088628768920898,10.903970963706596,9.90198445935413,10.805737246158024,5713605
1997-12-11,1,9.175053596496582,9.862690859778478,8.860704957407371,9.823397741563229,10941803
1997-12-12,1,9.391168594360352,9.764457861668848,9.135760537082694,9.666223519976482,10483088
1997-12-15,3,9.764455795288086,10.000217549895972,8.88034998495991,9.509047792060567,6910699
1997-12-16,1,10.000216484069824,10.275271322162665,9.548339887195947,9.587633611369514,5013829
1997-12-17,1,9.901986122131348,10.334215413712244,9.744811778323632,10.196688555386952,2786784
1997-12-18,1,9.646575927734377,9.901983949547628,9.548341599682232,9.587635330903089,4053691
1997-12-19,1,10.059162139892578,10.216335884676306,9.371524082547298,9.430464082950856,4144037
1997-12-22,3,10.294918060302734,10.314565538888797,9.843042057411424,10.216331223763891,2548187
1997-12-23,1,9.793926239013672,10.157391704349129,9.7644562491533,10.059158610001605,1970789
1997-12-24,1,9.862689971923828,10.059158623119677,9.823396857245806,10.059158623119677,528117
1997-12-26,2,9.960925102233888,10.059159435767857,9.901984502113503,9.901984502113503,382331
1997-12-29,3,10.31456470489502,10.412798396516065,10.078802983219068,10.177036674840114,2355584
1997-12-30,1,10.668208122253418,10.727148097314435,10.314565809642932,10.471739486846374,1409408
1997-12-31,1,10.609267234802246,10.899057403501825,10.45209355287687,10.766442147849856,2074277
1998-01-02,2,10.687856674194336,10.72715040974622,10.314568033135108,10.58962295087585,818459
1998-01-05,3,11.709489822387695,12.14171967189748,10.805737619887626,10.903971340833731,9311456
1998-01-06,1,11.159379959106444,11.473728603650118,11.02185250406374,11.336201148607412,3034827
1998-01-07,1,10.845032691955566,11.061146412240282,10.45209652858981,10.903972685567528,2849205
1998-01-08,1,10.491389274597168,10.923617905360963,10.37350806741297,10.6092692506589,3741173
1998-01-09,1,9.84304141998291,10.471738533823972,9.764454588533296,10.412798564127025,2262773
1998-01-12,3,10.31456470489502,10.43244587351351,9.52869270968254,9.548339571118955,3447136
1998-01-13,1,10.805737495422363,10.82538374693632,10.29492018259054,10.481564496462775,2011445
1998-01-14,1,10.943264961242676,11.355847323584443,10.196687089383715,10.648562570357171,7596923
1998-01-15,1,10.687856674194336,11.454082670772426,10.550329215323965,10.72715040974622,3767867
1998-01-16,1,10.609267234802246,11.139731950776811,10.569974737662577,11.002204517421273,2013499
1998-01-20,4,11.414788246154783,11.444258856998792,10.805738393984608,10.90397212196794,3190469
1998-01-21,1,11.532665252685549,11.78807383719804,10.943261868606164,10.943261868606164,3788400
1998-01-22,1,10.196685791015623,11.120084733602836,10.137745197231329,10.962909816844707,10387403
1998-01-23,1,10.353862762451172,10.648563960692062,10.177040935496317,10.550330227945098,7133691
1998-01-26,3,10.255627632141112,10.717327495081603,10.147570165022168,10.579800033497945,4844224
1998-01-27,1,10.64856243133545,10.78608988365389,10.373507526698566,10.452094994058362,3986752
1998-01-28,1,11.365671157836914,11.375494284216863,10.727150707425317,10.746796960185216,4372368
1998-01-29,1,10.982558250427246,11.19867316417008,10.845030801885873,11.080791966367888,1546981
1998-01-30,1,10.92361831665039,11.012030148709217,10.776267725464038,10.90397206360788,1091963
1998-02-02,3,11.76842975616455,11.886309715992676,11.237965012448802,11.37549245299648,3393339
1998-02-03,1,11.92560577392578,11.945253258480092,11.336202166379628,11.414788411229257,5933312
1998-02-04,1,11.689841270446776,11.9059574065595,11.532667577531596,11.709488751512623,4355531
1998-02-05,1,11.886311531066896,12.328364525730878,11.78807780583545,12.259600179395376,6286896
1998-02-06,1,12.27924633026123,12.436420027346584,12.043485169072024,12.18101261569259,4037264
1998-02-09,3,12.141719818115234,12.53465593775406,12.023838612886854,12.475714719578647,4192907
1998-02-10,1,12.357832908630373,12.495360345393804,11.827369410633304,11.88630938892556,2088240
1998-02-11,1,12.436421394348145,12.495362614465982,12.161366470873192,12.181013954619964,2822512
1998-02-12,1,12.436421394348145,12.495362614465982,12.181013954619964,12.475715130719207,2453323
1998-02-13,1,12.16136360168457,12.318538510087087,12.102423626594724,12.279244782986458,3347344
1998-02-17,4,12.20065975189209,12.40695155236034,12.161366016987545,12.298893473592232,1963808
1998-02-18,1,12.515010833740234,12.534657087519166,12.29889465543665,12.338188394117068,1479221
1998-02-19,1,12.3087158203125,12.495361357073769,12.181012728860251,12.495361357073769,1041861
1998-02-20,1,12.259599685668944,12.318540903332082,12.06313224311832,12.318540903332082,1013525
1998-02-23,3,12.71147632598877,12.731122576722914,12.475713930444828,12.573947646360288,1932187
1998-02-24,1,13.458053588867188,13.615227274161825,13.025823799842994,13.025823799842994,5826128
1998-02-25,1,14.469863891601562,14.77438939817626,14.263572101696798,14.401099551259184,7368592
1998-02-26,1,14.99050521850586,15.265560134235791,14.656510315440212,14.656510315440212,8548027
1998-02-27,1,14.676156044006348,14.735096029239646,14.401099906965335,14.460041123321044,3149813
1998-03-02,3,14.15551471710205,14.735095100590234,14.047457879130665,14.715447619335771,4691456
1998-03-03,1,14.204634666442873,14.29304527353247,13.890285978026808,13.92957971796914,6702080
1998-03-04,1,14.420748710632324,14.538629923021157,14.04746005141813,14.06710630458834,2343675
1998-03-05,1,13.63487148284912,13.929573791470812,13.516991544298104,13.693812683246705,6867579
1998-03-06,1,14.381451606750488,14.558272768382077,13.77240066532564,13.870635601549369,6737397
1998-03-09,3,14.027812957763672,14.499335316822444,13.959047382420495,14.145692931967142,2822923
1998-03-10,1,14.027812957763672,14.096576070861955,13.87063801732912,14.027812957763674,4725131
1998-03-11,1,13.949220657348633,14.057278708797655,13.79204698858932,14.027809338411483,4331712
1998-03-12,1,14.479692459106444,14.597572460942915,14.24392999318803,14.342164969548737,4267648
1998-03-13,1,15.10838794708252,15.285207926911443,14.774391779230765,14.794039264404582,4374421
1998-03-16,3,15.403088569641112,15.422736054081556,15.128033636455116,15.383442316323196,2177765
1998-03-17,1,15.147676467895508,15.34414511230482,14.93156280572864,15.245911405661287,1456224
1998-03-18,1,14.911919593811035,15.049447068699497,14.744921506045548,14.970860819565091,1413925
1998-03-19,1,14.617218017578123,14.892272960355934,14.577923047326928,14.892272960355934,2355995
1998-03-20,1,14.53862762451172,14.7743887808938,14.38145269950878,14.705624443424432,1398320
1998-03-23,3,14.322511672973633,14.460039106753642,14.263570464837748,14.420745378370462,892789
1998-03-24,1,14.970858573913574,15.01015107702554,14.656509931160928,14.754743651185676,1454992
1998-03-25,1,14.8922700881958,15.22626495969018,14.695801430444105,15.147677496589502,1665253
1998-03-26,1,14.774392127990724,14.872625862810972,14.676158393170471,14.774392127990724,1873051
1998-03-27,1,14.695804595947266,14.754745821529989,14.440395901415728,14.735098335961547,912501
1998-03-30,3,14.460040092468262,14.715447497686228,14.283218918251498,14.577920054531225,993813
1998-03-31,1,14.528802871704102,14.6958009171799,14.460039767234372,14.460039767234372,753573
1998-04-01,1,14.646683692932127,14.735094275822778,14.273395112337065,14.460039402634596,1979003
1998-04-02,1,14.420748710632324,14.63686365111726,14.38145497316938,14.577922429361582,1676752
1998-04-03,1,14.106398582458496,14.16533979811551,13.752756213005982,14.067104849061284,3258640
1998-04-06,3,13.988518714904783,14.460042329469362,13.870638734605524,14.40110110819722,3181024
1998-04-07,1,13.575936317443848,13.9885187106096,13.566113190942344,13.909932467475056,2518619
1998-04-08,1,13.7724027633667,13.909931448806123,13.575935323234525,13.811696497617618,2078795
1998-04-09,1,13.919753074645996,14.008163659403154,13.79204875987207,13.909929949922375,672261
1998-04-13,4,13.860812187194824,14.04745646920616,13.634872946618549,14.008162741763424,2178176
1998-04-14,1,14.322511672973633,14.440391627000936,14.106396782427268,14.106396782427268,1998715
1998-04-15,1,14.558267593383787,14.77438240645852,14.381446494606443,14.538621351795992,1614741
1998-04-16,1,14.44039249420166,14.627038023011096,14.22427882179908,14.38145251364844,1291547
1998-04-17,1,14.175163269042969,14.224280129205551,14.126045177757964,14.184986394851002,789712
1998-04-20,3,14.518980026245115,14.577920007084767,14.32251260269807,14.4010988334435,654192
1998-04-21,1,14.931567192077637,15.01015344180488,14.774392230377924,14.813685970802856,1269371
1998-04-22,1,15.383440971374512,15.422734705697486,15.108386062236107,15.128032313836384,959728
1998-04-23,1,15.049443244934082,15.344145605458522,15.010149514789338,15.186970684879544,775339
1998-04-24,1,15.088739395141602,15.088739395141602,14.833330723797252,14.970859416923046,1114139
1998-04-27,3,14.460040092468262,14.617215016715305,14.3421601304053,14.38145263034474,897717
1998-04-28,1,14.41092300415039,14.577919819568368,14.302866168813916,14.479687340180726,1176971
1998-04-29,1,14.342159271240234,14.381451768825864,14.204630605201547,14.263570582702238,912501
1998-04-30,1,14.401100158691406,14.617216314276751,14.302867669000443,14.460041376077385,1023381
1998-05-01,1,13.831343650817873,14.24392600394047,13.615228733147257,14.047458568488484,3951435
1998-05-04,3,14.086749076843262,14.126042804596503,13.968869124705751,14.067102828527748,2536277
1998-05-05,1,14.076929092407228,14.381454627074644,14.02781346066368,14.145693439093172,1678395
1998-05-06,1,13.860812187194824,14.145690172251896,13.850987831992486,14.145690172251896,1070608
1998-05-07,1,13.644696235656738,13.988515431595628,13.634873111457848,13.831341751046736,2382688
1998-05-08,1,13.575936317443848,13.9885187106096,13.516996327312317,13.71346378183243,1292573
1998-05-11,3,12.907944679260254,13.516995731209324,12.888297196001195,13.516995731209324,1280869
1998-05-12,1,13.359820365905762,13.39911410005518,12.888296787235152,13.045471723832827,1404891
1998-05-13,1,13.556286811828612,13.831341674610806,13.477699356427356,13.792047946910175,555632
1998-05-14,1,13.163352966308594,13.634875315290609,13.124059232039691,13.516995343606316,1248221
1998-05-15,1,12.888296127319336,13.359819681846655,12.849003626304215,13.163352252281646,1582093
1998-05-18,3,12.573945999145508,12.888294587568035,12.338184865609165,12.691827181474782,1312285
1998-05-19,1,13.124058723449709,13.320526156058207,13.006177525211186,13.241939921688232,754395
1998-05-20,1,13.399114608764648,13.831344469695836,13.163353426039668,13.792050734054596,2121093
1998-05-21,1,13.281232833862305,13.516993984650634,13.163351642906992,13.516993984650634,1186416
1998-05-22,1,13.281232833862305,13.63487394448365,13.08476418227012,13.63487394448365,2035059
1998-05-26,4,13.045470237731934,13.75275490960489,13.045470237731934,13.75275490960489,2219653
1998-05-27,1,12.573945999145508,12.809708363804058,11.945250053422658,12.770414636360966,4273603
1998-05-28,1,12.790063858032228,12.888296343338846,12.5150089595821,12.731122643276931,984779
1998-05-29,1,12.04348373413086,12.888294563662642,12.023836254884651,12.77041461267422,2349219
1998-06-01,3,11.552313804626465,12.259598499151682,11.434433842953808,12.259598499151682,5034568
1998-06-02,1,11.2183198928833,12.023838367712733,10.962911235657652,12.023838367712733,9312893
1998-06-03,1,11.434432983398438,11.94525021598825,11.434432983398438,11.748781576099004,6789552
1998-06-04,1,11.159379959106444,11.434434869191854,10.86467756623069,11.434434869191854,4176480
1998-06-05,1,11.080791473388672,11.296906377516654,10.96291028083096,11.218318915811514,3981824
1998-06-08,3,11.277261734008787,11.277261734008787,11.002206809983694,11.002206809983694,1452939
1998-06-09,1,11.984546661376951,12.181015365996489,11.532670487435968,11.59161171438314,1917403
1998-06-10,1,11.709489822387695,12.063132202691625,11.630903584304267,11.925604747142588,2040397
1998-06-11,1,10.786088943481444,11.905957177938902,10.412800352743822,11.905957177938902,7711293
1998-06-12,1,9.15540599822998,9.312580931347505,8.389181277088031,9.253640331428432,16069592
1998-06-15,3,8.801767349243164,9.27329046818946,8.683886723396943,8.683886723396943,4305635
1998-06-16,1,9.567988395690918,9.626928992093443,9.116112336621685,9.332226625641969,2005696
1998-06-17,1,9.07681941986084,9.90198476570626,9.037525685401246,9.7055167089695,3362333
1998-06-18,1,9.23399257659912,9.23399257659912,8.958937701222537,9.116112003660747,1718435
1998-06-19,1,9.214345932006836,9.509048294735774,9.194699066787496,9.430460833858415,807576
1998-06-22,3,9.41081428527832,9.430461151158704,9.057171930553752,9.116112528194904,1364645
1998-06-23,1,9.489402770996094,9.548342759425076,9.391168431012394,9.528695891428336,1369368
1998-06-24,1,9.98056983947754,10.01986356693086,9.312579550576585,9.430460117375446,2448395
1998-06-25,1,9.391168594360352,9.94127906115386,9.391168594360352,9.901985324476914,1721720
1998-06-26,1,9.07681941986084,9.509049267793952,9.057172552631044,9.509049267793952,1256640
1998-06-29,3,9.273284912109377,9.312578635702454,9.09646377150156,9.273284912109377,524421
1998-06-30,1,9.135761260986328,9.351875598711604,9.076820651300544,9.351875598711604,604912
1998-07-01,1,9.273284912109377,9.312578635702454,9.037523186111942,9.233991188516296,1931981
1998-07-02,1,9.273284912109377,9.273284912109377,9.194697464923216,9.233991188516296,1575933
1998-07-06,4,9.253640174865724,9.548341938352616,9.116112726275915,9.548341938352616,1884344
1998-07-07,1,9.84304141998291,9.9019820052409,9.155403720883855,9.155403720883855,1277995
1998-07-08,1,10.059162139892578,10.196689628249365,9.548344699319331,9.587638443295946,5412176
1998-07-09,1,9.489402770996094,9.90198515224392,9.430462167005874,9.70551708783776,1561149
1998-07-10,1,9.548340797424316,9.705515093540695,9.391166501307936,9.548340797424316,1046995
1998-07-13,3,9.3518705368042,9.52378070922786,9.273283715321313,9.5090454108919,1182720
1998-07-14,1,9.450109481811523,9.666223808871251,9.430462612885863,9.548343210878558,731808
1998-07-15,1,10.255627632141112,10.412801961888327,9.469755367843792,9.518872846033306,4996581
1998-07-16,1,10.137743949890137,10.373505064897175,10.059157116741474,10.353858818280802,1617205
1998-07-17,1,10.235980033874512,10.334213752124327,10.098452582100292,10.255626900636717,750904
1998-07-20,3,10.118097305297852,10.334211562774902,10.05915733305914,10.294917837575053,1274504
1998-07-21,1,10.137743949890137,10.137743949890137,9.901982219322042,9.9412759436769,1473061
1998-07-22,1,9.391168594360352,10.0591602711847,9.391168594360352,9.98057218226956,1466285
1998-07-23,1,8.467768669128418,8.880351663801259,8.369534945214578,8.723177336202374,2777544
1998-07-24,1,8.526710510253906,8.62494486398526,8.369536159845067,8.605297993238988,1492979
1998-07-27,3,8.703530311584473,8.762470914208183,8.251654204819687,8.566002854357036,1373064
1998-07-28,1,8.919644355773926,8.958938086965624,8.566002006170965,8.68388319974606,2156205
1998-07-29,1,9.11611270904541,9.194699558564825,8.958938394445397,8.958938394445397,1038371
1998-07-30,1,9.312578201293944,9.430458751013306,9.233990757773691,9.233990757773691,1148840
1998-07-31,1,9.017876625061035,9.1554040466623,8.958936653266814,9.116110937319842,951104
1998-08-03,3,8.683883666992188,8.880351102399507,8.50706186711545,8.841057369093564,1037549
1998-08-04,1,8.40882682800293,8.801762868191847,8.40882682800293,8.762469141060736,577192
1998-08-05,1,8.624940872192383,8.72317456489792,8.42847287122027,8.605294010539069,781704
1998-08-06,1,9.11611270904541,9.155405826024523,8.428474851834915,8.487415450645363,1807549
1998-08-07,1,9.3518705368042,9.528691654591896,8.95893519826784,8.95893519826784,3066243
1998-08-10,3,8.841057777404785,9.25364076504932,8.821411525405676,9.116113307688217,1523984
1998-08-11,1,8.526710510253906,8.68388547622407,8.448123642830149,8.526710510253906,1013731
1998-08-12,1,8.860705375671387,8.8803516279258,8.546356721743546,8.644589829699303,1554989
1998-08-13,1,8.448122024536133,8.664236330224327,8.408828290570568,8.644589463241545,765072
1998-08-14,1,8.48741626739502,8.54635687187736,8.232007596866117,8.52670938815534,832627
1998-08-17,3,8.64459228515625,8.64459228515625,8.330243541939085,8.408831035524079,813325
1998-08-18,1,8.801767349243164,8.958941722225262,8.624946102693126,8.644592360699654,1082928
1998-08-19,1,8.330238342285156,8.782114301658066,8.330238342285156,8.762468056086218,1430763
1998-08-20,1,7.858716011047363,8.094476494169944,7.839068534669217,8.015889666462417,1023587
1998-08-21,1,7.66225004196167,7.740836890423209,7.465781381904888,7.681896292406174,865480
1998-08-24,3,7.505076885223389,7.622958109079139,7.249668797991903,7.524723755866014,946792
1998-08-25,1,7.721189022064209,7.937303904509781,7.583661593439242,7.74083588551936,733245
1998-08-26,1,7.4461350440979,7.465781294311903,7.190726404581863,7.230020136132202,666512
1998-08-27,1,6.856732368469238,7.190727926201088,6.758498634367464,7.15143418633586,1648211
1998-08-28,1,6.994259357452393,7.013906226022688,6.699557560020474,6.856731893021581,882933
1998-08-31,3,5.540395736694336,6.483442199350256,4.793817620520692,6.286974160648557,4799461
1998-09-01,1,6.5816755294799805,6.640616127855447,5.776157711715673,5.894038292905427,2059904
1998-09-02,1,6.129799842834473,6.503089091690855,6.129799842834473,6.365561635680929,1229947
1998-09-03,1,5.894038677215576,5.972626146840353,5.795804955745824,5.972626146840353,969995
1998-09-04,1,5.854744911193848,6.326267879745346,5.815451176590919,6.22803415879924,883344
1998-09-08,4,6.601322650909424,6.679909495560113,6.208386580972543,6.601322650909424,1561971
1998-09-09,1,5.913686275482178,6.3262686953188165,5.8940394056478675,6.2869755712114905,614973
1998-09-10,1,5.933331489562988,5.933331489562988,5.383221134399787,5.383221134399787,1190317
1998-09-11,1,5.972626686096191,6.0905072856153275,5.815451732655644,6.0905072856153275,1669565
1998-09-14,3,5.697570323944092,5.972625837839257,5.6582772067258,5.972625837839257,666101
1998-09-15,1,5.776157855987549,5.93333217335338,5.422515488024132,5.540396072158207,910653
1998-09-16,1,5.618982791900635,5.63862965805791,5.442161612046337,5.501102210518162,556453
1998-09-17,1,5.284986972808838,5.4618081211764595,5.029578681586777,5.12781207153889,534688
1998-09-18,1,5.068871974945068,5.206399710757192,4.970638273654254,5.068871974945068,791355
1998-09-21,3,4.79381799697876,4.91169889101307,4.479469356594737,4.597349942848444,493621
1998-09-22,1,5.422516345977783,5.69757129099704,4.911699579826814,4.950993319275648,3463152
1998-09-23,1,5.520748615264893,5.579688586677699,5.324279992018672,5.540394862028455,2112469
1998-09-24,1,5.147459506988525,5.461808402370666,5.029578940528204,5.3439272203492445,894021
1998-09-25,1,5.186753749847412,5.265341217002633,4.990285697520559,5.049226297886975,1049869
1998-09-28,3,5.284986972808838,5.383220670541485,5.103253647105728,5.147459241978168,3484096
1998-09-29,1,5.402868747711182,5.52074995016216,5.343928146485693,5.501102467525789,846795
1998-09-30,1,4.931344985961914,5.186753309174795,4.931344985961914,5.06887242623786,391776
1998-10-01,1,4.59735107421875,4.852759484329829,4.518764202563763,4.7545254330900795,679243
1998-10-02,1,4.911698341369629,4.990285184890774,4.7545237309856345,4.872404304047921,739611
1998-10-05,3,4.558056354522705,4.793818150123017,4.479469499696751,4.793818150123017,825440
1998-10-06,1,4.558056354522705,4.6759372523228615,4.51876323489034,4.616996957313089,707373
1998-10-07,1,4.420528888702393,4.67593724364488,4.361588593802006,4.5187632265040545,640845
1998-10-08,1,4.145474910736084,4.361589579393491,4.0668880382976464,4.106181166736184,967736
1998-10-09,1,4.283000469207764,4.322294195501484,4.066886205714476,4.20441363218141,718461
1998-10-12,3,4.759435176849365,4.911697903578912,4.283000441421862,4.361587585718926,3797024
1998-10-13,1,4.833111763000488,4.833111763000488,4.695583693303478,4.793818028801343,1492979
1998-10-14,1,5.304633617401123,5.461808530448733,4.872404145422986,4.93134473781584,1702213
1998-10-15,1,5.7565107345581055,5.815451338099415,5.461809563535255,5.501102683668228,2382893
1998-10-16,1,6.011917591094971,6.169091870992555,5.540394751402217,5.540394751402217,3446725
1998-10-19,3,5.874390125274658,5.8940369870469365,5.658275876901683,5.75650895464099,1155411
1998-10-20,1,6.365561008453369,6.38520787388478,5.85474435392014,5.85474435392014,2108979
1998-10-21,1,6.679910182952881,6.7192039171023,6.326267806730528,6.522735861916414,1010445
1998-10-22,1,7.053199291229248,7.230020475955504,6.640616321680918,6.679910055078129,1573675
1998-10-23,1,7.269313812255859,7.799777997937839,7.269313812255859,7.426488750568277,4333971
1998-10-26,3,6.778143405914307,6.954963949444926,6.719202814363363,6.758496542063993,3544464
1998-10-27,1,6.994259357452393,7.387195497735788,6.837085024451286,7.347902376156452,3795587
1998-10-28,1,7.053199291229248,7.151433009161081,6.99425869113343,7.072846157927853,1728701
1998-10-29,1,7.28895902633667,7.426486438991885,7.249665303989173,7.269311549601898,1463205
1998-10-30,1,8.015887260437012,8.369529417875212,7.898006746477887,8.094474064556152,4618152
1998-11-02,3,7.642602920532227,7.87836470814884,7.583662935298976,7.622956669161945,3977512
1998-11-03,1,7.347902297973633,7.652427218669879,7.328254814051134,7.583663487186129,1890093
1998-11-04,1,7.839069366455078,7.917656818062354,7.406840229298297,7.5443676540499505,2706499
1998-11-05,1,8.09447956085205,8.17306764945556,7.701544042324473,7.701544042324473,2858445
1998-11-06,1,8.290949821472168,8.330242949910705,8.01589422903423,8.01589422903423,680064
1998-11-09,3,8.271299362182617,8.389179927495768,8.173065660348506,8.290946225661658,648443
1998-11-10,1,8.015887260437012,8.055180970276995,7.721185667758787,7.917653601397879,1811656
1998-11-11,1,8.9982328414917,9.194700288671353,8.438298647233744,8.585649848179715,5250784
1998-11-12,1,8.664236068725586,8.801764133454274,8.546356101509085,8.56600235233771,493827
1998-11-13,1,8.723176002502441,8.782115981614828,8.546355449604146,8.566001698934182,990528
1998-11-16,3,8.585650444030762,8.683884789999363,8.487416713623436,8.605297313224483,526475
1998-11-17,1,8.40882682800293,8.585647984531834,8.330239373740707,8.585647984531834,748235
1998-11-18,1,8.310595512390137,8.487416719698917,8.27130177397457,8.408829242867782,532840
1998-11-19,1,8.683883666992188,8.683883666992188,8.566002467074362,8.605296200380304,841045
1998-11-20,1,9.037524223327637,9.116111679533097,8.801763085833487,8.919643654580561,1048227
1998-11-23,3,9.450109481811523,9.469755735175918,8.998233343205143,9.057173334420858,879237
1998-11-24,1,9.214345932006836,9.509048294735774,9.15540533634882,9.233992797226175,1488256
1998-11-25,1,9.430462837219238,9.528696568623072,9.273288497636337,9.312582236422385,1212493
1998-11-27,2,9.430462837219238,9.509050314791333,9.312582236422385,9.430462837219238,98765
1998-11-30,3,8.89999771118164,9.430461248758482,8.801763996324231,9.312580667817354,628115
1998-12-01,1,8.880350112915039,8.880350112915039,8.25165291231673,8.408827212466308,839197
1998-12-02,1,8.880350112915039,8.899996977378876,8.173066070022506,8.487414670321659,2778776
1998-12-03,1,9.901986122131348,10.589624107125596,8.9982337991273,8.9982337991273,9078403
1998-12-04,1,10.059162139892578,10.216335884676306,9.823400291594265,10.137749012284443,2951667
1998-12-07,3,9.862689971923828,9.98057054708019,9.351873325498069,9.901983702162998,2090704
1998-12-08,1,10.118097305297852,10.530680188774165,9.744808147021391,9.784101872221244,2445109
1998-12-09,1,9.901986122131348,10.21633480974678,9.626931174358168,10.21633480974678,970611
1998-12-10,1,9.58763599395752,9.901984634341543,9.58763599395752,9.882337767372391,865891
1998-12-11,1,8.919644355773926,9.155405511801792,8.762470046568295,9.076818664979555,2758859
1998-12-14,3,8.526710510253906,8.841059211071588,8.526710510253906,8.80176608514037,594440
1998-12-15,1,8.801767349243164,8.919647975089385,8.389184235439274,8.487418603278968,935909
1998-12-16,1,8.40882682800293,8.958937161155195,8.369533100871818,8.880349706892972,729549
1998-12-17,1,8.48741626739502,8.644589981558779,8.310595069509239,8.330241322108778,668360
1998-12-18,1,9.07681941986084,9.19470000767841,8.723177040846915,8.723177040846915,2912243
1998-12-21,3,9.469754219055176,9.489401700396511,9.273286792375815,9.312580523936154,1272245
1998-12-22,1,9.41081428527832,9.56798859676022,9.312580571437572,9.4697542673583,1775517
1998-12-23,1,9.41081428527832,9.563077034180417,9.116112528194904,9.50904861468024,1615152
1998-12-24,1,9.50904941558838,9.58763627016779,9.233993885657378,9.273287620727697,325864
1998-12-28,4,9.548340797424316,9.626928253263062,9.469753341585571,9.548340797424316,372885
1998-12-29,1,9.646575927734377,9.685869658955234,9.469754137240514,9.587635330903089,372885
1998-12-30,1,9.744811058044434,9.960925995641585,9.50904986753959,9.50904986753959,480275
1998-12-31,1,9.58763599395752,9.941278368279846,9.489402274672964,9.784104048087835,272067
1999-01-04,4,10.177038192749023,10.294918763388411,9.862689594003236,9.862689594003236,1387437
1999-01-05,1,11.709489822387695,11.945252230005266,9.823397948181698,9.94127853642927,6346032
1999-01-06,1,14.1456880569458,14.754738894549146,11.905954545488756,11.94524826705562,12628205
1999-01-07,1,14.126042366027832,14.93156191327716,12.18101090492377,12.35783205876252,13646043
1999-01-08,1,13.241943359375,13.654525813635114,12.593598447432507,13.47770458593468,8235920
1999-01-11,3,12.770416259765623,13.00617742327247,12.298892701629573,12.61324133001282,3109157
1999-01-12,1,12.377482414245604,12.770418578862108,12.367659287132774,12.53465737254124,861168
1999-01-13,1,13.241943359375,13.418764587075431,11.434437339423594,11.473731082370657,4456965
1999-01-14,1,12.809710502624512,13.24194034554516,12.554301847160271,13.084765409529505,3698875
1999-01-15,1,13.59558391571045,13.752757634421584,12.613242941495136,12.632890425785606,3732755
1999-01-19,4,13.045470237731934,13.516993762687996,13.00617650805874,13.379466324392952,1621312
1999-01-20,1,13.438405990600586,14.224278103530972,12.652535108792446,12.731121335187686,5296163
1999-01-21,1,12.94723892211914,13.556289997939787,12.888297701154237,13.359821313260948,4037469
1999-01-22,1,13.811695098876951,14.184984920895593,12.652535595916357,12.652535595916357,4760448
1999-01-25,3,13.51699161529541,14.297951444566662,13.477697891864658,14.04745503492744,2722309
1999-01-26,1,13.831343650817873,13.90993111744762,13.359820082161765,13.516995015421264,3513253
1999-01-27,1,13.34017276763916,14.106397428392809,13.34017276763916,13.792048818054845,1076563
1999-01-28,1,13.674165725708008,13.792046899860722,13.399110883807126,13.399110883807126,1138573
1999-01-29,1,14.617218017578123,14.636864271581151,13.772404472996534,13.96887316863966,3678752
1999-02-01,3,14.460040092468262,15.010149865088277,14.38145263034474,14.518980073499742,2921688
1999-02-02,1,13.59558391571045,14.145693777883205,13.124060297332,14.145693777883205,3277736
1999-02-03,1,14.26357364654541,14.47968981642202,13.006178982291576,13.16335393088456,4739299
1999-02-04,1,14.067100524902344,15.010146143180569,13.949219360946811,14.617211392239485,5877872
1999-02-05,1,13.51699161529541,14.14568872794328,12.809707055786038,14.067101281081776,3297037
1999-02-08,3,14.479692459106444,14.518984972303445,14.145696247950056,14.26357624978653,3522288
1999-02-09,1,13.792051315307615,14.813684791668274,13.792051315307615,14.49933612441288,4105435
1999-02-10,1,14.106398582458496,14.302867249444551,13.59558251053953,13.772402464143394,3881005
1999-02-11,1,14.73509407043457,14.93156271363208,14.027810648290265,14.342159246284035,3157411
1999-02-12,1,14.26357364654541,14.656511018027873,13.988518717630198,14.57792231260887,4086544
1999-02-16,4,14.420748710632324,14.676157388580204,14.086752557758556,14.086752557758556,3181640
1999-02-17,1,13.831343650817873,14.42074718829621,13.713462450873246,13.90993111744762,2349219
1999-02-18,1,13.63487148284912,14.047454961143902,13.47769782107374,14.027808715092757,1949229
1999-02-19,1,13.438405990600586,13.792048318307035,13.39911226184184,13.772400838366538,1378813
1999-02-22,3,14.027812957763672,14.027812957763674,13.43840816225654,13.674169341785928,2118424
1999-02-23,1,13.68399143218994,14.067104397163678,13.556288341654383,13.831343235476492,1001616
1999-02-24,1,13.75275707244873,14.10148728534868,13.595583360160113,13.71346333659596,2377760
1999-02-25,1,13.477701187133787,14.027812218543206,13.359819988019831,13.988517254382838,3635016
1999-02-26,1,12.456068992614746,13.477702454287714,12.41677525588242,13.477702454287714,3330917
1999-03-01,3,12.082777976989746,12.416772827202472,11.90595681184117,12.377479098155872,3025381
1999-03-02,1,12.06313133239746,12.613241114905954,12.004191350306506,12.45606741895596,2801979
1999-03-03,1,12.16136360168457,12.7311207979604,11.866662495113143,12.69182707085977,2190907
1999-03-04,1,12.259599685668944,12.33818715513817,11.84701731763917,12.181013447322156,2204664
1999-03-05,1,12.495360374450684,12.61324033130931,12.2203055002842,12.45606664512372,1806112
1999-03-08,3,12.731122016906738,12.809709478632383,12.495360862852111,12.593594574448014,1569979
1999-03-09,1,12.515010833740234,13.28123566020202,12.456069610158329,12.731124549798706,4539920
1999-03-10,1,13.00617790222168,13.045471636106862,12.259599420648016,12.47571434145532,6518512
1999-03-11,1,13.281232833862305,13.320525333058448,12.858826156280823,12.986530472035172,3885112
1999-03-12,1,13.045470237731934,13.202643925302436,12.80970909081504,13.00617650805874,1794613
1999-03-15,3,13.34017276763916,13.35981901716928,12.966884177588542,13.12405786719638,2191317
1999-03-16,1,14.322511672973633,14.440391627000936,13.733108209470425,13.792048186484074,6181971
1999-03-17,1,14.460040092468262,14.617215016715305,14.263571437159458,14.263571437159458,2355173
1999-03-18,1,14.872623443603516,14.911917177364549,14.538628553318354,14.617216020840416,1831984
1999-03-19,1,14.381451606750488,15.265557414908422,14.342159109607676,15.088736253276837,1381483
1999-03-22,3,14.224282264709473,14.597570950436223,14.10640104394821,14.597570950436223,1510227
1999-03-23,1,13.75275707244873,14.224280671559516,13.71346333659596,14.106399464001203,1385179
1999-03-24,1,13.34017276763916,13.94922250766268,13.202644096439151,13.75275508787231,2131360
1999-03-25,1,14.165335655212402,14.224275622508983,13.831339634580344,13.831339634580344,1597904
1999-03-26,1,13.438405990600586,13.850988295884028,13.281232306687857,13.850988295884028,1486819
1999-03-29,3,13.890284538269045,14.027813229373365,13.516995894192949,13.595583365931851,1887424
1999-03-30,1,14.106398582458496,14.322513500581962,13.65452249507415,13.733109961868571,2018632
1999-03-31,1,14.1456880569458,14.440389122014242,13.988513170678347,14.302862943213253,1648827
1999-04-01,1,14.460040092468262,14.617215016715305,14.38145263034474,14.38145263034474,1543901
1999-04-05,4,15.088739395141602,15.3245005827012,14.617217020022403,14.617217020022403,2438333
1999-04-06,1,15.16732406616211,15.442378939357583,14.73509427621364,14.911915441999623,3942811
1999-04-07,1,15.599552154541016,15.835314522560443,15.1083836323061,15.324497289640574,3559043
1999-04-08,1,15.638842582702637,15.776369986134172,15.5013151792711,15.638842582702637,904699
1999-04-09,1,15.206618309020996,15.481673191507666,15.06909086777766,15.481673191507666,877184
1999-04-12,3,14.656511306762695,14.833331280729409,14.577922599795489,14.774391289407172,1017427
1999-04-13,1,14.518980026245115,14.93156358548962,14.342160083726164,14.735094930820258,1609403
1999-04-14,1,14.322511672973633,14.892268887846372,14.263570464837748,14.892268887846372,1460125
1999-04-15,1,14.26357364654541,14.460042332286642,13.949224980481953,14.302868614816166,2209592
1999-04-16,1,14.44039249420166,14.499333705877191,14.184985091056165,14.22427882179908,1441851
1999-04-19,3,13.792051315307615,14.34216240634644,13.792051315307615,14.34216240634644,1235080
1999-04-20,1,13.320526123046877,13.595582251588445,13.104412440162054,13.438407320993262,2889451
1999-04-21,1,14.695804595947266,14.735098335961547,13.752758528972285,13.83134600900085,4341979
1999-04-22,1,15.02979564666748,15.069089373286054,14.676153338222496,14.77438703920784,1976333
1999-04-23,1,14.8922700881958,15.04944378327482,14.715447680658109,14.735095161994444,1705293
1999-04-26,3,14.852978706359863,14.931566181892938,14.73509749306025,14.813684968593323,2542027
1999-04-27,1,14.53862762451172,14.892269974646002,14.342160199380372,14.813682512144537,1739379
1999-04-28,1,13.890284538269045,14.42074812582295,13.634875870678837,14.42074812582295,1281280
1999-04-29,1,12.888296127319336,13.890283219019013,12.554301250834346,13.870636968511452,4578523
1999-04-30,1,12.259599685668944,13.124059387585548,12.023838508383706,13.045471918116322,3606885
1999-05-03,3,12.691827774047852,12.770415232603233,12.200658004760122,12.73112150332554,3328659
1999-05-04,1,12.220309257507324,12.731125433567478,12.181015516099212,12.711479178424744,5172141
1999-05-05,1,12.141719818115234,12.397128480548838,11.43443504898984,11.945252373857045,6766349
1999-05-06,1,12.456068992614746,12.966886339012476,12.259600308953118,12.652537676276372,5388563
1999-05-07,1,12.691827774047852,13.045470106424798,12.613240315492472,12.966883878991682,3008133
1999-05-10,3,12.141719818115234,12.41677473252568,12.102426083039107,12.41677473252568,882317
1999-05-11,1,12.27924633026123,12.456067508933724,12.220306347744517,12.338186312777944,3795587
1999-05-12,1,12.456068992614746,12.61324270842155,12.181014066610963,12.33818778241777,2952693
1999-05-13,1,13.025822639465332,13.359817460414623,12.495359190496917,12.691826587393892,5594923
1999-05-14,1,13.575936317443848,13.693817528829424,13.202646430284112,13.281235135663673,3296216
1999-05-17,3,13.51699161529541,13.556285338726164,13.006174441817718,13.241936782402227,2815120
1999-05-18,1,14.322511672973633,14.361805401356811,13.909929371633613,13.949221868894554,1443288
1999-05-19,1,14.754740715026855,14.852974415503327,14.59756580936676,14.77438696267328,3039549
1999-05-20,1,14.106398582458496,14.597568403240052,14.106398582458496,14.55827466984284,1060957
1999-05-21,1,14.00816535949707,14.65651013677636,13.909931638094204,14.224280285256834,1311464
1999-05-24,3,13.75275707244873,14.145693199853977,13.4777021526018,14.145693199853977,1024408
1999-05-25,1,13.477701187133787,14.06710472045881,13.477701187133787,13.792049820315292,942685
1999-05-26,1,14.165335655212402,14.26356811329202,13.51699109046184,13.988513291078585,2301581
1999-05-27,1,13.988518714904783,14.26357364376641,13.752757523183751,13.850991250473976,1824387
1999-05-28,1,13.87063694000244,14.047458118696465,13.77240199429949,13.968870654583045,213341
1999-06-01,4,13.929576873779297,14.067104319935329,13.831343159542469,14.02781181913847,194656
1999-06-02,1,14.126042366027832,14.204629819094428,13.674166357578178,13.939398088336302,724416
1999-06-03,1,14.18498706817627,14.263573309493236,14.008165870748751,14.224280804395994,1080464
1999-06-04,1,14.617218017578123,14.695804264712804,14.204634372288844,14.22428185741444,966709
1999-06-07,3,14.597570419311523,14.695804150810424,14.342162963638891,14.342162963638891,1724184
1999-06-08,1,14.813682556152344,15.010149981867349,14.735095093417412,14.735095093417412,732219
1999-06-09,1,15.481678009033203,15.638851748881857,14.911920585946136,14.911920585946136,3361923
1999-06-10,1,16.306842803955078,16.405076537175947,15.540617961260663,15.540617961260663,4641560
1999-06-11,1,16.130020141601562,16.346133842809582,15.93355146169999,16.30684133795174,2540795
1999-06-14,3,16.660476684570312,16.89623901816473,16.32648189199461,16.581890471160882,2960291
1999-06-15,1,16.856948852539062,17.46599859835601,16.660480199757544,16.71942141115315,2562560
1999-06-16,1,17.83928871154785,17.917876173931248,17.210591474725327,17.2891777059864,2331971
1999-06-17,1,17.858932495117188,17.957167425090542,17.564231398563578,17.603523893206336,2382688
1999-06-18,1,17.74105453491211,17.87858321558926,17.52494085069916,17.78034949892476,2338952
1999-06-21,3,18.448339462280273,18.448339462280273,17.91787594466337,17.9964634060412,904288
1999-06-22,1,17.505294799804688,18.192932055434483,17.4856473175739,17.760702219825816,1921509
1999-06-23,1,17.21059226989746,17.367767201926124,16.856949903955343,17.112357321818354,892379
1999-06-24,1,17.2891845703125,18.192938284294307,17.092717067472826,17.328479548227808,1457045
1999-06-25,1,17.524938583374023,17.799993446897783,17.446351127760888,17.446351127760888,548035
1999-06-28,3,17.190948486328125,17.524943418142907,17.171301001443396,17.36776969467788,908600
1999-06-29,1,17.83928871154785,17.976816155157636,17.32847266830042,17.32847266830042,1233437
1999-06-30,1,18.664451599121097,18.684099078410583,17.996461925722663,17.996461925722663,1666691
1999-07-01,1,19.29315185546875,19.391385567959738,18.58586715573796,18.900215774382495,2147171
1999-07-02,1,19.25385856628418,19.450327239461583,19.17527232813565,19.4110335048261,625856
1999-07-06,4,19.135976791381836,19.332445446056926,18.625159520348916,18.625159520348916,2163187
1999-07-07,1,18.93950843811035,19.135977095912047,18.782334742991328,19.057389632791367,1407149
1999-07-08,1,19.25385856628418,19.371739770190626,18.52692755333388,18.546575036212836,1288261
1999-07-09,1,19.528911590576172,19.60749904729917,19.253855492045663,19.46997161359504,643104
1999-07-12,3,19.411029815673828,19.64679217867903,19.077034981433098,19.489617270008896,1725416
1999-07-13,1,19.096681594848633,19.2735027549247,18.90021418637399,19.2735027549247,557069
1999-07-14,1,20.00043296813965,20.11831414791649,19.01809472782137,19.01809472782137,2926411
1999-07-15,1,20.5898380279541,21.061361524917587,20.511250573273152,20.747011706193796,1531992
1999-07-16,1,21.690065383911133,21.88653285003272,20.668430620486617,20.786313069955696,4347523
1999-07-19,3,21.2971248626709,21.76864966682967,21.139949927951307,21.454299797390487,2143269
1999-07-20,1,19.37173843383789,20.31478430666642,19.37173843383789,20.27549180586395,3077741
1999-07-21,1,18.860925674438477,19.41103555519799,18.625163241722205,18.860925674438477,4069707
1999-07-22,1,18.35010528564453,18.50728021495823,18.153637855124767,18.467986482629804,2071813
1999-07-23,1,18.271522521972656,18.546577469383713,18.075053823020045,18.46798998980267,1734861
1999-07-26,3,17.858932495117188,18.016107398176835,17.721405070501074,17.957167425090542,1160955
1999-07-27,1,18.80198097229004,18.821628453609517,18.192931211588288,18.507279832598904,1126048
1999-07-28,1,19.489622116088867,19.66644331674813,18.821631050389723,19.096685977832458,1689483
1999-07-29,1,19.057388305664062,19.450324362781657,19.057388305664062,19.21456322096,941453
1999-07-30,1,19.096681594848633,19.17526905068738,18.56621934574265,19.01809537013211,921331
1999-08-02,3,18.860925674438477,19.09668687603219,18.679192286443335,18.821631935652434,557275
1999-08-03,1,18.782337188720703,18.93951090430599,18.664455978689865,18.93951090430599,533456
1999-08-04,1,18.23222541809082,18.467986582210244,18.15363795301022,18.44834033150128,393008
1999-08-05,1,17.72140884399414,17.76070257812603,17.053419057119264,17.642822606852775,581093
1999-08-06,1,17.46599769592285,17.48564517574701,16.817654253048207,16.817654253048207,2584531
1999-08-09,3,18.46798515319824,18.62515884007532,17.564233068068816,17.64282052706849,2130949
1999-08-10,1,19.4699764251709,19.60750389286192,18.86092533173743,18.900219069809513,3118192
1999-08-11,1,20.43266487121582,20.55054606334857,19.686086449953024,19.92184883421852,2103435
1999-08-12,1,19.646793365478516,20.589839181099073,19.646793365478516,20.589839181099073,1553347
1999-08-13,1,19.135976791381836,19.803967755032513,18.703748213341267,19.78432150512616,3274656
1999-08-16,3,19.11632537841797,19.312793992682476,18.801976826716817,18.900211749410104,1207771
1999-08-17,1,19.01809883117676,19.371739984564723,18.91986387793974,19.234212527379835,1723363
1999-08-18,1,17.9964656829834,18.684102979234652,17.91787821166255,18.644809243574223,2120272
1999-08-19,1,18.389404296875,18.546579271307685,17.917881835822367,17.97682183567327,925232
1999-08-20,1,18.507280349731445,18.546574082346012,18.389399151887737,18.546574082346012,710043
1999-08-23,3,18.782337188720703,18.93951090430599,18.487634779204853,18.625162242012916,901413
1999-08-24,1,19.25385856628418,19.332447266677573,18.546575036212836,18.625161274361364,1275736
1999-08-25,1,19.68608283996582,19.882551457492458,19.332441790662045,19.45032173005594,1290520
1999-08-26,1,19.76467514038086,20.15761124080125,19.686087674072304,20.00043630818414,1679627
1999-08-27,1,20.157609939575195,20.334431111793982,19.84326132575538,19.961142517608675,1039397
1999-08-30,3,20.09867286682129,20.314786569800027,20.0790266142314,20.118319119411183,463848
1999-08-31,1,19.84326171875,20.039729144607545,19.43067938577575,20.039729144607545,440235
1999-09-01,1,20.43266487121582,20.471958601926737,19.92184883421852,20.039728795228964,831395
1999-09-02,1,20.491607666015625,20.668428862938026,20.314786469093228,20.35408143632318,510048
1999-09-03,1,21.2971248626709,21.336419827473197,20.98277745547652,20.98277745547652,561381
1999-09-07,4,21.39535903930664,21.454300256649404,21.022070408040452,21.218540311768052,714149
1999-09-08,1,21.375713348388672,21.768650703907532,21.2971258772849,21.2971258772849,571032
1999-09-09,1,21.21853828430176,21.37571074512295,21.002422149525103,21.297123283590047,318061
1999-09-10,1,20.66842460632324,21.257829295426333,20.66842460632324,21.257829295426333,271656
1999-09-13,3,20.05937767028809,20.6291337273891,20.0004364545641,20.58984122506963,996483
1999-09-14,1,20.5898380279541,20.90418661555569,19.980787100860056,20.000433348969192,1453349
1999-09-15,1,20.216550827026367,20.707720605192364,20.157609616483292,20.62913191409417,551731
1999-09-16,1,19.921850204467773,20.11831764041332,19.302976057667955,20.079025138122123,2040603
1999-09-17,1,20.39337158203125,20.39337158203125,19.961141792068663,20.07902297963726,1347808
1999-09-20,3,20.550539016723633,20.747006371788732,20.354071661658537,20.58983273396103,1303251
1999-09-21,1,20.314783096313477,20.491604263878983,20.275490597852052,20.275490597852052,548240
1999-09-22,1,20.43266487121582,20.43266487121582,20.19690371807263,20.393372371627212,561176
1999-09-23,1,20.471960067749023,21.33641974304115,20.39337383182261,21.29712477839435,1848205
1999-09-24,1,20.43266487121582,20.530899813554267,19.941495084012825,20.118316256650797,1884960
1999-09-27,3,21.04172134399414,21.179247582656913,20.786312658197428,20.786312658197428,463848
1999-09-28,1,20.904191970825195,21.06136692045242,20.82560449601158,20.98277944563881,194656
1999-09-29,1,21.552526473999023,21.650760160540884,21.12029677586843,21.21853292465429,1362592
1999-09-30,1,21.08101272583008,21.493596344276945,20.82560405367202,21.29712643029345,1993787
1999-10-01,1,21.120302200317383,21.33641833601103,20.6291324103361,20.66842614126928,733656
1999-10-04,3,21.120302200317383,21.139948450222818,20.904188526868364,21.06136345060108,458304
1999-10-05,1,21.925827026367188,22.416998191282183,21.35607083882132,21.434658323697537,2519235
1999-10-06,1,22.475933074951172,22.49557932506223,21.965115798595665,22.14193697408452,1193808
1999-10-07,1,22.25981330871582,22.75098425490095,22.16157961192765,22.71168929883913,944739
1999-10-08,1,22.25981330871582,22.338400758595213,21.72934986871313,22.082992162048257,1213109
1999-10-11,3,22.82957649230957,22.90816396714524,22.3384078523929,22.3384078523929,630784
1999-10-12,1,22.71169662475586,23.45827640830576,22.593816643035368,23.261806489111542,1380867
1999-10-13,1,22.12229347229004,22.240173449845628,21.92582356003744,22.00441103248949,980056
1999-10-14,1,21.45429801940918,21.76864786279726,21.37571055856216,21.61147294110322,2356611
1999-10-15,1,21.061359405517575,21.257826791327275,20.82559706519945,20.982771958744863,1120299
1999-10-18,3,20.314783096313477,20.88454155971597,19.76467334438625,20.88454155971597,940837
1999-10-19,1,20.314783096313477,21.061362727281477,20.07902318105583,20.94348030740811,1630963
1999-10-20,1,20.943479537963867,21.061361953506346,20.33442982959815,20.982774497226178,1934035
1999-10-21,1,20.904191970825195,20.904191970825195,20.27549463456132,20.354082109374932,514155
1999-10-22,1,21.45429801940918,21.572177979557413,20.982775716571663,20.982775716571663,221555
1999-10-25,3,21.41500663757324,21.631120319496215,21.139949279133493,21.17924424272977,243320
1999-10-26,1,21.690065383911133,21.96512032893039,21.552536680278923,21.690065383911133,786837
1999-10-27,1,21.04172134399414,21.611477476909418,20.943485150634153,21.611477476909418,997715
1999-10-28,1,21.611474990844727,21.847237395746685,21.25783261461421,21.29712511764212,712917
1999-10-29,1,22.82957649230957,23.02604641052127,21.866885465623895,21.88653171877155,1941016
1999-11-01,3,22.63310813903809,22.986750530655712,22.63310813903809,22.750990577740588,1053360
1999-11-02,1,23.104631423950195,23.340391361095957,22.49558040554156,22.49558040554156,2056413
1999-11-03,1,24.36202049255371,24.440607941370956,23.615440959912004,23.67438216208599,1167525
1999-11-04,1,24.83355140686035,25.030018866480912,24.519203963916464,25.030018866480912,1268549
1999-11-05,1,25.501543045043945,26.051652902227666,25.22648565420707,25.22648565420707,915787
1999-11-08,3,25.226484298706055,25.501541674763207,25.06931182098825,25.16754554290371,481096
1999-11-09,1,24.892492294311523,25.442602158736467,24.558496140108865,25.38366093674628,922152
1999-11-10,1,24.75496482849121,25.030019774385988,24.51920485329293,24.51920485329293,885808
1999-11-11,1,25.855178833007812,25.933766294590026,25.501538949254787,25.560477698757985,928107
1999-11-12,1,26.090940475463867,26.287407892707567,25.30506834424452,26.24811539415665,1165677
1999-11-15,3,25.992712020874023,27.033992989887132,25.93377079888902,26.896464292670476,804085
1999-11-16,1,26.955402374267575,27.11257730641952,26.62140625900589,26.87681490819161,1186621
1999-11-17,1,27.191164016723633,27.741276313779576,27.151871512342098,27.5055139007556,1786605
1999-11-18,1,27.289396286010746,27.426922493855383,27.09292886780722,27.15186761592154,2668101
1999-11-19,1,27.01434326171875,27.230456944122775,26.699993401227733,26.768756509868368,1036523
1999-11-22,3,26.20882797241211,26.405295427712726,25.992711801785408,26.366000459305585,792381
1999-11-23,1,26.01235580444336,26.837522984909796,25.93376833667299,26.837522984909796,566925
1999-11-24,1,26.228477478027344,26.228477478027347,25.933773796285855,26.09094876491527,295885
1999-11-26,2,28.134201049804688,28.173496002245216,27.662678856226584,27.701971346423083,583147
1999-11-29,3,28.82184600830078,29.50948444411495,28.684317336240102,28.959372218116854,1614741
1999-11-30,1,29.430896759033203,30.590057488912713,28.95937199748438,29.352309298775065,4438075
1999-12-01,1,30.432878494262695,30.609699640610824,29.902415055218313,30.334644797651983,1067528
1999-12-02,1,30.70794677734375,30.983001740687463,30.33465807439481,30.86512174561025,535304
1999-12-03,1,31.277685165405273,31.592034923102457,30.924045381361832,30.963337869952017,820717
1999-12-06,3,31.493818283081055,31.592052019962185,31.12052959048372,31.316997064245975,643104
1999-12-07,1,33.47813415527344,33.47813415527344,32.69226203377384,33.04590436533643,1923973
1999-12-08,1,33.32095718383789,33.713891960199874,33.22272102750321,33.55671706475741,1683323
1999-12-09,1,32.456504821777344,34.46047655923041,32.18144992570035,34.46047655923041,2602189
1999-12-10,1,30.413236618041992,32.10286087459988,29.98100681349305,32.06356591296201,2407739
1999-12-13,3,30.177478790283203,30.76688360586593,29.784543888058035,30.216771295607728,1302019
1999-12-14,1,30.452533721923828,31.76886958430009,30.334653743675723,31.749223331632905,1638149
1999-12-15,1,29.352312088012695,29.66665949667189,28.527147370256884,29.66665949667189,2815531
1999-12-16,1,30.177478790283203,30.688296132971903,30.177478790283203,30.491828681859317,616000
1999-12-17,1,30.59005546569824,31.827803573971707,30.570409217494248,31.592041208790526,882112
1999-12-20,3,32.613685607910156,33.16379800262227,32.063575675443396,32.063575675443396,1115576
1999-12-21,1,34.794464111328125,35.049872693916164,33.3209562777933,33.458482460882784,1279227
1999-12-22,1,35.207069396972656,36.11082188772937,35.128481902700905,35.77682565263582,977797
1999-12-23,1,35.26599884033203,35.71787496615323,34.77483020889377,35.04988513494819,317856
1999-12-27,4,34.5194206237793,34.99094298995325,33.812135843395914,34.97129673766369,730371
1999-12-28,1,33.94966506958008,34.73553487152136,33.39955276107823,34.00860382737869,498344
1999-12-29,1,34.106842041015625,34.26401700698579,33.871082054305674,33.871082054305674,98765
1999-12-30,1,33.94966506958008,35.049884762093846,33.6353151790076,34.69624236632228,265085
1999-12-31,1,35.757171630859375,35.757171630859375,33.63531713296623,33.79249208738315,190755
2000-01-03,3,36.582332611083984,36.778800052375246,35.12847059083483,36.778800052375246,863632
2000-01-04,1,34.14613342285156,35.678583024296294,34.028250979647716,35.167765669733036,745976
2000-01-05,1,33.20307922363281,33.28166668186888,31.650983694643003,32.92802435092885,1122763
2000-01-06,1,31.159820556640625,31.513462976790887,29.529137158056695,30.806178136490363,2708757
2000-01-07,1,31.867097854614254,31.90639035322223,30.72758338580392,30.904404554028893,1256024
2000-01-10,3,34.892704010009766,34.93199650866984,33.63530958146369,33.63530958146369,1033237
2000-01-11,1,33.75319290161133,35.36422982754057,33.360258026894854,34.028247806361826,843509
2000-01-12,1,34.38189697265625,34.617659421421656,33.674612088605315,34.26401697939619,599779
2000-01-13,1,35.894691467285156,35.99292518071396,34.18542091403247,34.892705620515606,1412899
2000-01-14,1,39.33287811279297,40.550980000622,37.72184140295172,37.76113390025515,4047531
2000-01-18,4,39.86335372924805,40.315229896954165,38.429137745366205,38.586312706893175,1406944
2000-01-19,1,40.55097579956055,40.78673568344548,38.468414564363606,38.86135180791219,1524600
2000-01-20,1,44.4803466796875,45.030456521885974,42.59425227465708,44.36246424047,2650853
2000-01-21,1,43.69447326660156,45.26621783041271,43.537303242261494,45.0893990907851,2437717
2000-01-24,3,41.02251052856445,44.08741211309951,40.82604307805136,43.773062222482594,1417621
2000-01-25,1,41.886959075927734,41.886959075927734,39.92228251790141,41.336849344211025,1321936
2000-01-26,1,38.625606536865234,40.33487753074121,38.23267158185754,40.23664379198929,1488667
2000-01-27,1,38.42913436889648,39.52935407842706,37.8790245141312,38.11478447346203,1761144
2000-01-28,1,36.89667892456055,39.1364129559726,36.85738396274933,38.507715727194565,1267933
2000-01-31,3,38.64524841308594,38.664894666161054,36.42516025947267,36.6805689361842,1518440
2000-02-01,1,40.27592849731445,40.27592849731445,39.01853154489774,39.05782650772824,861784
2000-02-02,1,41.80838394165039,42.47637624644359,41.02251165575929,41.474390251498825,800800
2000-02-03,1,44.00880432128906,44.51962145515108,42.43706043044161,42.83000009651943,863837
2000-02-04,1,43.065765380859375,43.73375748039087,42.90859047952911,43.53729008485018,764045
2000-02-07,3,42.98719024658203,42.98719024658203,41.41544579746999,42.515665434501514,935704
2000-02-08,1,45.89491653442383,46.032442764696256,44.932223073536974,45.4233916991456,673493
2000-02-09,1,44.77504348754883,45.934204278533095,44.77504348754883,45.934204278533095,644952
2000-02-10,1,45.26621627807617,45.48233244086747,44.57858020945464,45.48233244086747,618053
2000-02-11,1,42.20132064819336,44.873285056508266,42.20132064819336,44.63752508428615,772669
2000-02-14,3,42.04412460327149,42.987173868123165,41.651189871827185,42.43705933471578,564667
2000-02-15,1,41.71015167236328,41.88697041907125,40.00088080656518,41.88697041907125,1405507
2000-02-16,1,41.4940299987793,41.513678712251696,40.31522291594057,40.86533272378232,1090115
2000-02-17,1,42.20132064819336,42.27991058859425,40.59028350161336,41.80838571965975,566925
2000-02-18,1,40.0008659362793,41.86731106335199,40.0008659362793,41.238611476574974,662200
2000-02-22,4,40.51169204711914,40.8260419288878,39.52935235995944,40.47239954302051,817432
2000-02-23,1,42.47636795043945,42.59424544626982,41.33685101932214,41.92625819643041,898539
2000-02-24,1,40.90463638305664,42.35849867884512,40.65904957265354,42.35849867884512,905315
2000-02-25,1,38.9399528503418,41.06180485725395,38.54701546962097,41.0225123503044,1535688
2000-02-28,3,39.86335372924805,39.922294955381965,38.822072686938405,39.293595109274094,1149251
2000-02-29,1,40.27592849731445,40.62957085156563,39.80440371681643,40.07945860765128,2396035
2000-03-01,1,44.794677734375,45.06973007758572,42.35847451142837,42.96752531716503,1694205
2000-03-02,1,44.4803466796875,45.50198135426605,43.773061893362325,45.10904645619427,597931
2000-03-03,1,47.250545501708984,47.388071733744965,45.42339228162673,46.11103329078661,702445
2000-03-06,3,44.71609115600586,45.65913556985919,43.39975576349799,43.5765793611201,1352120
2000-03-07,1,43.14435577392578,45.03044990166935,43.065770775660674,44.69645627230887,478632
2000-03-08,1,41.72979736328125,43.36048328798329,40.94392747638319,43.242600835152395,1003053
2000-03-09,1,43.18364715576172,43.45869953569644,41.96554538165182,42.35848016698056,1365056
2000-03-10,1,47.132659912109375,47.30948356247928,45.973499063538895,46.75937374658902,822565
2000-03-13,3,44.99116516113281,45.73774247135315,44.00882296648182,44.637522758976864,1052128
2000-03-14,1,43.51764297485352,46.42536644510621,43.497994264781894,46.40572265952333,898744
2000-03-15,1,41.101078033447266,43.85162592884621,40.727789566374824,43.71409976519814,1159928
2000-03-16,1,41.572628021240234,41.80838800635716,38.60595979201894,41.17969060896989,1487229
2000-03-17,1,43.14435577392578,43.30153069494518,41.49402648995589,42.43707109158309,906136
2000-03-20,3,42.90859603881836,44.36245790887673,42.39777877443503,44.00881556618744,796077
2000-03-21,1,40.70815658569336,41.33685134182765,38.93994488955137,40.11875186623117,907368
2000-03-22,1,41.572628021240234,41.572628021240234,39.49006589182061,39.88300084184568,1150483
2000-03-23,1,42.2798957824707,43.222940265601835,40.943911583920425,41.16002768872767,1563203
2000-03-24,1,41.47439193725586,43.69447526419093,40.86533836713367,42.86931290072125,1793587
2000-03-27,3,43.0264778137207,43.43906136139758,41.92625830290845,42.830010395682024,717640
2000-03-28,1,42.554954528808594,43.61588157763579,42.397779604039094,43.41941415279623,792381
2000-03-29,1,36.62162780761719,41.494031216242114,36.464452868695126,41.33685627732005,4515896
2000-03-30,1,34.676578521728516,37.23065900680089,33.51741819723212,36.15008611507893,2681859
2000-03-31,1,35.12847900390625,35.71788146893858,33.596029147678586,35.12847900390625,1939579
2000-04-03,3,31.434864044189453,34.38188231749682,30.648992012191975,34.22470988089271,3436459
2000-04-04,1,33.713897705078125,34.499769853959585,30.57041157179687,32.82979184536705,6464304
2000-04-05,1,37.4074821472168,37.83971181983605,33.51742001813127,33.61565369887512,2104667
2000-04-06,1,41.101078033447266,42.39776454667194,37.87900553119957,38.271940241329766,3040371
2000-04-07,1,40.82604217529297,41.4154469760441,39.80440751562367,41.277918286379034,1100792
2000-04-10,3,37.93795394897461,40.5116838518896,37.91830770089959,39.6472267763892,930981
2000-04-11,1,36.87701797485352,38.58629038366934,36.543024452639614,37.04401719820426,1380045
2000-04-12,1,34.1854248046875,36.87703526080603,34.1854248046875,36.70021406406117,1738557
2000-04-13,1,34.21980667114258,36.857388015207384,33.949663935747346,35.44281847936417,2598288
2000-04-14,1,30.472179412841797,34.264011984241364,30.059598265456795,34.146132008166354,2171811
2000-04-17,3,33.00661849975586,33.94966572750403,30.884764084006232,32.29933369450598,1545955
2000-04-18,1,36.07150650024414,36.30726884966528,33.47813050558866,34.24435629452416,1244868
2000-04-19,1,35.42317199707031,37.0145627145454,34.892708424578615,37.0145627145454,572059
2000-04-20,1,35.24634552001953,35.835750221804574,34.36223969846423,35.24634552001953,170153
2000-04-24,4,31.533098220825195,34.656940149612836,30.648992479138936,33.7138932043994,972459
2000-04-25,1,34.892704010009766,35.01058396823454,32.59402882003711,33.83177699925316,895116
2000-04-26,1,34.48011779785156,35.717865881400755,34.421179054416896,35.12846367358786,572743
2000-04-27,1,35.541046142578125,35.953629674280144,31.945684160047897,33.00661113107212,770479
2000-04-28,1,37.72185134887695,38.134434990569154,35.71787682640144,36.36622290080991,704567
2000-05-01,3,37.72185134887695,38.782778602732506,36.18940169183398,37.48608891616068,543175
2000-05-02,1,37.486083984375,39.60793821292836,37.47134991150093,38.78277350035032,792792
2000-05-03,1,36.54304504394531,37.89867352666665,36.071520166459045,37.721852313170594,460563
2000-05-04,1,35.95363235473633,36.89667944225758,35.59999000469644,36.89667944225758,511896
2000-05-05,1,37.4271354675293,37.839716485071555,35.835745211238475,36.18938749041421,373775
2000-05-08,3,33.36025619506836,36.71985854594722,33.271844375765,36.30727498035422,1600300
2000-05-09,1,32.2993278503418,34.06753954353044,31.17945962390747,34.00859833300929,1509063
2000-05-10,1,30.472179412841797,32.94767614613152,30.413240655926757,32.94767614613152,1364577
2000-05-11,1,31.061588287353516,33.24238167281289,30.41324464062847,32.535099261450725,2198162
2000-05-12,1,33.183441162109375,33.478142356523946,32.65297753481607,33.124499938328405,1447258
2000-05-15,3,34.892704010009766,34.95164522024443,32.88873240896587,33.71389704102838,607513
2000-05-16,1,36.30727767944336,37.13244240972757,35.48211294915915,35.71787289367187,770616
2000-05-17,1,35.717864990234375,35.8946861406154,34.89270044253769,35.54104383985335,582736
2000-05-18,1,36.189395904541016,36.77879819870868,35.953633509527116,35.983104116684444,739679
2000-05-19,1,33.36025619506836,35.12846795868881,32.770851453113316,35.12846795868881,789028
2000-05-22,3,30.884756088256836,33.30131105982406,29.23442694475724,32.06356297107717,1564572
2000-05-23,1,30.295352935791016,32.41720427398083,30.295352935791016,31.886740823872294,1093537
2000-05-24,1,31.29734230041504,31.29734230041504,28.586083527980225,30.97316810214723,1738968
2000-05-25,1,31.002639770507812,33.59601867209118,30.766879842905453,31.827806903850103,884781
2000-05-26,1,33.53706359863281,34.18540682495443,32.41719578749215,32.652958079901666,845700
2000-05-30,4,34.36225128173828,34.95165618220758,33.41920393343647,33.83178760998951,641393
2000-05-31,1,33.53706359863281,35.128453532348864,33.12448020247706,34.18540682495443,612715
2000-06-01,1,37.603965759277344,37.7218457269445,34.18542207448226,34.50959383225051,1383262
2000-06-02,1,40.49203872680664,40.6688598888745,38.664885898023925,38.664885898023925,1323716
2000-06-05,3,38.841705322265625,39.49005119566962,37.78077839732565,38.48806547619666,593961
2000-06-06,1,37.78079605102539,39.60794965182666,37.48609481047506,39.1953684075053,843030
2000-06-07,1,36.189395904541016,36.66091823232409,34.656946492562476,34.9516476396463,1161092
2000-06-08,1,37.72185134887695,38.90065858796808,37.13244649820883,38.6648961552518,579588
2000-06-09,1,40.37416076660156,40.37416076660156,39.136412571004,39.3721749528184,614973
2000-06-12,3,38.605953216552734,40.37416511498964,38.193369619502505,39.843701545458565,791218
2000-06-13,1,38.78277587890625,38.90065585586277,37.95760865347573,38.42913348579172,376718
2000-06-14,1,37.603965759277344,39.25429515559655,37.25032339403112,39.25429515559655,610935
2000-06-15,1,36.660926818847656,37.48609170129487,35.71787948016134,36.54304682485386,916813
2000-06-16,1,37.603965759277344,37.95760566227881,37.073502211408005,37.545024544321386,5564876
2000-06-19,3,38.37019729614258,38.42913852346992,36.660926326102256,37.60397365211344,1580245
2000-06-20,1,40.55097579956055,40.90461808763216,39.72580881923064,39.78475002132398,1455197
2000-06-21,1,41.4940299987793,42.024496017638235,40.66886528701667,41.37614756692407,1821854
2000-06-22,1,41.14038848876953,42.7907179468361,41.02250851669187,42.49601678551954,1268755
2000-06-23,1,40.7867431640625,42.67283735453211,40.374162060471065,42.20131257579237,439413
2000-06-26,3,40.55097579956055,41.02249802957463,40.37415465552474,40.96355682748128,545708
2000-06-27,1,41.72979736328125,42.79072466528792,41.376154929279025,42.37814592936071,1488940
2000-06-28,1,42.26026153564453,43.02648759487399,42.08344278900939,42.40761213267055,1111059
2000-06-29,1,40.138404846191406,41.02251084251137,38.54701405281547,40.90463086375037,1842182
2000-06-30,1,41.611915588378906,41.611915588378906,40.8456895721536,41.14039074966564,703404
2000-07-03,3,40.138404846191406,40.3152260454554,39.60794124839943,39.84370366816641,357554
2000-07-05,2,36.48409652709961,38.42912948682791,36.30727534894249,38.42912948682791,1267112
2000-07-06,1,38.07548141479492,38.54700366501622,37.545017959954336,38.31124377102773,1942043
2000-07-07,1,40.0205192565918,40.19734043106563,39.313234558696465,39.84369808211797,1130086
2000-07-10,3,40.96356201171875,41.78872663423505,40.079456179649675,40.78674084530494,643309
2000-07-11,1,40.55097579956055,41.96554495184701,39.961571165359786,40.96355682748128,1906725
2000-07-12,1,41.611915588378906,41.84767554549055,40.31522597528491,41.36141663279968,520178
2000-07-13,1,41.4940299987793,41.965554801710624,41.1403876277032,41.965554801710624,1071566
2000-07-14,1,43.262237548828125,43.49799746458685,42.67283529718675,43.144355128704206,858430
2000-07-17,3,44.32316589355469,44.79469066378554,43.556939988613024,44.08740597068388,1032416
2000-07-18,1,42.142372131347656,43.02648049204506,41.96555341390183,42.908598064088224,478427
2000-07-19,1,40.7867431640625,41.49402786992744,40.31522084756743,40.5509832369373,524011
2000-07-20,1,41.72979736328125,41.9066210425276,40.197350098931935,40.25628886310215,1407765
2000-07-21,1,41.4940299987793,42.11290537928486,41.199328843630816,41.965554801710624,2055729
2000-07-24,3,39.49006271362305,40.8456911368016,38.900657873776034,40.8456911368016,573838
2000-07-25,1,40.90463638305664,41.494038818635325,40.31523148523264,41.28774698128466,292121
2000-07-26,1,39.961578369140625,41.02250542460632,39.49005605412631,40.93409360552852,641256
2000-07-27,1,36.77880859375,38.95960459282859,36.543048594346395,38.95960459282859,928312
2000-07-28,1,34.83375930786133,37.01455170460032,34.65693816962605,37.01455170460032,1556564
2000-07-31,3,37.486083984375,38.06075222238033,35.599992157520276,36.24833568438554,974375
2000-08-01,1,36.1157112121582,37.72183806436914,35.89468539433829,37.48607571468134,668976
2000-08-02,1,35.48210906982422,36.07151132891025,35.06952551866833,35.128466729474766,603269
2000-08-03,1,32.06354904174805,32.41719119918625,30.23639953647955,30.678451002155644,4767772
2000-08-04,1,32.12250518798828,33.713895637891184,32.00462523466955,33.419192061227676,1783115
2000-08-07,3,31.886743545532227,32.181447128909504,31.70992238040366,31.945684754656583,1385658
2000-08-08,1,31.120521545410156,31.59204385299376,30.531116814247188,31.415222679869327,716887
2000-08-09,1,31.886743545532227,33.41919282256494,31.827804798652377,33.41919282256494,1766688
2000-08-10,1,31.94568634033203,32.829792209858866,31.5920439925213,32.800321603833865,2281664
2000-08-11,1,32.652976989746094,32.77085697309515,31.709929736218392,32.24039335465677,1164514
2000-08-14,3,33.83177947998047,34.185421842830294,33.065556001969014,33.71389951311211,2244636
2000-08-15,1,34.597999572753906,34.774820724293896,33.949656171188735,34.36223721661915,1007708
2000-08-16,1,35.305301666259766,35.71788291604904,34.95165918801437,35.423181671593056,520931
2000-08-17,1,37.07349395751953,37.132432697108854,36.189388241237594,36.484089325916834,614357
2000-08-18,1,38.193363189697266,38.664885462485294,37.72184091690923,38.37018434977333,930571
2000-08-21,3,37.25031280517578,37.83971493821158,36.955609276413824,37.48607267349247,748098
2000-08-22,1,38.25231170654297,38.48807411910963,37.78078688140963,37.78078688140963,335857
2000-08-23,1,38.25231170654297,38.48807411910963,36.36621979274437,36.54304098660814,475073
2000-08-24,1,38.72381591796875,39.13639933100419,38.429114887082726,39.018516948854774,930434
2000-08-25,1,37.30926513671875,38.370192317480466,36.83774276601741,38.3259876338433,598273
2000-08-28,3,37.25031280517578,37.36819273933413,37.01455047461503,37.36819273933413,370764
2000-08-29,1,36.60197448730469,36.719856907783466,36.42515331883107,36.719856907783466,573017
2000-08-30,1,35.6589241027832,36.71985094123668,35.48210296304096,36.71985094123668,864316
2000-08-31,1,35.95363235473633,36.07151231733474,35.65893121711797,35.77681117971638,1713507
2000-09-01,1,38.605953216552734,39.13641678608381,37.79552255791542,38.311252054228206,785468
2000-09-05,4,38.841705322265625,40.5509781206096,38.54700421941931,40.49203691514259,1525079
2000-09-06,1,35.894691467285156,37.368202093206584,35.71787029066437,37.368202093206584,809013
2000-09-07,1,37.13243865966797,37.427142253913594,35.23161291111895,35.65893053741827,393145
2000-09-08,1,35.12847900390625,36.60198762873251,34.95165777194747,36.60198762873251,286508
2000-09-11,3,34.30329513549805,35.30528327678447,34.24435639465362,34.656939891785925,484108
2000-09-12,1,33.83177947998047,35.36422889824812,33.83177947998047,34.480122991123565,350093
2000-09-13,1,33.890724182128906,34.30330533974802,32.53509580578255,32.65297578478158,435649
2000-09-14,1,34.539066314697266,35.59999346802884,34.362245122475336,35.54105224987324,466312
2000-09-15,1,33.00661849975586,34.598009311568084,32.652976097130924,34.42118811025561,515387
2000-09-18,3,32.53509521484375,33.831782347016215,32.417212775740836,33.831782347016215,536947
2000-09-19,1,33.30131912231445,33.5960227610527,32.063570733899724,32.56456618108126,826535
2000-09-20,1,32.71192169189453,32.94768168366888,31.53311188404141,32.88874291684797,706347
2000-09-21,1,32.24039840698242,32.47616087287146,31.474174701772608,32.004638403338845,691973
2000-09-22,1,30.766881942749023,31.82780907610208,30.17747715902682,30.766881942749023,2377555
2000-09-25,3,30.531126022338867,32.476159513323566,30.413246025451883,32.44668889854048,1007981
2000-09-26,1,30.00065803527832,30.64900161843113,29.705956854253408,30.56059224902166,1587227
2000-09-27,1,30.70794677734375,31.238410448559193,30.059603111051096,31.002647996159443,1167183
2000-09-28,1,31.886743545532227,32.181447128909504,29.94171072911803,30.118534356491104,1157806
2000-09-29,1,30.472179412841797,31.47416782733664,30.295360679851747,31.238405412941688,1132687
2000-10-02,3,28.17350196838379,29.588068848672695,27.58409725491333,28.93972538742638,6158357
2000-10-03,1,29.175491333007812,29.82383487353725,28.998670143568432,29.47019249465849,3377665
2000-10-04,1,30.472179412841797,30.649000608076776,29.529134679751856,30.14800763195182,2640176
2000-10-05,1,31.002639770507812,31.945686867651283,30.766879842905453,31.16472687519853,1691057
2000-10-06,1,28.703962326049805,29.64700935269645,28.05561888024276,29.41124944271816,1511938
2000-10-09,3,28.409269332885746,28.76291176124414,27.230462059106152,28.173509355476945,983752
2000-10-10,1,25.93376922607422,27.878802348922644,25.58012930234668,27.7609223743468,2124105
2000-10-11,1,24.75496482849121,25.58013212842071,24.16555996600516,24.81390605341337,1254997
2000-10-12,1,24.047670364379883,25.58012190173526,23.63508934160621,25.521180700377226,1073209
2000-10-13,1,27.1715145111084,27.289396934628005,25.34436403124533,25.639065165555103,2543396
2000-10-16,3,25.87483024597168,27.99668454344246,25.815889028071417,27.701980916186045,1919661
2000-10-17,1,22.028968811035156,24.990724396227087,21.513241770045795,24.813903204010327,3408670
2000-10-18,1,22.45628547668457,23.04569024497021,19.627147759627544,20.51125368093361,2695548
2000-10-19,1,24.931774139404297,25.226475198844152,23.811908636186455,24.224489626953453,1187922
2000-10-20,1,25.462244033813477,26.051648765633505,24.28343703241804,24.40131699388419,1232411
2000-10-23,3,25.93376922607422,26.11059041906044,24.637082119005203,24.8728445304018,1013594
2000-10-24,1,25.52118873596191,26.758937118487953,25.22648509862574,26.641054678655497,1421933
2000-10-25,1,23.399333953857425,24.63708231458684,23.222512759467502,24.04767751253881,1409819
2000-10-26,1,25.226484298706055,25.28542551675329,24.047677173475655,24.460260775316492,1174301
2000-10-27,1,25.226484298706055,26.641053833880495,25.049663106809252,26.28741145008689,1273614
2000-10-30,3,24.813901901245117,25.167544267111907,23.81191601870413,25.167544267111907,1304483
2000-10-31,1,26.228477478027344,26.5231786975235,24.87284891365062,25.285430128496177,1461426
2000-11-01,1,25.75694274902344,26.228464967763085,24.872837049983996,25.049655727547727,1448627
2000-11-02,1,26.346345901489254,26.876809340938475,25.756943721375187,26.75892939736451,1018864
2000-11-03,1,27.348331451416016,27.76091494538946,27.05363036271741,27.73144434407075,1118588
2000-11-06,3,27.525161743164062,28.01142067088661,27.348340538741773,27.819865392031243,2633742
2000-11-07,1,25.815889358520508,26.641054108462033,25.815889358520508,26.47896945052892,1716176
2000-11-08,1,24.40131950378418,25.344366679248377,24.40131950378418,25.329630143646423,1017153
2000-11-09,1,24.047670364379883,24.342371446681675,22.633101229740575,23.39932699841826,796488
2000-11-10,1,21.277477264404297,22.868867837645087,21.100656089599767,21.69006082636309,4633347
2000-11-13,3,21.984764099121097,22.86887005902173,20.452313358252503,20.805956973335203,1287919
2000-11-14,1,22.927814483642575,22.927814483642575,21.86688718338692,22.27946838087841,982246
2000-11-15,1,22.98674964904785,23.576154433220175,21.984763731975267,22.04370494906595,1085392
2000-11-16,1,21.159591674804688,21.807934989253805,20.98277054702366,20.98277054702366,857540
2000-11-17,1,20.864898681640625,21.21854357788808,20.51125747876102,20.629137469346684,903604
2000-11-20,3,19.45032501220703,20.03972850200184,18.978801481697808,19.15562388287077,1322347
2000-11-21,1,19.15562629699707,19.68608864287938,18.38940030946413,19.18509567497126,1229125
2000-11-22,1,18.389404296875,19.09668921957666,18.212583066199585,18.625165527401315,714012
2000-11-24,2,20.275487899780273,20.39336907284485,19.745024467672852,19.921845611708655,276379
2000-11-27,3,20.511255264282227,21.925823616445925,20.511255264282227,21.57218122062438,1020028
2000-11-28,1,19.15562629699707,20.15761223281331,19.0966850788038,19.80396984814347,1361771
2000-11-29,1,20.334423065185547,21.336409721633014,19.921840903646856,21.189059213466727,1518235
2000-11-30,1,19.273508071899418,19.8629116910441,18.56622446759933,19.56821049703304,1702624
2000-12-01,1,19.803972244262695,20.98278074616252,19.56821103633177,20.334435885449228,1744717
2000-12-04,3,19.332447052001953,19.980790588481817,19.214565849404515,19.774500022839323,1353352
2000-12-05,1,22.3973388671875,22.750981111664014,20.570186449977527,20.62912641368296,2982946
2000-12-06,1,22.515230178833008,24.28344229526559,22.456288954203533,23.870858647349603,2409381
2000-12-07,1,22.220523834228516,23.045688476719302,21.33641798075817,22.27946258296348,1420017
2000-12-08,1,24.106613159179688,24.16555190218937,23.399328545108677,23.72350024951717,3001015
2000-12-11,3,25.87483024597168,25.99271021952732,24.637081905780388,25.049663044347568,1506941
2000-12-12,1,24.6370849609375,25.75695346644405,24.6370849609375,25.580132253061183,1126390
2000-12-13,1,22.7509822845459,23.458266809961582,22.51521995532599,23.222504480741677,1976607
2000-12-14,1,21.74899673461914,22.868864849467652,21.74899673461914,22.17631431270727,843441
2000-12-15,1,21.10066032409668,21.690065179142227,20.864897889629432,21.45430274467498,449954
2000-12-18,3,20.216550827026367,21.21853786391348,20.216550827026367,20.74701310405803,818938
2000-12-19,1,20.216550827026367,21.92582007920751,20.039728426519428,20.039728426519428,636465
2000-12-20,1,19.273508071899418,20.982780167878328,19.214568079321715,20.15761411617772,1741364
2000-12-21,1,20.57019424438477,21.69006259697946,19.980790690629217,20.216553097029376,1104762
2000-12-22,1,21.807941436767575,22.16158379688394,20.923835536476684,21.27747789659304,389517
2000-12-26,4,22.043703079223633,22.10264182907003,21.45429834504717,21.69006073116668,190002
2000-12-27,1,21.925827026367188,21.925827026367188,20.86489967390632,21.18907397236271,680132
2000-12-28,1,21.807941436767575,21.807941436767575,20.86489432237572,20.86489432237572,490610
2000-12-29,1,21.277477264404297,21.719531432537952,20.98277612714496,21.69006082636309,440714
2001-01-02,4,19.568206787109375,20.8648937647161,19.391385611777125,20.8648937647161,891215
2001-01-03,1,22.98674964904785,23.104632083229223,18.507281168521715,18.536751777067057,3096769
2001-01-04,1,22.7509822845459,23.81190907266943,22.161577692618145,22.191048291551137,2151825
2001-01-05,1,23.222515106201172,24.931786003951135,22.868872681684273,24.902315391533865,2249358
2001-01-08,3,22.574161529541016,22.98674253474922,21.925815728938264,22.83939199987171,2574538
2001-01-09,1,23.694028854370117,23.75297005765268,22.868864319635566,23.075156068880272,1513854
2001-01-10,1,23.694028854370117,23.988732408538667,22.279459673542735,22.51522202442872,1229125
2001-01-11,1,26.051645278930664,26.169525224619992,23.45826923805539,23.517207979777908,2384536
2001-01-12,1,25.87483024597168,26.641053767450657,25.58012908096014,26.375823211389243,1887219
2001-01-16,4,24.28343963623047,24.63708202079317,23.92979725166777,24.51920204668723,2092552
2001-01-17,1,26.523174285888672,26.523174285888672,25.815889506945243,26.110590677423364,3385262
2001-01-18,1,27.878801345825195,28.114563748738902,25.99270950924996,26.758935472035905,5586572
2001-01-19,1,27.1715145111084,28.05562037628234,26.935754588558428,28.05562037628234,3252548
2001-01-22,3,26.523174285888672,26.69999548062453,25.46224711747353,25.49171772697033,1126116
2001-01-23,1,26.935754776000977,27.11257595026624,25.69800655614412,26.11058765459998,1736915
2001-01-24,1,26.935754776000977,28.880785230674253,26.523171215300476,27.11257595026624,2509447
2001-01-25,1,26.876811981201172,27.64303784531331,26.4200237693933,26.699990817347945,1136315
2001-01-26,1,26.28740692138672,26.523169290714456,25.52118352999937,25.8158846449757,710385
2001-01-29,3,26.228477478027344,26.287416244579376,25.462251352642937,25.639072576789697,1018248
2001-01-30,1,26.699995040893555,27.053637424541016,26.228472683445233,26.25794329245667,1448900
2001-01-31,1,26.876811981201172,27.701976591768055,26.405289698340734,26.58211086219396,1781404
2001-02-01,1,26.464231491088867,27.34833741212428,26.051650369435528,27.33360333937568,1279774
2001-02-02,1,25.226484298706055,25.933769066293276,24.990724351006907,25.58012914474455,2835996
2001-02-05,3,24.22450065612793,24.40132186474558,23.63509826889917,24.283441879748853,1470940
2001-02-06,1,23.576154708862305,23.81191711773663,23.16357110889345,23.22251232667325,2217258
2001-02-07,1,22.7509822845459,23.517205545583533,22.51521995532599,22.7509822845459,2867685
2001-02-08,1,23.104631423950195,23.576153760486495,22.927810239968487,23.104631423950195,1628430
2001-02-09,1,22.043703079223633,22.868867737274968,22.043703079223633,22.279463003098503,1905699
2001-02-12,3,22.80992317199707,22.868864375423417,21.807937487214783,21.807937487214783,1052676
2001-02-13,1,22.161582946777344,23.51721112114063,22.04370298534194,22.98674760131439,1071635
2001-02-14,1,23.222515106201172,23.752978742976524,21.572182971040583,21.749004183299032,4712468
2001-02-15,1,23.63509750366211,24.28344109352027,23.635097503662102,23.87085746602233,1887219
2001-02-16,1,23.28145217895508,23.34039093103314,22.515226241737658,22.750988636784108,1032964
2001-02-20,4,22.27945899963379,23.399327054663125,22.16157905887856,23.2814471139079,631195
2001-02-21,1,21.336416244506836,22.515223132460328,21.04171513807956,21.51323740081208,2133276
2001-02-22,1,20.923831939697266,21.631116538348685,20.2754885450149,20.98277314366632,1314955
2001-02-23,1,22.161582946777344,22.279462908212743,19.627146540203867,19.80396771347928,3639191
2001-02-26,3,21.866884231567383,22.161585398885936,21.05645355919646,21.74900179484404,2224787
2001-02-27,1,20.688074111938477,21.807942458875175,20.62913412619744,21.690062487393092,660968
2001-02-28,1,19.980789184570312,20.923835045721265,19.627146832748412,20.86489383300273,1851559
2001-03-01,1,20.157609939575195,20.452311072524974,18.74304056182487,19.332445289969044,1966546
2001-03-02,1,20.511255264282227,21.04172008913703,18.801983274103925,18.978804472014694,6344663
2001-03-05,3,21.277477264404297,21.395357226859105,20.51125258395877,20.747013739990702,3014430
2001-03-06,1,23.811920166015625,24.872847448397227,22.485759831916035,22.485759831916035,4597892
2001-03-07,1,24.047670364379883,24.40131264803971,23.39932699841826,24.047670364379883,2554620
2001-03-08,1,23.45827293395996,24.106616430765705,22.98674815242425,23.8119152889894,1735546
2001-03-09,1,22.043703079223633,22.927808949366003,21.92582065504156,22.515225389218017,2284333
2001-03-12,3,21.21853828430176,22.692046416871065,21.04171711141387,21.277477033767973,3502234
2001-03-13,1,22.98674964904785,23.104632083229223,21.631121353920843,21.807942542948055,2233137
2001-03-14,1,22.45628547668457,23.10463146047221,21.45429958661929,21.572179555378504,1751972
2001-03-15,1,21.690065383911133,22.92781386762037,21.631124159176593,22.63311020619282,1793792
2001-03-16,1,19.096681594848633,20.03972737154692,18.97880041109051,19.568205098758884,4767840
2001-03-19,3,20.216550827026367,20.511251955252593,18.6841002819853,19.27350376956004,1669155
2001-03-20,1,19.391387939453125,20.452313887674222,19.391387939453125,20.09867272568217,953157
2001-03-21,1,19.15562629699707,19.862909835214296,18.978803873539707,19.27350627113872,1132413
2001-03-22,1,21.631118774414062,21.69005998447602,19.09668244429588,19.833437721092142,2325332
2001-03-23,1,21.984764099121097,22.51522767506148,20.923836947240325,22.161585291101225,1761555
2001-03-26,3,21.984764099121097,22.692048867041606,21.925822881046088,22.456286456986472,1045694
2001-03-27,1,23.163572311401367,23.45827595335467,22.10264510975749,22.27946631003147,2309795
2001-03-28,1,20.62912940979004,21.80793747295863,20.511249465258675,21.3364152325889,1853270
2001-03-29,1,20.62912940979004,22.161579768796994,20.334428317339498,20.74701058544354,1766414
2001-03-30,1,20.452316284179688,21.218543610914832,20.03973385424245,21.041722393638494,3266169
2001-04-02,3,18.919864654541016,19.86291064157039,18.80198344449141,19.62714945259367,1364029
2001-04-03,1,18.15363883972168,19.155625990635276,17.858936446835934,19.155625990635276,1959496
2001-04-04,1,18.374666213989254,19.686089938245964,18.094700333638944,19.33244876142859,3455760
2001-04-05,1,21.39535903930664,21.631121446432847,19.98079075216154,20.15761194194498,2590964
2001-04-06,1,19.803972244262695,20.51125709917807,19.56821103633177,20.246025278584806,1217695
2001-04-09,3,19.90770149230957,20.558403784727957,19.473902015901103,20.40751620741918,920852
2001-04-10,1,21.265689849853516,21.359993816937436,20.237767990782796,20.27549080873865,2212740
2001-04-11,1,22.350191116333008,22.850007082479987,22.095570396997964,22.72741192131867,3453980
2001-04-12,1,23.623306274414062,23.670458262894105,21.690062435508267,22.029559214809385,2002068
2001-04-16,4,22.68025779724121,23.330960124860265,22.369054691396585,22.717981848073126,1484902
2001-04-17,1,21.73721694946289,22.16158735733231,20.77530888597913,21.133666502306983,2495964
2001-04-18,1,24.5474910736084,25.292497368684252,23.019754432827888,23.1800736457051,4766540
2001-04-19,1,25.669715881347656,25.69800707281934,23.943940890351477,24.283437650256374,5501633
2001-04-20,1,25.42452049255371,25.78287801011967,24.802109419348497,25.33021653062699,5020879
2001-04-23,3,24.226852416992188,24.47204271423316,23.953368469363628,24.302295585374026,3966219
2001-04-24,1,23.94394874572754,25.13218656410173,23.859075143467702,24.094835149745023,5095963
2001-04-25,1,24.896421432495117,25.03787740714052,23.9533742147908,24.189136634778126,3800172
2001-04-26,1,24.75496482849121,25.254778438156738,24.424898400968445,25.085031256013977,2602463
2001-04-27,1,24.90584945678711,25.367941392160624,24.51920070069993,25.32078940510667,2907794
2001-04-30,3,25.528263092041016,25.85832952758533,25.00015827251725,25.00015827251725,2370163
2001-05-01,1,26.09408187866211,26.13180346102145,25.415088471705413,25.980914669339807,2490693
2001-05-02,1,26.292123794555664,26.45244300383042,25.877183869409503,26.310984588323915,2669812
2001-05-03,1,24.849262237548828,25.509392390111348,24.65122146820908,24.839829379728577,6735892
2001-05-04,1,25.30192756652832,25.433953124833067,24.27400690442169,24.3871716686829,2039508
2001-05-07,3,24.660659790039062,25.113321385421404,24.585216601182847,24.868128559393647,1497564
2001-05-08,1,24.58521270751953,24.613503898860017,24.1231207867136,24.37774150877796,1431584
2001-05-09,1,23.613880157470703,23.811921007232783,23.434700106519745,23.717614550931888,1830068
2001-05-10,1,24.472047805786133,25.169902182999618,24.424895815737234,25.066167804892043,3677862
2001-05-11,1,24.24571418762207,24.54748933557318,24.047673400382607,24.226853394765406,1207018
2001-05-14,3,23.293243408203125,23.519575449309965,22.963176976784705,23.444132256356085,842346
2001-05-15,1,23.01032257080078,23.670455249985608,22.48221790479963,22.53880028377355,2520946
2001-05-16,1,23.9156551361084,23.92508553540963,22.501085391942745,22.633110982159977,2393844
2001-05-17,1,24.28343963623047,24.679518811471304,24.047677225773707,24.22685724865962,1530281
2001-05-18,1,25.07559585571289,25.085026252839945,23.86849763671626,24.019383990749084,2039576
2001-05-21,3,25.575410842895508,26.282693062427978,24.490907828320328,24.61350298625023,3742268
2001-05-22,1,25.499963760375977,26.358137203949955,25.47167257168892,26.310982760560417,1688182
2001-05-23,1,24.13254737854004,25.46224314652033,24.066534602419363,24.886984030122527,2843319
2001-05-24,1,23.972232818603516,24.274007999154485,23.57615366358186,24.09482798541541,2882332
2001-05-25,1,23.651596069335938,24.26457680782971,23.50070971511947,24.009953622844737,1666280
2001-05-29,4,22.7274112701416,23.2555159499501,22.62367444373268,23.198933569496823,1387164
2001-05-30,1,21.869239807128903,22.50108137191758,21.66177105956802,22.29361016211189,3002179
2001-05-31,1,21.935256958007812,22.2464626035586,21.50145611903365,21.83152256357265,1887903
2001-06-01,1,22.350191116333008,22.491649533763795,21.897529597492724,22.274747940233738,1081354
2001-06-04,3,22.18987274169922,22.604812642095244,22.123859967447835,22.35962233773296,790602
2001-06-05,1,23.302663803100582,23.510134956898135,22.595379248316608,22.71797684647867,2240118
2001-06-06,1,22.783992767333984,23.396973456303726,22.265316042130515,23.312097426669595,2451064
2001-06-07,1,23.868501663208008,23.9533752516692,22.50108400013059,22.623679183463427,1952309
2001-06-08,1,23.953369140625,24.04767310374504,23.585581222212376,24.00052112218502,1797351
2001-06-11,3,23.293243408203125,23.425271458117617,23.142357022295368,23.30267380732236,1623297
2001-06-12,1,22.93488311767578,23.434696675233624,21.935253540315177,22.114433565030765,1383878
2001-06-13,1,22.79342269897461,23.717606449529832,22.76513151042156,23.330957743727023,1748276
2001-06-14,1,21.558032989501953,22.0767097532033,21.322273062587403,21.954112128963068,1577850
2001-06-15,1,21.077075958251953,21.454294226278495,20.350930607632545,20.41694460476654,1498728
2001-06-18,3,20.92619514465332,21.520312657403142,20.86961029664613,21.105372699567532,1303593
2001-06-19,1,20.652711868286133,21.64291104024198,20.4923938719374,21.407148629134905,1202500
2001-06-20,1,19.5399169921875,19.61536140965007,18.84206382517428,19.181559394827133,2175507
2001-06-21,1,18.97408866882324,19.23814102481007,18.578009519281817,19.049531847355944,2545517
2001-06-22,1,20.445240020751953,20.916763568914348,19.71909451987771,19.822828887932697,3007860
2001-06-25,3,20.79416847229004,20.935626908169883,20.322646097928818,20.860183722231284,846452
2001-06-26,1,20.75644302368164,20.879040640303565,19.917132811531893,19.917132811531893,1392708
2001-06-27,1,21.105371475219727,21.161953857699697,20.74701392393525,20.9639155190198,1411461
2001-06-28,1,20.982778549194336,21.397718527176565,20.369797749183466,20.369797749183466,2695958
2001-06-29,1,20.982778549194336,21.765506514734103,20.841320115675327,20.90733536451483,2525463
2001-07-02,3,21.20911026000977,21.690065535740345,20.907337490604135,20.982780682955543,1630552
2001-07-03,1,20.954484939575195,20.99220652756689,20.728152949380387,20.77530493437,772943
2001-07-05,2,19.61536026000977,20.26606139742337,18.2573731364989,18.266804765361123,5324430
2001-07-06,1,19.096681594848633,19.426747924473588,18.908072439508977,19.370165547208355,1520493
2001-07-09,3,19.700231552124023,19.94542308068754,19.15326365641998,19.35130320470632,2538536
2001-07-10,1,19.66251564025879,20.37923091659829,19.49276722054035,20.23777369497915,2504314
2001-07-11,1,19.568206787109375,19.756815958722285,19.096683242515933,19.360736821447407,968078
2001-07-12,1,20.586694717407227,20.813024220324067,19.973714055852025,20.02086603562637,1585447
2001-07-13,1,20.077455520629883,20.794170791472062,19.992581926982975,20.18119114398762,1016879
2001-07-16,3,19.360742568969727,20.2754975075192,19.24757653995804,20.23777467710018,921947
2001-07-17,1,19.671945571899418,19.756819158867724,18.29509753432216,18.53085872924555,2898896
2001-07-18,1,18.879785537719727,19.40789153880694,18.54028873479777,18.578011559328814,2653933
2001-07-19,1,18.794910430908203,19.332448053161137,18.75718883808273,19.134408459704915,5352287
2001-07-20,1,18.19136428833008,18.29509991703528,17.861297833776693,17.95560306270167,1669360
2001-07-23,3,18.031044006347656,18.511998028369053,17.993322411943435,18.4176940423585,1521383
2001-07-24,1,17.785852432250977,18.38940163678694,17.63496482333635,18.153640440364263,1671345
2001-07-25,1,17.59724235534668,17.917878354483303,17.01255397705914,17.795281947490484,2258461
2001-07-26,1,17.96502685546875,18.28566156119912,17.44635136494183,17.682113734986398,2547365
2001-07-27,1,18.408262252807617,18.44598384436155,17.870724648674326,18.247944257580965,1532813
2001-07-30,3,19.00238037109375,19.407889928841975,18.860923176423647,19.323015119590952,897854
2001-07-31,1,19.304155349731445,19.89827408366386,19.2664325287319,19.530486120116787,1567652
2001-08-01,1,20.2094783782959,20.55840554598972,19.992578005948427,20.33207477619768,2738462
2001-08-02,1,19.94543075561523,20.747019653264463,19.464476678352096,20.747019653264463,3672318
2001-08-03,1,19.398462295532227,20.00201151937475,19.332449503136544,19.96428992372008,1113796
2001-08-06,3,19.143836975097656,19.257001742444224,18.908074580880925,19.20041935877094,684992
2001-08-07,1,18.738327026367188,18.804341041357397,18.351678258610985,18.634592651717796,1904604
2001-08-08,1,18.07819366455078,18.728894733040345,17.927306085573953,18.342246004418513,1609060
2001-08-09,1,18.549720764160156,18.625163957610702,18.181932733843507,18.44598637316565,1682844
2001-08-10,1,18.578012466430664,18.578012466430664,17.908449226246365,18.20079282055929,595330
2001-08-13,3,18.85149574279785,18.945800964445947,18.493138116555752,18.945800964445947,847890
2001-08-14,1,18.71003532409668,19.143837299646588,18.540286939076697,19.01180927325925,858909
2001-08-15,1,18.41769027709961,19.238139712151224,18.342245872592272,19.106112927605093,512786
2001-08-16,1,18.653451919555664,18.67231271340193,18.012180004293356,18.238511992693176,894637
2001-08-17,1,17.69154930114746,18.049906927967843,17.540661684940577,17.776422892757378,443999
2001-08-20,3,17.842430114746094,18.059330456697953,17.63496016891726,17.87072130311518,837555
2001-08-21,1,17.502931594848633,18.568573634062563,17.446349223920414,18.22907694624909,766646
2001-08-22,1,18.295095443725582,18.483704624336266,17.974459467350712,18.276234648776754,1138642
2001-08-23,1,18.48370933532715,18.71947056339898,18.3611129057909,18.530861334716977,782183
2001-08-24,1,19.756816864013672,19.992578031552213,19.00238014299244,19.238141310530978,1876268
2001-08-27,3,19.898273468017575,20.162325820110382,19.79453786794255,19.841689853830133,1481548
2001-08-28,1,18.625154495239254,19.615353292950235,18.578003754409856,19.587062109779406,2090430
2001-08-29,1,17.9461669921875,18.766616438307786,17.861292189861988,18.71003405750564,1519261
2001-08-30,1,17.493505477905273,17.908445399232278,17.210591111740857,17.531225833972286,1248700
2001-08-31,1,17.14457893371582,17.220023347272605,16.72020857027771,17.031414160064287,1574975
2001-09-04,4,15.918619155883787,16.503307488268163,15.786592361112357,15.8903267325509,2149498
2001-09-05,1,15.635703086853027,15.805451452948809,15.051014817466344,15.569690312141098,1805975
2001-09-06,1,14.287147521972656,14.796391379741276,13.95708119225884,14.494617469789912,1915760
2001-09-07,1,14.315443992614746,14.58892804595613,13.975947141422596,14.02309913988743,3745828
2001-09-10,3,14.013667106628418,14.409746309807618,13.79676670785148,14.023097505222088,4512474
2001-09-17,7,12.297320365905762,12.825426246678331,11.60889651854846,11.693770084381551,1708989
2001-09-18,1,11.486300468444824,11.967253099414911,11.222246933174624,11.78807435445375,2133961
2001-09-19,1,11.071361541748049,11.83522864844022,10.6375595720683,11.769215867262208,4695426
2001-09-20,1,9.949136734008787,10.788448238419477,9.826540339578733,10.382937466419234,2015826
2001-09-21,1,9.515334129333496,9.901982824791116,8.968367471909172,9.383307970723976,2879868
2001-09-24,3,10.628128051757812,10.73186364234176,10.118883572958362,10.147175377463585,3353778
2001-09-25,1,11.486300468444824,12.146431844376076,11.2788293059659,11.78807435445375,4914859
2001-09-26,1,10.562116622924805,11.599467736409933,10.562116622924805,11.599467736409933,2661052
2001-09-27,1,10.420661926269531,10.420661926269531,9.760528479900133,10.052872685096188,1868191
2001-09-28,1,10.571547508239746,10.703574310677029,10.21319053941581,10.562117110288684,1976196
2001-10-01,3,10.298063278198242,10.552685848722616,10.137745910589125,10.232050497943206,1228030
2001-10-02,1,10.760159492492676,10.958199109353986,10.41123102425188,10.41123102425188,1234327
2001-10-03,1,11.363704681396484,11.514593495200463,10.279202873952142,10.288632655363442,2685281
2001-10-04,1,11.863518714904783,12.287890247014088,11.580605591287496,11.646618366203006,4856407
2001-10-05,1,12.146432876586914,12.353902825574629,11.410857043302183,11.872950153732909,1845878
2001-10-08,3,12.778276443481444,12.919733655396278,12.10871444103032,12.118144839749805,2057577
2001-10-09,1,12.316181182861328,12.966883446700878,12.21244682441412,12.83485666846403,2296037
2001-10-10,1,13.702462196350098,13.721324225631198,12.636820944781466,12.84429095564764,1904877
2001-10-11,1,14.381451606750488,14.607783580046926,13.957081311283574,14.004233292752737,1402974
2001-10-12,1,13.79676628112793,14.089111090734756,13.1554955032248,13.561005092455565,1443562
2001-10-15,3,13.230937957763672,13.306381140006447,12.825428390963909,13.287520344445754,1120572
2001-10-16,1,13.806195259094238,13.947652450194006,13.108340932049591,13.391255314249127,2950845
2001-10-17,1,12.316181182861328,14.428603479039806,12.306750786638856,14.428603479039806,7483989
2001-10-18,1,12.259599685668944,12.533083685462667,12.070991728738704,12.448208873721624,3955268
2001-10-19,1,12.448209762573242,12.533084580374686,12.023839366933592,12.259600561053118,1728496
2001-10-22,3,12.948023796081545,12.966885823105503,12.495362232200367,12.64624859941246,4246567
2001-10-23,1,13.372392654418944,13.79676420759692,13.268658288687355,13.579863848126742,2846947
2001-10-24,1,14.173982620239258,14.230565001846836,13.702459080142482,13.843916265283749,1639108
2001-10-25,1,14.428606986999512,14.494621007728728,13.466700182832218,13.74961460053452,3106762
2001-10-26,1,14.43803596496582,14.70208955965758,14.249428013217994,14.381453579441471,1455813
2001-10-29,3,13.79676628112793,14.522911874871504,13.768475086221946,14.475759883361532,1182241
2001-10-30,1,12.768847465515137,13.49499310218974,12.683972644656738,13.428979079050416,2248468
2001-10-31,1,13.56100082397461,13.777901147771113,13.202642107928853,13.55157042864094,2670223
2001-11-01,1,14.6643648147583,14.683225605875814,13.61758352100359,13.843914245535863,1268755
2001-11-02,1,14.739808082580566,14.871834852451029,14.43803296034013,14.43803296034013,1640956
2001-11-05,3,15.635703086853027,15.682855068790122,15.013293231916668,15.088736403016018,1639929
2001-11-06,1,16.08837127685547,16.154384074011723,15.550833575521034,15.701722431266369,2469886
2001-11-07,1,15.786593437194824,16.201533413477854,15.711149021701798,15.73944144696322,1197915
2001-11-08,1,15.928050994873049,16.484448185404247,15.843177410559932,16.22039457196292,1935472
2001-11-09,1,16.022354125976562,16.258116532117867,15.862036133004546,16.003493330464845,984026
2001-11-12,3,16.40900421142578,16.40900421142578,15.513111428321965,16.23925703821476,772875
2001-11-13,1,17.040842056274414,17.097424434793894,16.54102735265227,16.58817933475184,1305578
2001-11-14,1,17.116283416748047,17.908442787822324,17.06913143963711,17.63495885833467,1449585
2001-11-15,1,17.59724235534668,17.776421151202737,17.16344034736111,17.17287074550498,1263142
2001-11-16,1,18.398828506469727,18.74775688155643,18.04047096570208,18.13477616485676,2143885
2001-11-19,3,17.587814331054688,18.47427803183835,17.14458186510154,18.4082652359214,2146965
2001-11-20,1,15.890329360961914,16.83337541291294,15.880898961998533,16.83337541291294,1674356
2001-11-21,1,16.107229232788086,16.314700465330645,15.909189630017949,16.012925246289228,1459304
2001-11-23,2,16.805084228515625,16.965403473257446,16.47501903342933,16.82394625757899,604570
2001-11-26,3,17.455785751342773,17.47464654827803,16.918249345320373,17.276606949335306,1339937
2001-11-27,1,17.02198600769043,17.531230018543376,16.607044756197812,16.861667992746877,1461768
2001-11-28,1,16.2769775390625,16.776792357786604,16.220395147512708,16.324130763143195,2154357
2001-11-29,1,16.72963523864746,16.739065634349497,16.26754338700346,16.456152532166307,1464027
2001-11-30,1,16.41843032836914,16.597610315610698,16.258113595476946,16.51273552001616,1572580
2001-12-03,3,16.078937530517578,16.182673143522255,15.843177571694447,16.09779955834593,1175944
2001-12-04,1,16.8333740234375,16.927679236409666,16.229826077354534,16.286408466464348,2854544
2001-12-05,1,18.97408866882324,19.1344066543276,17.83300197565955,17.8707235649259,2785552
2001-12-06,1,18.4271183013916,18.747755461786703,18.22907875239886,18.43654992860288,2109595
2001-12-07,1,17.81414031982422,18.53085540572567,17.757557938660096,18.38939822169306,1652796
2001-12-10,3,17.700973510742188,17.88958267038744,17.286033605747075,17.531225143949232,740980
2001-12-11,1,17.578378677368164,18.13477577001178,17.578378677368164,17.738696650654937,544202
2001-12-12,1,18.59687232971191,18.59687232971191,17.842435488174587,18.2573755047956,1941153
2001-12-13,1,16.512737274169922,17.361477933544116,16.503306877115648,17.16343836428198,2708963
2001-12-14,1,16.77678871154785,17.059703070053757,16.550457963416488,17.040842276969666,2020754
2001-12-17,3,17.568950653076172,17.861294218208375,17.408632658141926,17.48407584111219,421549
2001-12-18,1,17.606672286987305,18.097056670842974,17.352050312726682,18.03104265446249,799979
2001-12-19,1,16.70134162902832,17.144572624978036,16.625898474355,17.003115478843583,2329575
2001-12-20,1,15.201909065246582,16.314703714272405,15.201909065246582,16.135524873120016,3095674
2001-12-21,1,15.75829792022705,15.862032270280087,15.52253557149863,15.777158711145786,1335146
2001-12-24,3,15.513110160827637,15.805453721927735,15.465956940999138,15.748871335480445,111085
2001-12-26,2,16.022354125976562,16.16381132343686,15.513110184915364,15.560262173694657,256256
2001-12-27,1,16.39014434814453,16.512740766903743,16.031786722038454,16.031786722038454,300813
2001-12-28,1,16.40900421142578,16.550461420224156,16.069508633881213,16.220395010068792,371311
2001-12-31,3,16.078937530517578,16.409003935114963,16.022355140400027,16.409003935114963,211288
2002-01-02,2,16.77678871154785,16.80507990117399,16.16380924294808,16.550457963416488,1269234
2002-01-03,1,18.144201278686523,18.23850645038275,16.974823797711803,16.974823797711803,1388327
2002-01-04,1,18.304523468017575,18.530854209182127,17.682113622034517,18.455409808045793,1530828
2002-01-07,3,18.097057342529297,18.35167932624041,17.814142932963627,18.2668057420442,2944822
2002-01-08,1,18.15363883972168,18.427121606478856,17.81414205737852,17.899015637403096,1859430
2002-01-09,1,18.408262252807617,18.99295061526088,18.35167863435428,18.917506201030577,3361238
2002-01-10,1,19.04953384399414,19.181559420264364,18.785480229208705,19.03067304738411,1697148
2002-01-11,1,19.436182022094727,19.756818016570463,19.25700322884328,19.671944434509363,1310164
2002-01-14,3,18.945798873901367,19.30415646060106,18.8609240606712,19.247572841406797,1049732
2002-01-15,1,18.747756958007812,19.077822078589417,18.351676597289742,18.776048148532897,2145528
2002-01-16,1,17.22945213317871,17.88015444528842,17.22945213317871,17.540657693850513,2764060
2002-01-17,1,17.72926902770996,17.72926902770996,17.276607426516197,17.653825837885183,2071950
2002-01-18,1,17.17286491394043,17.399196854780485,16.852230254807456,16.974825389046924,1564708
2002-01-22,4,16.795654296875,17.399203496901045,16.78622389833346,17.26717668619698,1104899
2002-01-23,1,17.67268180847168,17.710404624203534,16.96539840367426,16.96539840367426,1817063
2002-01-24,1,17.91788673400879,18.04991360088951,17.785859867128067,17.870733490115143,2483438
2002-01-25,1,17.955598831176758,18.115916820781827,17.30489647519867,17.314326872756475,1803648
2002-01-28,3,17.88015365600586,18.14420598928912,17.691544494768596,17.87072202837785,1166430
2002-01-29,1,17.267173767089844,18.059332035150636,17.229452179300726,17.87072286508272,1146924
2002-01-30,1,17.54066276550293,17.672688360584896,17.00312506103568,17.26717871344495,2083175
2002-01-31,1,17.8707218170166,17.93673582289835,17.314324736391207,17.67268226161585,1356637
2002-02-01,1,17.91788673400879,18.238522883094948,17.776429464573948,17.92731713656291,586364
2002-02-04,3,18.163068771362305,18.625160712992876,18.12534718120836,18.427121133562288,1718092
2002-02-05,1,18.229082107543945,18.60630171390246,18.040472919925904,18.27623532779028,928928
2002-02-06,1,18.049901962280273,18.370536673497543,17.72926478881849,18.247941519343566,1227756
2002-02-07,1,17.39920997619629,18.30453472893068,17.333195930700008,18.125355858794467,2306852
2002-02-08,1,16.880525588989258,17.578379910686028,16.371280443606018,17.399201131632058,4490572
2002-02-11,3,17.446352005004883,17.54065720270698,17.012551296493168,17.097424866415004,2860772
2002-02-12,1,17.352048873901367,17.625531621272916,17.2105916860984,17.304895657218818,2013225
2002-02-13,1,18.097057342529297,18.181930926725503,17.578381745740558,17.72926811764493,1498660
2002-02-14,1,18.766618728637695,19.143838340055805,18.389400348342036,18.68174514707627,2010966
2002-02-15,1,18.672319412231445,18.908080651013137,18.5591533774324,18.6817498125378,842688
2002-02-19,4,17.9461669921875,18.304524532845676,17.90844540498607,18.125345762516588,1329260
2002-02-20,1,18.48370933532715,18.578014565229505,17.766994020110996,18.01218564806079,1584010
2002-02-21,1,17.804706573486328,18.719461052498044,17.776415388226493,18.455407527828765,2086871
2002-02-22,1,17.748130798339844,17.908448805510005,17.380342791044338,17.691548406793622,1632879
2002-02-25,3,18.728899002075195,18.87035621655464,17.946170969676864,17.946170969676864,1198873
2002-02-26,1,19.06839179992676,19.162697000050475,18.67231266787623,19.162697000050475,1514265
2002-02-27,1,19.011810302734375,19.379599516128497,18.860923935543894,19.31358549936022,2213356
2002-02-28,1,19.19098663330078,19.549344148668133,19.04952946015636,19.058959856291175,1570526
2002-03-01,1,21.35999298095703,21.35999298095703,19.4927609634294,19.521052152447325,2719298
2002-03-04,3,22.23702621459961,22.29360859632398,21.133662384240516,21.26569040384201,3794081
2002-03-05,1,21.831514358520508,22.142719887109298,21.64290643952389,21.718349607122537,1768536
2002-03-06,1,22.208736419677734,22.293609997599056,21.50145167917715,21.83151805556041,2862620
2002-03-07,1,23.22722625732422,23.3026694361262,22.6896886838706,22.6896886838706,3597714
2002-03-08,1,23.04804801940918,23.36868401624137,22.633108041816023,22.850009659811164,3738230
2002-03-11,3,22.1710205078125,22.680264568010053,21.87867564674271,22.246463707509115,1542601
2002-03-12,1,21.756072998046875,21.91638974251039,21.378854666476386,21.454297840341564,1798309
2002-03-13,1,21.7655029296875,22.16158204626074,21.52974055415207,21.708920550497684,2104256
2002-03-14,1,22.048418045043945,22.237025982153636,21.90695962996707,21.963542011099975,952473
2002-03-15,1,22.59538459777832,22.68025817350764,22.02012790003488,22.02012790003488,968831
2002-03-18,3,23.04804801940918,23.180076054719457,22.812288067506778,22.953744038648217,1659709
2002-03-19,1,23.623306274414062,23.717610251374143,23.05747995040875,23.095201541192782,2148608
2002-03-20,1,22.519943237304688,22.991465602776564,22.519943237304688,22.86887042793756,2864879
2002-03-21,1,22.444496154785156,22.491648136918823,21.831515462558468,22.14272100688518,2271671
2002-03-22,1,22.3218994140625,22.774563384780176,22.171013065319674,22.585952986607047,1332613
2002-03-25,3,22.029560089111328,22.821718451504587,21.925823248093337,22.633108027854085,467818
2002-03-26,1,22.604812622070312,22.82171419952004,21.963540748278874,22.010695192089702,514565
2002-03-27,1,22.378480911254883,22.727408002798803,22.1427185643487,22.284174495145873,557891
2002-03-28,1,23.925085067749023,24.151417108799738,23.25552180595899,23.25552180595899,3225308
2002-04-01,4,24.255146026611328,24.33058920252492,23.557291724921303,23.811914905874325,999220
2002-04-02,1,23.661027908325195,24.02881588138471,23.651597510612,23.93451190425274,1730481
2002-04-03,1,23.283803939819336,23.576148660889753,23.132917612683247,23.17063919446727,2963918
2002-04-04,1,23.05748176574707,23.49128255616183,22.746276155032447,23.189507343885687,2129444
2002-04-05,1,22.350191116333008,23.19893423418377,22.208735161146873,23.066908676010044,1780240
2002-04-08,3,21.708919525146484,21.737210713405148,21.095938855053262,21.199673212001706,1858951
2002-04-09,1,21.152524948120117,21.954113680778836,21.133664152633788,21.803227316888194,1894337
2002-04-10,1,21.859806060791016,21.89752764547803,21.24682784738259,21.605185364153662,2241419
2002-04-11,1,20.869613647460938,21.50145531441201,20.869613647460938,21.19968007964828,1825619
2002-04-12,1,21.17138671875,21.2091083114601,20.63385032926367,20.945057162489412,1332750
2002-04-15,3,21.53917694091797,21.586331398934743,20.88847693702517,21.35056895783171,2116302
2002-04-16,1,22.89715576171875,22.97259892692576,22.491646286486763,22.538798264741143,1729660
2002-04-17,1,23.104631423950195,23.670457735344797,22.944312204446305,23.65159694037314,1289767
2002-04-18,1,22.64253807067871,22.982034858127196,22.208737304007,22.840578889292363,1572990
2002-04-19,1,22.604812622070312,23.019752522098756,22.45392628105796,22.91601816265276,729207
2002-04-22,3,21.840951919555664,22.28418313684735,21.69949593390253,22.20873994449901,818732
2002-04-23,1,21.803220748901367,22.557657265578335,21.793790353999007,22.491644501261817,1744170
2002-04-24,1,21.803220748901367,22.303034140970524,21.595749598805355,22.265312561361085,2052580
2002-04-25,1,21.312837600708008,21.50144549741869,20.98277131922023,21.33169839037907,3331191
2002-04-26,1,20.652711868286133,21.97297743089393,20.464101446951492,21.925822978876596,3225444
2002-04-29,3,20.64327812194824,21.10537000901073,20.303781388408893,20.973344459062737,1103735
2002-04-30,1,21.058225631713867,21.40715288768734,20.709298375740396,20.794171974214795,1117013
2002-05-01,1,21.35999298095703,21.718350504095216,20.614986745662737,21.048787439515387,1386890
2002-05-02,1,19.83226203918457,21.35999766098313,19.70023646150714,21.13366563700537,3625913
2002-05-03,1,18.059328079223633,18.776044245830587,17.87071895047087,18.74775306118598,4082643
2002-05-06,3,18.02160263061523,18.926925207520007,17.917867085153976,18.8609124620312,2924563
2002-05-07,1,18.530858993530273,18.794911387875647,17.9461705815978,18.747760625565544,1566283
2002-05-08,1,20.850753784179688,21.124237833783532,19.62479445411241,19.66251605236876,3602163
2002-05-09,1,19.756816864013672,20.85074912459655,19.69080408181715,20.53954477740485,2593360
2002-05-10,1,18.63459014892578,19.68137030813525,18.540284953515403,19.65307911884881,1075468
2002-05-13,3,19.426753997802734,19.455045195279943,18.76662113217742,18.794912329654633,2296311
2002-05-14,1,20.2094783782959,20.435809148087937,19.822829620823804,20.31321398130854,1547324
2002-05-15,1,20.41694450378418,21.067645458906657,19.766242317539625,20.12459979350461,2125268
2002-05-16,1,20.614986419677734,20.747011966340327,20.115171728231264,20.303780883157184,733451
2002-05-17,1,20.89790153503418,21.275122365427777,20.58669841266341,21.275122365427777,1088677
2002-05-20,3,20.464101791381836,20.73758579890986,20.36979781024974,20.73758579890986,935636
2002-05-21,1,19.671945571899418,20.492395170416525,19.539917529925876,20.360368359565513,893200
2002-05-22,1,19.473905563354492,19.671945159922323,19.030673147323625,19.360739551977513,1290862
2002-05-23,1,19.143836975097656,19.473903342103196,18.738326198738715,19.417319727307554,2521356
2002-05-24,1,18.398828506469727,18.502564102427645,18.172497752069713,18.295094141634102,1002164
2002-05-28,4,18.681739807128903,18.926931314899353,18.436548299358464,18.926931314899353,754737
2002-05-29,1,17.748130798339844,18.031043987193488,17.682118008202586,18.021614819724984,890188
2002-05-30,1,17.43692398071289,17.54065958918663,16.87109641088396,17.23888439282889,1216326
2002-05-31,1,17.48407745361328,18.059335470183065,17.44635585864921,17.77642227682996,1128991
2002-06-03,3,16.880525588989258,17.682115511663532,16.75792919349264,17.625531896983823,979440
2002-06-04,1,17.14457893371582,17.201162551664016,16.465586598439327,16.57875137209086,1372927
2002-06-05,1,17.22945213317871,17.267173720866854,16.842803397130627,16.99369097900551,947408
2002-06-06,1,16.69191551208496,17.27660380399857,16.550458329701364,17.220021423494046,986421
2002-06-07,1,16.371278762817383,16.42786237168783,15.183040212249272,15.3150682225729,2299939
2002-06-10,3,16.078937530517578,16.446725528526663,16.031785538752953,16.267547959821083,1095522
2002-06-11,1,15.041579246520996,16.17323381043636,14.994426049683156,16.069499485861122,2095906
2002-06-12,1,14.796395301818848,14.815257330367643,14.02309768285244,14.63607852369573,3686076
2002-06-13,1,14.39088249206543,15.183039433264518,14.268284884323192,14.598351199831106,1828767
2002-06-14,1,14.409744262695312,14.570062247134748,13.872207925853331,14.30600989290191,2988969
2002-06-17,3,15.060447692871094,15.126460478449026,14.711520506857136,14.805825717376628,1407355
2002-06-18,1,14.626643180847168,15.173611091849304,14.626643180847168,14.71151797884214,1161913
2002-06-19,1,13.674165725708008,14.324867935725372,13.62701374849577,14.239993145621224,2122736
2002-06-20,1,13.174355506896973,14.070249530997172,13.089481919356048,13.957084747609274,1520083
2002-06-21,1,13.023466110229492,13.579863192949048,12.91973051838045,13.513849186818838,935567
2002-06-24,3,13.29694938659668,13.476128157278346,12.683969900000369,12.91973105159552,1412283
2002-06-25,1,13.212076187133787,13.985373672541526,13.117770985167748,13.768473308478663,1802211
2002-06-26,1,13.42897891998291,13.551575334827293,12.712263690657402,12.721694089405236,3784020
2002-06-27,1,14.268287658691406,14.45689684263792,13.674168913928249,14.249428094531403,1716039
2002-06-28,1,14.25885772705078,14.994433691594136,14.13626255370852,14.6172165424955,1820075
2002-07-01,3,13.457270622253418,14.69266152253118,13.41954902584366,14.551204304871987,2475293
2002-07-02,1,12.731122016906738,13.344101509897689,12.731122016906737,13.108340355843062,2458456
2002-07-03,1,12.42934513092041,12.76884180151501,11.901239335675704,12.4482046891512,2308152
2002-07-05,2,14.55120086669922,14.551200866699215,13.636446214288773,13.74018181102745,1312764
2002-07-08,3,14.04195785522461,14.68322986366213,13.90050064970192,14.475759870086018,1879005
2002-07-09,1,13.174355506896973,13.532713116537051,13.014038730430784,13.485561123458762,1607828
2002-07-10,1,12.335043907165527,13.259229037320758,12.316183111766687,13.249798639621336,2125816
2002-07-11,1,13.061190605163574,13.249799806890312,12.20301818330178,12.495362999983358,2884044
2002-07-12,1,13.164926528930664,13.570436137486892,12.97631609165713,13.391257330087331,904425
2002-07-15,3,13.61758804321289,13.674170435355643,12.778276404149365,13.372395215015882,1947313
2002-07-16,1,13.117768287658691,14.07024435292672,13.108337892513566,13.24979505081252,1589759
2002-07-17,1,14.230563163757324,15.258483683590974,13.721319332820917,15.154748099587096,5310810
2002-07-18,1,14.353163719177246,14.97557494221718,14.09854049843454,14.852978531077264,2439155
2002-07-19,1,13.815628051757812,14.324873289335692,13.674170836132417,14.051390488174334,834406
2002-07-22,3,13.71189022064209,14.372022966350627,13.513850643154004,14.0136654011584,958359
2002-07-23,1,12.363335609436035,13.740183579234849,12.184156814645332,13.579865580619748,1558685
2002-07-24,1,13.098912239074709,13.098912239074709,11.524024599642798,11.637190613471612,1511322
2002-07-25,1,10.373507499694824,11.307123014621446,9.80767995219755,11.07136184427818,4314327
2002-07-26,1,10.694144248962402,10.93933583452151,10.33578665331006,10.609269433611855,1566283
2002-07-29,3,11.674909591674805,11.806936373037695,10.93933374441653,11.241108892925348,2152783
2002-07-30,1,12.033267974853516,12.20301635407462,11.505162042957004,11.571176053895533,1241172
2002-07-31,1,11.175097465515137,11.788077001781248,11.052501065812953,11.778646604198189,2250111
2002-08-01,1,10.420661926269531,11.165667113910288,10.392369499161935,10.967627510892356,1610772
2002-08-02,1,9.826543807983398,10.439523534248057,9.713378386348843,10.411232332729766,1531376
2002-08-05,3,9.383310317993164,9.9397075105343,9.251283510795568,9.817111717189029,1246510
2002-08-06,1,9.845401763916016,10.232050511005223,9.732235766497714,9.901984147063994,1554921
2002-08-07,1,9.628501892089844,10.326356289206878,9.251283498695091,10.184899083903224,1504546
2002-08-08,1,10.420661926269531,10.845032328290449,9.80768108876983,10.137747504173891,2642161
2002-08-09,1,10.137743949890137,10.458379854217862,9.977425997726275,10.260339705071356,1724184
2002-08-12,3,10.26977252960205,10.32635553067943,9.90198456150209,10.034011358828906,686156
2002-08-13,1,9.48704433441162,10.203759454961764,9.458752526900676,9.75109730595963,1499070
2002-08-14,1,9.967997550964355,9.967997550964355,9.19469944060415,9.430461217260124,2163392
2002-08-15,1,10.147174835205078,10.222618001691052,9.637929768058244,9.99628727111096,1226319
2002-08-16,1,10.845032691955566,10.85446309093348,9.91141642196792,9.977429830374604,927559
2002-08-19,3,11.35427474975586,11.684342350686022,10.967625995794403,11.052500803147272,1558617
2002-08-20,1,10.873323440551758,11.278833042126912,10.797879020716652,10.967627426442476,1915281
2002-08-21,1,11.882380485534668,11.8918096506279,11.278830203256929,11.542883759533996,1684486
2002-08-22,1,12.165295600891112,12.44820876493653,11.797507625846372,11.976686414486691,1507010
2002-08-23,1,10.967628479003906,11.731496993639716,10.967628479003908,11.712636194651504,1038781
2002-08-26,3,11.222248077392578,11.288260852379716,10.835599361651996,11.09965169272279,556932
2002-08-27,1,10.571547508239746,11.231680289303709,10.562117110288684,11.14680670774417,607308
2002-08-28,1,10.005718231201172,10.420659363641436,9.854830658597644,10.420659363641436,1392844
2002-08-29,1,9.986859321594238,10.213190723175584,9.656792925123572,9.817111539859772,1344317
2002-08-30,1,9.65679168701172,9.96799724734078,9.571917499245716,9.703944287131122,610798
2002-09-03,4,9.090964317321776,9.515334618315412,9.053242116094063,9.487043429065473,787316
2002-09-04,1,8.704314231872559,9.13811550723853,8.053612626604139,9.053241331285165,2083586
2002-09-05,1,8.110197067260742,8.261084666426202,7.770700892480299,7.827283280496426,1320704
2002-09-06,1,8.534567832946777,8.723177019211585,8.411972046543015,8.64773322159342,1284360
2002-09-09,3,8.289376258850098,8.345959265147025,7.978171263120139,8.345959265147025,1180940
2002-09-10,1,8.440262794494629,8.562859189991249,8.251653618181098,8.29880622004007,1440687
2002-09-11,1,8.48741626739502,8.808051653809525,8.345959062861898,8.61001205991215,966915
2002-09-12,1,7.789560794830322,8.449692888213576,7.7329777977444385,8.119626533741371,1405507
2002-09-13,1,7.4689249992370605,7.71411653540888,7.355759011938091,7.544368170021547,1257530
2002-09-16,3,6.950250148773193,7.252025348760082,6.837084756558725,7.17658154876336,1556221
2002-09-17,1,6.337270259857178,6.789932421275547,6.073217281066362,6.789932421275547,4262241
2002-09-18,1,6.32783842086792,6.459865200812975,6.092077281133509,6.2712560428009985,2682954
2002-09-19,1,6.158090591430664,6.318409189921449,5.912899034014851,5.988342826897091,1305578
2002-09-20,1,6.32783842086792,6.610752773447003,6.318408640084552,6.544739383474475,1215505
2002-09-23,3,5.705429553985596,5.950621747965699,5.554541955296113,5.846886754702139,2614988
2002-09-24,1,5.384794235229492,5.629986459925534,5.045297403429019,5.1207418277861265,3896748
2002-09-25,1,6.09207820892334,6.101508606704024,5.611124844302374,5.762011824354536,5777943
2002-09-26,1,6.32783842086792,6.516448194441015,5.846885745054612,6.516448194441015,5359200
2002-09-27,1,5.85631799697876,6.1580920067419465,5.799734985422341,5.89403959430883,2688361
2002-09-30,3,5.837454795837402,5.988342370091812,5.658276647806839,5.941189772301887,1250822
2002-10-01,1,6.195812225341797,6.195812225341797,5.6771373511964525,5.85631611196333,1951214
2002-10-02,1,6.1769514083862305,6.657904695446388,5.941189655205542,5.988342252066126,1768399
2002-10-03,1,6.167521953582764,6.450435731248985,6.054356565628517,6.092078156426196,1520972
2002-10-04,1,5.658277988433838,6.214675203928717,5.611125379471952,6.139231398926462,1555605
2002-10-07,3,4.7246599197387695,5.309348105031182,4.6680772417718455,5.16789156400413,3422633
2002-10-08,1,4.969853401184082,5.083019102964572,4.76238340959078,4.998144595793739,4149650
2002-10-09,1,4.979284763336182,5.205615581161711,4.715231732165516,4.8095366499670344,1468270
2002-10-10,1,5.422516345977783,5.535681749274038,4.988714915187303,4.99814500638457,1379292
2002-10-11,1,6.120370388031006,6.224104769893141,5.828025576901805,5.894038980920778,2066817
2002-10-14,3,6.224104881286621,6.327839880566564,5.988343687167096,5.988343687167096,2162434
2002-10-15,1,7.600954532623291,7.723550355047044,7.308610269575024,7.468928309671664,3301144
2002-10-16,1,6.28068733215332,6.789932500528403,6.261826536782659,6.657905701811363,1994266
2002-10-17,1,7.563229084014893,7.619812078571842,7.280315342352409,7.402911727965609,2227730
2002-10-18,1,7.8650054931640625,7.912157483208051,7.280316507690014,7.497217508576043,1419264
2002-10-21,3,8.336525917053223,8.364818335622207,7.695255308225598,7.836712476581837,1617274
2002-10-22,1,6.903097629547119,7.346329381948894,6.893667232215292,7.214302588180952,2511843
2002-10-23,1,7.582090854644775,7.629243458782256,6.6201841320767505,6.818223715219508,4133428
2002-10-24,1,7.336897373199463,7.883863991681131,7.242592805032316,7.384049349502513,1967436
2002-10-25,1,7.82728385925293,7.902727664414043,7.412343238647442,7.450065449008636,815721
2002-10-28,3,7.912157535552979,8.355389322704923,7.874435327706999,8.336527911001317,1355063
2002-10-29,1,7.4500627517700195,7.808420234873751,7.129427465370448,7.732976457026483,1755874
2002-10-30,1,8.195072174072266,8.251654564115984,7.534939365738888,7.657535159728194,1286961
2002-10-31,1,8.110197067260742,8.430833061597037,7.912157478081843,8.242223870420826,1638218
2002-11-01,1,8.43083381652832,8.543999218255093,7.789562385994896,8.015893189448443,1850396
2002-11-04,3,9.156977653503418,9.60020939005879,8.958938085492992,9.034381261450363,2036564
2002-11-05,1,9.364449501037598,9.3833109143798,8.968370285393203,9.1664098932154,1264032
2002-11-06,1,9.637930870056152,9.666222060723198,9.232420726022715,9.524765491826813,2997251
2002-11-07,1,8.562858581542969,9.00608968349241,8.562858581542969,8.996659286902945,1478674
2002-11-08,1,8.449689865112305,8.638298967170455,8.308232730788225,8.562855818795944,1189496
2002-11-11,3,7.544369697570801,8.10076750369109,7.516078502798347,8.081906091614877,1194629
2002-11-12,1,8.110197067260742,8.242223870420826,7.742409082911008,7.827283280496426,2457977
2002-11-13,1,7.808421611785889,7.997030781882271,7.6481036325356175,7.780129805378621,1025640
2002-11-14,1,8.506277084350586,8.572290492439652,8.053615473343529,8.289376677779597,1641298
2002-11-15,1,8.52513599395752,8.666592551961328,8.279943847040183,8.383678820392605,1252739
2002-11-18,3,8.817481994628906,9.119257198185132,8.742038193739848,8.789190800130973,798884
2002-11-19,1,8.685455322265625,9.015521086423345,8.638302718493835,8.779759914248002,516276
2002-11-20,1,9.128684997558594,9.232419970408882,8.534566348808461,8.54399674492566,980261
2002-11-21,1,10.41122817993164,10.458381394776582,9.656791515880082,9.817110107220527,2146144
2002-11-22,1,10.51496410369873,10.703573275603189,10.354646122911593,10.401798108107124,711412
2002-11-25,3,10.892182350158691,10.986487550829231,10.46781079382474,10.533824803630813,1274162
2002-11-26,1,9.97742748260498,10.552685378262607,9.920844486490646,10.38293700548075,1703172
2002-11-27,1,10.892182350158691,10.892182350158691,10.175467257102934,10.373506824276518,1022218
2002-11-29,2,10.51496410369873,10.920473638624964,10.46781088738087,10.90161284454675,277405
2002-12-02,3,11.052499771118164,11.458009281932988,10.845029817471564,11.401426903062712,1179640
2002-12-03,1,10.307493209838867,10.66585072731034,10.307493209838867,10.656420331120156,700940
2002-12-04,1,9.685084342956545,9.977428519547788,9.477614361577109,9.845402335641204,1228236
2002-12-05,1,9.807680130004885,10.128315499841785,9.52476635112719,10.090593908882576,756996
2002-12-06,1,9.779390335083008,9.8736949415263,9.289006504690146,9.38331111113344,793134
2002-12-09,3,8.760899543762207,9.421031719647331,8.75146914566283,9.421031719647331,1130702
2002-12-10,1,9.06267261505127,9.109825216431876,8.591150294612241,8.666593471923335,945423
2002-12-11,1,8.581719398498535,8.845771734857442,8.45912301137354,8.845771734857442,1664774
2002-12-12,1,8.327098846435547,8.56286066522578,8.261085438684475,8.50627704079768,908600
2002-12-13,1,7.874435424804688,8.261084828297188,7.8272834338673345,8.261084828297188,848711
2002-12-16,3,8.393111228942871,8.430832819872085,7.997031446380063,8.053614448335097,2527927
2002-12-17,1,8.166777610778809,8.459121707483686,8.110194624245816,8.336525339255706,547282
2002-12-18,1,7.280315399169922,7.600951344893076,6.903097074009366,7.572660155174375,6553350
2002-12-19,1,7.28974723815918,7.563230639570635,7.167151442892409,7.195442638209066,5906208
2002-12-20,1,7.940449237823486,8.091336847739242,7.666966445138243,7.695257641161971,1992144
2002-12-23,3,8.20450210571289,8.279945909367939,7.789562108952015,7.902727506653957,1854434
2002-12-24,1,8.157350540161133,8.27994634279223,8.063045934546142,8.195072751743904,717024
2002-12-26,2,8.129060745239258,8.421405011512913,8.129060745239258,8.157351947135012,479659
2002-12-27,1,7.855575084686279,8.015892466183416,7.846144071128823,7.902727074667429,972459
2002-12-30,3,7.82728385925293,8.02532407863633,7.81785346055295,7.940449259213964,836870
2002-12-31,1,7.883865833282471,8.072475013674204,7.704687050354205,7.817852435477007,771369
2003-01-02,2,8.393111228942871,8.402541011113964,8.015892241844671,8.195071645442072,2007544
2003-01-03,1,8.676023483276367,8.742036876049223,8.327096957045324,8.421401540051768,2482617
2003-01-06,3,8.996660232543945,9.138117427376804,8.61001146949056,8.628872264651953,1367315
2003-01-07,1,8.911786079406738,9.19469985480174,8.760899101866126,8.949508285462793,1588048
2003-01-08,1,8.308236122131348,8.4402629168007,8.204501135211823,8.355388724673599,1358964
2003-01-09,1,8.213932037353516,8.49684643886971,8.13848823798661,8.25165424481758,2215204
2003-01-10,1,8.874065399169922,8.958939602050522,8.157350181760979,8.213932573307202,1362592
2003-01-13,3,8.779760360717773,9.147548349707977,8.685455763939803,9.090965960977936,1019822
2003-01-14,1,8.760899543762207,8.940077723211632,8.59115114685093,8.704316539604703,1216600
2003-01-15,1,8.364818572998047,8.69488428259403,8.223361400627553,8.45912253383024,1271492
2003-01-16,1,8.383679389953613,8.581719569510948,8.223362028732652,8.393110402318282,1589896
2003-01-17,1,7.79899263381958,7.978171439567824,7.732979227606735,7.893297236025957,1011951
2003-01-21,4,7.685825824737549,8.034752973577822,7.629242827566286,7.94987817004035,1628841
2003-01-22,1,7.544369697570801,7.638674911268133,7.327469306526171,7.450065099434712,3315312
2003-01-23,1,7.7424092292785645,7.865005636753604,7.450065038984896,7.798992233925601,1639518
2003-01-24,1,7.318037509918213,7.723547669420019,7.21430252462087,7.723547669420019,1372790
2003-01-27,3,7.091706275939941,7.39348081463064,7.035123896188575,7.12942847800199,865617
2003-01-28,1,7.346328258514404,7.355758654404091,7.0822753269199,7.289745267615192,1349519
2003-01-29,1,7.440634727478027,7.544369724238278,6.987972531712506,7.233164733957527,1825413
2003-01-30,1,7.525509357452393,7.685827368674858,7.025694526126183,7.487787146573487,3957868
2003-01-31,1,7.553800106048584,7.610382495670047,6.884236904371318,7.025694109547464,4283048
2003-02-03,3,7.440634727478027,7.648104720998528,7.431204329187209,7.57266153467198,933514
2003-02-04,1,7.214303493499756,7.3274695068051825,7.129429906862578,7.289747297182953,1012704
2003-02-05,1,7.119999408721924,7.3274700377749555,7.072847412728943,7.223734415467787,1158491
2003-02-06,1,7.025691986083984,7.119996555844807,6.940818427304196,7.0256919860839835,824345
2003-02-07,1,6.808794021606445,7.129430039327123,6.789933224225528,7.129430039327123,539753
2003-02-10,3,6.695627212524414,6.789931795141892,6.51644844399509,6.686196200257638,1426998
2003-02-11,1,6.799363613128662,6.912529628373813,6.714489409475436,6.72391980815232,1252602
2003-02-12,1,6.799363613128662,6.959681621758232,6.742781221067359,6.780502815774895,621749
2003-02-13,1,6.818224906921387,6.855946504375455,6.657906886618968,6.723920297724902,789438
2003-02-14,1,7.0728440284729,7.082274423159186,6.742778367769879,6.742778367769879,622434
2003-02-18,4,7.35576057434082,7.450065173413346,7.242595178566038,7.299178184234054,651180
2003-02-19,1,7.186011791229248,7.374621594917968,7.053984990203266,7.365190581506496,663500
2003-02-20,1,7.4594926834106445,7.468923693671287,7.223730969236848,7.289744347695273,779993
2003-02-21,1,7.214303493499756,7.355760702350908,7.035125306148897,7.355760702350908,1452665
2003-02-24,3,7.06341552734375,7.233163908324976,6.846515160290615,6.855944941943821,1140079
2003-02-25,1,6.903097629547119,6.921958424210772,6.6107534655769395,6.771071451340362,1044804
2003-02-26,1,6.469295978546143,6.74277995090362,6.459865581645699,6.554170166211288,1209687
2003-02-27,1,6.695627212524414,6.7710710017306255,6.51644844399509,6.525878840700724,782799
2003-02-28,1,6.818224906921387,6.969112527860289,6.742781712013253,6.969112527860289,846110
2003-03-03,3,6.752208709716797,6.969109652263891,6.733347918772109,6.903096268396422,536468
2003-03-04,1,6.469295978546143,6.695627350840248,6.450435184745256,6.639044353876433,1136041
2003-03-05,1,6.42214298248291,6.469295579638775,6.3089782266555146,6.4504347870008765,1615563
2003-03-06,1,6.242964267730713,6.337268837884183,6.158089477475422,6.2146730813529905,1019138
2003-03-07,1,6.129799842834473,6.214674654575517,6.0072040552685975,6.016635068676327,1220912
2003-03-10,3,5.894038677215576,5.950621679967864,5.856317085754863,5.941190666541468,1458825
2003-03-11,1,5.912899017333984,6.073216999811325,5.8751774287798675,5.9223300300336845,1806796
2003-03-12,1,6.054357051849365,6.063787450306134,5.762012237444525,6.035495639374572,618669
2003-03-13,1,6.32783842086792,6.393851810840447,6.120369085728089,6.261825646456511,2070581
2003-03-14,1,6.431574821472168,6.733349389170524,6.356131025657279,6.554170604945613,2111922
2003-03-17,3,6.978541374206543,7.072845962416313,6.403283447683061,6.450435434007357,2870081
2003-03-18,1,7.412342071533203,7.563229658097344,7.138859321172606,7.563229658097344,2432242
2003-03-19,1,7.761272430419922,7.893298650950897,7.582092976991329,7.789563631484834,1920140
2003-03-20,1,7.534939765930176,7.742409771565334,7.374622370063707,7.563230962454621,2060383
2003-03-21,1,7.874435424804688,7.940448827678223,7.619813442620498,7.676395831745323,1101819
2003-03-24,3,6.959681987762451,7.233165410458177,6.940821189416808,7.035125796706325,1627130
2003-03-25,1,6.969111442565918,7.157720631586923,6.752210444298908,6.79936304933477,1440824
2003-03-26,1,6.827652931213379,6.940818915332224,6.667334966679265,6.921957507605016,1202158
2003-03-27,1,6.695627212524414,6.789931795141892,6.186382712614486,6.431574258083245,1516729
2003-03-28,1,6.412714004516602,6.6013231856293375,6.36556140145782,6.459865992014189,2493089
2003-03-31,3,6.195812225341797,6.271256011279605,6.082646854215641,6.252395218685432,1151099
2003-04-01,1,6.318408966064453,6.441004740428873,6.1863827948690115,6.242965175855136,737626
2003-04-02,1,6.940820693969727,7.016263881967038,6.648476493796362,6.723919681793674,1463000
2003-04-03,1,6.714489459991455,6.912529680379775,6.68619764818668,6.855946056770225,863495
2003-04-04,1,6.62961483001709,6.7239194270014675,6.50701903860577,6.705058630716839,816748
2003-04-07,3,6.940820693969727,7.119998881024602,6.8936680859101465,6.9596814909690545,1112633
2003-04-08,1,6.7899322509765625,6.969111031534858,6.7616404433991795,6.969111031534858,860484
2003-04-09,1,6.686196327209473,6.921958096010186,6.657905136555403,6.771071130293992,627293
2003-04-10,1,6.648475646972656,6.695627633465175,6.4975874435130505,6.648475646972656,489104
2003-04-11,1,6.591891288757324,6.714487670936264,6.497586710844892,6.6579046779643605,566241
2003-04-14,3,6.591891288757324,6.639043885494097,6.403282748493573,6.403282748493573,469187
2003-04-15,1,6.733348369598389,6.855944134508229,6.488156224217606,6.582461416377303,1139600
2003-04-16,1,6.855945110321045,7.072846098262293,6.8276539179830875,6.950249700342094,940564
2003-04-17,1,7.157721996307373,7.261457008491344,6.789933946036323,6.789933946036323,1471829
2003-04-21,4,7.167149543762207,7.270884514663819,7.063414572860594,7.148288136321019,1143844
2003-04-22,1,7.4594926834106445,7.516075667169439,7.10113522258064,7.195439785137957,1458209
2003-04-23,1,7.789560794830322,7.827282382513475,7.638673828536558,7.685825813140498,1661489
2003-04-24,1,7.70468807220459,7.77070147876522,7.572661874644603,7.695257673490397,1301334
2003-04-25,1,7.336897373199463,7.5632280905762,7.280314386074755,7.534936904794369,1129676
2003-04-28,3,7.82728385925293,7.931019476075257,7.393482441247483,7.421774252908696,1193397
2003-04-29,1,8.496848106384277,8.525139305863581,8.17621205004011,8.232795064560065,3147349
2003-04-30,1,8.308236122131348,8.374249519466023,8.11019654568851,8.232792942961648,2431694
2003-05-01,1,8.298807144165039,8.336528121842566,8.072475738048652,8.298807144165039,1841772
2003-05-02,1,8.61000919342041,8.65716178442023,8.157347151402902,8.176207941578415,2437991
2003-05-05,3,8.86463451385498,8.977800529714695,8.751469729117813,8.826913534503866,1236860
2003-05-06,1,9.147547721862791,9.26071310711696,8.958938541252111,9.03438172104743,2430052
2003-05-07,1,8.760899543762207,9.03438231976665,8.676024729745334,8.958939134971622,1217627
2003-05-08,1,8.459123611450195,8.57228899442623,8.440262816881054,8.459123611450195,1965793
2003-05-09,1,8.723176002502441,8.83634137795936,8.4779838427115,8.600579614826401,780814
2003-05-12,3,9.015522003173828,9.053244213139314,8.742038597059437,8.760900009822814,1882017
2003-05-13,1,8.628872871398926,8.72317746939821,8.543998671643445,8.647733667886534,2340047
2003-05-14,1,8.581719398498535,8.619440984960912,8.298805653347305,8.591149795114129,1670113
2003-05-15,1,8.628872871398926,8.666594464374143,8.459124471887964,8.647733667886534,1059725
2003-05-16,1,8.57228946685791,8.65716427821899,8.421402486427983,8.619442071440599,1444862
2003-05-19,3,7.855575084686279,8.242223864776616,7.846144071128823,8.195071874795465,2416500
2003-05-20,1,7.789560794830322,7.987600361289183,7.714117003902862,7.940447761124086,2174412
2003-05-21,1,7.893296718597412,7.921587912736374,7.534939130592307,7.638674740224294,2701708
2003-05-22,1,8.072473526000977,8.129056515915314,7.770699016100359,7.83671240174024,1633906
2003-05-23,1,7.79899263381958,7.978171439567824,7.761271039161537,7.921588432019489,1778597
2003-05-27,4,8.27994441986084,8.308235610306612,7.638673743056421,7.666964933502194,1489009
2003-05-28,1,8.581719398498535,8.732606359909177,8.251653054708198,8.298805653347305,1334598
2003-05-29,1,8.666592597961426,8.883493557541478,8.562858239619516,8.600579208910009,743854
2003-05-30,1,9.477615356445312,9.505906552631911,9.053244335839915,9.119257742503262,2075304
2003-06-02,3,9.609639167785645,9.807678723033934,9.553056789463916,9.703943747216313,2855365
2003-06-03,1,9.590778350830078,9.60020936335968,9.402169180338865,9.524765572050963,1940195
2003-06-04,1,9.637930870056152,9.703944263840416,9.355017116702228,9.477613507381736,1932803
2003-06-05,1,9.817109107971191,9.920843461602264,9.411599011426135,9.42102940721078,2370916
2003-06-06,1,10.17546558380127,10.430088721954672,10.043439432583606,10.288630944210848,3528448
2003-06-09,3,9.741668701171877,10.034013552496964,9.694516702933209,9.996291338344694,1212972
2003-06-10,1,10.08116340637207,10.08116340637207,9.74166662902265,9.854832016285387,2579740
2003-06-11,1,9.590778350830078,9.779388136882451,9.458752177710693,9.69451394860529,2875009
2003-06-12,1,9.760530471801758,9.788821673560404,9.421034204013834,9.628504248033352,2307468
2003-06-13,1,9.439892768859863,9.751098376725407,9.40217055989006,9.637932365377257,2246004
2003-06-16,3,9.87369155883789,9.977426528830184,9.43045987573548,9.571916429157303,762197
2003-06-17,1,9.958569526672363,10.147179373933794,9.788821095030029,9.93027832658576,1609608
2003-06-18,1,9.722804069519045,9.845400447739452,9.43989034491679,9.571916503506738,3151867
2003-06-19,1,9.345586776733398,9.68508352905031,9.222991000868362,9.571917534570566,2275504
2003-06-20,1,9.128684997558594,9.232419970408882,9.00608923247391,9.1192552170025,1551088
2003-06-23,3,8.713746070861816,9.053242830911282,8.704315673700572,8.996659832382647,1608650
2003-06-24,1,8.59115219116211,8.647734586636343,8.364821378142558,8.411973374371087,2434569
2003-06-25,1,8.88349437713623,9.08153394700058,8.666593397544807,8.67602379462776,2564819
2003-06-26,1,8.855203628540039,8.874064423648756,8.6383026381062,8.760899037435257,3013335
2003-06-27,1,9.024950981140137,9.156977147328623,8.911784992337287,8.958937590265329,3060699
2003-06-30,3,9.024950981140137,9.326724899410642,8.911784992337287,9.270142520570346,1610977
2003-07-01,1,9.279573440551758,9.28900445311832,9.006090080711683,9.090964884882604,2627445
2003-07-02,1,10.034010887145996,10.081162872859606,9.524765748071992,9.5719177337856,5226076
2003-07-03,1,9.883126258850098,10.090596289189005,9.807682443573762,9.901987058778843,2192823
2003-07-07,4,10.99591827392578,11.09965388624239,10.52439589716209,10.533826295452464,3408396
2003-07-08,1,10.99591827392578,11.109084284532765,10.72243549238244,10.977058708467526,2635385
2003-07-09,1,10.628128051757812,10.93933359238742,10.448950521778489,10.694142057082956,3565271
2003-07-10,1,10.298063278198242,10.401798262731615,10.062302117593624,10.33578548247658,2444493
2003-07-11,1,10.562116622924805,10.637559803052136,10.382937839000007,10.40179863403184,1602627
2003-07-14,3,11.146805763244627,11.410858114622862,10.854460989288064,11.354274500588543,2425534
2003-07-15,1,11.722063064575195,12.00497745617016,11.486303123450076,11.92953427501012,7947769
2003-07-16,1,11.391996383666992,11.599466335075034,11.193955597513336,11.54288395681527,3574443
2003-07-17,1,10.392369270324709,10.797878866093038,10.288634271769116,10.562117673619769,4071692
2003-07-18,1,10.911043167114258,11.080791543781912,10.66585161464868,11.024207930811146,3202652
2003-07-21,3,10.703573226928713,10.779016402898485,10.562116040863062,10.703573226928713,2157437
2003-07-22,1,11.571176528930664,11.637189311456895,11.043070575353656,11.203388564039749,4943400
2003-07-23,1,12.231310844421388,12.259602043401808,11.693774370425356,11.901245625193791,2414515
2003-07-24,1,12.165295600891112,12.504792382643553,12.014408005543093,12.40105677611603,4201325
2003-07-25,1,12.485928535461426,12.495358930920666,11.995544278214531,12.203014209439951,2189538
2003-07-28,3,12.410490036010742,12.55194602106263,12.203018795689468,12.36333680987086,1527748
2003-07-29,1,12.193588256835938,12.485933084835398,12.07099307119703,12.438781090358896,2089061
2003-07-30,1,12.203017234802246,12.221878030396685,11.797507667277037,12.221878030396685,1388806
2003-07-31,1,12.203017234802246,12.41048844858589,12.052129638924338,12.306752841694069,1830889
2003-08-01,1,12.702832221984863,12.75941460970608,12.514223031791689,12.646248603141196,2602737
2003-08-04,3,12.863149642944336,12.948023220729738,12.636818871060868,12.815996424163384,1555811
2003-08-05,1,12.372767448425291,12.863151899467336,12.353906650053208,12.825430302723165,1322347
2003-08-06,1,11.891809463500977,12.19358459989118,11.854087879232752,12.070989451019448,2520809
2003-08-07,1,11.854087829589844,11.957823417015236,11.627757093806128,11.72206105408176,1115097
2003-08-08,1,11.212821006774902,11.976688268398242,11.109085384189797,11.92010464193245,2174001
2003-08-11,3,11.608896255493164,11.646617839453109,11.165663950597242,11.212817161669363,1449037
2003-08-12,1,11.967256546020508,11.967256546020508,11.608898952890126,11.816368943998905,1048843
2003-08-13,1,12.231310844421388,12.372768070446169,12.03327122043576,12.12757644815984,3147418
2003-08-14,1,12.06156063079834,12.184157039322926,11.910674258611143,12.099283454967628,1644104
2003-08-15,1,12.02383518218994,12.13700115616504,11.83522604631284,11.85408683678834,1097233
2003-08-18,3,12.84428596496582,12.910298732871158,11.97668343117081,11.995544222000907,2448121
2003-08-19,1,13.202643394470217,13.249796606855549,12.749981912099935,12.87257829450624,2950024
2003-08-20,1,13.249796867370604,13.428975630815618,12.8725785476045,12.929160926232742,2990064
2003-08-21,1,13.872207641601562,13.975943240391704,13.570433704536512,13.947652049209577,2675904
2003-08-22,1,14.04195785522461,14.73038185512886,13.975945067171184,14.720951456835516,2277489
2003-08-25,3,14.107970237731934,14.33430100163806,13.97594344581905,14.258856592921118,2690004
2003-08-26,1,14.25885772705078,14.28715015202144,13.815626561183866,14.051388972163878,1574633
2003-08-27,1,14.928417205810549,14.994429975094542,14.551198919086293,14.57949010592229,3111621
2003-08-28,1,15.088739395141602,15.192475007096418,14.909560597126909,15.088739395141602,3509215
2003-08-29,1,14.871838569641112,15.098169352331352,14.626645759864438,14.654936953810411,2922646
2003-09-02,4,14.777531623840332,14.852974792554154,14.4286032751723,14.636074451379717,2713412
2003-09-03,1,14.239998817443848,14.63607927715272,14.164555623855078,14.447470062058184,3013883
2003-09-04,1,14.428606986999512,14.654937782487844,14.004236591568578,14.173984995965457,4230346
2003-09-05,1,14.834117889404297,15.18304386730509,14.447469086134678,14.504051477504126,2622654
2003-09-08,3,15.928050994873049,15.965772587901096,15.343362609570809,15.418805795626907,4157452
2003-09-09,1,15.456524848937988,15.701717625576784,15.333929691740874,15.588551633964856,2242856
2003-09-10,1,14.39088249206543,14.862404744686303,14.249425323830298,14.720947576451174,2763034
2003-09-11,1,14.381451606750488,14.570060763749366,14.004233292752737,14.400312399338151,5968287
2003-09-12,1,14.183412551879885,14.221135369503068,13.909929818626004,14.173982155254656,4047188
2003-09-15,3,13.909931182861328,14.381453522612452,13.909931182861328,14.353162329962071,2911558
2003-09-16,1,14.362591743469238,14.409743727989287,13.919360626736164,14.00423419887225,4123572
2003-09-17,1,14.617218017578123,14.8812704179305,14.52291279744491,14.579495190851295,3914201
2003-09-18,1,14.400317192077637,14.52291361582245,14.098541947993162,14.202277572873026,2456676
2003-09-19,1,14.1456880569458,14.31543639242096,14.032522089588356,14.23056160912237,1793860
2003-09-22,3,13.391254425048828,13.67416755734012,13.240366846636404,13.655306763928854,3797845
2003-09-23,1,13.806195259094238,13.88163966887122,13.372393288463108,13.372393288463108,3302992
2003-09-24,1,12.938591957092283,13.815623709872147,12.83485636993566,13.815623709872147,2754410
2003-09-25,1,12.834857940673828,13.353533477688403,12.787704723765344,13.221506686364869,2505820
2003-09-26,1,12.401053428649902,12.759410909197667,12.36333184777584,12.740550118760638,2336556
2003-09-29,3,12.514223098754885,12.76884630710774,12.250169492398024,12.646248670810856,3026476
2003-09-30,1,12.372767448425291,12.721694680554087,12.344476250867164,12.674542684623876,3207238
2003-10-01,1,12.749981880187988,12.7971350924553,12.429347177279151,12.429347177279151,3464179
2003-10-02,1,13.0328950881958,13.11776864682578,12.627385623608337,12.683967996028322,2407876
2003-10-03,1,14.202272415161133,14.485186757637194,13.985372075861324,14.098536827953993,4226718
2003-10-06,3,13.806195259094238,14.136261627952909,13.674168465326296,14.136261627952909,3525847
2003-10-07,1,14.164551734924316,14.192842924752654,13.683597814475782,13.806194201520844,2962960
2003-10-08,1,14.04195785522461,14.44746867520598,13.92879184458196,14.428606647496792,3078631
2003-10-09,1,14.164551734924316,14.532339664937236,14.051386975610972,14.466326888671116,2454007
2003-10-10,1,14.032526016235352,14.258856783161155,13.862778864382774,14.21170479653544,1539110
2003-10-13,3,14.221138954162598,14.334303742190276,14.01366771386668,14.183416127030783,1750124
2003-10-14,1,13.947650909423828,14.04195487232452,13.73074933250778,13.806193733950565,2861046
2003-10-15,1,14.758668899536133,15.28677474881565,14.692656130046998,15.0887352092261,8660002
2003-10-16,1,14.994431495666504,15.022723916493751,14.5229092050056,14.560630791278909,2614304
2003-10-17,1,14.815255165100098,15.183041892282027,14.805824767765236,15.022725137589395,2131497
2003-10-20,3,14.786965370178224,14.947283371140175,14.71152095324893,14.84354775953333,2396445
2003-10-21,1,15.362225532531738,15.465959927717844,14.504053016742494,15.041589485165735,4694399
2003-10-22,1,14.947282791137695,15.18304273763573,14.918990366435494,15.079308361176595,2731002
2003-10-23,1,14.636075019836426,14.777532197791158,14.40974304265995,14.504048238337193,3065832
2003-10-24,1,14.749242782592772,14.77753520884636,14.43803717390588,14.504051193667571,1919456
2003-10-27,3,14.749242782592772,14.900130387747708,14.522911990421626,14.77753520884636,1914117
2003-10-28,1,16.333555221557617,16.361846407043593,15.579118684109927,15.748867028147863,3125516
2003-10-29,1,16.2392520904541,16.465582816899747,15.946907363416958,15.946907363416958,2858103
2003-10-30,1,16.30527114868164,16.691919981229645,16.17324432769954,16.34299274578435,3374927
2003-10-31,1,16.55046272277832,16.61647551755572,16.182674689630417,16.475019528747005,3529817
2003-11-03,3,17.323762893676758,17.399206093266944,16.899391202613828,16.984266033275496,2350793
2003-11-04,1,16.889955520629883,17.135147073741372,16.814512344633215,16.95596953074929,2172495
2003-11-05,1,16.92767333984375,17.02197851996576,16.729633815821778,16.833368159721736,2103845
2003-11-06,1,17.83300018310547,17.9178749815456,17.48407305522077,17.53122503706404,3964439
2003-11-07,1,17.502931594848633,17.785845911733887,17.304892065477787,17.785845911733887,2441276
2003-11-10,3,16.635334014892578,17.418063200305404,16.616473218993768,17.35205041465957,2510884
2003-11-11,1,16.871091842651367,17.003117378076816,16.522164751068456,16.63532949571884,2226977
2003-11-12,1,17.634963989257812,17.76699079470397,17.191732813211924,17.26717599853974,2214178
2003-11-13,1,17.512365341186523,17.785848064903032,17.2766029715332,17.559516091546065,2636959
2003-11-14,1,16.673053741455078,17.4840727389791,16.63533092554053,17.25774199910289,3400662
2003-11-17,3,16.52216911315918,16.88052669474119,16.380711913877345,16.757930291213942,3476156
2003-11-18,1,16.135517120361328,16.607039382444583,16.11665632836777,16.55045700646392,2154905
2003-11-19,1,16.52216911315918,16.616473091932107,16.154381133699875,16.248685112472806,1345002
2003-11-20,1,16.220394134521484,16.69191772802324,16.173242144508045,16.541030128857777,3112306
2003-11-21,1,16.9465389251709,17.003121310582543,16.625904176715842,16.927678130033684,2735930
2003-11-24,3,17.578378677368164,17.587809073966074,16.786220438654475,16.786220438654475,1502766
2003-11-25,1,17.81414031982422,18.09705468788945,17.766988335520782,17.870722700988345,2303361
2003-11-26,1,17.719839096069336,18.059334666765185,17.52179950019572,18.002752276836294,2382962
2003-11-28,2,17.748130798339844,17.842434784250216,17.653825581306943,17.66325597989798,699708
2003-12-01,3,17.96502685546875,18.229079183327094,17.682113734986398,18.210218390703087,2014868
2003-12-02,1,18.106481552124023,18.436547840095816,18.106481552124023,18.37053384382822,2577207
2003-12-03,1,18.653451919555664,19.15326541872635,18.46484274997069,18.72889509494073,3979976
2003-12-04,1,18.681739807128903,19.181553217925504,18.27623034888937,19.153262032158384,3086023
2003-12-05,1,17.804706573486328,18.295090811356364,17.634958230805243,18.238508440836693,2473103
2003-12-08,3,18.106481552124023,18.172494317269557,17.66324929278068,17.75755447411065,1571553
2003-12-09,1,17.48407745361328,18.37054109088178,17.42749506116717,18.351680293399745,2746402
2003-12-10,1,17.05970573425293,17.35205053495611,16.710778545461054,17.257745323685825,3544053
2003-12-11,1,17.700973510742188,17.82356989540439,17.182299245059426,17.182299245059426,1943891
2003-12-12,1,17.91788673400879,18.012190759549984,17.634972195139106,17.955608344225265,1269028
2003-12-15,3,17.559518814086914,18.54028756770586,17.51236805641682,18.455412756756903,1455197
2003-12-16,1,17.37091064453125,17.795281000671345,16.96540108367539,17.719837819534405,3534266
2003-12-17,1,17.22001838684082,17.32375396392822,16.946534467051727,17.144573995016692,1466491
2003-12-18,1,17.908443450927734,18.106482993248687,17.521794762057194,17.521794762057194,1705430
2003-12-19,1,17.91788673400879,18.125356821322463,17.559527743583104,17.993329954441744,1123721
2003-12-22,3,17.8707218170166,18.04047018323471,17.65382146882742,17.804709042257098,989433
2003-12-23,1,18.342247009277344,18.370538201049968,17.748128288685123,17.78584987771529,1599204
2003-12-24,1,18.521427154541016,18.63459316110166,18.34224836230809,18.34224836230809,645226
2003-12-26,2,18.813766479492188,18.889210877226525,18.44597981113571,18.483701394441795,857540
2003-12-29,3,18.992950439453125,19.04953282626027,18.77605005890331,18.80434125230688,1666417
2003-12-30,1,19.106115341186523,19.22871174454652,18.936366948504386,19.106115341186523,1308316
2003-12-31,1,18.90807723999023,19.124977639030313,18.61573242098674,18.93636843580557,1307152
2004-01-02,2,19.360742568969727,19.54935179657407,19.162702941541298,19.285298139254373,2188853
2004-01-05,3,19.558780670166016,19.719098685788,19.313587831627636,19.483336246337824,2129649
2004-01-06,1,19.756816864013672,19.879412030950075,19.50219490156184,19.747386466557025,1223102
2004-01-07,1,19.822826385498047,19.89827078386354,19.55877406902427,19.87940876093053,1443083
2004-01-08,1,20.75644302368164,20.888471036794133,20.36979430532376,20.680999851757083,2518756
2004-01-09,1,20.89790153503418,21.33170475131337,20.690432786787,20.888473599631396,2577002
2004-01-12,3,21.048791885375977,21.086513478700645,20.662143091553105,20.85075105817646,2074825
2004-01-13,1,20.624414443969727,21.378850976909906,20.473526891157277,21.34112939648731,2475772
2004-01-14,1,20.54897689819336,20.775307687256394,20.18118890429499,20.501824906955743,3188416
2004-01-15,1,20.08688163757324,20.426378381220623,19.74738489392586,19.983146042688983,4397419
2004-01-16,1,20.520687103271484,20.6432835199747,20.18119028095688,20.36979948989582,3170210
2004-01-20,4,20.69986343383789,20.93562584011328,20.36979704995029,20.747015422644,1666417
2004-01-21,1,20.26606559753418,20.49239765244124,19.794543150576935,20.162331200897565,2889793
2004-01-22,1,19.530481338500977,20.08687834633446,19.445606550934738,19.954851582965915,2163666
2004-01-23,1,19.087251663208008,19.935993498455353,18.879781710396937,19.898271912693748,4578796
2004-01-26,3,19.209848403930664,19.32301316331193,18.842060473697007,19.294721973466615,3497648
2004-01-27,1,18.823205947875977,19.285297998119702,18.766622318222883,19.219285199834225,3223596
2004-01-28,1,18.530858993530273,19.238143819510174,18.46484620272457,19.172131028704467,2613072
2004-01-29,1,18.247943878173828,18.67231423657703,18.002751075926383,18.58743942622294,2688292
2004-01-30,1,18.163068771362305,18.38939954340835,18.087624359932025,18.35167795325441,1835885
2004-02-02,3,18.125347137451172,18.66288348921433,18.00275073862443,18.408261525167525,2626966
2004-02-03,1,18.07819366455078,18.40826001272716,17.917875688833043,18.247942037009427,3299296
2004-02-04,1,17.47464370727539,17.908445659626967,17.399200531799803,17.908445659626967,2459893
2004-02-05,1,17.99332046508789,18.09705606959796,17.748128896867364,18.03104205541068,2159422
2004-02-06,1,18.89863967895508,19.02123604548103,18.3045210986316,18.36110346881801,1628156
2004-02-09,3,18.625154495239254,19.153260274460717,18.540280945726764,19.143831111192423,1647663
2004-02-10,1,18.578012466430664,18.63459485930622,18.37054123030851,18.530859241245142,1449585
2004-02-11,1,18.85149574279785,18.917508536165705,18.427124092065306,18.6723169296768,2884386
2004-02-12,1,18.4271183013916,18.908072195300942,18.398827113124383,18.842059422677433,1419606
2004-02-13,1,18.408262252807617,18.80434142636878,18.22908223068156,18.74775903903788,2309863
2004-02-17,4,19.568206787109375,19.71909437062417,19.22871003198167,19.285292414128847,3210592
2004-02-18,1,19.153261184692383,19.690798614971808,19.09667881566173,19.615354225142223,2465780
2004-02-19,1,19.181556701660156,20.26605973976522,19.181556701660156,20.26605973976522,3757600
2004-02-20,1,18.559146881103516,18.95522601757495,18.3516769158624,18.87035244452635,3302513
2004-02-23,3,18.012184143066406,18.63459540749781,17.757562136513396,18.596872580015148,2503698
2004-02-24,1,17.616098403930664,17.917873525448318,17.323754909137445,17.59723761272608,3248852
2004-02-25,1,17.8707218170166,17.91787503010992,17.408629931455597,17.691544285526525,2395966
2004-02-26,1,17.64438819885254,17.917872111989418,17.44634867570468,17.70097056800277,2325811
2004-02-27,1,17.22001838684082,17.880150967472087,17.11628280975342,17.738693810033663,2896090
2004-03-01,3,17.59724235534668,17.653824744209917,17.154011180339708,17.25774555992231,2144912
2004-03-02,1,17.550092697143555,18.07819875675643,17.540662297746323,17.94617193407255,2433884
2004-03-03,1,17.653823852539062,17.757559458004593,17.3614790626,17.58781106886617,1847452
2004-03-04,1,18.07819366455078,18.106484854773505,17.587809340656662,17.653822117843024,1825687
2004-03-05,1,18.07819366455078,18.361106797900327,17.804709696819852,17.889583267488028,2634495
2004-03-08,3,17.625530242919922,18.27623251725389,17.540656675548835,18.021610584018383,4496732
2004-03-09,1,17.25774574279785,17.455785337040226,16.89938814728832,17.361480123479698,2657150
2004-03-10,1,16.92767333984375,17.361473967487672,16.82393899594379,17.248309228687717,2179887
2004-03-11,1,16.50330924987793,17.021984855802675,16.437295229884505,16.757931238073983,2356337
2004-03-12,1,16.9465389251709,17.040844131979373,16.60704215045623,16.83337292322521,1308589
2004-03-15,3,15.918619155883787,16.578750667496195,15.90918752735791,16.512737885671665,2155384
2004-03-16,1,16.493879318237305,16.54103131162234,16.16381290229696,16.51274011559132,2249974
2004-03-17,1,17.003122329711914,17.097427542172834,16.59761397883412,16.70134835830641,2403837
2004-03-18,1,16.795654296875,16.974831869164234,16.390143466221268,16.795654296875,2462768
2004-03-19,1,15.84317111968994,16.408997252682298,15.701713970880853,16.192096947773425,2848658
2004-03-22,3,15.541399955749512,15.663995115355094,15.239624792937304,15.456525152592569,2062163
2004-03-23,1,15.7771577835083,16.06007209289926,15.61683983900303,15.928045333108676,2109732
2004-03-24,1,16.031774520874023,16.173231630073634,15.626265208140572,15.692277951243618,3745075
2004-03-25,1,17.02198600769043,17.0597076038836,16.503310366666604,16.559892760956355,2790754
2004-03-26,1,17.02198600769043,17.144581195318224,16.814515997505417,16.984264411497264,2452501
2004-03-29,3,17.33318519592285,17.52179558242531,17.182298856516436,17.23888123379384,1979482
2004-03-30,1,17.154006958007812,17.314323686992875,16.814510246148046,16.97482697513311,3151251
2004-03-31,1,17.286033630371094,17.625530364440618,17.220020855294006,17.427490808087104,1461220
2004-04-01,1,17.634963989257812,17.795281989201904,17.2860367948717,17.389772405819922,1339184
2004-04-02,1,18.266807556152344,18.37054194713864,17.870727097200472,18.012184316031668,2140668
2004-04-05,3,18.238508224487305,18.35167296418426,17.861288732131275,18.02160790894608,1639860
2004-04-06,1,17.804706573486328,17.917872545647743,17.606667045545407,17.776415388226493,3177944
2004-04-07,1,17.719839096069336,17.917878691942956,17.352051099286545,17.757560689355266,3578755
2004-04-08,1,17.53122901916504,17.908448652960853,17.40863383852586,17.757561045667032,2513554
2004-04-12,4,17.823572158813477,17.89901533980318,17.40863220112529,17.40863220112529,1261157
2004-04-13,1,17.653823852539062,17.93673824481057,17.56895027353106,17.842433037012597,2034237
2004-04-14,1,17.238880157470703,17.37090692733034,17.040840618242317,17.040840618242317,1806591
2004-04-15,1,16.30527114868164,17.01255601884791,16.14495312987251,16.88052919786581,3875598
2004-04-16,1,16.56932258605957,16.682487362310866,16.088368593624203,16.53159976285335,4119740
2004-04-19,3,16.90882110595703,16.90882110595703,16.503311457824022,16.69192068238282,1289699
2004-04-20,1,16.286409378051758,16.95597261115144,16.173243362375494,16.918249785177654,2007886
2004-04-21,1,15.956339836120604,16.4184317448017,15.852604239471743,16.126088210831824,4010571
2004-04-22,1,15.711148262023926,15.843176290533412,14.8058251688622,15.654565876481918,4258750
2004-04-23,1,15.928050994873049,16.09779939462176,15.67342901081122,16.078937366985244,2142585
2004-04-26,3,15.682853698730469,16.29583433485145,15.569688951967557,16.258112752597143,2972132
2004-04-27,1,15.739439964294434,16.01292271299788,15.61684357011849,15.852604730190064,3077057
2004-04-28,1,15.135891914367676,15.588554739883236,15.088739921435597,15.43766713137805,2514033
2004-04-29,1,14.65493392944336,15.032153464242835,14.456894381568898,14.900126688619128,4161491
2004-04-30,1,14.683228492736816,15.003864467018836,14.522910505595805,14.89069846694213,2200420
2004-05-03,3,14.95671272277832,15.362223544860532,14.683229939731945,14.994434316147132,3450148
2004-05-04,1,15.28677749633789,15.569691878670085,15.041585934473058,15.135889907835544,2807249
2004-05-05,1,15.343361854553224,15.531971041534865,15.277347838880072,15.371653047932105,2873298
2004-05-06,1,14.720947265625,15.11702757454474,13.608153197099504,14.956708386957446,3611129
2004-05-07,1,14.626643180847168,15.003862726981597,14.560630406612818,14.636074808288596,2661120
2004-05-10,3,14.372023582458496,14.532341577035238,14.08911041582846,14.381453980308748,1724937
2004-05-11,1,14.93784999847412,14.975572818097575,14.560631651218271,14.71151923634508,2184336
2004-05-12,1,14.617218017578123,14.702091607687706,14.12683358135506,14.617218017578123,2388643
2004-05-13,1,14.6643648147583,14.909556330408089,14.400311276868868,14.428602463545134,2503561
2004-05-14,1,14.475753784179688,14.89069359688263,14.438030975743258,14.82467960546036,2396103
2004-05-17,3,14.296578407287598,14.598352327562976,14.051386866228428,14.239994796949125,1404206
2004-05-18,1,14.626643180847168,14.824682734672455,14.456894815979458,14.466326443420886,1413241
2004-05-19,1,14.871838569641112,15.352791328967566,14.871838569641112,15.1547517402233,2100492
2004-05-20,1,14.749242782592772,14.918991184501762,14.579494380683787,14.871839192616626,1114618
2004-05-21,1,14.966142654418944,15.16418224455207,14.768103064285825,15.145322679578276,971500
2004-05-24,3,15.220765113830566,15.30563869208084,14.99443310958504,15.23019551141393,1083339
2004-05-25,1,15.739439964294434,15.739439964294434,15.107598430221124,15.19247323576519,1386137
2004-05-26,1,15.84317111968994,15.975196642864557,15.371647700700311,15.607408794634129,2175028
2004-05-27,1,16.427865982055664,16.55046116078632,16.069508381982587,16.08836917871038,2975417
2004-05-28,1,16.607044219970703,16.6730582422998,16.229827039096453,16.33356142527817,2334161
2004-06-01,4,16.267547607421875,16.38071238520552,16.060077617029382,16.229826014827324,2116097
2004-06-02,1,16.031774520874023,16.37127109050443,15.918609818411658,16.361840698632566,1847452
2004-06-03,1,15.626275062561035,15.862036239157696,15.616844664742066,15.767732260968003,1603243
2004-06-04,1,16.041213989257812,16.258114339513327,15.918617603842844,16.182669936518632,1463205
2004-06-07,3,16.72963523864746,16.72963523864746,16.3335561569177,16.37127773972584,1505983
2004-06-08,1,16.55988883972168,16.616471220613224,16.31469729140268,16.3995720938623,2534772
2004-06-09,1,15.87146282196045,16.23925068221143,15.82430961673496,16.182667082165253,2024724
2004-06-10,1,15.880898475646973,15.956342896166122,15.739442495528335,15.9091896716707,1411051
2004-06-14,4,14.909561157226562,15.173614780600666,14.777535576662045,15.145323584765412,2817447
2004-06-15,1,15.437664985656738,15.437664985656738,15.211334219918529,15.315069821073154,2451748
2004-06-16,1,15.107600212097168,15.267918213813802,14.98500380346151,15.230196620732828,1341374
2004-06-17,1,14.617218017578123,15.041588430371169,14.513482398543845,14.994435204743272,2233137
2004-06-18,1,14.777531623840332,14.9378483573572,14.61721365920126,14.636074451379717,1045215
2004-06-21,3,14.834117889404297,15.098170280250915,14.758673469789173,14.966143469266342,923658
2004-06-22,1,15.26792049407959,15.28678129343694,14.834119646615187,14.881271645008562,1631168
2004-06-23,1,15.38108253479004,15.50368017089549,15.060447772032308,15.249056962940218,1612756
2004-06-24,1,15.494244575500488,15.852602069603872,15.47538378435001,15.71114490485314,1099286
2004-06-25,1,15.65456771850586,15.843178154750554,15.428236918583792,15.456528114683731,837007
2004-06-28,3,15.673425674438477,16.06950477916536,15.635702858317924,16.06950477916536,1202227
2004-06-29,1,16.041213989257812,16.041213989257812,15.701717253587333,15.701717253587333,1227962
2004-06-30,1,16.135517120361328,16.295835083428734,15.928047177310033,16.173238704348435,1049116
2004-07-01,1,15.890329360961914,16.276978180705704,15.730012578584432,16.276978180705704,1914802
2004-07-02,1,15.739439964294434,15.796022347242248,15.51310920138083,15.635704364434428,1453349
2004-07-06,4,15.19247055053711,15.475383646394402,15.145318573081248,15.456522855412056,2228825
2004-07-07,1,15.26792049407959,15.418808120061064,15.098172068740764,15.135893667455464,1570868
2004-07-08,1,15.277345657348633,15.645133581000604,15.183040461762928,15.211332882224214,1953336
2004-07-09,1,15.65456771850586,15.72058050940572,15.409376121183833,15.428236918583792,1331450
2004-07-12,3,15.088739395141602,15.23962699838384,14.928421393641878,15.211335803611387,2579329
2004-07-13,1,15.041579246520996,15.267909913079704,14.94727531508896,15.098161605380218,1301060
2004-07-14,1,14.004237174987791,14.711522017586653,13.825058364611047,14.692661219770423,11268488
2004-07-15,1,13.815628051757812,14.02309806015119,13.674170836132417,13.85334964762523,2518140
2004-07-16,1,14.070247650146484,14.353162033042512,14.004234868661184,14.296579648912257,2633195
2004-07-19,3,13.909931182861328,14.08910996743613,13.721322000736398,13.975943965712217,2811424
2004-07-20,1,14.230563163757324,14.239993559473843,13.99480203972216,14.02309322687172,2144433
2004-07-21,1,13.966514587402344,14.504050980354773,13.881641003257348,14.456897758040624,2661394
2004-07-22,1,13.98537540435791,14.079680618001817,13.561005020766553,13.759044615184015,2773300
2004-07-23,1,13.108342170715332,13.598726571676032,13.070620577823542,13.551574580561295,2803621
2004-07-26,3,12.96688461303711,13.18378497678582,12.759413415236777,13.089479774956366,2089609
2004-07-27,1,13.061190605163574,13.070621003693784,12.759415389951783,13.004606982859784,2477620
2004-07-28,1,12.882010459899902,13.004605628020494,12.533083288388813,12.938594076308725,2774327
2004-07-29,1,13.315810203552246,13.419545799864256,13.004604645738524,13.014036273696252,1922947
2004-07-30,1,13.381826400756836,13.551574802674583,13.202646369339076,13.212077998839092,1824592
2004-08-02,3,13.344101905822754,13.42897671171897,13.136633167486636,13.230937139457598,1033922
2004-08-03,1,12.721693992614746,13.164926423758304,12.646249572083534,13.127203597931423,1344044
2004-08-04,1,12.900871276855469,13.014037278742476,12.580235297444286,12.59909732369412,1723773
2004-08-05,1,12.52365016937256,12.976311615542564,12.504789378375651,12.976311615542564,1562176
2004-08-06,1,12.467070579528809,12.787705329176797,12.40105656518055,12.72169254595094,2202953
2004-08-09,3,12.608529090881348,12.712263475350568,12.485932678113375,12.580236663994484,1057535
2004-08-10,1,12.957452774047852,12.985743964799736,12.787704398414224,12.88200959870949,948572
2004-08-11,1,12.495360374450684,12.495360374450684,11.920101260491526,11.986115267454622,3009023
2004-08-12,1,11.81636905670166,12.052130244602678,11.627759860156347,11.99554785497583,3563628
2004-08-13,1,12.146432876586914,12.203015254186592,12.00497570146549,12.146432876586914,1549240
2004-08-16,3,12.344477653503418,12.47650325710937,12.259602820062558,12.33504725324585,1951283
2004-08-17,1,12.68397045135498,12.740552834728025,12.45763968674046,12.55194365902886,1965245
2004-08-18,1,12.92916488647461,12.966887714903637,12.32561563620435,12.35390683418415,2348876
2004-08-19,1,12.872581481933594,13.042329887635033,12.74998506917074,12.9857462649862,1426108
2004-08-20,1,12.853719711303713,12.8914413027978,12.533083721359084,12.627388931216744,1252260
2004-08-23,3,12.948023796081545,13.10834179236684,12.815996993648517,12.929163000180033,614015
2004-08-24,1,12.627389907836914,13.061190705814573,12.570806285097088,13.042329908608808,1720762
2004-08-25,1,12.759410858154297,12.84428564590349,12.325610217593804,12.467067376427735,2284265
2004-08-26,1,12.61795425415039,12.721689836822568,12.542511089386728,12.71225944122711,814968
2004-08-27,1,12.448209762573242,12.580236572974083,12.401057769973844,12.551945377414446,1695711
2004-08-30,3,12.391624450683594,12.448206828466112,12.3161812803069,12.42934726699417,1037276
2004-08-31,1,12.203017234802246,12.2313084281939,12.00497764993825,12.089851230113208,1432337
2004-09-01,1,12.467070579528809,12.570804953169436,12.240739805917755,12.259599370002745,1396404
2004-09-02,1,12.636817932128906,12.646247097837623,12.184155190873003,12.231307175028109,1580040
2004-09-03,1,11.703202247619627,12.127572558462267,11.627757843413248,11.957824187900757,2396240
2004-09-07,4,12.033267974853516,12.14643397137503,11.882381620987946,12.070990794442244,2662763
2004-09-08,1,12.033267974853516,12.250168339657607,11.986115989270523,12.023837577736916,1117082
2004-09-09,1,12.35390281677246,12.37276360929225,11.863518517891295,11.9012413340531,2748524
2004-09-10,1,12.976314544677734,13.032898161563164,12.457640212938532,12.514222598701556,2178313
2004-09-13,3,13.230937957763672,13.438407940053729,13.051759168814655,13.070619964375352,2524163
2004-09-14,1,13.30638027191162,13.36296388602467,13.070619111661344,13.146062288982282,1599273
2004-09-15,1,12.693402290344238,12.985745868766031,12.617957872821924,12.976315470466057,1964287
2004-09-16,1,12.768847465515137,12.957455442705871,12.721694240094886,12.721694240094886,1953610
2004-09-17,1,12.98574447631836,13.042328091173315,12.81599609399821,12.93859372099689,1416184
2004-09-20,3,13.108342170715332,13.240368976959074,12.712262983106584,12.721693381329532,2754684
2004-09-21,1,13.551569938659668,13.636443493593935,13.17435044558562,13.334669622705585,3274861
2004-09-22,1,13.108342170715332,13.476130163655236,13.0423293831547,13.40068697787166,2632031
2004-09-23,1,12.995176315307615,13.117771482048148,12.882010314886283,13.070619494840251,1523163
2004-09-24,1,12.702832221984863,13.070620204417676,12.646248603141196,13.032898612603532,995319
2004-09-27,3,12.58023166656494,12.768842025647766,12.48592771814557,12.570801271723004,1232753
2004-09-28,1,12.485928535461426,12.53308051275763,12.306749790613726,12.514219721839147,2721214
2004-09-29,1,12.014410018920898,12.11814564283246,11.901245226787516,11.957827622854207,7826212
2004-09-30,1,12.137002944946287,12.240738538972444,11.976684971154382,12.070990168552912,2669949
2004-10-01,1,12.589661598205566,12.665105985287342,12.32560932122435,12.353900504709268,3722899
2004-10-04,3,12.825428009033203,13.01403719014594,12.797136816534652,12.825428009033203,2967272
2004-10-05,1,12.891441345214844,13.051759340714655,12.778275339237789,12.85371975359664,1940332
2004-10-06,1,12.91972827911377,12.957449858294645,12.683967178111274,12.815992705244332,1078821
2004-10-07,1,12.80656623840332,12.99517665440123,12.79713707183808,12.891441048714622,949119
2004-10-08,1,12.504793167114258,12.731123958773622,12.429349980268638,12.655680771928004,2188648
2004-10-11,3,12.316181182861328,12.363333163973694,12.221875989514372,12.287889994193907,1507831
2004-10-12,1,12.089849472045898,12.2030154602787,11.788075555295508,11.90124154352831,2597535
2004-10-13,1,12.335043907165527,12.457640308380402,12.165295517453552,12.325613509466107,3673413
2004-10-14,1,12.10871410369873,12.363336093153984,12.052130481835608,12.353905694697216,3227224
2004-10-15,1,12.4764986038208,12.551943008866024,12.3067514624942,12.429347851241255,2151277
2004-10-18,3,12.335043907165527,12.372765497963206,12.203017108251233,12.344474304864947,2430120
2004-10-19,1,12.401053428649902,12.683967747449548,12.401053428649902,12.561371378486756,1642461
2004-10-20,1,12.627389907836914,12.702833096659974,12.316184291696729,12.391627480519787,1865932
2004-10-21,1,13.155495643615724,13.193217237226254,12.67454163171393,12.797138042070664,2183857
2004-10-22,1,12.91972827911377,13.098907011344956,12.882006699932896,13.080046221754518,2391586
2004-10-25,3,13.0894775390625,13.164921933863411,12.929159585122951,12.938591211704924,1731781
2004-10-26,1,12.84428596496582,12.919729128286209,12.759411175108273,12.882007546626014,1370668
2004-10-27,1,13.155495643615724,13.221508432434153,12.749984818934992,12.844290034083828,2610950
2004-10-28,1,13.419548034667969,13.62701803072038,13.306382022674605,13.334674449014823,3067064
2004-10-29,1,13.438405990600586,13.636445546381529,13.34410079535515,13.523280789433702,1542943
2004-11-01,3,13.362967491149902,13.476132287661448,13.268662262934267,13.438410688824266,1796530
2004-11-02,1,13.221503257751465,13.419542777819792,13.183781678904548,13.353530014837691,2373448
2004-11-03,1,13.344101905822754,13.693030295482364,13.334672739748006,13.674168269965822,3653222
2004-11-04,1,13.749611854553224,13.834485424240016,13.315809916120571,13.344101106016169,4521235
2004-11-05,1,14.192843437194824,14.334300622566184,14.023095060973654,14.12683065854527,2967409
2004-11-08,3,14.409744262695312,14.551201452626856,14.30600989290191,14.35316187917164,2276325
2004-11-09,1,14.494620323181152,14.551202711600348,14.306011130661368,14.3248719268011,1943754
2004-11-10,1,14.183412551879885,14.390883739879442,14.1551213620042,14.38145211213194,1783662
2004-11-11,1,14.494620323181152,14.588925535002277,14.17398432656078,14.239997113049842,1584763
2004-11-12,1,14.862406730651855,14.871837127719507,14.485188385701084,14.749240734717691,2414788
2004-11-15,3,14.852978706359863,14.900130699230695,14.6360783080315,14.664369503754,2605338
2004-11-16,1,14.683228492736816,14.805824890226384,14.532340903008665,14.588924518608207,1338157
2004-11-17,1,15.154751777648926,15.286778580845302,14.900129800383906,14.909560198389189,2879526
2004-11-18,1,15.145326614379885,15.20190901736892,14.786968933203736,14.89070333868364,3738367
2004-11-19,1,14.588923454284668,15.00386337242368,14.504048652638518,14.947280992074438,1637602
2004-11-22,3,14.65493392944336,14.730378328852131,14.400312005353964,14.494617196834383,1376281
2004-11-23,1,14.504050254821776,14.636077054676576,14.38145385273358,14.588925065843585,862537
2004-11-24,1,14.447465896606444,14.522909068443656,14.296578321809768,14.466326689565747,1388190
2004-11-26,2,14.52291202545166,14.626646407849169,14.49462083025234,14.560633619050757,426751
2004-11-29,3,14.6643648147583,14.937847517084355,14.65493318807741,14.871834748173065,1638971
2004-11-30,1,14.39088249206543,14.626642387253698,14.353159677713135,14.617213222568337,1021123
2004-12-01,1,14.862406730651855,14.890697921854814,14.306009610293351,14.315440007361005,2026777
2004-12-02,1,14.871838569641112,15.060447760403388,14.768102960716758,14.881268967623104,2280021
2004-12-03,1,15.456524848937988,15.68285560103956,15.456524848937988,15.55082881601269,1470803
2004-12-06,3,15.663997650146484,15.814885255969635,15.456527653810587,15.53197207228342,1430420
2004-12-07,1,15.40937614440918,15.890328941078158,15.381083717144053,15.79602495393622,2342443
2004-12-08,1,15.2396240234375,15.399941993641349,15.107597242483344,15.352788780436276,1143228
2004-12-09,1,14.871838569641112,15.051017362421396,14.485189790134571,14.739811766770783,1755052
2004-12-10,1,14.6643648147583,14.834113165938042,14.6643648147583,14.6643648147583,725443
2004-12-13,3,14.947282791137695,15.003865178297223,14.805825592116436,14.8341167856962,662268
2004-12-14,1,15.069879531860352,15.135892323750722,14.9095615204326,14.918991919274085,1096343
2004-12-15,1,15.154751777648926,15.333931801994158,15.135890981638363,15.25848738682946,1096001
2004-12-16,1,14.843545913696287,15.09816786525379,14.673797535617178,14.985001869493606,1325495
2004-12-17,1,14.673794746398926,14.928416649557493,14.57948956267073,14.871834277993832,1746634
2004-12-20,3,14.447465896606444,14.654934619158777,14.390883517728538,14.570061050841916,895801
2004-12-21,1,14.71152114868164,14.78696556661316,14.55120314558997,14.560633543941098,718461
2004-12-22,1,14.730381965637209,14.796394754185863,14.5889259901758,14.71152116890902,711069
2004-12-23,1,14.834117889404297,14.890700280773745,14.720951875542871,14.730382274104446,477879
2004-12-27,4,14.862406730651855,14.95671070132838,14.768101528852997,14.824683911258912,777255
2004-12-28,1,14.834117889404297,14.94728390326572,14.834117889404297,14.93785227358162,364124
2004-12-29,1,14.918985366821287,14.975568966141095,14.645502689409982,14.65493185298759,1101134
2004-12-30,1,14.966142654418944,15.098169458215182,14.87183867393768,15.013295875782042,439824
2004-12-31,1,15.01329517364502,15.173613164087934,14.975573583216663,15.032155968859197,382673
2005-01-03,3,14.834117889404297,15.239627489797066,14.786965896596422,15.192475496989193,1276968
2005-01-04,1,14.343732833862305,14.84354762879771,14.239997223169116,14.796394406961277,1618300
2005-01-05,1,14.13626194000244,14.315440724384782,14.089109952302456,14.258857108022404,1786674
2005-01-06,1,13.909931182861328,14.09853913386386,13.872208361538425,14.032526351012974,1695916
2005-01-07,1,13.787333488464355,14.023094636193528,13.655306704042214,13.94765146287932,1506188
2005-01-10,3,14.02309799194336,14.249430028292156,13.730753163147666,13.787336787796152,2001521
2005-01-11,1,13.655305862426758,14.004232979744144,13.627014674177596,13.900497391708353,2273656
2005-01-12,1,14.400317192077637,14.447470420362652,14.136264776845705,14.296582798320417,3603874
2005-01-13,1,14.202272415161133,14.4003119624455,14.164550831130244,14.372020774422332,1242198
2005-01-14,1,14.570063591003418,14.60778641462092,14.30601121241573,14.324872008663244,2892052
2005-01-18,4,14.334299087524414,14.59835140496792,14.306007899704271,14.362590275344555,2752288
2005-01-19,1,13.957082748413086,14.419175907758255,13.891069967559073,14.39088471596368,3657808
2005-01-20,1,13.872207641601562,14.126830824485396,13.777903670994464,13.806194862176593,2403084
2005-01-21,1,14.089107513427734,14.155120284780669,13.966511135507249,14.02309351095262,2099465
2005-01-24,3,13.872207641601562,14.183413206849655,13.862778475663184,14.107970030363976,1653207
2005-01-25,1,14.1268310546875,14.2305654240457,14.004234659778184,14.023095454206947,1058562
2005-01-26,1,14.287147521972656,14.36259069167994,14.126829555222454,14.249425937119012,1532882
2005-01-27,1,15.079304695129396,15.126456672965515,14.673795223494466,14.777530805856072,2848795
2005-01-28,1,15.060447692871094,15.258487280727335,14.843547309135444,15.220765688968518,1351846
2005-01-31,3,15.494244575500488,15.550826948951928,15.192470685970685,15.220761872696402,2736340
2005-02-01,1,15.522544860839844,15.56026769637436,15.296214003247044,15.418810448707788,1549856
2005-02-02,1,15.59798526763916,15.748872877393872,15.513111679658564,15.550832043194063,2640860
2005-02-03,1,15.25848388671875,15.333928284577418,15.12645711380771,15.296205470086996,1267865
2005-02-04,1,15.880898475646973,15.93748209881697,15.258488469757337,15.258488469757337,2071676
2005-02-07,3,15.739439964294434,15.92804913857616,15.72057793885615,15.852604730190064,1781130
2005-02-08,1,15.86203956604004,15.890330765430704,15.522542711106682,15.53197434202626,2661462
2005-02-09,1,15.59798526763916,15.748872877393872,15.531972476987583,15.692289254284267,1615836
2005-02-10,1,15.720576286315918,15.862033459937882,15.59798113614947,15.730007913604783,1481206
2005-02-11,1,16.352420806884766,16.47501721106156,15.67342846275488,15.701719656536651,3999277
2005-02-14,3,16.76736068725586,16.88052545346201,16.71077707303044,16.805081044868896,3539810
2005-02-15,1,16.842802047729492,17.031411202181648,16.673053685610334,16.739066458775813,2396172
2005-02-16,1,16.673053741455078,16.720205722445495,16.503305378767365,16.625901760464664,1829246
2005-02-17,1,16.64476203918457,16.955967566361593,16.541026453084836,16.908814355704163,1395240
2005-02-18,1,16.70134162902832,16.833367149706632,16.559884482893867,16.63532763756719,876705
2005-02-22,4,16.93710708618164,17.3048950223018,16.70134593590834,16.74849791973854,3189374
2005-02-23,1,17.116283416748047,17.436919323346633,16.93710467260438,17.418058532502258,4135345
2005-02-24,1,17.427492141723633,17.465213730368607,16.965400218577997,17.201161378731435,4450121
2005-02-25,1,17.653823852539062,17.757559458004593,17.418062679727747,17.427493077395305,1755737
2005-02-28,3,17.2766056060791,17.70097596637264,17.125719242328454,17.55008960262199,1479906
2005-03-01,1,17.587814331054688,17.672687925805054,17.3897747121812,17.427496309848028,1204417
2005-03-02,1,17.37091064453125,17.521798237927534,17.267175039345553,17.323758656320663,1501603
2005-03-03,1,16.9465389251709,17.39920170183126,16.852234949484824,17.370910509125437,2546749
2005-03-04,1,17.02198600769043,17.144581195318224,16.908819987988338,17.10685959912506,2885755
2005-03-07,3,16.90882110595703,17.003125102675096,16.805085478444493,16.823947508910777,2814093
2005-03-08,1,16.64476203918457,16.823940792540707,16.531596057177786,16.710774810533923,1743212
2005-03-09,1,16.484445571899414,16.682485135021242,16.456154381613768,16.578749539518242,1163624
2005-03-10,1,16.64476203918457,16.739065998255075,16.45615288992138,16.68248362281277,1803511
2005-03-11,1,16.286409378051758,16.77679257336296,16.239257384487708,16.710779782373294,1622749
2005-03-14,3,16.427865982055664,16.46558757551125,16.248685950896622,16.333560767294195,1341100
2005-03-15,1,16.11665916442871,16.559890316517365,16.11665916442871,16.55045991886111,1517892
2005-03-16,1,15.956339836120604,16.21096178262628,15.890325826935946,16.06007543276947,2768372
2005-03-17,1,16.031774520874023,16.173231630073634,15.90917819541814,16.08835810322686,3790864
2005-03-18,1,15.84317111968994,15.937475064814668,15.786587521493106,15.937475064814668,1383125
2005-03-21,3,15.673425674438477,15.833742410681367,15.531968499572525,15.767729636934297,1605091
2005-03-22,1,15.86203956604004,16.267550450674303,15.824317966852483,16.003496794116053,2134372
2005-03-23,1,16.069509506225586,16.22982752075038,15.91862189072445,15.956343486819089,1625076
2005-03-24,1,15.956339836120604,16.163809798296025,15.956339836120607,16.078934995379264,786290
2005-03-28,4,15.84317111968994,16.2015273422859,15.833739494055468,15.937475064814668,794640
2005-03-29,1,15.494244575500488,15.946907256478408,15.465953388774771,15.730006927125755,1454239
2005-03-30,1,15.918619155883787,15.937479950690795,15.579122387112896,15.579122387112896,1590512
2005-03-31,1,15.814884185791016,16.031784565868254,15.531971021249271,15.937480588061812,2227935
2005-04-01,1,15.447100639343262,15.880901523884136,15.371657435465815,15.786597519037327,2174822
2005-04-04,3,15.277345657348633,15.352788828919396,15.164179668870236,15.305636846687667,1465396
2005-04-05,1,15.145326614379885,15.277352221354308,15.098173380766235,15.20190901736892,1042751
2005-04-06,1,15.17361545562744,15.277349844971525,15.126462229348451,15.239628248846405,1357322
2005-04-07,1,15.31506633758545,15.315066337585453,15.088734392205202,15.135886367858554,1521794
2005-04-08,1,15.484818458557127,15.607414866032167,15.4093752731094,15.475388060376163,983547
2005-04-11,3,15.456524848937988,15.635703617502209,15.333929691740874,15.626273220794737,826398
2005-04-12,1,15.38108253479004,15.456526949826674,15.013295782085944,15.2207657689724,2060315
2005-04-13,1,14.409744262695312,14.522910260865018,14.3248706874098,14.466327877341344,7084821
2005-04-14,1,14.268287658691406,14.485189266683944,14.249428094531403,14.44746767611912,2175028
2005-04-15,1,13.966514587402344,14.221137802082302,13.89107140149568,14.173984579768153,3212235
2005-04-18,3,14.107970237731934,14.14569182652923,13.862778679427162,13.957082651420402,1919661
2005-04-19,1,14.362591743469238,14.372022140373248,14.107969795938669,14.277718171333152,1505299
2005-04-20,1,14.334299087524414,14.560629821207732,14.268285084821898,14.53233863338759,1475183
2005-04-21,1,14.786965370178224,14.852978157759182,14.551202952286978,14.749242546152336,2062916
2005-04-22,1,14.626643180847168,14.834114362113883,14.579491199251205,14.805823173156304,1041451
2005-04-25,3,14.598350524902344,14.768098872712052,14.541768152673145,14.711516500482851,819212
2005-04-26,1,14.230563163757324,14.428602704926409,14.098536392603885,14.098536392603885,2311437
2005-04-27,1,14.183412551879885,14.277717749254435,13.909929818626004,13.994803388253054,1421523
2005-04-28,1,13.674165725708008,13.881636887686096,13.51384777206428,13.55157058495619,2881785
2005-04-29,1,13.664739608764648,13.730751160460912,13.146062819271313,13.58929519727807,2649348
2005-05-02,3,13.61758804321289,13.740184457311395,13.523284056308306,13.693032463859105,1494484
2005-05-03,1,13.843917846679688,13.938223057920489,13.749613866561344,13.796765856620516,1151441
2005-05-04,1,14.13626194000244,14.183413927702428,13.938222360540108,14.004235143320088,1797077
2005-05-05,1,14.287147521972656,14.494617469789912,14.23999430978338,14.34372989925312,1674767
2005-05-06,1,14.268287658691406,14.31544087801984,14.211705272844174,14.249428094531403,1648005
2005-05-09,3,14.362591743469238,14.372022140373248,14.202273764978765,14.362591743469238,608540
2005-05-10,1,14.192843437194824,14.29657903476644,14.079678673795588,14.155121849395078,943780
2005-05-11,1,14.277716636657717,14.287147032548075,14.032523881263987,14.183411446631933,811614
2005-05-12,1,14.192843437194824,14.428604592065549,14.136261055495206,14.192843437194824,1783799
2005-05-13,1,14.90012550354004,15.154747407378125,14.343728488312893,14.362589278884444,2793355
2005-05-16,3,15.032155990600586,15.060447183462772,14.768102394975385,14.768102394975385,1060410
2005-05-17,1,15.107600212097168,15.249057417273317,14.890699820759073,14.928421413840049,1470324
2005-05-18,1,15.296209335327148,15.38108291935264,14.90013014762989,14.956712536980216,2306372
2005-05-19,1,14.93784999847412,15.126459172102043,14.909558807098282,15.032155200849251,1463890
2005-05-20,1,15.051018714904783,15.069879512563595,14.834118310705882,14.834118310705882,718804
2005-05-23,3,15.26792049407959,15.32450289215164,15.088741669062088,15.107602468419438,1442467
2005-05-24,1,15.201909065246582,15.220769866302328,14.890703385581174,14.918994587164796,2092347
2005-05-25,1,15.135891914367676,15.258488327113614,15.041587928503516,15.22076673276795,850559
2005-05-26,1,15.579121589660645,15.579121589660645,15.333930038597844,15.343360435518631,1351230
2005-05-27,1,15.569693565368652,15.616845557157973,15.437666757236055,15.579123963726516,1513649
2005-05-31,4,15.201909065246582,15.560266747551358,15.192478664718708,15.560266747551358,1272930
2005-06-01,1,15.324498176574709,15.45652496257222,15.06987623247878,15.088737026032383,791834
2005-06-02,1,15.852601051330566,15.899754257300073,15.428230815459433,15.437661210428924,2223212
2005-06-03,1,15.541399955749512,15.786591506082988,15.531969558856774,15.74886991851204,1546023
2005-06-06,3,15.30564022064209,15.371654241440798,15.173614641289715,15.324501017692429,866233
2005-06-07,1,15.126458168029783,15.4093725252534,15.10759737503118,15.267915346641592,1133098
2005-06-08,1,15.249056816101074,15.513110419502944,15.23962641820261,15.428235607294328,1104693
2005-06-09,1,15.522544860839844,15.53197649306562,15.192479591114989,15.343367239884474,1025640
2005-06-10,1,15.324498176574709,15.569690955016128,15.211333415253092,15.560260558239326,1108047
2005-06-13,3,15.296209335327148,15.399944946925231,15.192474954851548,15.249057344201876,943507
2005-06-14,1,15.371651649475098,15.579121613167796,15.343360458670045,15.522538000435375,1543833
2005-06-15,1,15.30564022064209,15.465958226692493,15.079309424915497,15.33393264734012,1268207
2005-06-16,1,15.418803215026855,15.48481599177758,15.324498017117827,15.333929644918785,1116603
2005-06-17,1,15.635703086853027,15.796021056561388,15.597981501303352,15.616842294078191,1374638
2005-06-20,3,15.579121589660645,15.6922863527101,15.362221229360207,15.428234007805724,827220
2005-06-21,1,15.739439964294434,15.758300758610371,15.48481677878458,15.50367880422286,1033169
2005-06-22,1,15.946908950805664,15.965769743960063,15.777160581293789,15.89975696791966,1067049
2005-06-23,1,15.64513111114502,16.07893174143845,15.635700716187426,15.890322611164516,1681612
2005-06-24,1,15.230192184448242,15.607410467625986,15.201900997878232,15.5602584900093,1112701
2005-06-27,3,15.17361545562744,15.286780244002806,15.107601431285891,15.239628248846405,826604
2005-06-28,1,15.201909065246582,15.24906106788595,14.994437791387789,15.051021425677815,1322004
2005-06-29,1,15.079304695129396,15.173609881923776,15.022722321726048,15.145318695222102,757817
2005-06-30,1,14.768102645874023,15.05101704154718,14.768102645874022,15.003865052642462,970405
2005-07-01,1,14.71152114868164,14.890699948475564,14.645508360223744,14.815256761666545,1113249
2005-07-05,4,14.805831909179688,14.871844722364196,14.570069399846236,14.598360605496737,686361
2005-07-06,1,14.947282791137695,15.10759955475636,14.928420764295415,15.003865178297223,635575
2005-07-07,1,14.98500156402588,15.013293985730934,14.654935211649178,14.664366839632402,1168826
2005-07-08,1,15.211333274841309,15.26791565497982,14.900127721834936,14.909558118524687,902166
2005-07-11,3,15.890329360961914,15.890329360961912,15.49425014225474,15.531972969230845,1667033
2005-07-12,1,15.833742141723633,15.94690812591856,15.701716596472124,15.82431174563424,2366877
2005-07-13,1,16.248680114746094,16.333554900658605,15.371648457423207,15.475382802167092,9844844
2005-07-14,1,16.314701080322266,16.446726666397442,16.116661470086918,16.173243864119133,3830493
2005-07-15,1,16.1260929107666,16.182675308453792,15.880900058543444,16.022357283884084,1565256
2005-07-18,3,15.814884185791016,15.946910985842456,15.711148579081508,15.946910985842456,1056235
2005-07-19,1,16.163808822631836,16.25811401672229,15.890324867779528,15.965769269276338,1494827
2005-07-20,1,17.05970573425293,17.09742732631206,16.18267256326585,16.276976543413678,2480906
2005-07-21,1,16.795654296875,17.07856748424368,16.729640275961707,16.984263498828298,1353694
2005-07-22,1,16.805084228515625,16.93711104522369,16.68248904190053,16.871098252430947,921194
2005-07-25,3,16.635334014892578,16.76736204842914,16.597613654217405,16.66362643986324,1466422
2005-07-26,1,16.69191551208496,16.757928289340235,16.512736742698348,16.635331900458144,1287851
2005-07-27,1,16.475021362304688,16.522173363821956,16.201537291259015,16.380716128147395,1697217
2005-07-28,1,16.73906707763672,16.767359498304426,16.409000737361996,16.54102751969634,1441166
2005-07-29,1,16.597614288330078,16.776791856214256,16.50330907411065,16.757931059594867,954937
2005-08-01,3,16.616472244262695,16.748499038932046,16.569321488404007,16.625903872781283,605186
2005-08-02,1,16.880525588989258,16.918247178027492,16.635332797996018,16.635332797996018,1207908
2005-08-03,1,16.74849510192871,16.861661075204154,16.616468338294375,16.74849510192871,766441
2005-08-04,1,16.607044219970703,16.805083824712895,16.588183422483116,16.644767046068424,942206
2005-08-05,1,16.437292098999023,16.673054476590593,16.333557736246334,16.58817967594339,480959
2005-08-08,3,16.30527114868164,16.550462760971868,16.27697871973199,16.503310764593483,536399
2005-08-09,1,16.50330924987793,16.58818283556911,16.399574867366486,16.40900403465411,483902
2005-08-10,1,16.456157684326172,16.80508366566675,16.39957529239892,16.625906091230462,1516250
2005-08-11,1,16.597614288330078,16.635334650446357,16.409003859891218,16.465587480871875,1116124
2005-08-12,1,16.380712509155273,16.437294898475244,16.314699721615305,16.333560518055297,535167
2005-08-15,3,16.531600952148438,16.55989214824655,16.26754855744351,16.26754855744351,529486
2005-08-16,1,15.984631538391112,16.493876678825842,15.975201141223192,16.493876678825842,1465669
2005-08-17,1,16.52216911315918,16.62590472093184,16.276976306104686,16.276976306104686,2046215
2005-08-18,1,16.201534271240234,16.32413068345552,16.163812677057848,16.305269886364325,1005449
2005-08-19,1,16.314701080322266,16.390144272365223,16.267549085295418,16.2769782531782,420523
2005-08-22,3,16.456157684326172,16.512740076253422,16.276977647644802,16.352422068003676,733724
2005-08-23,1,16.248680114746094,16.446719640379204,16.17323695493236,16.437289245402486,819622
2005-08-24,1,15.928050994873049,16.192103377191884,15.86203697595147,15.965772587901096,1489556
2005-08-25,1,15.918619155883787,16.003492732515326,15.87146716886627,15.90918752735791,744128
2005-08-26,1,15.663997650146484,16.00349445546795,15.645136853308903,15.965772861792791,1189496
2005-08-29,3,15.937482833862305,15.98463482940986,15.66399879744129,15.66399879744129,1278337
2005-08-30,1,15.786593437194824,15.796023835241146,15.654566633423876,15.748871845009544,670071
2005-08-31,1,15.937482833862305,15.937482833862306,15.616846801893734,15.654568398331778,1350272
2005-09-01,1,15.59798526763916,15.871469291155051,15.390515265897385,15.84317809516152,2375501
2005-09-02,1,15.682853698730469,15.796019676615517,15.663992907603316,15.701715720979756,621955
2005-09-06,4,16.17323875427246,16.18266915029835,15.984629602632516,15.994059998658404,1407765
2005-09-07,1,16.286409378051758,16.295839776764566,16.01292535313518,16.088369773960206,1566693
2005-09-08,1,16.34299087524414,16.418434060814693,16.229826096888313,16.239256495084632,1128512
2005-09-09,1,16.52216911315918,16.62590472093184,16.418433505386517,16.484447521650008,1403727
2005-09-12,3,16.56932258605957,16.578751752958055,16.380712163395835,16.40900335745866,1651633
2005-09-13,1,16.531600952148438,16.710779758559024,16.465588161252843,16.512740154749697,1061300
2005-09-14,1,16.30527114868164,16.54103236169619,16.220396324077925,16.484449966042128,1070676
2005-09-15,1,16.022354125976562,16.22039370997201,15.946910943929694,16.201532914460294,1971405
2005-09-16,1,16.220394134521484,16.248685328529547,16.097798960486543,16.182672542510733,998810
2005-09-19,3,16.050643920898438,16.258115115697098,15.956339951555696,16.258115115697098,1324605
2005-09-20,1,15.616843223571776,15.956339975969728,15.59798242967437,15.814882790616862,2744759
2005-09-21,1,15.343361854553224,15.569692632706705,15.286778236673031,15.399944241310989,1975717
2005-09-22,1,15.154751777648926,15.333931801994158,15.013295807569722,15.296208978850585,2095632
2005-09-23,1,15.19247055053711,15.305635296431175,15.117027386607733,15.117027386607733,1228578
2005-09-26,3,15.324498176574709,15.447094565795418,15.2584853991371,15.343360201250604,953773
2005-09-27,1,15.19247055053711,15.267913714466486,15.107595759994432,15.107595759994432,1701871
2005-09-28,1,15.296209335327148,15.399944946925231,15.079308945028409,15.315071362899742,920236
2005-09-29,1,15.456524848937988,15.513108460305094,15.12645850193196,15.258485286958829,2128554
2005-09-30,1,15.569693565368652,15.597984760442245,15.409375562162465,15.418805960520327,911748
2005-10-03,3,15.635703086853027,15.777160263786552,15.616842294078191,15.663994276015284,759323
2005-10-04,1,15.796022415161133,16.116658382155425,15.739440031970028,15.94691000145976,1969694
2005-10-05,1,15.739439964294434,15.937479535734129,15.663995555908336,15.909187113137875,2310274
2005-10-06,1,15.7771577835083,15.984627702538049,15.607409444098131,15.852600942747465,2756326
2005-10-07,1,15.739439964294434,15.88089592166397,15.62627396727646,15.84317556415444,1335830
2005-10-10,3,15.522544860839844,15.758307350658418,15.503685289756875,15.7205845151239,1017837
2005-10-11,1,15.362225532531738,15.5508335237792,15.324502703159588,15.475390327280216,2050732
2005-10-12,1,15.550829887390137,15.890326654493332,15.437665119103986,15.852605065064616,2426629
2005-10-13,1,16.29583168029785,16.40899640862649,15.560256021673972,15.635699173893062,4914311
2005-10-14,1,16.210962295532227,16.40900186710746,16.15437991254569,16.342989086956496,3537688
2005-10-17,3,16.17323875427246,16.295835133731195,16.135517170168914,16.248681922479562,1191618
2005-10-18,1,15.852601051330566,15.965767022086498,15.777157891574651,15.92804544220854,1886603
2005-10-19,1,16.041213989257812,16.041213989257812,15.635703247076693,15.730008443039496,2187211
2005-10-20,1,15.730010986328123,16.04121658286336,15.730010986328123,15.97520256567932,1585584
2005-10-21,1,16.15437889099121,16.29583607063458,15.975200125075553,16.06950532187855,1579698
2005-10-24,3,16.286409378051758,16.333561371615808,16.135521767524253,16.19210415980111,878484
2005-10-25,1,16.2392520904541,16.408999211946725,16.163807694224122,16.210959672416518,1529186
2005-10-26,1,16.135517120361328,16.4750138384897,16.097795536374218,16.371278251402956,4436227
2005-10-27,1,15.824315071105955,16.163811863913615,15.767732682678837,16.135520669700053,1484628
2005-10-28,1,15.994067192077637,16.0034975923449,15.626279119408936,15.805457955609654,1848479
2005-10-31,3,16.01292610168457,16.050647698299166,15.890329681564534,15.909190479871832,2218216
2005-11-01,1,15.96576976776123,16.031782543900043,15.824312587770075,15.928048181396194,1949298
2005-11-02,1,16.578752517700195,16.72964012411783,16.060078140378188,16.060078140378188,2447573
2005-11-03,1,17.16343879699707,17.39920119154255,17.059704426784737,17.135147605120977,3329343
2005-11-04,1,17.031414031982422,17.21059282003896,16.861665641659254,17.078566020649294,1963192
2005-11-07,3,17.21059226989746,17.276605051920967,17.01255269270456,17.01255269270456,1941016
2005-11-08,1,17.125717163085938,17.276603508517393,16.993690379711143,17.02198156947954,1750672
2005-11-09,1,17.568950653076172,17.682116658654003,17.144579055501136,17.172870249114982,3042013
2005-11-10,1,17.568950653076172,17.653824233917717,17.276605856821533,17.512368265848476,1387164
2005-11-11,1,17.39920997619629,17.587819248385827,17.323766759769665,17.465222790569584,1328438
2005-11-14,3,17.446352005004883,17.53122557492672,17.30489482401288,17.46521279832085,1331450
2005-11-15,1,17.502931594848633,17.68211156503215,17.323754086909275,17.352045272373385,2444356
2005-11-16,1,17.21059226989746,17.304896244216756,17.106856667023855,17.135147859319645,2231905
2005-11-17,1,17.191730499267578,17.24831288064766,16.993690933314983,17.116286092971826,1627609
2005-11-18,1,17.59724235534668,17.653824744209917,17.323759578051895,17.323759578051895,1163692
2005-11-21,3,17.748130798339844,17.899017175796438,17.606673588351757,17.606673588351757,893063
2005-11-22,1,18.28566551208496,18.30452753990662,17.6632555276452,17.72926831609226,2948381
2005-11-23,1,18.43655014038086,18.58743647953924,18.389396928271648,18.389396928271648,1566214
2005-11-25,2,18.540285110473633,18.606299117156432,18.42711912124759,18.521424317456336,383494
2005-11-28,3,18.455419540405273,18.549724783776465,18.276241917133476,18.549724783776465,2562628
2005-11-29,1,18.238508224487305,18.35167296418426,18.17249422854202,18.266799409411544,1501534
2005-11-30,1,18.059328079223633,18.229076418213324,18.04046728946056,18.229076418213324,1228715
2005-12-01,1,18.832632064819336,18.870353655261177,18.40826171010381,18.417692107714274,1624392
2005-12-02,1,18.60630226135254,18.936367426053742,18.511997049207576,18.719467038579538,5615798
2005-12-05,3,18.408262252807617,18.530857425357897,18.313957042800347,18.464844640138512,2002890
2005-12-06,1,18.879785537719727,19.049533939180705,18.625162319967007,18.73832833131516,2007270
2005-12-07,1,18.719465255737305,18.80434006169654,18.615729655369872,18.681743666920912,3680189
2005-12-08,1,18.568580627441406,18.955229436649734,18.398832219603296,18.860925449585533,1959154
2005-12-09,1,18.625154495239254,18.71945967026401,18.417685818653165,18.502559368165656,1482575
2005-12-12,3,18.615726470947266,18.851488822964708,18.56857449299263,18.78547482270608,2184268
2005-12-13,1,18.80434226989746,19.115546645299904,18.64402426747924,18.662885064102262,1323236
2005-12-14,1,18.879785537719727,18.964660354011468,18.710037136258748,18.860924741015452,880332
2005-12-15,1,18.568580627441406,18.69117704174742,18.511998235202885,18.653455446921736,964724
2005-12-16,1,18.578012466430664,18.738329246244735,18.51199844361996,18.68174685336918,797172
2005-12-19,3,18.615726470947266,18.9552231744649,18.59686567976541,18.832628031782857,2012677
2005-12-20,1,18.59687232971191,18.728899146317723,18.483707542154864,18.625163526601177,1499549
2005-12-21,1,18.842065811157227,18.926939404735627,18.62516416532274,18.63459579573185,1055756
2005-12-22,1,18.90807723999023,18.97409126134854,18.61573242098674,18.634594449319493,1010035
2005-12-23,1,18.93636703491211,19.040102643016603,18.78547943727032,18.78547943727032,661242
2005-12-27,4,18.97408866882324,19.162697846277364,18.936365848434527,18.9552266430677,1563340
2005-12-28,1,18.983522415161133,19.143841670467996,18.86092722046702,19.106118840977913,677737
2005-12-29,1,18.964658737182617,19.257002292297685,18.91750551831947,18.93636631341577,853708
2005-12-30,1,18.93636703491211,19.030672245109145,18.72889704982557,18.8232022600226,750220
2006-01-03,4,19.28529167175293,19.379596869490324,19.011807706324532,19.200418101799325,1949777
2006-01-04,1,19.596500396728516,19.728527202488635,19.33244801633076,19.370169609084375,2132524
2006-01-05,1,20.030298233032227,20.068018586803536,19.728523091639524,19.756814280309673,2250180
2006-01-06,1,20.69986343383789,20.756445820405222,20.558406236297145,20.72815462712156,2340800
2006-01-09,3,21.21853828430176,21.331703047031727,20.728152721315983,20.76587430889264,3514485
2006-01-10,1,20.982778549194336,21.048791335788906,20.81302892142051,20.81302892142051,2082080
2006-01-11,1,20.388654708862305,20.548972677262025,20.162323966289502,20.520681488330705,3570062
2006-01-12,1,19.794536590576172,20.03029896704473,19.74738460773137,19.75681500430033,3464384
2006-01-13,1,19.851123809814453,19.954859428486664,19.69080702905591,19.851123809814453,2413488
2006-01-17,4,19.4644718170166,19.492763009003408,19.115544653601244,19.22871065267084,3287181
2006-01-18,1,20.1717529296875,20.926190736541965,20.058588182000943,20.068017346519344,7109530
2006-01-19,1,20.407516479492188,20.71872203489539,20.181185726072716,20.209476916359865,5666447
2006-01-20,1,19.69080352783203,20.42637943324513,19.58706792760506,20.42637943324513,1754026
2006-01-23,3,20.275487899780273,20.313209481201863,19.91713041403096,20.17175231974879,2510474
2006-01-24,1,20.709291458129883,20.79416502825361,20.303781938627505,20.303781938627505,4332260
2006-01-25,1,21.28454971313477,21.312840902023616,20.83188576642424,20.869607351609375,3618042
2006-01-26,1,21.878665924072266,22.02955471865737,21.6617668213324,21.78436196635928,2071060
2006-01-27,1,22.227598190307617,22.293610976032515,21.97297744536873,22.001268639250828,4972763
2006-01-30,3,21.718353271484375,22.048419647662246,21.614618898533976,21.963543607548953,1729180
2006-01-31,1,21.312837600708008,21.426002338734417,21.15251842625984,21.378850364556744,2145460
2006-02-01,1,21.52974319458008,21.558034387644643,21.21854007086984,21.21854007086984,2791370
2006-02-02,1,21.237398147583008,21.661770962917327,21.095942183968106,21.576894922503584,1726306
2006-02-03,1,21.00164222717285,21.18081981537312,20.907338233383236,20.963920629657007,1751699
2006-02-06,3,21.12423324584961,21.17138523342919,20.813027665579593,20.888473307951703,2234711
2006-02-07,1,21.17138671875,21.454301126320697,21.039361144264657,21.161956320572475,1774148
2006-02-08,1,21.548599243164062,21.56746003438573,21.19024174770816,21.341130539725757,1673261
2006-02-09,1,21.548599243164062,21.859804760565805,21.501447265109903,21.5297384519424,2084202
2006-02-10,1,21.105371475219727,21.35999465862426,20.822457100575203,21.32227307030428,1722062
2006-02-13,3,20.87904167175293,21.01106722914313,20.7470136521181,20.765874446030985,918867
2006-02-14,1,21.077075958251953,21.14308872426387,20.69985769022541,20.83188322224924,1329123
2006-02-15,1,20.916763305664062,21.124232039162912,20.728152903875017,21.08651045125403,1056372
2006-02-16,1,20.97334861755371,21.227969371509783,20.75644699453133,21.143095786857756,1333161
2006-02-17,1,20.624414443969727,20.84131353139964,20.558400447108113,20.71871839502621,1188264
2006-02-21,4,20.43580436706543,20.671566710267054,20.27548764801437,20.60555271247688,1412830
2006-02-22,1,19.98314666748047,20.077450637485303,19.785107099347982,20.03972904948337,3025792
2006-02-23,1,19.74738311767578,20.049157016234194,19.719091930103637,20.049157016234194,1003259
2006-02-24,1,19.530481338500977,19.77567284379506,19.483328131576584,19.77567284379506,1805564
2006-02-27,3,19.558780670166016,19.671946690347006,19.455045049073227,19.596502266518815,2162365
2006-02-28,1,19.5021915435791,19.785104649687508,19.44560793745968,19.719091878857387,1579287
2006-03-01,1,20.18118476867676,20.22833798137401,19.7473840759421,19.76624486857211,1312080
2006-03-02,1,20.115175247192383,20.19061842991194,19.89827486575122,19.89827486575122,2717450
2006-03-03,1,20.030298233032227,20.237766949946653,19.82282705387335,19.86054986988911,1247195
2006-03-06,3,19.64365005493164,19.95485562043735,19.521053661918597,19.79453763915024,1485587
2006-03-07,1,19.04953384399414,19.51162582318491,18.945799462638966,19.483334628269866,2432652
2006-03-08,1,18.983522415161133,19.0872580417942,18.79491319220137,18.88921841924258,1408997
2006-03-09,1,18.945798873901367,19.30415646060106,18.926936846754977,19.257003239418765,914897
2006-03-10,1,18.80434226989746,18.964660272315687,18.672315462413778,18.889215854701085,1151509
2006-03-13,3,19.021242141723633,19.23814252807609,18.98351931838726,19.068394131991024,1101819
2006-03-14,1,19.4644718170166,19.48333261167447,19.002379885654015,19.002379885654015,555906
2006-03-15,1,19.813398361206055,19.869981974533633,19.624789189399554,19.78510717010343,1137273
2006-03-16,1,19.21927833557129,19.766245019381387,19.20041754279738,19.766245019381387,2204869
2006-03-17,1,19.106115341186523,19.200420550953236,18.898645357046675,19.02124176040667,1992965
2006-03-20,3,18.85149574279785,19.049535354024,18.776052550377447,18.98352132953356,1570389
2006-03-21,1,18.672319412231445,19.049537886731255,18.5591533774324,18.672319412231445,3899759
2006-03-22,1,18.63459014892578,18.681742131069846,18.4648417820849,18.502563367800153,1252670
2006-03-23,1,18.445981979370117,18.84206111288547,18.37996796970268,18.681743133867865,2144844
2006-03-24,1,18.75718879699707,18.851494009976673,18.445984425746087,18.54971880578892,1766688
2006-03-27,3,18.66288375854492,18.823201749748144,18.587439346208015,18.757187735063045,1057193
2006-03-28,1,18.313955307006836,18.615729241958647,18.247942528044135,18.540286066001276,1171221
2006-03-29,1,18.60630226135254,18.70060624237503,18.40826267008283,18.540288243514325,2517387
2006-03-30,1,18.813766479492188,18.908071668879565,18.662880146267856,18.757184104533064,1535414
2006-03-31,1,19.209848403930664,19.360735980894624,19.07782162019691,19.181555982963076,2002753
2006-04-03,3,19.106115341186523,19.3230157231908,18.94579857749125,19.011810131419807,2064284
2006-04-04,1,19.21927833557129,19.398457098045668,19.00237798754909,19.077821158644728,2961317
2006-04-05,1,19.492759704589844,19.577634497284652,19.096680621673155,19.096680621673155,2370505
2006-04-06,1,19.898273468017575,19.99257743979274,19.70023389616739,19.78510747076503,1183815
2006-04-07,1,19.549346923828125,19.888843695119675,19.351306114639396,19.83226007915616,2786168
2006-04-10,3,19.332447052001953,19.61536021466442,19.181558226269093,19.56820822607441,1533087
2006-04-11,1,19.087251663208008,19.407887604426143,19.0023780952444,19.379596415104945,1759912
2006-04-12,1,18.879785537719727,19.03067314247643,18.766619526371574,18.91750713112828,1697012
2006-04-13,1,19.257003784179688,19.28529497901592,18.955228577014893,19.162699801392247,1593592
2006-04-17,4,19.07781982421875,19.52105088564766,19.002376658400095,19.332442971101024,1208455
2006-04-18,1,19.63421630859375,19.898269843713752,19.23813723703587,19.275858818875264,2531144
2006-04-19,1,20.48296356201172,20.52068515399178,19.85112197185584,19.898275192953378,10161262
2006-04-20,1,20.313213348388672,20.48296172822427,20.20947774860823,20.237768940060437,3109568
2006-04-21,1,20.360363006591797,20.55840255524017,20.256628649792372,20.482959386658777,1791054
2006-04-24,3,20.48296356201172,20.53954594998181,20.14346677194624,20.294354370988945,900387
2006-04-25,1,20.35093116760254,20.586693514947857,20.14346123759147,20.577261888421695,1347055
2006-04-26,1,20.18118476867676,20.32264194452405,20.058589616581703,20.22833798137401,777803
2006-04-27,1,19.94543075561523,20.049165152141633,19.775682330176636,19.860557158457272,1738763
2006-04-28,1,19.93599510192871,20.03972947111659,19.794537912822893,19.983147087923204,960549
2006-05-01,3,19.83226203918457,20.10574605518998,19.756818851940324,20.10574605518998,950009
2006-05-02,1,20.322643280029297,20.407516852441812,20.190616491820848,20.294352089225125,1072045
2006-05-03,1,20.190616607666016,20.21890779863251,19.832259059845775,20.105743034766533,2426561
2006-05-04,1,20.718721389770508,20.784734165051727,20.19061549415401,20.22833831115124,2605612
2006-05-05,1,21.105371475219727,21.105371475219727,20.79416590933522,20.973345916099795,1188059
2006-05-08,3,21.1336612701416,21.237395631167733,21.07707889140007,21.12423087368468,1323921
2006-05-09,1,20.718721389770508,20.888470988452433,20.61498702861431,20.888470988452433,865480
2006-05-10,1,20.275487899780273,20.643275780884984,20.181182715104192,20.5866934087526,1629457
2006-05-11,1,19.68136978149414,20.294350457453618,19.41731745743074,20.228337684218317,1939373
2006-05-12,1,18.983522415161133,19.379602891387034,18.917509618018148,19.22871526679469,2466327
2006-05-15,3,18.578012466430664,18.974091678804665,18.37054123030851,18.95522965005692,2798077
2006-05-16,1,18.493135452270508,18.90807541304798,18.24794388110608,18.88921461766013,1917676
2006-05-17,1,18.012184143066406,18.662886604767852,17.738701338333364,18.63459540749781,2459962
2006-05-18,1,17.81414031982422,18.361107031111,17.804709922963532,18.24794226878275,1372722
2006-05-19,1,18.049901962280273,18.11591473759395,17.74812681288751,18.07819315170042,2088651
2006-05-22,3,17.634963989257812,17.814142785533857,17.26717599853974,17.795281989201904,1901524
2006-05-23,1,18.568580627441406,19.049534654836485,18.445985444257943,18.82320385475985,4100233
2006-05-24,1,18.97408866882324,19.1344066543276,18.58743868547604,18.87035306721841,2796845
2006-05-25,1,19.172130584716797,19.247573772461923,18.79491095262362,19.03067337657217,1845331
2006-05-26,1,18.90807723999023,19.09668644321498,18.74776046370335,19.09668644321498,1267591
2006-05-30,4,18.97408866882324,19.162697846277364,18.90807465648476,19.1344066543276,2022328
2006-05-31,1,19.181556701660156,19.200418726719363,18.898643561484494,19.096683128944154,1599478
2006-06-01,1,19.64365005493164,19.671942477259524,18.99294896383701,19.04953134624811,1563819
2006-06-02,1,19.78510856628418,19.93599616060157,19.521054968448148,19.898274569802822,1736436
2006-06-05,3,19.19098663330078,19.70966088295997,19.115542233100054,19.69080132181255,1061231
2006-06-06,1,18.766618728637695,18.974089945810512,18.568579140538596,18.92693672493172,1815694
2006-06-07,1,18.794910430908203,19.21928204356223,18.568579642832876,18.74775967099884,1006886
2006-06-08,1,18.644023895263672,18.757188672742576,18.200791490103892,18.66288469151016,2387684
2006-06-09,1,18.238508224487305,18.634587275670768,18.144203043617782,18.521421304851753,1771000
2006-06-12,3,18.144201278686523,18.530849897284973,18.134770884629095,18.49312832105526,1195314
2006-06-13,1,18.059328079223633,18.398824757203016,18.012176104815953,18.191354838687182,1160818
2006-06-14,1,18.58743667602539,18.710033059009746,18.30452355599056,18.370536330070166,1476347
2006-06-15,1,19.200416564941406,19.238138148568108,18.88921103777677,18.964655436152352,1619601
2006-06-16,1,18.700603485107425,19.06839141911244,18.58743749344346,19.049530625688828,2497743
2006-06-19,3,18.474275588989254,18.79491035788248,18.36110957983005,18.75718876520357,2420948
2006-06-20,1,18.295095443725582,18.59686939402924,18.210220635333467,18.37996902099532,2218353
2006-06-21,1,19.011810302734375,19.219281519866172,18.56857913686746,18.653453949534548,1452323
2006-06-22,1,18.776046752929688,18.898641902759348,18.5874363678704,18.78547591794822,1004080
2006-06-23,1,18.747756958007812,19.030670094380945,18.596868146296096,18.7571861237272,1841224
2006-06-26,3,18.917509078979492,18.94580150807155,18.691178264101417,18.76662145868657,1357801
2006-06-27,1,18.342247009277344,18.889213743581852,18.29509502298963,18.889213743581852,1749235
2006-06-28,1,18.313955307006836,18.436551699059887,18.078194151017723,18.389398482964207,1055824
2006-06-29,1,18.860925674438477,18.870356073257323,18.10648884444055,18.210223231447856,1847726
2006-06-30,1,19.06839179992676,19.06839179992676,18.860921837001356,18.992948624725635,1068281
2006-07-03,3,19.257003784179688,19.3041570066959,19.15326817199101,19.181559366827244,1112633
2006-07-05,2,18.700603485107425,18.97408745199438,18.55914630330804,18.936364634024866,1758817
2006-07-06,1,18.813766479492188,18.908071668879565,18.747754939828713,18.813766479492188,1805564
2006-07-07,1,18.379966735839844,18.653450690840767,18.285661541698143,18.587436685604903,3016689
2006-07-10,3,18.323383331298828,18.65344964561655,18.247940165110624,18.625157227173812,1568268
2006-07-11,1,18.672319412231445,18.70061061315052,18.115922100788097,18.181934902932596,2200557
2006-07-12,1,18.18192672729492,18.530853843978,18.09705316270173,18.530853843978,1636028
2006-07-13,1,17.606672286987305,18.106487068736985,17.568950695411278,17.946169073416428,2111990
2006-07-14,1,17.568950653076172,17.653824233917717,17.314327448306663,17.634963438175152,1783115
2006-07-17,3,17.408628463745117,17.493503255259554,17.238880111838387,17.370906881348542,942001
2006-07-18,1,17.710407257080078,17.795280835069306,17.229453288440606,17.691546461971363,2440044
2006-07-19,1,18.813766479492188,18.917502064706085,17.946165138963607,17.97445632644317,4176685
2006-07-20,1,17.9461669921875,18.70060366070528,17.833000999460914,18.69117326390492,4632457
2006-07-21,1,17.502931594848633,17.80470670204329,17.399197248146898,17.79527630688859,3624202
2006-07-24,3,17.76698875427246,17.804710342604274,17.559517556202824,17.682115180525884,2675425
2006-07-25,1,18.049901962280273,18.097053944647183,17.71983562346736,17.80470919172781,1926095
2006-07-26,1,17.936737060546875,18.11591583552267,17.66325308399956,17.823571064885517,1466080
2006-07-27,1,18.031044006347656,18.332819223826476,17.946170418938163,17.974461614741326,1918361
2006-07-28,1,18.625154495239254,18.728890064654287,18.28565783494532,18.351671826799244,1816105
2006-07-31,3,18.766618728637695,18.785479524540232,18.40826237536702,18.46484476307463,1337952
2006-08-01,1,18.398828506469727,18.5402856896406,18.12534576805352,18.511994499230884,1697764
2006-08-02,1,18.672319412231445,18.813775416826807,18.53086217651333,18.644028211312374,845084
2006-08-03,1,18.92693328857422,19.077820859521957,18.42711859453553,18.436550221896848,1231932
2006-08-04,1,18.455419540405273,18.9080824925658,18.21965950978449,18.82320888154232,1360060
2006-08-07,3,18.46484375,18.578009750328818,18.36110814710505,18.44598295513226,919688
2006-08-08,1,18.445981979370117,18.71003432467292,18.33281598502759,18.42711995437777,1782841
2006-08-09,1,18.672319412231445,19.09668988826304,18.56858377773876,18.65345861161873,3276299
2006-08-10,1,18.691173553466797,18.691173553466797,18.43655160479027,18.540285971201246,1676547
2006-08-11,1,18.295095443725582,18.521426214233923,18.153638250486978,18.502565419285094,974170
2006-08-14,3,18.578012466430664,18.926938453619144,18.530859241245142,18.530859241245142,2613620
2006-08-15,1,19.28529167175293,19.323013258398976,19.05896092075437,19.18155607735402,1040629
2006-08-16,1,19.90770149230957,19.935993913341814,19.483331181415483,19.58706677554098,1622818
2006-08-17,1,20.134035110473633,20.313213892257323,19.964286726093167,19.99257791830285,1363892
2006-08-18,1,20.16232681274414,20.20947880095311,19.80396924011113,19.964287231144045,804154
2006-08-21,3,19.973718643188477,20.105745448001237,19.841691838375716,20.105745448001237,1122147
2006-08-22,1,19.860557556152344,20.11517958384755,19.65308629669972,19.65308629669972,1496880
2006-08-23,1,19.803972244262695,20.01144225497662,19.653084627982768,19.81340264333503,1377855
2006-08-24,1,19.728525161743164,19.84168992829808,19.455041180324084,19.83225953108517,902235
2006-08-25,1,19.68136978149414,19.81339655908695,19.596496215905905,19.615357008258844,527022
2006-08-28,3,20.058591842651367,20.13403502154396,19.66251146009814,19.66251146009814,1639381
2006-08-29,1,20.57726669311523,20.605557885933223,20.115174748176617,20.313214329024937,2055250
2006-08-30,1,20.74701499938965,20.775306192096153,20.3792270319603,20.492393033908712,1241308
2006-08-31,1,20.80359649658203,20.81302689374823,20.558404939138516,20.75644451075103,1758064
2006-09-01,1,20.57726669311523,20.69986309311559,20.426380331419296,20.63384907875121,845494
2006-09-05,4,20.718721389770508,20.728151786239255,20.341503068776188,20.416947471648403,839950
2006-09-06,1,20.86018180847168,21.067650550769184,20.76587537245534,21.029928961260545,4321856
2006-09-07,1,21.30341148376465,21.41657624451543,20.79416513589698,20.841317119543135,4117344
2006-09-08,1,21.21853828430176,21.34113344392589,21.114801456221333,21.227966218951305,1245484
2006-09-11,3,21.20911026000977,21.378859905045612,20.888476692516285,21.0770846733948,1379635
2006-09-12,1,21.859806060791016,21.87866685313452,21.42600537464591,21.42600537464591,1856898
2006-09-13,1,21.784364700317383,21.831516685091493,21.64290874599505,21.72778231858845,1590238
2006-09-14,1,21.6146183013916,21.690061479634913,21.39771670169737,21.48259027722109,1196683
2006-09-15,1,21.388288497924805,21.652342111101525,21.218541329468685,21.60519011986371,1382304
2006-09-18,3,21.388288497924805,21.510883675143116,21.152526079490773,21.1713868759859,1382988
2006-09-19,1,21.02992820739746,21.303412183776203,20.79416581917514,21.303412183776203,1186416
2006-09-20,1,21.293989181518555,21.33171078277459,21.077087512050824,21.1525307145629,1089772
2006-09-21,1,21.17138671875,21.529744311740888,20.98277875519951,21.46373152449822,2136630
2006-09-22,1,20.87904167175293,21.02049762609957,20.784735239943867,20.963915244360916,1074099
2006-09-25,3,21.463727951049805,21.548601520517114,21.07707922789863,21.180813590580897,1681817
2006-09-26,1,21.91638565063477,21.97297048271362,21.52973699451995,21.595749759327145,2019932
2006-09-27,1,21.718353271484375,21.90696122230328,21.614618898533976,21.633479693615865,1374638
2006-09-28,1,22.05785369873047,22.12386649245104,21.81266085980887,22.04842329962753,941590
2006-09-29,1,21.954118728637695,22.13329878920112,21.88810592925737,22.11443798937817,1343085
2006-10-02,3,21.746646881103516,22.076713293966097,21.699494888158156,21.850381265583305,1289767
2006-10-03,1,21.850379943847656,22.00126877439056,21.746645565642787,21.81265835177316,1843414
2006-10-04,1,22.227598190307617,22.237028588268316,21.680632646342147,21.73721503410634,1657998
2006-10-05,1,22.161582946777344,22.274747709755328,22.0012661992252,22.189874137521837,1368410
2006-10-06,1,22.00126266479492,22.11442740959336,21.9446802923957,22.02955385099453,1245757
2006-10-09,3,22.161582946777344,22.19930453443667,21.916390164747085,21.916390164747085,1968668
2006-10-10,1,22.08614158630371,22.11443277937293,21.963543954092273,22.10500238168319,1092921
2006-10-11,1,22.23702621459961,22.51051018851203,21.991835893794015,21.991835893794015,1165677
2006-10-12,1,22.89715576171875,22.9160165530205,22.435063912581505,22.576519847344652,1710153
2006-10-13,1,22.868865966796875,22.982030721495743,22.633103598929782,22.699118834748568,1622133
2006-10-16,3,22.906587600708008,23.010321959403928,22.727410072051423,22.793422845767008,1807344
2006-10-17,1,22.510507583618164,22.96316904727621,22.4256340208531,22.916017067962283,1668744
2006-10-18,1,21.24683380126953,21.708925805419476,20.7658785372457,21.60519141846125,7051215
2006-10-19,1,21.350566864013672,21.463731642767527,21.00163966727765,21.029930861966115,3175685
2006-10-20,1,21.435436248779297,21.501449023453507,21.2185371319926,21.378853870487113,2907794
2006-10-23,3,21.369421005249023,21.51087693463676,21.095937079521857,21.16194984656947,1382920
2006-10-24,1,21.02992820739746,21.359994566010844,20.992206619241035,21.237396942257803,1453212
2006-10-25,1,21.24683380126953,21.322276991784605,21.020501767479193,21.05822336273673,1192713
2006-10-26,1,21.642906188964844,21.727779751530743,21.407143830704115,21.52030858079198,1023587
2006-10-27,1,21.52031707763672,21.982409118520504,21.388291483740012,21.9069659220081,2003711
2006-10-30,3,21.624042510986328,21.718348929787854,21.4071434109047,21.463725784839035,1746360
2006-10-31,1,21.53917694091797,21.793800180329622,21.426012151066217,21.727787386249435,928244
2006-11-01,1,21.350566864013672,21.850380432421495,21.30341487286623,21.822089237733035,4883922
2006-11-02,1,21.73721694946289,21.774938544629496,21.407150529509984,21.407150529509984,2533403
2006-11-03,1,21.586326599121097,21.78436493732698,21.473159372187357,21.78436493732698,2328754
2006-11-06,3,22.020122528076172,22.114426478102654,21.69005624073934,21.784360190765828,1025503
2006-11-07,1,22.161582946777344,22.39734533189277,22.123861359118013,22.208734931351504,1534524
2006-11-08,1,22.08614158630371,22.133293574752408,21.840948784125665,21.935252761023055,958701
2006-11-09,1,21.91638565063477,22.142717592217828,21.878664070744943,22.038983247520815,1112907
2006-11-10,1,22.08614158630371,22.21816715396006,21.99183760940632,22.152154370131885,974101
2006-11-13,3,22.208736419677734,22.303040395145867,22.105002046662783,22.1144324442096,958359
2006-11-14,1,23.104631423950195,23.104631423950195,22.444498675452515,22.783995447187188,1549514
2006-11-15,1,23.3215274810791,23.47241628313712,23.085767575120403,23.123489160073795,1591607
2006-11-16,1,23.095203399658203,23.18007698575203,22.81228898376708,23.161216188842292,2460646
2006-11-17,1,23.415834426879883,23.43469522175964,23.05747932416455,23.123492106243692,1684897
2006-11-20,3,23.80248260498047,23.859067450487633,23.23665631011117,23.28380829616322,1617000
2006-11-21,1,24.038240432739254,24.2834331758937,23.943936478543023,24.000518851060765,2422796
2006-11-22,1,24.358875274658203,24.443748829725457,24.179697769516224,24.38716645968062,1030157
2006-11-24,2,23.99109268188477,24.085396652693476,23.736469498456568,23.81191513734821,1014620
2006-11-27,3,23.2083683013916,23.72704268134245,23.170646707376633,23.661029891816256,2180092
2006-11-28,1,23.26494789123535,23.472419095582477,23.010324700046773,23.302669480708513,2403016
2006-11-29,1,23.444128036499023,23.632735984934985,23.22722643355291,23.585583997825996,1508652
2006-11-30,1,23.481853485107425,23.642170267623857,23.33096463931738,23.642170267623857,1971337
2006-12-01,1,23.36868667602539,23.72704430594962,23.10463549984085,23.689322709351828,1177381
2006-12-04,3,23.566726684570312,23.745904262054953,23.189508269725955,23.330964251950668,1056029
2006-12-05,1,23.670455932617188,23.7930535528408,23.547860774638163,23.59501275847625,734683
2006-12-06,1,23.679887771606445,23.868498180690676,23.500710222108925,23.63273578489657,660215
2006-12-07,1,23.925085067749023,24.37774668760525,23.925085067749023,24.349455490254556,1127348
2006-12-08,1,23.717609405517575,24.03824537799163,23.661027021359462,23.736470200236948,1423850
2006-12-11,3,23.783620834350582,23.962798355444264,23.69874480948292,23.793051230197623,1146924
2006-12-12,1,23.60443687438965,23.68931042271438,23.340383372913212,23.623297662906253,1591128
2006-12-13,1,23.59501838684082,23.80248716521808,23.49128399765219,23.717613574063744,1902208
2006-12-14,1,23.54786491394043,23.604447304492325,23.368684881614406,23.40640647531567,1829999
2006-12-15,1,23.708175659179688,23.811912477727276,23.58558051082137,23.727036451234813,1174233
2006-12-18,3,23.42527198791504,23.75533596455315,23.36868712967468,23.70818396789056,878142
2006-12-19,1,23.095203399658203,23.44413060473342,23.02918814822909,23.43469774403352,4061083
2006-12-20,1,22.94430923461914,23.22722358481943,22.831144479436805,23.22722358481943,3065627
2006-12-21,1,22.614248275756836,22.99146667822814,22.45393150116068,22.96317548271117,2704651
2006-12-22,1,22.614248275756836,22.812289106620664,22.519944290700273,22.802858708115007,2361744
2006-12-26,4,22.95374298095703,23.06691021490045,22.56709421540865,22.66139819182415,1328780
2006-12-27,1,23.236656188964844,23.274377777609818,23.019754592011545,23.048045783495276,1415500
2006-12-28,1,23.255523681640625,23.3403972805382,23.095206883722987,23.15178928298803,895938
2006-12-29,1,23.22722625732422,23.425267063924164,23.180074270572977,23.3215302308267,769932
2007-01-03,5,22.98202896118164,23.33095605702145,22.680253842854743,23.038613796441393,2934829
2007-01-04,1,23.236656188964844,23.32152976341604,22.83114664878667,22.840577045947914,2469065
2007-01-05,1,23.340391159057617,23.349821556461816,23.10463122395263,23.236656787611423,2578439
2007-01-08,3,23.60443687438965,23.802475153814022,23.491272143290004,23.56671529735643,1631373
2007-01-09,1,23.34981918334961,23.64216393541267,23.114059272205612,23.61387274607539,1988106
2007-01-10,1,23.274377822875977,23.30266901441473,22.94431145934581,23.066909084925108,2843114
2007-01-11,1,23.05748176574707,23.378115312655137,22.9348841238019,23.00089691287121,2810671
2007-01-12,1,23.302663803100582,23.340385383383023,23.104625506617793,23.170638272112058,2160996
2007-01-16,4,22.7651309967041,23.510137202944872,22.7651309967041,23.46298522308715,2960017
2007-01-17,1,24.792678833007812,25.056732386621896,24.17970062294096,24.236282999663032,10000007
2007-01-18,1,23.74590301513672,24.424896618651037,23.651599031938893,24.40603582201147,5993475
2007-01-19,1,23.764760971069336,23.9062169143011,23.49127701857682,23.830773744577492,4760037
2007-01-22,3,23.69874382019043,23.76475905060825,23.396971165682643,23.64216144747022,3119561
2007-01-23,1,23.72703742980957,23.868495838301584,23.49127751939704,23.547859897896043,4334518
2007-01-24,1,24.09482765197754,24.09482765197754,23.708178899753616,23.877928513696528,2884660
2007-01-25,1,23.566726684570312,24.09483148045437,23.481853095235486,23.887362706524787,2204732
2007-01-26,1,23.90622329711914,24.000527284452247,23.491283290608372,23.679891265274584,1998304
2007-01-29,3,23.51957130432129,23.73647044583832,23.40640407258938,23.708179253466533,1630347
2007-01-30,1,23.8779239654541,23.90621515201492,23.604440033121904,23.887354360974378,1665459
2007-01-31,1,24.028820037841797,24.094832833252937,23.57615840706301,23.62331040378525,2010008
2007-02-01,1,23.90622329711914,24.00995768318556,23.70818246147452,23.934514493319075,1959291
2007-02-02,1,23.9156551361084,23.93451593471086,23.689323090633604,23.72704468783853,2391038
2007-02-05,3,23.74590301513672,23.840209460579533,23.613877438659763,23.67045982857846,1328986
2007-02-06,1,23.811920166015625,23.91565455581213,23.55729692881539,23.85907216137767,1781335
2007-02-07,1,24.198562622070312,24.3022969845678,23.96280024505876,23.981661038240123,1624392
2007-02-08,1,24.255146026611328,24.349449996503317,24.000522845658303,24.075966021571897,1171564
2007-02-09,1,23.73647117614746,24.424895136198128,23.604445607683715,24.377743147461075,3553156
2007-02-12,3,23.34981918334961,23.63273353896691,23.283806408229292,23.61387274607539,2176260
2007-02-13,1,23.462987899780273,23.64216544368046,23.236655908398532,23.5384310761593,2470776
2007-02-14,1,24.51919937133789,24.538060165136898,24.009953014275577,24.06653539567258,2678231
2007-02-15,1,24.358875274658203,24.434318434717984,24.179697769516224,24.274001719590952,1066159
2007-02-16,1,24.556921005249023,24.60407298983546,24.264576238568512,24.264576238568512,1313723
2007-02-20,4,24.3211612701416,24.40603485164513,23.906221298323896,24.104259655165464,2047858
2007-02-21,1,24.06653594970703,24.10425753817342,23.764763241975892,23.81191522755888,1291068
2007-02-22,1,24.05710792541504,24.16084230392925,23.868499964480108,23.868499964480108,2819706
2007-02-23,1,24.292865753173828,24.42489130090641,24.16083774319679,24.16083774319679,2321978
2007-02-26,3,23.962800979614254,24.207993760732627,23.8119146295381,24.151411379454068,1558412
2007-02-27,1,23.076339721679688,23.52900376378788,22.87830135772171,23.26495014959893,2948587
2007-02-28,1,23.180076599121097,23.48185180688851,22.982035772627007,23.39697822221033,2475704
2007-03-01,1,22.50108337402344,22.680260944678004,21.888102549925645,22.06728258282524,3777517
2007-03-02,1,21.991838455200195,22.40677843175191,21.878671216326147,22.303041590930288,2820596
2007-03-05,3,21.60519218444824,21.95411695295118,21.407151340079743,21.473164134120843,2903140
2007-03-06,1,21.840951919555664,21.925825510947547,21.65234393868481,21.76550872720732,1948408
2007-03-07,1,21.727785110473633,21.972977925049396,21.699493915973925,21.84094988847247,2432310
2007-03-08,1,22.020122528076172,22.22759121813444,21.972970553062925,22.048413713084116,1758680
2007-03-09,1,21.94468116760254,22.10499789579415,21.83151395604649,22.01069393803438,1753478
2007-03-12,3,22.3596248626709,22.397346452217075,21.935252055786908,21.9446849154182,2035948
2007-03-13,1,21.586326599121097,22.123861693638872,21.529741754531894,22.020127326007216,2060999
2007-03-14,1,21.718353271484375,21.85980923459855,21.359995702683666,21.82208764443477,3736724
2007-03-15,1,21.94468116760254,22.095567500018173,21.774931581390625,21.840944351822465,2884317
2007-03-16,1,22.331335067749023,22.472791037397876,22.11443345204255,22.161585441925503,3446862
2007-03-19,3,22.227598190307617,22.42563900972721,22.17101580254342,22.303041373993217,2092894
2007-03-20,1,22.64253807067871,22.670831726690565,22.067281335172165,22.067281335172165,1953268
2007-03-21,1,23.24608039855957,23.35924513437267,22.444491928728695,22.491643901984155,3234479
2007-03-22,1,23.01976203918457,23.12349890376308,22.89716683642736,23.0952077031268,2193097
2007-03-23,1,23.24608039855957,23.274371582512845,22.991457280736057,23.03861171623555,1782772
2007-03-26,3,23.45356178283691,23.462992181605273,23.1234953636993,23.246090547687945,2616220
2007-03-27,1,23.01976203918457,23.151790104399357,22.89716683642736,22.934888437275735,1666691
2007-03-28,1,22.85944175720215,23.10463458765261,22.83115056087076,22.982036941304823,1397088
2007-03-29,1,23.24608039855957,23.378105923674855,23.019748464689332,23.35924513437267,2319172
2007-03-30,1,23.340391159057617,23.47241918496116,23.161213608377828,23.189504800590427,2049432
2007-04-02,3,23.45356178283691,23.56672656805721,23.2555209464563,23.5007137766787,1542464
2007-04-03,1,23.613880157470703,23.708184151526325,23.41583930770862,23.538436962226204,1489214
2007-04-04,1,23.783620834350582,23.84963360527984,23.632732038553673,23.71760560117699,896075
2007-04-05,1,24.21742820739746,24.302301793508377,24.13255215904152,24.198567410483925,1707415
2007-04-09,4,24.123125076293945,24.311733052102166,23.868501846707733,24.15141627266518,694848
2007-04-10,1,24.179702758789062,24.245715537462537,23.943940372710586,23.95337076966394,1639860
2007-04-11,1,23.83077621459961,24.057105747229127,23.764763434249332,24.000523364071743,1459304
2007-04-12,1,24.424894332885746,24.47204632007201,23.736470395476708,23.821346434656753,2642640
2007-04-13,1,24.311729431152344,24.519200635886072,24.01938464994585,24.519200635886072,2115070
2007-04-16,3,24.56635475158691,24.59464594619605,24.387174723484115,24.59464594619605,1305578
2007-04-17,1,24.613500595092773,24.68894376187431,24.226851903093035,24.53805742831123,2423686
2007-04-18,1,25.848888397216797,25.980913931726207,25.377366168867553,25.56597407530957,4120698
2007-04-19,1,25.801742553710938,26.009213762357515,25.424524188917452,25.443384984044886,3273561
2007-04-20,1,26.216684341430664,26.4713075556952,26.065797969863507,26.339279518328976,3307304
2007-04-23,3,25.924339294433594,25.9809216832478,25.773452924262372,25.82060491494088,1895911
2007-04-24,1,26.320415496826172,26.44301312094749,26.11294676134261,26.26383311442157,1534867
2007-04-25,1,26.1412410736084,26.19782346276851,25.82060507278948,26.15067147180175,2117329
2007-04-26,1,25.962060928344727,26.03750410639551,25.669716151153235,25.801741712742103,1584420
2007-04-27,1,25.754592895507812,25.99978571658802,25.58484326176151,25.66971930975717,2203500
2007-04-30,3,25.69800567626953,26.056363211014062,25.547116867709196,25.669714486335323,2104735
2007-05-01,1,25.848888397216797,25.980913931726207,25.481100517410663,25.830027606572596,1756421
2007-05-02,1,25.669715881347656,25.773450250077165,25.565979050373457,25.6508550870332,1380251
2007-05-03,1,25.73573112487793,25.848895901596823,25.54712070143485,25.848895901596823,1112838
2007-05-04,1,25.87718391418457,26.0092119330354,25.69800637307615,25.990351139234512,589444
2007-05-07,3,25.716873168945312,25.896050751872043,25.63199957703265,25.81117715995938,940084
2007-05-08,1,25.264204025268555,25.41509036595183,25.10388482604811,25.41509036595183,1917471
2007-05-09,1,25.14161491394043,25.141614913940423,24.80211807034309,24.830409268789097,2527996
2007-05-10,1,24.160842895507812,24.896421347899448,24.160842895507812,24.82097569943327,2239776
2007-05-11,1,24.57577896118164,24.622930940323172,24.302295019916414,24.453181353169317,1199557
2007-05-14,3,24.462621688842773,24.73610574123219,24.24572249665954,24.594649746330084,1935677
2007-05-15,1,24.26457405090332,24.65122275189691,24.26457405090332,24.29286523910448,2247852
2007-05-16,1,23.962800979614254,24.066535345291616,23.68931700785661,23.972231376494015,3540084
2007-05-17,1,24.047670364379883,24.19855915042808,23.953366412002374,24.141974316757388,1428025
2007-05-18,1,24.05710792541504,24.217427154454647,23.953373546900828,24.179705562267664,1160818
2007-05-21,3,23.8779239654541,24.20799027090794,23.83077198785273,23.98165831617711,1906931
2007-05-22,1,23.9156551361084,24.02881992772317,23.783629545891163,24.00052872981948,1626924
2007-05-23,1,23.557296752929688,23.896793579246825,23.547866353927688,23.868502382240827,3991817
2007-05-24,1,23.34981918334961,23.755328692761783,23.29323680467505,23.70817671053299,1631442
2007-05-25,1,23.330961227416992,23.54786283428841,23.274378841862223,23.529002039103485,1878732
2007-05-29,4,23.3969783782959,23.708181524192003,23.255519940643577,23.67989032911054,1864221
2007-05-30,1,23.283803939819336,23.340386312495372,22.9537376369649,23.12348721723724,2443330
2007-05-31,1,24.302303314208984,25.19819614815192,24.2362905208809,25.047309763402012,6107640
2007-06-01,1,24.764387130737305,24.839830298134473,24.556918420395093,24.811539110360535,1514265
2007-06-04,3,24.358875274658203,24.707802352178817,24.31172329962084,24.53805524204431,1937252
2007-06-05,1,23.8779239654541,24.21742066642821,23.745895965926007,24.179699084347117,3937404
2007-06-06,1,23.576154708862305,23.99109467717502,23.538433117401592,23.962803483579485,2827851
2007-06-07,1,23.651596069335938,24.132548785645614,23.651596069335938,23.9345104457365,4210976
2007-06-08,1,24.226852416992188,24.311725981421752,23.86849490493406,24.13254599427049,1580724
2007-06-11,3,24.06653594970703,24.321159134099855,23.97223197854105,24.274007148516866,2301718
2007-06-12,1,23.613880157470703,23.991098595938467,23.500715364603955,23.65160175509295,2969804
2007-06-13,1,24.06653594970703,24.17027278023429,23.62330482298224,23.906219198724862,1389901
2007-06-14,1,24.21742820739746,24.321162590421913,23.70818176624193,24.000526580646767,2084339
2007-06-15,1,25.132177352905273,25.264205370276468,25.00015179777867,25.00015179777867,3152688
2007-06-18,3,25.66028594970703,25.74515952566182,25.537688322194267,25.67914674436365,2333819
2007-06-19,1,25.61313247680664,25.716869313615664,25.443385318428867,25.518828499930105,1384152
2007-06-20,1,25.292503356933594,25.820608181590064,25.292503356933594,25.820608181590064,2374132
2007-06-21,1,25.87718391418457,25.9054751048859,25.21705366890892,25.27363605031158,2033621
2007-06-22,1,26.320415496826172,26.499595503352097,26.11294676134261,26.480734709217227,2140532
2007-06-25,3,25.914905548095703,26.405291112284303,25.839462372757342,26.405291112284303,1825550
2007-06-26,1,25.575410842895508,26.09408512715121,25.490534809776378,26.08465473038737,2323278
2007-06-27,1,25.99977684020996,25.99977684020996,25.584834527045626,25.60369777968416,1142269
2007-06-28,1,26.009218215942383,26.273269392940215,25.69801258080686,25.85832936684126,2720188
2007-06-29,1,25.886621475219727,26.235548719346532,25.735735083054756,26.131814324733114,1286687
2007-07-02,3,26.59389877319336,26.6882052036271,26.461873217728563,26.51845559864205,1619327
2007-07-03,1,26.5844669342041,26.68820375582918,26.53731495266746,26.6504797083554,814352
2007-07-05,2,26.49959373474121,26.612758491997692,26.282692154421788,26.48073294186513,1118519
2007-07-06,1,26.546754837036133,26.62219803445887,26.35814684347929,26.518463638002604,1157327
2007-07-09,3,26.669349670410156,26.857957643990595,26.527891227979744,26.6882104677682,2090293
2007-07-10,1,26.292123794555664,26.78250935701945,26.235541413250907,26.537316575787553,2726005
2007-07-11,1,26.09408187866211,26.44300897773029,26.00920831835359,26.216677021329964,3392312
2007-07-12,1,26.90510368347168,26.94282526984024,26.424150995027993,26.461872581396555,4255807
2007-07-13,1,27.008834838867188,27.178584419613625,26.933391675088437,27.10314125583487,1202021
2007-07-16,3,26.999414443969727,27.16916408759138,26.91454085328148,27.04656643879653,1363482
2007-07-17,1,28.206506729125977,28.470557819354575,27.008836578040057,27.037127766278832,7989041
2007-07-18,1,27.565235137939453,28.404545321632995,27.093712867153062,28.376254133120476,5449752
2007-07-19,1,28.630887985229492,28.75348318123806,28.385695130967008,28.649748784615426,2728059
2007-07-20,1,28.546010971069336,28.781770935173316,28.42341332749021,28.42341332749021,3396966
2007-07-23,3,28.668598175048828,28.734610946629157,28.43283581430327,28.612015799408542,2968436
2007-07-24,1,28.48000144958496,28.88550863438123,28.310251793703973,28.640318243574185,3528653
2007-07-25,1,28.857213973999023,29.09297639912512,28.33853959341567,29.036394008033668,2569473
2007-07-26,1,28.30081558227539,28.847783573934784,27.83872363224924,28.527147589555973,3286360
2007-07-27,1,27.59353256225586,28.17822218146951,27.59353256225586,28.121639791657543,2356542
2007-07-30,3,28.17821502685547,28.40454452863696,27.829287916031312,28.112199793258178,1244183
2007-07-31,1,27.876445770263672,28.36682892304482,27.819863382894106,28.15935770711152,1318788
2007-08-01,1,28.027334213256836,28.112207800599865,27.527520625547268,27.791571786170024,1983862
2007-08-02,1,27.819862365722656,27.91416634122392,27.4803655916733,27.83872316082291,1694342
2007-08-03,1,27.225749969482425,27.744424441273775,27.188028368788174,27.678411640058844,1483396
2007-08-06,3,27.668970108032227,27.697261297170723,27.046559022496293,27.32947337612576,1740063
2007-08-07,1,27.57466697692871,27.819859752444437,27.11257507813464,27.470932613621677,1558480
2007-08-08,1,27.857585906982425,28.178221908387876,27.518089109155763,27.536949905576968,3713043
2007-08-09,1,27.12200164794922,27.64067585354525,26.886239302363272,27.386052717291964,2972748
2007-08-10,1,26.49959373474121,26.791938486564952,26.065793036346864,26.254400965107667,2959332
2007-08-13,3,26.603334426879883,26.952261640372956,26.556182433467992,26.70706881238604,1482507
2007-08-14,1,26.622190475463867,27.30118398396858,26.509025711461295,27.169158425965584,1920962
2007-08-15,1,25.16989517211914,26.075220515621275,25.11331279982105,26.00920774794017,4240955
2007-08-16,1,25.12274932861328,25.349081335306035,24.41546457772385,25.151040521669273,2123078
2007-08-17,1,25.160463333129883,26.178953362791336,24.858688235943813,25.518820799367575,2579260
2007-08-20,3,25.89604759216309,25.99035403391554,25.462246824183424,25.64142684749268,2090636
2007-08-21,1,26.33928108215332,26.584473912752586,26.103521112582023,26.20725549919339,1543148
2007-08-22,1,26.763652801513672,26.848526386911296,26.51845998145332,26.622194363605963,949188
2007-08-23,1,26.773082733154297,26.9239691045641,26.65991549235198,26.9239691045641,1231042
2007-08-24,1,27.225749969482425,27.301193170870913,26.84853150029449,26.886253100988736,1325564
2007-08-27,3,27.23517608642578,27.461508117241877,27.103150504759363,27.169163295592575,1109211
2007-08-28,1,26.650482177734375,27.216310933091528,26.527887014379697,27.103146166917977,1317966
2007-08-29,1,27.58410263061523,27.621824224461378,26.92396981381765,27.16916263606262,839950
2007-08-30,1,27.565235137939453,27.933023050846607,27.3200423752532,27.33890316759488,1158901
2007-08-31,1,27.98018264770508,28.215945078393325,27.819865869163745,28.19708428091787,974444
2007-09-04,4,28.857213973999023,29.04582440654891,28.395121984507124,28.395121984507124,1664569
2007-09-05,1,28.819488525390625,28.942086151936635,28.527146210518307,28.847782179397175,1321936
2007-09-06,1,29.668235778808594,29.913426141409538,29.385321359716297,29.705957373054893,1360402
2007-09-07,1,28.876075744628903,29.149557287472156,28.66860452574428,29.026962113094147,1731165
2007-09-10,3,28.838348388671875,29.507911496570415,28.517712430146748,29.385316336227874,1531718
2007-09-11,1,29.064687728881836,29.1401309235587,28.80063408526756,29.0175357322088,992376
2007-09-12,1,29.03639030456543,29.357026275432947,28.88550148532174,28.95151672875351,2429983
2007-09-13,1,28.44227409362793,28.762910106705036,28.39512210085851,28.75347970815115,3314764
2007-09-14,1,28.338533401489254,28.536574189282774,28.16878626530439,28.215938247577967,960139
2007-09-17,3,27.876445770263672,28.26309454620061,27.74441773748979,28.168790567251328,1362524
2007-09-18,1,29.253286361694336,29.347590316948715,28.093337863088394,28.234796258214228,1644241
2007-09-19,1,29.27215003967285,29.526770743971316,29.130691630595862,29.262719643217352,1079711
2007-09-20,1,29.54562759399414,29.66822519379938,29.17783971906678,29.22499169505181,2069349
2007-09-21,1,30.15860939025879,30.4038021372509,30.092596621288216,30.22462215922936,1211672
2007-09-24,3,30.347230911254883,30.63957328122457,30.19634206450922,30.384952507380007,1586337
2007-09-25,1,31.148826599121097,31.18654820353646,30.29065271193434,30.29065271193434,1957511
2007-09-26,1,30.84703254699707,31.365706754607572,30.724437407183224,31.365706754607572,1382372
2007-09-27,1,30.56412696838379,30.88476296495563,30.42267099735721,30.752737391997492,1964698
2007-09-28,1,30.988489151000977,31.24311229377673,30.847033217372385,31.10165636014813,2221364
2007-10-01,3,31.036163330078125,31.199608698392613,30.50043240180095,30.85456003243015,1130052
2007-10-02,1,30.83640480041504,31.045247695540553,30.754683435614066,30.772841368106395,1242472
2007-10-03,1,29.9919490814209,30.59124364503234,29.873906495709974,30.500443297345083,1480479
2007-10-04,1,29.51069068908691,29.60149368418412,29.283687202063312,29.456211559174868,1168013
2007-10-05,1,29.537925720214844,29.728610629859254,29.029434405926818,29.05667396424218,1032570
2007-10-08,3,29.374488830566406,29.56517379513996,29.147485333492252,29.192885499477804,1335103
2007-10-09,1,28.984031677246097,29.23828000233725,28.666225271600595,29.22011940768789,2881109
2007-10-10,1,28.575429916381836,28.75703591129053,28.184981028047673,28.566350950209575,1729189
2007-10-11,1,27.87625312805176,28.729793291177053,27.740049967279557,28.666232527389045,1406790
2007-10-12,1,28.29393768310547,28.357498432155776,27.89440725947706,27.92164948560269,1948177
2007-10-15,3,28.620826721191406,28.92047254896639,28.36658104900923,28.55726330278652,1891890
2007-10-16,1,29.2836856842041,29.5379313901517,28.584509326061657,28.657151718374156,2056978
2007-10-17,1,31.608224868774418,31.916952433761423,31.0997333501417,31.417542549647173,2953104
2007-10-18,1,32.18935012817383,32.19843176024711,31.853383084382003,31.853383084382003,1039962
2007-10-19,1,31.054330825805664,31.998674051098032,30.99984902426344,31.998674051098032,897127
2007-10-22,3,31.590063095092773,31.7171873036088,31.26317760748763,31.390299148857057,729806
2007-10-23,1,32.17119216918945,32.33463755559712,31.971428252948503,32.29831635861763,2090858
2007-10-24,1,32.498085021972656,32.66153043225539,31.444780824292504,32.634288196968306,1958341
2007-10-25,1,31.926029205322266,32.652445168843556,31.553740923999616,32.652445168843556,1930313
2007-10-26,1,31.28133201599121,31.599138473645755,30.96352289119059,31.53557771554406,853468
2007-10-29,3,32.00775146484375,32.31647899145781,31.717184537862657,31.717184537862657,786247
2007-10-30,1,31.862457275390625,32.080381721358215,31.61729060671124,31.8261360898718,980518
2007-10-31,1,31.708106994628903,31.77166776262361,31.263176284373003,31.608222358591743,1293138
2007-11-01,1,30.999853134155273,31.490184078749273,30.800089169162693,31.172377528338632,1014937
2007-11-02,1,31.472013473510746,31.608216618562995,31.045243441203944,31.51741629995883,990605
2007-11-05,3,31.35396957397461,31.653618080459665,31.172366277448983,31.22684806655044,902979
2007-11-06,1,31.22685432434082,31.617303223760818,30.936287391383335,31.608221590184353,1684221
2007-11-07,1,30.92719459533691,31.753494929531968,30.92719459533691,31.49016765805302,1354353
2007-11-08,1,30.918119430541992,31.29948927273728,30.209861533200137,31.117883315908195,1617693
2007-11-09,1,30.527677536010746,31.13605096126874,30.46411677030233,30.791002232314963,1025871
2007-11-12,3,30.21894645690918,30.981683557252676,30.12814346860183,30.63663753597691,1201816
2007-11-13,1,30.346067428588867,30.44595204750676,29.76493631529315,30.318827866158735,3494799
2007-11-14,1,30.564001083374023,31.099732150605224,30.48227971159344,31.008931811803063,725032
2007-11-15,1,29.964702606201172,30.246187886607967,29.72861748917709,29.94654200741884,1728265
2007-11-16,1,29.9919490814209,30.046430890321364,29.383575549899472,29.94654890757727,1127665
2007-11-19,3,29.247364044189453,29.81941620710355,29.147482089848648,29.710455287434534,842072
2007-11-20,1,29.95561981201172,30.318829106432375,29.492528561733256,30.209865517962335,1073072
2007-11-21,1,30.191707611083984,30.60939873697142,29.692297787279063,30.509516772210436,1664047
2007-11-23,2,30.246185302734375,30.436870240085906,30.155384983725853,30.309748726615563,449372
2007-11-26,3,30.02826881408691,31.018012292205288,30.02826881408692,30.98169108805366,1130822
2007-11-27,1,30.1099796295166,30.4005464936737,29.674130666853852,30.191700976622645,2237466
2007-11-28,1,31.553741455078125,31.61730221950878,30.63664051889228,30.63664051889228,1236620
2007-11-29,1,30.972606658935547,31.07248861916616,30.70020034298069,30.79100067020147,2569182
2007-11-30,1,31.553741455078125,32.04407230538638,31.326735295780495,31.953269308238056,1191267
2007-12-03,3,30.763769149780273,31.408463910499695,30.645726559809685,31.308581924151273,743743
2007-12-04,1,30.355152130126953,30.63664008371519,30.35515213012695,30.58215828620008,1310540
2007-12-05,1,31.553741455078125,31.68086298393943,31.30857469635083,31.48109905735947,1015861
2007-12-06,1,31.762575149536133,31.81705693204751,31.14512294917727,31.14512294917727,1376375
2007-12-07,1,31.58097267150879,31.807978770792253,31.472009103737776,31.78073654527668,1441132
2007-12-10,3,31.93510627746582,32.089470027292485,31.75350296414168,31.95326687551285,1432970
2007-12-11,1,30.482267379760746,31.962341108644207,30.455025155423865,31.916938290464586,1629705
2007-12-12,1,31.19961166381836,31.3358148167865,30.772838939562284,31.28133302217001,2029874
2007-12-13,1,31.526508331298828,31.71719334683166,31.06341691276113,31.580990145329224,1362977
2007-12-14,1,31.072484970092773,31.444773202557663,31.072484970092773,31.335812289259568,793562
2007-12-17,3,30.010103225708008,30.99076757342039,29.946542462576904,30.890882945026288,2463461
2007-12-18,1,29.846662521362305,30.409635795981018,29.556095583909208,30.30067219425618,3109722
2007-12-19,1,29.46528434753418,30.23710297617825,29.074835551195584,29.9556150839657,2897664
2007-12-20,1,29.02035903930664,29.37448670957543,28.82059512281853,29.37448670957543,2459611
2007-12-21,1,29.011274337768555,29.22011984579477,28.94771092196992,29.138395835074473,1663970
2007-12-24,3,29.138404846191406,29.192886647804997,28.802437736960695,29.01128330957287,604450
2007-12-26,2,29.129322052001953,29.238285640911684,28.875076345025395,28.92955547233411,919765
2007-12-27,1,28.53911590576172,29.10208924487316,28.43923125916487,29.083928642505256,1042811
2007-12-28,1,28.684385299682617,28.993112735478334,28.602663958947417,28.920470358315672,523600
2007-12-31,3,28.4119873046875,28.820596794189097,28.339344906425968,28.711633196796797,869330
2008-01-02,2,27.667402267456055,28.53002114814168,27.631081079426792,28.520942184707135,3233230
2008-01-03,1,27.195236206054688,27.58568507307188,27.186157240378105,27.513045346220597,2813580
2008-01-04,1,25.633440017700195,27.26787783383964,25.56079762574392,27.258798868418168,4516435
2008-01-07,3,25.578954696655273,25.62435485179466,25.11586351250877,25.252066645072695,3543848
2008-01-08,1,25.297475814819336,26.232740147703637,25.22483607414072,25.960333785505377,1725878
2008-01-09,1,25.687925338745117,25.751486106861,25.015988455181603,25.361037197204663,2934162
2008-01-10,1,25.215747833251953,25.35195097866688,24.77989883478259,24.925180945223705,1520981
2008-01-11,1,24.407611846923828,24.734497278997228,24.30772989077405,24.407611846923828,1332177
2008-01-14,3,25.687925338745117,25.778725674011664,25.242994627640957,25.424597965320544,2335564
2008-01-15,1,25.025068283081055,25.370114333057636,24.670937932798992,25.23391117284032,2262645
2008-01-16,1,23.24534797668457,24.06256702270052,22.346406225923054,22.600653307113756,11054967
2008-01-17,1,23.2725830078125,24.32588966220069,23.24534344511416,23.753834841220975,3155768
2008-01-18,1,23.581308364868164,23.73567209620004,23.0637380504049,23.254420306333262,4578189
2008-01-22,4,23.16362762451172,23.390631146960175,22.301007037911493,22.310087338838233,2986060
2008-01-23,1,23.98992347717285,23.98992347717285,22.36456576299387,22.58249163170771,2657886
2008-01-24,1,26.078371047973633,26.132850175589095,24.770818642279167,24.770818642279167,5623695
2008-01-25,1,24.99782371520996,26.305376064848986,24.9070233949794,26.196412479997047,1572186
2008-01-28,3,25.134029388427734,25.15218998772802,24.616456309089045,24.79806230209191,1567643
2008-01-29,1,24.807140350341797,25.088628295508443,24.58921583394756,25.025067533882257,1094247
2008-01-30,1,24.144285202026367,24.68001886159297,23.74475736593608,24.05348220875756,3070067
2008-01-31,1,24.144285202026367,24.33497015431774,23.118220713100673,23.118220713100673,3470467
2008-02-01,1,25.37919044494629,25.4155116353887,24.189683460113105,24.2623231738522,2113881
2008-02-04,3,24.280488967895508,24.607377084723197,24.216928204584825,24.37129196344384,2520210
2008-02-05,1,22.882139205932617,23.70843990710891,22.8548996372298,23.463273120196977,3378067
2008-02-06,1,22.882139205932617,23.472354754529015,22.80041783267752,23.072824188292273,1394239
2008-02-07,1,22.78225326538086,22.936617017835072,22.182960187493244,22.264681546522844,2315929
2008-02-08,1,22.54616928100586,22.764093805027816,22.291923558455856,22.437205685421723,3108105
2008-02-11,3,22.67328834533691,22.79133356130103,22.419042650409786,22.491685039573547,2678445
2008-02-12,1,22.137563705444336,22.52801265781347,22.09216219927116,22.33732766545952,2470622
2008-02-13,1,23.74475860595703,23.944522534434434,22.809497061458043,22.809497061458043,3406711
2008-02-14,1,23.07282257080078,23.8083202128288,23.06374360425186,23.7719990123402,789327
2008-02-15,1,22.45536422729492,22.69144932895047,22.282841217239813,22.636967536150095,1584429
2008-02-19,4,22.482603073120117,23.000173358952267,22.428121288520504,22.95477320535876,1086085
2008-02-20,1,22.609729766845703,22.727772327037233,22.110318627518502,22.273762685311834,1351427
2008-02-21,1,22.39181137084961,23.054666749296175,22.337329558823793,22.873063376357138,2353043
2008-02-22,1,22.55524444580078,22.55524444580078,22.01043189399068,22.464444131929675,1622852
2008-02-25,3,22.482603073120117,22.564324416446706,22.092152950635228,22.400879062647864,1639561
2008-02-26,1,22.945701599121097,23.21810527517505,22.500768215794245,22.55525001786365,1708938
2008-02-27,1,23.181791305541992,23.317994503961263,22.891224304437745,23.000185262884933,1830752
2008-02-28,1,22.70961570739746,23.09098568693365,22.54617295453724,23.07282508471065,1521751
2008-02-29,1,21.865150451660156,22.25560063848958,21.774348795936575,22.18295958062533,1536535
2008-03-03,3,21.892393112182617,22.073997771833582,21.547345725776253,21.67446858745998,3274194
2008-03-04,1,21.347583770751953,21.465626343669772,20.87541214550739,21.311261235181405,1959111
2008-03-05,1,21.683547973632812,21.901472489174683,21.402061363140252,21.492863022353845,2147915
2008-03-06,1,21.483781814575195,21.90147020351114,21.447460621251036,21.84698974709787,1456378
2008-03-07,1,21.63814163208008,22.08307219638784,21.374815679108156,21.456538354317047,971355
2008-03-10,3,21.501943588256836,21.856072597369963,21.465623724264898,21.819751399804897,1345036
2008-03-11,1,22.055835723876953,22.11031618139866,21.511021813648952,22.0285948283296,911141
2008-03-12,1,21.62906837463379,22.02859891632584,21.6018288076044,21.97411711512059,908908
2008-03-13,1,21.63814163208008,21.774344757188754,20.839083475918876,21.020688087254715,2437435
2008-03-14,1,20.621166229248047,21.60183073709691,20.376000769072512,21.56550953304917,3567718
2008-03-17,3,20.18531608581543,20.612084877324044,19.831187031552023,20.167155484717483,1783782
2008-03-18,1,21.15689468383789,21.29309649772208,20.494038210449467,20.503118509184816,2866325
2008-03-19,1,20.294275283813477,20.975291053931635,20.294275283813477,20.557601292687625,3026639
2008-03-20,1,20.884490966796875,20.9117318663654,20.25795561101357,20.385078475426827,1345575
2008-03-24,4,21.610910415649418,21.98319874569566,20.91173392573558,21.075176672096052,1126587
2008-03-25,1,21.783430099487305,21.93779385483757,21.44746302431459,21.674467840879213,1003926
2008-03-26,1,21.738027572631836,21.89239132066717,21.556424261415135,21.765268469386257,1496957
2008-03-27,1,21.36574363708496,21.901476047268677,21.36574363708496,21.89239574651483,2404017
2008-03-28,1,21.665388107299805,21.928714128134647,21.54734554626072,21.692629006056475,2931467
2008-03-31,3,22.528005599975582,22.618808583874113,22.07399468120187,22.128476471540992,1851080
2008-04-01,1,23.57223320007324,23.66303352691913,22.900296378823946,22.991099372816077,2747976
2008-04-02,1,24.15336799621582,24.262328926230985,23.472352181822245,23.59947371136432,2959341
2008-04-03,1,23.799240112304688,24.026246296409184,23.399712215485003,23.41787281689923,2241162
2008-04-04,1,23.80831718444824,23.98992049664513,23.426947294974045,23.617632239711146,2021173
2008-04-07,3,24.205293655395508,24.49081898542765,23.93818687078642,23.93818687078642,1604141
2008-04-08,1,22.814502716064453,22.88818772374449,22.565818520571245,22.823711989310993,5870480
2008-04-09,1,22.75002670288086,22.878972743979833,22.40923629248993,22.7960784739267,4057284
2008-04-10,1,22.8881893157959,23.275032927597156,22.307923898094018,22.5013470567082,2182719
2008-04-11,1,22.086870193481445,22.63950234434857,21.976344033850715,22.575029314861258,1238776
2008-04-14,3,22.123706817626953,22.427654690364257,22.04081255811365,22.188179829978832,1348424
2008-04-15,1,22.565818786621097,22.602661290895483,22.031607885496346,22.4552926265114,1969814
2008-04-16,1,25.07107734680176,25.18160211569297,23.486863742051575,23.486863742051575,6750590
2008-04-17,1,25.58687400817871,25.734241309931715,24.803977608603095,24.84082011039804,5242006
2008-04-18,1,26.03819274902344,26.03819274902344,25.62371862771515,25.89082272966387,3475472
2008-04-21,3,25.550031661987305,25.61450468780772,25.33818862808961,25.457925406939005,2244935
2008-04-22,1,25.4302978515625,25.522404117362168,25.01582371360465,25.23687604609675,3527832
2008-04-23,1,27.15266227722168,27.318453524157615,26.14871363976936,26.14871363976936,4170551
2008-04-24,1,26.93160629272461,27.207922294291023,26.360553042458935,26.600026549759665,4750438
2008-04-25,1,27.06976318359375,27.33686990335495,26.581604212728248,27.33686990335495,2880416
2008-04-28,3,26.31450653076172,26.867138644221892,26.296085279951264,26.784244368288217,2855622
2008-04-29,1,25.92765998840332,26.14871226728883,25.697395732458254,26.084239249577735,3166625
2008-04-30,1,26.121082305908203,26.489504582218608,25.936872520466256,26.121082305908203,1331407
2008-05-01,1,26.636877059936523,26.87635063930272,25.973720079867142,26.34213972254112,1195271
2008-05-02,1,27.253982543945312,27.364510061151087,26.98687843550529,26.98687843550529,1290597
2008-05-05,3,26.56319046020508,26.84871850689534,26.489508159334225,26.775033500597612,1859242
2008-05-06,1,27.336875915527344,27.46582196310295,26.77503183558588,26.830295586872587,3037573
2008-05-07,1,27.272401809692383,27.88950967765367,27.143455754441305,27.742139665450303,5066908
2008-05-08,1,27.18029403686523,27.244767054479237,26.848714266323103,27.06976654487571,3444672
2008-05-09,1,26.848716735839844,27.14345403616176,26.775031734402692,26.931611009743293,1334179
2008-05-12,3,26.9776611328125,27.097397900110707,26.784242074010685,26.857924365514293,2912063
2008-05-13,1,26.86713600158691,26.940820997581127,26.5908199720351,26.655292990816793,3516205
2008-05-14,1,27.08818244934082,27.42897142426828,26.977654979157148,27.12502493940205,2464000
2008-05-15,1,27.778987884521484,27.79740913983741,27.309249932106635,27.41056548363049,3213056
2008-05-16,1,27.90793800354004,27.990832303703808,27.244778191374785,27.76056795397996,2211517
2008-05-19,3,27.456613540649418,27.953981906774725,27.364507285653325,27.80661189878098,1611841
2008-05-20,1,27.57634735107422,27.64082036991812,27.25397684600171,27.26318882322312,2184182
2008-05-21,1,27.18029403686523,27.696083588630128,27.161872788200313,27.41976756408276,1611302
2008-05-22,1,27.392135620117188,27.861870673092504,27.060555866808617,27.511872377502744,2014012
2008-05-23,1,26.756603240966797,26.903973203947697,26.425023529685724,26.67370898950302,4148144
2008-05-27,4,27.226348876953125,27.253979400354016,26.71976853966509,26.71976853966509,1657579
2008-05-28,1,27.34608268737793,27.41976768235545,26.9776604179168,27.35529466446335,1159312
2008-05-29,1,27.2816104888916,27.36450475801782,26.857924460471885,26.87634570976955,1078847
2008-05-30,1,27.594770431518555,27.650034182235323,27.35529688383923,27.43819115720105,805035
2008-06-02,3,26.839506149291992,27.06056116506282,26.664508319947007,26.903981881605233,1213135
2008-06-03,1,27.005292892456055,27.33687265520383,26.821083115563457,27.226345165812447,1013166
2008-06-04,1,27.042133331298828,27.447395350711655,26.83949961616624,26.857920862996476,1412180
2008-06-05,1,26.894763946533203,27.005291429938787,26.58160544897695,26.950027688235995,1519287
2008-06-06,1,25.76187515258789,26.388189581739173,25.76187515258789,26.378980308784477,1235773
2008-06-09,3,25.577661514282227,26.176348098238304,25.23687243769065,26.130293619209855,1170400
2008-06-10,1,24.8408203125,25.025030117546653,24.647398529216275,24.831608334262928,2511740
2008-06-11,1,24.64739418029785,25.07108017420256,24.60134241351851,25.0434469497939,1228150
2008-06-12,1,24.969772338867188,25.347406722980107,24.859247511564877,24.886878042033594,1413720
2008-06-13,1,25.1263427734375,25.319764534611465,24.859238721923475,24.988184759088455,1058827
2008-06-16,3,25.752655029296875,25.835549281379144,25.365814284437615,25.375023554479657,1007930
2008-06-17,1,25.688188552856445,26.2131901252135,25.65134605247069,26.19476887502062,1084622
2008-06-18,1,24.785554885864254,25.31055644712586,24.776345613675783,25.098713427098204,2090704
2008-06-19,1,24.011871337890625,24.2421329102305,23.3026599595792,24.17765988640947,5727183
2008-06-20,1,22.851341247558594,23.49607954182748,22.78686822975964,23.440815795674183,3318469
2008-06-23,3,22.47370719909668,23.026339188107393,22.42765408244143,22.888181190854713,2362437
2008-06-24,1,22.980295181274418,23.735561227427944,22.915822141316664,23.5697699319871,7311843
2008-06-25,1,23.02634620666504,23.321083537670063,22.750030127937013,22.814503158193027,5355658
2008-06-26,1,22.317129135131836,22.89739305998705,22.27107736596347,22.851341290818677,2171400
2008-06-27,1,22.639495849609375,22.777653847691873,22.096074480665752,22.33554798328526,3105718
2008-06-30,3,22.47370719909668,22.777653710882113,22.45528595243458,22.621075819680406,1441209
2008-07-01,1,22.52897071838379,22.67633934637235,21.976338701604956,22.16054982476895,3435894
2008-07-02,1,21.626340866088867,22.65792141289521,21.60791961580673,22.611869639903205,2773155
2008-07-03,1,21.967130661010746,22.29871045115505,21.727657119636135,22.160552430713803,1719718
2008-07-07,4,21.948701858520508,22.36317712993305,21.66317664372603,22.15133418337302,1271578
2008-07-08,1,21.110551834106445,21.534236543796325,20.94476328255624,21.303973614532858,4000381
2008-07-09,1,20.852659225463867,21.635555702320232,20.852659225463867,21.607922470532927,2507967
2008-07-10,1,21.000019073486328,21.082914675887658,20.631596879350777,20.72370310424114,2059596
2008-07-11,1,20.889501571655273,21.16581902546638,20.58555494261889,20.80660728241146,2747976
2008-07-14,3,21.082921981811523,21.25792116432027,20.907920093875937,21.082921981811523,1979285
2008-07-15,1,21.73686790466309,22.47371113668296,21.110550819267864,21.6816041549941,4115034
2008-07-16,1,20.935558319091797,21.488189228237875,19.830292442658415,20.143451085102644,11241076
2008-07-17,1,21.460554122924805,21.55265902936438,20.677657683691304,21.00002688530001,5050507
2008-07-18,1,21.67239761352539,21.856608794417443,21.04608176283412,21.571082072755868,1886962
2008-07-21,3,21.85660743713379,22.178975292784052,21.755291902655905,22.105291636631087,2516206
2008-07-22,1,21.368446350097656,21.653974380532684,21.05528914930079,21.175025925004498,2666048
2008-07-23,1,21.239498138427734,21.727657200585934,21.14739324202819,21.36844553447242,2535995
2008-07-24,1,20.55792236328125,21.018449633696736,20.41976431742796,20.990817753983368,2926847
2008-07-25,1,21.082921981811523,21.27634241568191,20.834236441142796,20.96318384796086,1666126
2008-07-28,3,20.714502334594727,21.276345162814405,20.659238573374328,21.25792390907427,1628627
2008-07-29,1,21.294761657714844,21.331604156961745,20.85265572489191,20.926340723385714,1951796
2008-07-30,1,21.67239761352539,21.856608794417443,21.43292402526522,21.45134527862578,2384459
2008-07-31,1,20.990816116333008,21.58950138589388,20.935553713931256,21.15660602896516,3346035
2008-08-01,1,20.677656173706055,21.156604628186265,20.594761899235134,21.11976212721547,2003463
2008-08-04,3,20.907922744750977,21.119765809555595,20.880292216918715,21.000029013237157,1917377
2008-08-05,1,22.169763565063477,22.20660471270468,21.561867720066925,21.67239386841721,1957340
2008-08-06,1,22.28950309753418,22.381608007108092,22.013187016098943,22.344766854906627,2695385
2008-08-07,1,22.271076202392575,22.648707723952317,22.160550068364504,22.298708074077886,1074150
2008-08-08,1,22.086870193481445,22.1697658277396,21.156606433578716,21.19344893769345,2463538
2008-08-11,3,22.556610107421875,22.750031918843256,22.289504633805528,22.317135161682646,1888810
2008-08-12,1,22.86976432800293,23.01713162412181,22.5750270303385,22.80529130504009,1992606
2008-08-13,1,23.21055603027344,23.3118715651108,22.91581869918885,22.99871298174424,1700776
2008-08-14,1,22.6855525970459,22.84213051424616,22.538183951992742,22.58423707629476,2348423
2008-08-15,1,22.70397186279297,22.80529008615366,22.464499681220655,22.657920092484673,932932
2008-08-18,3,22.13291931152344,22.48292033174072,21.838182037460427,22.29870919727303,1010317
2008-08-19,1,21.552656173706055,21.89344658199172,21.45134065477516,21.727656690196348,1901977
2008-08-20,1,21.303974151611328,21.60792073892486,21.13818424316814,21.51581583544016,1812349
2008-08-21,1,21.773710250854492,21.893447021579373,21.396077336206822,21.488182232292125,2339183
2008-08-22,1,21.718448638916016,21.884238550355796,21.57107997904881,21.66318623691171,980749
2008-08-25,3,21.48818016052246,21.847391790777237,21.48818016052246,21.80133867081812,1083852
2008-08-26,1,21.85660743713379,22.059238506089557,21.70002814600607,21.92108181989193,1201354
2008-08-27,1,22.298707962036133,22.326338480869452,21.77370781350582,21.884233946978547,2194654
2008-08-28,1,22.575029373168945,22.676344907032675,22.464503213252744,22.62108250343131,1074458
2008-08-29,1,21.78292655944824,22.24345251275086,21.746084050315662,22.188188749051992,1287440
2008-09-02,4,22.09608268737793,22.722398546705964,21.967135264789405,22.66713613857579,1944943
2008-09-03,1,21.267127990722656,21.87502376620522,21.184233727117388,21.736865758387655,2047892
2008-09-04,1,20.22633934020996,20.80660192081765,20.13423309510299,20.631601407827645,1962345
2008-09-05,1,20.1618709564209,20.272397130660703,19.59081747801599,19.61844935975435,3091011
2008-09-08,3,19.9592342376709,20.35528841905588,19.56318140899928,20.22634101792357,2583350
2008-09-09,1,19.29607391357422,19.83949533569115,19.213178294985603,19.682916075514765,2509122
2008-09-10,1,19.44344139099121,19.64607376053255,19.17633600799113,19.37896702481933,4072453
2008-09-11,1,19.351333618164062,19.39738673320416,18.8908078786152,18.96449150996633,3307150
2008-09-12,1,18.467132568359375,18.771079222386664,18.25528948531934,18.771079222386664,4132359
2008-09-15,3,18.181604385375977,18.69739408183269,18.126340623878356,18.246078773789865,4127508
2008-09-16,1,18.964494705200195,19.06581157535879,18.22765285668997,18.22765285668997,4056899
2008-09-17,1,17.647388458251953,18.089494367411447,17.242123693654168,17.90528323375002,4416258
2008-09-18,1,18.439498901367188,18.67897249144825,17.500024441830018,17.923707861490236,3129742
2008-09-19,1,19.39739418029785,19.97765824172733,19.20397372829706,19.39739418029785,3518438
2008-09-22,3,18.292125701904297,19.15791628601748,18.282915077432037,19.05660076953584,3211439
2008-09-23,1,17.518444061279297,18.43028655551245,17.481601557714555,18.43028655551245,2673055
2008-09-24,1,17.288183212280273,17.665816243654923,17.196078287725193,17.656605615928044,3763914
2008-09-25,1,17.32501983642578,17.702651386773603,17.26054546424497,17.675019512981827,3050971
2008-09-26,1,17.177654266357422,17.334233559788558,16.86449567949515,16.892127558226555,5506963
2008-09-29,3,15.003962516784668,16.348701393341912,14.85659389130871,16.284227027884192,5112184
2008-09-30,1,16.219757080078125,16.34870448264677,15.89738789729982,16.22896770545541,3232999
2008-10-01,1,16.440811157226562,16.542126694592564,16.026337028678178,16.311863740747967,1906289
2008-10-02,1,15.657912254333496,16.542122703616045,15.657912254333494,16.532912079467348,3099943
2008-10-03,1,15.446070671081545,16.265808179368214,15.436860046086412,15.740807965499071,2720949
2008-10-06,3,14.810545921325684,15.538178611538555,14.119755735101682,15.473704229558033,3930927
2008-10-07,1,14.009227752685549,15.510546212681,14.009227752685549,15.46449308424144,2493876
2008-10-08,1,14.322386741638184,15.197388091428984,13.9263338835567,14.589492189012056,5473545
2008-10-09,1,13.502646446228027,14.828964144505958,13.355277813086037,14.792121648042162,2692921
2008-10-10,1,13.613174438476562,14.257911450909171,12.811858147443168,13.530280162847149,3991218
2008-10-13,3,14.856595993041992,14.893438492801296,13.889489843353418,14.451332553829571,2072994
2008-10-14,1,13.475014686584473,14.423699509469628,13.18027741783532,14.294752123481022,3803107
2008-10-15,1,13.66843605041504,14.469753647989808,13.08817209630387,13.08817209630387,8365049
2008-10-16,1,14.442120552062988,14.525014815905465,13.097381613467658,13.85264737567757,4248244
2008-10-17,1,14.11054229736328,15.151332005947904,13.502646513533298,13.806593052735092,3512509
2008-10-20,3,15.703968048095703,15.888179225579217,14.525018676542892,14.580282435602008,6019706
2008-10-21,1,14.57107162475586,15.40923043245685,14.552650373679343,14.93949258814594,2646644
2008-10-22,1,13.428963661193848,14.377648632120197,13.171068848972451,14.128964445529096,2466772
2008-10-23,1,14.055282592773438,14.239493776251445,13.318439211575,13.963177677391228,4435200
2008-10-24,1,14.432909965515137,14.828964095772992,13.023698007538,13.07896175205208,3636325
2008-10-27,3,14.432909965515137,15.188174376974942,14.313173205114486,15.003963247974534,3375757
2008-10-28,1,15.565802574157717,15.584223818385617,14.0921179157675,14.644749831752945,2732422
2008-10-29,1,15.2894926071167,15.740809209403029,15.0039659151308,15.188177076877214,3624775
2008-10-30,1,15.67633056640625,15.805277938749466,15.077646820781691,15.519752677121176,1769152
2008-10-31,1,16.16449737548828,16.496077266673197,15.160548426963576,15.234232095719271,2531683
2008-11-03,3,16.302658081054688,16.37634176175615,15.860551938704091,16.017131281997884,3595900
2008-11-04,1,17.352657318115234,17.564500416114807,16.606604542755296,16.74476261441978,3115420
2008-11-05,1,15.980281829833984,17.011860940909795,15.934227355121571,16.643438670342807,2670052
2008-11-06,1,14.488174438476562,15.7592284517887,14.432910691183892,15.60264918717272,3243240
2008-11-07,1,15.26186466217041,15.575021931540652,14.8565997672891,15.105283998414809,3196347
2008-11-10,3,15.114494323730469,16.08160205250008,14.957915015816733,16.07239142540435,2271038
2008-11-11,1,14.41448974609375,14.985543069308742,14.303963601890622,14.948701923049889,2352119
2008-11-12,1,13.548700332641602,14.073701931203168,13.484227306461804,13.696068988826942,2550702
2008-11-13,1,14.709226608276367,14.718437232753796,12.9039617959725,13.428961980332966,2997148
2008-11-14,1,13.88027572631836,14.488171408555068,13.668432758712578,13.73290711707046,1798489
2008-11-17,3,13.346068382263184,13.87106859296061,13.318436507444726,13.742121196521124,1175559
2008-11-18,1,13.401331901550291,13.6684359620643,12.959224617480809,13.309225653738611,1999074
2008-11-19,1,12.21317195892334,13.26317370057763,12.21317195892334,13.069751935540102,2267419
2008-11-20,1,11.66054344177246,12.775018542716737,11.642122186852566,12.139490658835038,2694461
2008-11-21,1,12.692123413085938,12.728964567787717,11.909226894077245,12.71054331408003,3247860
2008-11-24,3,13.815807342529297,14.046071654956704,13.005280317514444,13.217123376730571,1719949
2008-11-25,1,13.714489936828612,14.027648493390368,13.373700856922422,14.027648493390368,1955415
2008-11-26,1,14.442120552062988,14.460541800186467,13.493435742696091,13.576330006538567,1696772
2008-11-28,2,14.119755744934082,14.119755744934084,13.788175914230278,13.815806439527703,471394
2008-12-01,3,12.664487838745115,13.300014142731971,12.664487838745115,13.207909253770843,1895663
2008-12-02,1,13.060541152954102,13.253962915652728,12.627645857552997,12.811856995708196,2228534
2008-12-03,1,13.29080295562744,13.364487945845946,12.572382417275872,12.572382417275872,2242317
2008-12-04,1,12.950016975402832,13.327648580822506,12.76580580930651,12.959226248629864,2399474
2008-12-05,1,13.051328659057615,13.125013644851034,12.489486053235046,12.793433914206776,3379068
2008-12-08,3,13.318438529968262,13.44738594598956,12.885543150213358,12.931596281904364,2620772
2008-12-09,1,13.613174438476562,13.96317549716382,12.977646698702,13.069752952416213,2692998
2008-12-10,1,14.792125701904297,15.059231169042134,14.110546094099448,14.32238780139626,3235386
2008-12-11,1,14.626333236694336,15.27107157875771,14.396068963365993,14.92107053260102,1655038
2008-12-12,1,15.14212131500244,15.225015579380385,14.497384390081796,14.497384390081796,2239468
2008-12-15,3,15.47370433807373,15.5934411241638,15.068440849494472,15.565809245978366,2463538
2008-12-16,1,16.03554916381836,16.081602300005784,15.234231357725443,15.427653176998971,2881417
2008-12-17,1,15.971073150634766,16.275019734708913,15.519756558214272,15.519756558214272,2859703
2008-12-18,1,15.768437385559082,16.56975351910177,15.473700137028027,16.275016270570713,4435816
2008-12-19,1,16.044754028320312,16.210543906335243,15.842121654588029,16.090807147967006,1892121
2008-12-22,3,15.842126846313477,16.219759845746573,15.54738948941069,16.219759845746573,1735503
2008-12-23,1,15.980281829833984,16.321070874488232,15.888175585835622,16.247387232002772,1618771
2008-12-24,1,16.017122268676758,16.155280275870993,15.906596133464006,15.906596133464006,466928
2008-12-26,2,16.09080696105957,16.17370122274757,15.97107020408217,15.97107020408217,375760
2008-12-29,3,15.823700904846191,16.12764879865606,15.685542894270178,16.07238640605358,1222606
2008-12-30,1,16.486858367919922,16.56054199971027,16.01712064984996,16.201331758395384,874797
2008-12-31,1,16.64344024658203,16.707914623487017,16.367125546557887,16.41317732020523,1101331
2009-01-02,2,16.76317596435547,16.836859603222564,16.127648322828396,16.302648825118347,2020865
2009-01-05,3,16.689489364624023,16.827647346613386,16.36712028907787,16.394750803305403,1298528
2009-01-06,1,17.085546493530273,17.251336398549125,16.73554678534682,16.83686231235869,2097403
2009-01-07,1,16.33028221130371,16.634228771618414,16.118440546292256,16.45001898101192,1948485
2009-01-08,1,16.459226608276367,16.459226608276367,15.98027961666886,16.385541623282567,1676675
2009-01-09,1,15.547385215759276,16.0447548760838,15.492122821976489,16.007912378419782,1437128
2009-01-12,3,14.967124938964844,15.215809153425882,14.8289682444541,15.105282986189149,1547931
2009-01-13,1,15.086862564086914,15.32633751779306,14.801337179958091,14.828969061468069,2116422
2009-01-14,1,14.34080410003662,14.709224980216137,14.221067347796106,14.64475196872344,2965347
2009-01-15,1,15.23422908782959,15.41844025241822,14.663177047760382,14.88422936309598,3920994
2009-01-16,1,15.39080810546875,15.648702897084725,14.911859669101007,15.648702897084725,2281356
2009-01-20,4,14.690810203552246,15.31712605330565,14.644757070219802,15.206599886021351,1737813
2009-01-21,1,15.252652168273926,15.317125198628265,14.663177505364896,15.17896715905355,2150610
2009-01-22,1,14.672385215759276,14.921069367031496,14.386857214485143,14.488174082029046,1610840
2009-01-23,1,14.939492225646973,15.06843962734033,13.94475416064581,13.953964785960576,2391235
2009-01-26,3,14.976335525512695,15.38160039215114,14.838177478658451,14.911862491761282,1600445
2009-01-27,1,15.67633056640625,15.722383682497776,15.22501408684846,15.271068555653049,1541463
2009-01-28,1,16.532915115356445,16.827653789523524,16.31186280062294,16.818443163683508,2903747
2009-01-29,1,15.353963851928713,15.878964000081565,15.215804494295698,15.878964000081565,2091012
2009-01-30,1,15.23422908782959,15.657915172197477,15.114492304296686,15.538178388664573,1245090
2009-02-02,3,15.372386932373049,15.547386100812693,15.06843901476878,15.09606953687646,1916222
2009-02-03,1,15.851330757141112,15.934225011835988,15.132908923171088,15.427646155195356,2512818
2009-02-04,1,15.685541152954102,16.11843773777629,15.48291014805122,15.538173887231856,2183258
2009-02-05,1,15.998701095581056,16.18291222360674,15.436858440180236,15.722385079899116,2656577
2009-02-06,1,16.855283737182617,17.002652392863336,16.376335268041935,16.450020272238994,2264493
2009-02-09,3,17.11318016052246,17.177654545275967,16.809233547682226,17.11318016052246,2663584
2009-02-10,1,16.026336669921875,16.763179999528965,15.832914873177048,16.505283819631366,2845304
2009-02-11,1,15.860547065734863,16.265810566865245,15.657915991526432,16.035547613615613,1859781
2009-02-12,1,15.860547065734863,15.906600197470198,15.307914895764933,15.602652233444031,1956262
2009-02-13,1,16.339496612548828,16.69870835740906,16.201338561305725,16.36712849334017,2395085
2009-02-17,4,15.031596183776855,15.547385758216342,14.948701913853824,15.519755236717518,2455838
2009-02-18,1,14.838172912597656,15.105278297473577,14.663173765756982,15.105278297473577,1493646
2009-02-19,1,14.442120552062988,14.911858321072158,14.322383791973555,14.847383952639982,2429119
2009-02-20,1,14.25791072845459,14.469753748549724,13.963174789643636,14.000015936549188,2743741
2009-02-23,3,13.55791187286377,14.138175911195685,13.50264946851194,14.092124133021407,1737967
2009-02-24,1,14.165807723999023,14.248702006498885,13.603964940629169,13.723701727668294,1599983
2009-02-25,1,14.331595420837402,14.663175204881044,13.788173973947693,14.055279385038794,2762760
2009-02-26,1,14.202648162841797,14.847385134938094,14.119753892398448,14.580279721304391,2696463
2009-02-27,1,13.935538291931152,14.285537864060965,13.815800207891968,13.89869580453448,2631398
2009-03-02,3,13.152650833129885,13.705281686485453,13.08817509177519,13.530282479886855,2884035
2009-03-03,1,13.180279731750488,13.419753297383432,12.922384914497556,13.3829121468569,2057209
2009-03-04,1,14.377650260925291,14.571073421073846,13.603965736612482,13.603965736612482,4253865
2009-03-05,1,13.511857986450195,14.046068810542051,13.392121217537875,13.778963398496124,3644718
2009-03-06,1,13.475014686584473,14.055278599889787,13.161856169449347,13.79738247519938,2336180
2009-03-09,3,13.198700904846191,13.71449053628342,13.171069027580604,13.355280189971086,1533994
2009-03-10,1,14.488174438476562,14.736858595867073,13.926331751854097,14.082911016470074,2951872
2009-03-11,1,15.05923080444336,15.5473885936994,14.709229706017856,15.381600023617349,5079844
2009-03-12,1,15.07765293121338,15.11449408630394,14.635546895704184,14.755283693354125,5065368
2009-03-13,1,15.372386932373049,15.427649329301714,14.98554339030581,15.05001776488812,2176944
2009-03-16,3,15.252652168273926,15.934230387281442,15.114492775985724,15.897389235384743,3445904
2009-03-17,1,15.842126846313477,15.851337473261289,14.911862993579664,15.077652925926682,2190342
2009-03-18,1,16.422386169433594,16.52370168375674,15.510543835098847,15.611859349421994,2578114
2009-03-19,1,16.38554573059082,16.928968572998876,16.30265145440702,16.910547322132835,3959494
2009-03-20,1,15.565802574157717,16.450014180819583,15.4000140815324,16.228961955510567,3687915
2009-03-23,3,16.532915115356445,16.532915115356445,15.814493063402388,15.915809947642568,1797180
2009-03-24,1,15.759228706359863,16.302650152663087,15.713175582872038,15.97107172169058,2195732
2009-03-25,1,16.063182830810547,16.551340717797036,15.593444847632584,16.514498204752382,4282509
2009-03-26,1,16.772388458251953,16.836861480359595,16.155281995818914,16.164492620793336,3251171
2009-03-27,1,16.063182830810547,16.155287760708386,15.842129105256411,15.989499157435034,2005696
2009-03-30,3,15.969621658325195,16.10059675674165,15.773159697692906,16.00704350758269,3616844
2009-03-31,1,16.38125991821289,16.67127653810559,16.28770665740345,16.34383943828008,2732345
2009-04-01,1,16.62449836730957,16.755473464488457,16.01639881856026,16.063174755705372,3294753
2009-04-02,1,17.213886260986328,17.438414596910395,16.643207211377874,16.87709238311553,2061136
2009-04-03,1,17.756500244140625,17.79392209713174,16.97064820125174,17.064202833729528,2844842
2009-04-06,3,17.78456687927246,17.859409212302445,17.31679783238404,17.859409212302445,3974432
2009-04-07,1,16.877098083496094,17.307445351024512,16.80225436358585,17.082916939264102,1765995
2009-04-08,1,17.232601165771484,17.39164269230089,16.980006365865712,17.260667559979932,1892352
2009-04-09,1,17.934253692626953,18.177493002943834,17.35421906020557,17.363574523985832,2680909
2009-04-13,4,18.177486419677734,18.280395110005628,17.616162918109122,17.868758974709568,2040423
2009-04-14,1,18.327178955078125,18.439443145878265,17.952963153764358,17.971674081228542,3641484
2009-04-15,1,18.327178955078125,18.701393382406913,17.765856627092454,18.158781981885426,3435355
2009-04-16,1,18.75752830505371,18.869792508663316,17.943611111402653,17.943611111402653,4558862
2009-04-17,1,19.356266021728516,19.56208342986591,18.823008830133254,18.92591753420195,4234076
2009-04-20,3,17.96231460571289,18.504927259029824,17.90618320984195,18.467505412459413,2770614
2009-04-21,1,18.242979049682617,18.289756366466637,17.77521137778211,17.821987320581204,2566795
2009-04-22,1,18.729454040527344,19.010115118609978,17.87811534541106,17.896826267147844,4663197
2009-04-23,1,19.05689811706543,19.10367681274191,18.542353074400214,18.982055776344247,2785013
2009-04-24,1,18.804296493530273,19.00075979924505,18.68267687532001,18.785586945638713,1775620
2009-04-27,3,18.224260330200195,18.56105411906088,18.102640732551706,18.364590846561423,2174788
2009-04-28,1,18.065229415893555,18.24298048569481,17.85941057982758,17.906187900293716,1380456
2009-04-29,1,18.439441680908203,18.80430061551772,18.345887051019965,18.402021202937775,1009778
2009-04-30,1,19.786619186401367,20.067281766974443,19.00076835754937,19.09432300906879,4476241
2009-05-01,1,19.814678192138672,20.114048822638583,19.39368519446988,19.74918996503943,1849540
2009-05-04,3,20.694087982177734,20.74086392388456,19.94565780103466,19.94565780103466,2875796
2009-05-05,1,20.104700088500977,20.535047287779637,19.730484296267825,20.488269970254255,1951026
2009-05-06,1,19.758548736572266,20.039209866052808,19.403043906438352,19.805324675495815,1934548
2009-05-07,1,18.561059951782227,19.534018412701855,18.25233244397456,19.48724247520523,3311770
2009-05-08,1,18.467510223388672,18.757526861891584,17.878121482303072,18.626551738759787,2530451
2009-05-11,3,17.934253692626953,18.149426611603044,17.634880225643503,17.793923109907986,1610455
2009-05-12,1,17.896833419799805,18.27104788214042,17.513262118866685,18.177494610051543,1395548
2009-05-13,1,17.27937126159668,17.728429259138238,17.139040723238978,17.69100741584697,2161544
2009-05-14,1,17.887475967407227,18.02780654693855,17.64423528863063,17.831343186000712,1489026
2009-05-15,1,17.924896240234375,18.336531104958695,17.88747438926495,17.99038310544603,1509585
2009-05-18,3,18.69203186035156,18.860428778964696,17.999734638483826,17.999734638483826,2603986
2009-05-19,1,19.01947593688965,19.33755894804356,18.77623663376487,18.851078967809052,2234925
2009-05-20,1,18.98205184936523,19.683704659654108,18.888498599321647,19.34691213510632,1469006
2009-05-21,1,18.589128494262695,18.95398744417224,18.420731527387165,18.766880924519363,2001769
2009-05-22,1,18.5423526763916,18.79494746013316,18.280402428512577,18.720105121018456,1519826
2009-05-26,4,19.141094207763672,19.206582447565353,18.46750775401348,18.495574142499915,1854468
2009-05-27,1,18.841724395751953,19.225295669579015,18.73881566632799,19.028832300692347,1790404
2009-05-28,1,18.907209396362305,19.084960432845495,18.336530315599937,18.93527440939638,2244242
2009-05-29,1,19.365623474121097,19.42175487575392,19.028829568384875,19.215937446458863,1236158
2009-06-01,3,20.4321346282959,20.581820651630785,19.655638124624023,19.68370451162146,2735964
2009-06-02,1,20.35729598999023,20.7782877492321,20.291807741804043,20.703444037019313,2690072
2009-06-03,1,19.627573013305664,19.93630052076164,19.412398754721135,19.889523209333532,1576421
2009-06-04,1,19.870813369750977,19.96436799771548,19.505954442643965,19.80532513017583,2183104
2009-06-05,1,19.19722557067871,19.84274696237854,19.11302778540622,19.730481416702226,2490565
2009-06-08,3,19.150447845458984,19.262712014720535,18.776233489925566,18.851075811438363,1144220
2009-06-09,1,19.552732467651367,19.664996659195236,19.21593989301975,19.21593989301975,1841147
2009-06-10,1,19.992435455322266,20.142121504373204,19.66499696540115,19.964370437488036,3117422
2009-06-11,1,19.861459732055664,20.11405450280146,19.805326950118836,19.805326950118836,1451065
2009-06-12,1,19.90823554992676,19.95501286468202,19.515308853952313,19.898880086975705,1510278
2009-06-15,3,19.468534469604492,19.590154123706252,19.103675507299226,19.449823542206538,2119964
2009-06-16,1,19.346908569335938,19.702411953167644,19.243999875856304,19.552725956295205,1927695
2009-06-17,1,19.300132751464844,19.41239691426396,18.720099640687355,19.047538041670684,1910755
2009-06-18,1,19.01947593688965,19.23465022348845,18.9072117488309,19.02883140039329,1552628
2009-06-19,1,19.346908569335938,19.496594566208373,19.075601583642214,19.103669339662428,1225224
2009-06-22,3,18.804296493530273,19.328198184108157,18.75752056282452,19.056891190888862,1231153
2009-06-23,1,18.75752830505371,19.038189501070292,18.39266929982621,19.038189501070292,3724875
2009-06-24,1,19.29078483581543,19.55273510947224,19.08496597852212,19.122389212739748,943635
2009-06-25,1,19.72112464904785,19.852099736348418,18.92591728973945,18.953983674300567,1308923
2009-06-26,1,20.001789093017575,20.13276420223046,19.86145852071914,20.048566408445353,1371986
2009-06-29,3,20.104700088500977,20.15147603204141,19.861459411353945,20.039211843965443,765457
2009-06-30,1,20.254384994506836,20.469559283665937,19.992434761257904,20.37600464751634,997843
2009-07-01,1,20.834415435791016,21.18992025729438,20.78763949800304,20.92797005933652,1678908
2009-07-02,1,20.647310256958008,20.67537664581636,20.347938190438654,20.60053294219409,2280124
2009-07-06,4,20.4321346282959,20.600531576295744,20.02049840762115,20.35729230362084,1843149
2009-07-07,1,20.11405563354492,20.628602041603656,20.057924222437546,20.54440423795007,1911525
2009-07-08,1,19.842748641967773,19.973723749025115,19.54337520214188,19.90823550850401,1850464
2009-07-09,1,20.27309799194336,20.394717657372173,19.955016318508424,20.207611113936352,1271963
2009-07-10,1,19.870813369750977,20.05792125169513,19.58079677103072,19.63692954780942,1948870
2009-07-13,3,20.572465896606445,20.591176821914708,19.97372315666611,20.254382914335604,1478477
2009-07-14,1,20.581823348999023,20.731509391951143,20.38535998825407,20.469559160281175,2696925
2009-07-15,1,21.88221740722656,22.02254796731348,21.29282878006456,21.470581189237254,5605369
2009-07-16,1,21.92899703979492,21.994485282627053,21.395741129815804,21.66704681643623,3267495
2009-07-17,1,22.275144577026367,22.303210966204887,21.779310530812097,21.94770611791343,2216445
2009-07-20,3,22.480968475341797,22.49967940569305,22.07868759474541,22.349993336868213,2354968
2009-07-21,1,22.34063720703125,22.471612341608164,21.86351261922489,22.443545946916295,2019479
2009-07-22,1,22.780336380004883,23.042286608277102,22.40612059048605,22.499675224858223,2264339
2009-07-23,1,22.90195083618164,23.070347765871553,22.50902558289493,22.555801515486564,1985368
2009-07-24,1,22.873891830444336,22.9206691521091,22.48096645041551,22.77098309676692,1018479
2009-07-27,3,22.555803298950195,22.82711032455984,22.219010786925168,22.808399400449883,1913989
2009-07-28,1,22.789690017700195,22.84582279382656,22.33127646795606,22.33127646795606,1527218
2009-07-29,1,23.032930374145508,23.07970631578151,22.62129411863631,22.836468396507534,1112650
2009-07-30,1,23.65038299560547,23.97782004909373,23.24810224487321,23.32294319414771,4213363
2009-07-31,1,24.333330154418945,24.52043669024656,23.90298154965431,24.07137990507225,3501344
2009-08-03,3,24.68883895874023,24.72626082143098,24.295912148457916,24.51108648494445,2388925
2009-08-04,1,24.651411056518555,24.857228502922403,24.520434569189835,24.75431977972048,2349732
2009-08-05,1,23.77199935913086,24.202347811107757,23.528760124521796,24.11814728930767,2389926
2009-08-06,1,23.556827545166016,24.1087956709644,23.388431980261775,24.043306064195505,1701315
2009-08-07,1,24.033958435058594,24.27719775993964,23.83749505789463,24.033958435058594,2886037
2009-08-10,3,23.8842716217041,23.89362571122453,23.650386408054693,23.82813884067186,2518593
2009-08-11,1,23.631669998168945,23.715867776197317,23.2293892827274,23.46327444211221,1596364
2009-08-12,1,24.211706161499023,24.370747650283185,24.0245996591522,24.05266467271486,1857856
2009-08-13,1,24.342681884765625,24.40816874636866,24.052663929718733,24.314614124100384,1494955
2009-08-14,1,23.921688079833984,24.31461475559626,23.75329250334706,24.31461475559626,1143758
2009-08-17,3,23.38844108581543,23.58490448667015,23.2855323396464,23.53812578534207,1212211
2009-08-18,1,23.84684944152832,23.949758164695,23.64103199519495,23.809427588018643,1233848
2009-08-19,1,24.305265426635746,24.352041374159775,23.753297154783596,23.902981835642574,1772309
2009-08-20,1,24.473657608032227,24.688831882849183,24.31461611116357,24.445592593042942,2004233
2009-08-21,1,25.165958404541016,25.19402342179536,24.74496665790609,25.025627822329376,2187031
2009-08-24,3,25.081764221191406,25.680505743382582,25.016274591538792,25.61501886170033,1521597
2009-08-25,1,25.26886749267578,25.540171823242613,25.01627134189907,25.47468495006717,1604295
2009-08-26,1,25.717927932739254,25.839547606549317,25.306292959219174,25.390490772169155,2415105
2009-08-27,1,26.073427200317383,26.092138126683786,25.568237684364068,25.914385700187847,1866634
2009-08-28,1,26.166982650756836,26.96218742831189,25.98923021870009,26.709594036418004,1714097
2009-08-31,3,25.699209213256836,25.820828850205775,25.44661585096423,25.745987899139205,1055824
2009-09-01,1,24.91335678100586,25.989225257458155,24.866580846540753,25.474678986464557,2194115
2009-09-02,1,24.632699966430664,24.75431961558744,24.11815360586288,24.146221369803573,2429196
2009-09-03,1,25.324995040893555,25.34370321681641,24.941425223055692,25.212729497539794,1677291
2009-09-04,1,26.026649475097656,26.07342541382378,25.25950704257759,25.268863879104583,1523599
2009-09-08,4,26.606678009033203,26.999601871228595,26.44763654758272,26.990247784305215,2831059
2009-09-09,1,27.49544334411621,27.58899797417823,26.840566429621585,26.943475148704927,2556477
2009-09-10,1,27.841596603393555,28.243877466562452,27.56093540825385,28.13161463728873,6689914
2009-09-11,1,27.4860897064209,27.972568294791955,27.214782648771017,27.94450327929739,3327016
2009-09-14,3,27.57964134216309,27.673195972920418,27.093162758164507,27.093162758164507,1748516
2009-09-15,1,28.066123962402344,28.1128999059432,27.83223874875827,27.916436546319773,2114112
2009-09-16,1,28.356138229370117,28.421625097658648,27.766750918833743,28.06612299268534,4198733
2009-09-17,1,27.16800308227539,27.83223400807824,27.065094375232068,27.59834883427196,4280430
2009-09-18,1,27.43931007385254,27.495442850882796,27.130583922140655,27.16800577349416,1464155
2009-09-21,3,27.607711791992188,27.654487737937924,27.2522069084885,27.2709178364608,891429
2009-09-22,1,28.019346237182617,28.169033658427395,27.91643750906183,27.99128121968422,1802955
2009-09-23,1,27.71061897277832,28.2719412846283,27.701262135330214,28.038056072034184,2241239
2009-09-24,1,27.401891708374023,27.99128182021525,27.31769390610243,27.879016251873097,1880802
2009-09-25,1,27.17735481262207,27.411239966139288,27.0276701829901,27.168000725506595,1738275
2009-09-28,3,27.635766983032227,27.972560818803935,27.420592761849043,27.44866051781197,1231923
2009-09-29,1,27.196067810058594,27.673192240616192,27.130580951345607,27.60770538190321,1054746
2009-09-30,1,27.663833618164062,27.70125546300301,26.980891819776275,27.420594374680107,2033801
2009-10-01,1,26.485061645507812,27.710614809174544,26.45699388535065,27.617060188599783,2118116
2009-10-02,1,26.41957092285156,26.700232024769235,26.13890982093389,26.14826665658147,1144066
2009-10-05,3,26.98090171813965,27.06510227390218,26.33538152777169,26.485068962042657,1187956
2009-10-06,1,27.991283416748047,28.09419215294625,27.411250109837123,27.458026058662615,2041501
2009-10-07,1,27.504798889160156,27.6638403946999,27.23349456957288,27.588999434658177,1198967
2009-10-08,1,27.757394790649418,28.019345018464097,27.49544456283473,27.83223849801643,1727110
2009-10-09,1,28.449697494506836,28.515184373460556,27.81353139046996,27.93515105765698,2004387
2009-10-12,3,29.36652374267578,29.52556526300354,29.141992597763547,29.18877129360534,1162161
2009-10-13,1,29.609758377075195,30.283343461180557,29.562979688644887,30.14301289182906,2958648
2009-10-14,1,29.00165557861328,29.76879799110324,28.552598884252436,29.759441154820557,4846842
2009-10-15,1,28.290647506713867,28.758415106140717,28.019340485386472,28.72099325851146,2900051
2009-10-16,1,27.570287704467773,28.075477222889052,27.401889366347472,28.075477222889052,3109029
2009-10-19,3,27.78546714782715,28.140969320645144,27.598357848480493,27.88837588848265,3317160
2009-10-20,1,27.53286361694336,28.038053094362695,27.42059806730813,28.00063124448429,2607759
2009-10-21,1,28.09418678283691,28.515178485705786,27.972567140761665,28.01934308064609,2955568
2009-10-22,1,28.83326530456543,28.880041250667315,28.197099247323575,28.61809100615067,1400938
2009-10-23,1,28.103538513183594,28.842613140370815,27.98191888131463,28.823902216393325,1370677
2009-10-26,3,27.392534255981445,28.51517880972162,27.289625538284557,28.131608953589687,1821512
2009-10-27,1,26.400861740112305,27.42995434697055,26.382153563522444,27.196069163962857,2044350
2009-10-28,1,24.95077896118164,26.092134310730827,24.92271394972142,25.858249139341183,2495108
2009-10-29,1,26.12019920349121,26.26988659185055,25.867605857588895,26.00793641019109,2675134
2009-10-30,1,25.203378677368164,26.082781222448748,25.053691266821826,26.045362117781956,2177560
2009-11-02,3,25.409194946289062,25.820829810355352,25.03497918516271,25.55887960195781,1564871
2009-11-03,1,25.717927932739254,25.82083667611928,25.156605515778853,25.278225189588916,1802031
2009-11-04,1,26.129560470581055,26.65346092274867,26.00794082089821,26.47570849291147,1634864
2009-11-05,1,26.98090171813965,27.102524132469924,26.419579335563995,26.6066886284027,2500113
2009-11-06,1,26.82185173034668,27.270911143501536,26.68152117898004,26.971539117388083,1408022
2009-11-09,3,27.617063522338867,27.617063522338867,27.18671771168557,27.22413956443278,1274350
2009-11-10,1,26.962186813354492,27.30833758008199,26.75636936954937,27.04638735670188,2108568
2009-11-11,1,27.76675033569336,28.19709613708416,27.54221922404278,27.68254979483952,1846306
2009-11-12,1,27.58899688720703,28.094186373698616,27.448666321627726,27.916433957568874,1188418
2009-11-13,1,28.5245418548584,28.543252784691088,27.701266438160715,27.77611015749147,2271423
2009-11-16,3,29.40394401550293,29.572339617141655,28.992306353318252,29.03908229866901,2344573
2009-11-17,1,29.955913543701172,29.965270382812097,29.52556764385787,29.843647962192293,2577036
2009-11-18,1,29.80621910095215,30.217856721830938,29.56297981278412,30.199145795974182,3440668
2009-11-19,1,28.32807731628418,28.449696981277192,27.748044010944344,28.356142335909414,2144989
2009-11-20,1,28.187746047973633,28.29065478143154,27.78546520446994,27.83224115204986,1179409
2009-11-23,3,28.786489486694336,29.06715066049596,28.55260425920297,28.55260425920297,1455762
2009-11-24,1,29.06714630126953,29.085854478611907,28.618086841750763,28.89874797346138,1652882
2009-11-25,1,29.516206741333008,29.525563579155804,29.301032447048616,29.44136303063061,978439
2009-11-27,2,28.9642391204834,29.235546203636066,28.300008043623137,28.402916774069652,475860
2009-11-30,3,28.992298126220703,29.067141815919644,28.552595571193255,28.92681127171874,934626
2009-12-01,1,29.8997745513916,30.04010512518635,29.57233746186045,29.731378962025826,1389465
2009-12-02,1,30.601428985595703,30.666918605227497,29.99333071737148,29.99333071737148,1555092
2009-12-03,1,30.71368980407715,31.106613721308655,30.610781093660098,30.872731287804275,1299144
2009-12-04,1,30.83531188964844,31.237592675055375,30.404963341370944,30.807246874747616,1540539
2009-12-07,3,30.545299530029297,30.741762914379876,30.386258004409324,30.48916948990362,941017
2009-12-08,1,30.124305725097656,30.26463355118933,29.871709592599064,30.171081667128213,1111033
2009-12-09,1,30.124305725097656,30.124305725097656,29.591048444476098,29.974618313848175,1053822
2009-12-10,1,30.01204490661621,30.42367985662428,30.01204490661621,30.29270609906543,760144
2009-12-11,1,30.41431427001953,30.79788405499024,30.320759658574527,30.732397200963337,779009
2009-12-14,3,31.349855422973633,31.44340729624456,31.050483382973795,31.20016802898897,855701
2009-12-15,1,31.097261428833008,31.303078861552343,30.9662876981824,31.06919641454207,628474
2009-12-16,1,31.518251419067383,31.78020161411016,31.415342708297313,31.50889733080171,443905
2009-12-17,1,30.87273597717285,31.172108065663096,30.75111632384587,31.03177748505735,596057
2009-12-18,1,31.265661239624023,31.303083095720208,30.797893534361855,31.218885293488825,411257
2009-12-21,3,31.70536422729492,31.74278608374578,31.144041876472222,31.153398714569978,709632
2009-12-22,1,32.435081481933594,32.509925186873964,32.03280068983376,32.350883687860566,580349
2009-12-23,1,32.22926330566406,32.50992444481441,32.09828682500803,32.444434830501535,697697
2009-12-24,1,32.35088348388672,32.35088348388672,32.18248514883264,32.19184198587608,146300
2009-12-28,4,32.08893966674805,32.388311796365635,31.986028178592058,32.36960086651639,363440
2009-12-29,1,32.08893966674805,32.3976658873051,32.0047391084413,32.36960086651639,438977
2009-12-30,1,32.22926330566406,32.247974231472064,31.64923010155536,31.995378107048865,661199
2009-12-31,1,31.8924617767334,32.29474246363124,31.883104942077907,32.18247693557968,383229
2010-01-04,4,32.42572784423828,32.83736551405634,32.35088687988322,32.547347502781555,1390235
2010-01-05,1,32.678321838378906,32.86543110681841,32.509926244753224,32.73445461891076,1094016
2010-01-06,1,32.977691650390625,33.10866812928449,32.64089773834751,32.66896550066676,1051204
2010-01-07,1,32.06086349487305,32.640896672232934,31.95795478165962,32.41636832086095,2057440
2010-01-08,1,31.293716430664062,31.555666570105657,31.153385900678604,31.47146880170817,3027178
2010-01-11,3,30.62949562072754,31.08790920139068,30.40496450107796,30.9849977308997,3055206
2010-01-12,1,30.67626953125,31.11597215614848,30.526582128066018,30.85402194854616,2536765
2010-01-13,1,31.52762222290039,31.73343973562331,31.20018227305493,31.714728802832976,2992913
2010-01-14,1,31.312435150146484,31.57438535483172,31.06919587065088,31.54632034103208,1229459
2010-01-15,1,30.62013816833496,31.09726266605122,30.470453506211904,31.022418961004796,1860243
2010-01-19,4,30.638845443725582,30.70433505182247,30.152366914831344,30.264629711054155,2002924
2010-01-20,1,31.05984878540039,31.134692509656325,30.53594821154982,30.863385383213803,2977744
2010-01-21,1,31.031776428222656,31.649231511453525,30.84466990977718,31.536965951604337,2970814
2010-01-22,1,29.68460464477539,31.293730809830436,29.478787172350636,31.25630895157681,4554011
2010-01-25,3,30.217857360839844,30.479807580404017,29.974618067528095,30.302055154990867,2263261
2010-01-26,1,30.283336639404297,30.71368508739029,30.27398255260721,30.470445855036942,2387539
2010-01-27,1,30.461097717285156,30.535941424907005,29.946554097309644,30.01204096749382,1984136
2010-01-28,1,29.86235237121582,30.97564286016641,29.51620435910949,30.94757784490311,2451218
2010-01-29,1,29.235538482666016,30.311406945150512,28.992299229854424,30.236563252602537,2704240
2010-02-01,3,29.8997745513916,29.94655324130305,29.51620468274859,29.54426969831962,1041579
2010-02-02,1,30.41431427001953,30.648199424647434,30.00267672763072,30.339470580863527,2741662
2010-02-03,1,30.535945892333984,30.797896159364058,30.208508745538968,30.423680314476695,1726956
2010-02-04,1,29.029726028442383,30.255279337126257,29.011015102113404,30.236568410797275,2286361
2010-02-05,1,29.076499938964844,29.188765489095708,28.169029693300605,28.795838811607275,3222527
2010-02-08,3,28.60873794555664,29.020372881193342,28.402917729768145,28.65551389334168,1990373
2010-02-09,1,29.441360473632812,29.965263655078317,28.917460040157057,29.45071731064296,1836835
2010-02-10,1,29.46007537841797,29.59105187846083,28.93617487418676,29.36652348350033,1039731
2010-02-11,1,29.553621292114254,29.83428238990913,28.711637998729636,28.936166327371673,2490411
2010-02-12,1,29.422651290893555,29.637825579239163,28.861328972058,28.917461753535537,1403941
2010-02-16,4,30.077524185180664,30.143011047412376,29.17005395835998,29.31973860745667,1232539
2010-02-17,1,29.703306198120117,30.114943761007364,29.57233248354418,30.0868787501609,952490
2010-02-18,1,30.021390914916992,30.152367385184434,29.50684736593294,29.73137570985048,1406328
2010-02-19,1,29.75008201599121,29.965256238329484,29.45071002125029,29.55361871507231,1575959
2010-02-22,3,29.955913543701172,30.15237693735653,29.918491683198212,30.105600985713014,893662
2010-02-23,1,28.84261703491211,29.76880102693437,28.7771301661331,29.76880102693437,3065216
2010-02-24,1,29.01101303100586,29.20747636944962,28.749062829070713,28.833260617555297,1191883
2010-02-25,1,28.73036003112793,28.81455784342982,27.888376412168256,28.374855103663965,1800568
2010-02-26,1,28.84261703491211,28.908106651660933,28.253229719961418,28.580666811826266,1543465
2010-03-01,3,29.5068416595459,29.53490666661948,28.93616269998533,28.93616269998533,1697388
2010-03-02,1,30.797887802124023,31.228236319161702,30.17107869910257,30.18043278740057,4362974
2010-03-03,1,31.172107696533203,31.424703837820353,30.994355263474827,31.20017271313404,3193883
2010-03-04,1,30.87273597717285,31.172108065663096,30.535942034125085,31.03177748505735,1848924
2010-03-05,1,31.630516052246097,31.639870140241523,31.162745701207843,31.34985494081092,1596056
2010-03-08,3,32.14506149291992,32.23861336228909,31.798910782752035,31.901819487839735,2529681
2010-03-09,1,31.85505485534668,32.070229177584594,31.63052644204076,31.677302393321476,1588664
2010-03-10,1,32.266685485839844,32.42572423487273,31.836336935843377,31.89246971383897,1593592
2010-03-11,1,32.2573127746582,32.2573127746582,31.798899435239335,32.03278452113854,705936
2010-03-12,1,32.21989822387695,32.32280691550234,31.986013085111704,32.22925505837145,1500037
2010-03-15,3,31.331144332885746,31.72406824407671,31.069194142768605,31.72406824407671,1512819
2010-03-16,1,31.98601531982422,32.042148086805895,31.424695893915096,31.536958679909237,1113420
2010-03-17,1,32.28540802001953,32.519290557138746,32.145077398559714,32.29476211239718,1325709
2010-03-18,1,31.845687866210938,32.17312766472291,31.630516360524457,32.1076408042083,1328019
2010-03-19,1,31.452768325805664,31.82698136472044,31.200172188763812,31.817627275334008,798875
2010-03-22,3,32.27605438232422,32.32283034479535,30.96630270139352,30.994367729281997,1912449
2010-03-23,1,33.1180305480957,33.20222836029193,32.61284092694798,32.734460599669276,2327556
2010-03-24,1,32.58476638793945,32.93091715189683,32.38830578295395,32.67832101981575,1220835
2010-03-25,1,32.865421295166016,33.37996475983802,32.82799945265004,33.024460003905325,1341109
2010-03-26,1,33.30210494995117,33.66992703744468,33.14177181894831,33.443575196701524,1522290
2010-03-29,3,33.53787612915039,33.64162334452566,33.34925011719613,33.405838751868245,583506
2010-03-30,1,33.1606330871582,33.32096621034743,32.80224107411323,33.14177020382495,1621774
2010-03-31,1,33.38698959350586,33.839696086629324,33.17950061806321,33.37755953566177,1756909
2010-04-01,1,33.622764587402344,34.04717524403352,33.377549910720305,33.981156547300614,1327249
2010-04-05,4,33.933990478515625,34.03773491344539,33.56616854459575,33.76422736140979,546623
2010-04-06,1,33.81139373779297,33.934001087430794,33.603904803065376,33.7265121527032,941787
2010-04-07,1,33.849117279052734,34.04717614477771,33.509588190707994,33.6793513497371,714098
2010-04-08,1,33.452999114990234,33.49072487657251,32.76451089182999,33.02858845261941,955647
2010-04-09,1,33.915138244628906,33.95286400922087,33.65106066277188,33.70764930965983,1135750
2010-04-12,3,33.82082748413086,34.27353113044939,33.76423883576935,34.22637530862486,1082466
2010-04-13,1,33.94343185424805,34.02831343418776,33.32096231754589,33.537881295105926,1674827
2010-04-14,1,33.047454833984375,33.43413977573279,32.69849565781436,33.36812107111398,3483557
2010-04-15,1,32.94371795654297,33.28324715471531,32.88712929513301,33.05689527936289,1201970
2010-04-16,1,32.63248062133789,32.88712541218594,32.25522569343431,32.641910678649104,1826363
2010-04-19,3,32.75508499145508,32.773947874638914,32.377830098065274,32.44384880406526,2144835
2010-04-20,1,33.792537689208984,34.0283223801725,33.35869684974638,33.37755973583496,2453913
2010-04-21,1,33.50016784667969,34.009460241692025,33.24552026402985,33.952871582182354,1943018
2010-04-22,1,33.66048812866211,33.67934823766792,32.575882265369145,32.71735247491665,1942633
2010-04-23,1,33.61332702636719,33.660485606206564,33.236075009368605,33.236075009368605,1286054
2010-04-26,3,33.53787612915039,33.896268045121005,33.49072031873335,33.679346330687615,958265
2010-04-27,1,31.717634201049805,33.1606322743847,31.651615496144984,32.93428045022044,3087623
2010-04-28,1,31.142318725585938,31.811944045594466,30.84051541329227,31.708199589850764,2878183
2010-04-29,1,31.425256729125977,31.500705473653788,31.132883494364783,31.32151228139981,2059904
2010-04-30,1,30.802797317504883,31.538441515981955,30.736778605656525,31.538441515981955,1822205
2010-05-03,3,31.387537002563477,31.56673299953462,30.821656073301657,30.849949011650057,976283
2010-05-04,1,30.406673431396484,30.519850717915652,30.029421350239005,30.472694900342606,2002770
2010-05-05,1,29.46354103088379,30.019989108035404,29.13344199059685,29.16173769791988,2868019
2010-05-06,1,28.69959831237793,29.765341309103576,26.57754514382845,29.13343900070332,4525290
2010-05-07,1,27.92622947692871,28.888228148364693,27.32262556360301,28.775053626616547,3390079
2010-05-10,3,29.784204483032227,29.94453759028392,29.29377510569133,29.92567470882568,2148300
2010-05-11,1,29.076854705810547,29.73705004696718,28.84107283205132,28.88822865274582,1530683
2010-05-12,1,29.972835540771484,30.25577601353357,29.58615059736821,29.66159935856111,1328866
2010-05-13,1,28.869367599487305,29.576718806154098,28.79391606536634,29.208896732744744,1328019
2010-05-14,1,28.218605041503903,28.576997058267363,27.662154132829755,28.567564231359427,2045659
2010-05-17,3,28.42608642578125,28.680733900516497,27.681009650371177,28.341204857631556,2200044
2010-05-18,1,26.898208618164062,28.52040240902706,26.86048562932725,28.2940506245746,3942708
2010-05-19,1,27.181154251098633,27.350920199691668,26.596413183472063,27.152861311476553,3149762
2010-05-20,1,26.473798751831055,27.350915751185383,25.80417343367616,26.07768381011403,3533607
2010-05-21,1,27.256603240966797,27.3603477036183,26.030527029992804,26.190860136896017,4113956
2010-05-24,3,26.426647186279297,27.049116789401975,26.417214359564717,26.756743485839525,2865401
2010-05-25,1,26.16256332397461,26.238014838465546,25.15340901366002,25.247723406773687,3042039
2010-05-26,1,25.97393798828125,26.98309232502522,25.87019353828228,26.32289709651165,3631474
2010-05-27,1,27.284902572631836,27.313195513372698,26.681295827673228,26.869921896615185,2855083
2010-05-28,1,26.652997970581055,27.23774178453397,26.473801972885692,27.21887890212989,2103948
2010-06-01,4,26.502094268798828,27.492385771483413,26.48323138882384,26.643564483468055,1736581
2010-06-02,1,27.614999771118164,27.63386265564575,26.77560833535815,27.020823063929736,1560020
2010-06-03,1,28.04883575439453,28.199736019491574,27.718736749636616,28.143147381222825,1957340
2010-06-04,1,26.37005615234375,27.737602590210535,26.20029298970058,27.558406601705745,3922996
2010-06-07,3,25.59669303894043,26.634140708957215,25.53067432173716,26.52096616093551,1730421
2010-06-08,1,26.238012313842773,26.238012313842777,25.45520985203609,25.841894671166017,3105795
2010-06-09,1,26.15313720703125,27.03968441881447,26.0588255600156,26.60584363979656,1560097
2010-06-10,1,27.520681381225582,27.73760313687887,27.067977758397255,27.624425846028466,2038575
2010-06-11,1,27.76589584350586,28.011113304975485,27.44523239600345,27.65272132388343,1426502
2010-06-14,3,28.34121322631836,28.90709420812641,28.30348745815956,28.812779787729404,2203509
2010-06-15,1,29.171167373657227,29.21832319153279,28.78448246433255,28.94481556945334,2416799
2010-06-16,1,28.831632614135746,29.08628007523253,28.576987923324975,28.699595241927053,1913450
2010-06-17,1,29.246618270874023,29.25604832613215,28.55813004728982,29.180596802921137,2475319
2010-06-18,1,29.15230178833008,29.397516450995795,29.010831577539378,29.114576029414383,1065372
2010-06-21,3,28.973108291625977,29.623873533038395,28.79391230662429,29.586147770902613,834526
2010-06-22,1,28.218605041503903,29.22775961429944,28.105427740330107,29.020270665767715,2302685
2010-06-23,1,28.388362884521484,28.831636408663865,28.029973705440327,28.605284619168824,2198196
2010-06-24,1,27.794189453125,28.218600102818044,27.624423531075937,28.143148581907347,1179486
2010-06-25,1,27.954524993896484,28.04883940328048,27.42636984191944,27.82248482075889,1423884
2010-06-28,3,27.643291473388672,27.94509484201177,27.36978381543185,27.633861416691197,1877029
2010-06-29,1,26.171998977661133,26.72844986065556,25.926784273387916,26.71901980446972,2135287
2010-06-30,1,25.907920837402344,26.652997760781663,25.860765016906708,26.370057297234418,1579886
2010-07-01,1,26.3511962890625,26.4643735906452,25.68157084708215,26.28517758161605,2885113
2010-07-02,1,26.48323631286621,26.992528626311145,26.153137237071597,26.869921268820455,2062830
2010-07-06,4,27.04911231994629,27.72816769000546,26.74730900982453,27.558404540062263,3046967
2010-07-07,1,27.897937774658203,27.91680065749944,27.077409296781347,27.115135062463825,2204972
2010-07-08,1,28.34121322631836,28.36007611039776,27.77533224451031,28.199742980866347,2388232
2010-07-09,1,28.586423873901367,28.58642387390137,27.93566139164951,28.05826873554373,2027872
2010-07-12,3,28.567569732666016,28.652451339748712,27.97339571279971,28.01112148712257,2601137
2010-07-13,1,29.49183654785156,29.61444390287941,28.982544244636895,28.982544244636895,1649571
2010-07-14,1,30.12373161315918,30.60473090352488,29.88794976574796,30.39724199131135,7097783
2010-07-15,1,29.793638229370117,30.09544157173939,29.397520476795854,30.0199900435754,3716867
2010-07-16,1,29.1617431640625,29.501272323574824,29.06742873911821,29.45411372595912,3285359
2010-07-19,3,29.576717376708984,29.61444314194618,29.029699321343223,29.30320973416949,2584659
2010-07-20,1,29.171167373657227,29.19946031032525,28.652442295879787,28.73732664645699,2075073
2010-07-21,1,28.92595672607422,29.416386165357032,28.76562359857223,29.303211632600124,3409868
2010-07-22,1,29.850229263305664,30.076581095617534,29.39752282839502,29.39752282839502,2076767
2010-07-23,1,30.284074783325195,30.284074783325195,29.47297897461752,29.633312124737625,2091705
2010-07-26,3,30.406673431396484,30.406673431396484,29.793636721800674,29.897381182633307,1884575
2010-07-27,1,30.12373161315918,30.368949056113664,29.963398516370617,30.35951623085682,1285130
2010-07-28,1,30.199180603027344,30.41610232231716,29.95396595091111,30.04827757385662,2447214
2010-07-29,1,30.17089080810547,30.981986363397024,29.92567336019936,30.925397721572537,3189879
2010-07-30,1,30.35951232910156,30.416100962510686,29.70874997061179,29.8785131005531,2378068
2010-08-02,3,31.142318725585938,31.22720030116838,30.70847525216349,30.9536926942598,1694154
2010-08-03,1,31.132892608642575,31.30265856667376,30.87824782702632,31.25549997096604,2723413
2010-08-04,1,31.010278701782227,31.349807775901965,30.717908213417665,31.31208201541239,2400706
2010-08-05,1,30.708473205566406,30.944257806724785,30.491554253598373,30.83108053330007,813120
2010-08-06,1,30.23691177368164,30.755636873894883,29.92567560543902,30.312363301775207,1858703
2010-08-09,3,30.425537109375,30.567007336086014,30.152029481886565,30.284066882663986,852313
2010-08-10,1,29.29377555847168,29.79363776941113,29.03913081027949,29.765344831929767,3200736
2010-08-11,1,27.200016021728516,27.605563838015925,27.133997318452753,27.59613378195656,4515049
2010-08-12,1,26.86048889160156,27.030252057987493,26.294605206312923,26.322900914235017,4305917
2010-08-13,1,26.464374542236328,26.80390368890611,26.398355832416016,26.41721594640438,3391157
2010-08-16,3,26.775609970092773,26.822768569434444,26.294610540703353,26.341769140045024,2696155
2010-08-17,1,27.058549880981445,27.332060332081188,26.992531167721463,27.266041618821205,2359126
2010-08-18,1,27.12456703186035,27.31319308402513,26.95480109165401,27.218878672799384,780087
2010-08-19,1,27.42637062072754,27.548977971265,27.14342738454101,27.473526441615256,2304841
2010-08-20,1,26.61526870727539,26.766171746672256,26.40777979839108,26.520957077938725,2008622
2010-08-23,3,26.058820724487305,26.62470158272276,25.97393914980926,26.38891696836253,1407021
2010-08-24,1,24.993080139160156,25.181706186864535,24.738432620015583,24.851609910810204,3260642
2010-08-25,1,25.238296508789062,25.342040980432337,24.59696402559047,24.79502291249437,1968274
2010-08-26,1,24.823312759399418,25.33260776807114,24.738431181382953,25.191137547948212,1165549
2010-08-27,1,24.56867027282715,24.870473621383333,23.72927893051212,24.738433444389553,4711168
2010-08-30,3,24.002790451049805,24.427201169877748,24.002790451049805,24.229142280367338,1608684
2010-08-31,1,23.323726654052734,23.908470356929463,23.23884508450161,23.4274711024248,2987369
2010-09-01,1,24.51208114624023,24.776158724777336,23.98392598916603,24.16312198358169,2439899
2010-09-02,1,25.011943817138672,25.143983993935493,24.73843340748862,24.964785225996437,1674365
2010-09-03,1,25.3797664642334,25.596688231776568,25.04967016992317,25.39862934707571,1859935
2010-09-07,4,24.502647399902344,25.13454692798366,24.483784520684523,25.030802477428782,1366134
2010-09-08,1,24.625259399414062,24.747866752437048,24.295160335647964,24.38004469336809,1446984
2010-09-09,1,25.040233612060547,25.32317404224685,24.964782091934495,25.30431116221534,1082235
2010-09-10,1,24.974220275878903,25.257160766776508,24.81388714635113,25.15341628948565,1094786
2010-09-13,3,25.99280548095703,26.049391358064646,25.804176656309153,25.81360948268492,1291829
2010-09-14,1,26.652997970581055,26.803901029813673,25.99280539729857,26.08711703903222,2243318
2010-09-15,1,26.5681209564209,26.671865442351027,26.238024612980745,26.351199156592152,1276352
2010-09-16,1,26.75674057006836,26.794466332241885,26.398351369992945,26.492663005140216,1135134
2010-09-17,1,26.898208618164062,26.983092961334265,26.70958259283473,26.85105280440331,1425655
2010-09-20,3,27.416934967041016,27.48295366353307,27.03968012798298,27.07740588891743,1398936
2010-09-21,1,27.54897117614746,27.926223190771235,27.2660307800366,27.926223190771235,1471778
2010-09-22,1,27.12456703186035,27.435800433475244,26.888782388939344,27.360348904494646,2368058
2010-09-23,1,26.7850399017334,27.077410442715703,26.586981008661812,26.634136832617173,2115652
2010-09-24,1,27.737607955932617,27.74703801333184,27.200019886424123,27.284904254452822,1411718
2010-09-27,3,27.45466423034668,27.794193351783747,27.398075581726033,27.794193351783747,777546
2010-09-28,1,28.284624099731445,28.34121275102062,27.34148822243928,27.77533177870271,1346961
2010-09-29,1,28.756202697753903,29.09572917441661,28.49212223990184,28.624162468827873,2388540
2010-09-30,1,28.039405822753903,28.89765999933891,28.011112885843307,28.756189774212732,1759835
2010-10-01,1,28.218605041503903,28.529838464301495,27.992253209443216,28.426093990035632,877492
2010-10-04,3,28.114858627319336,28.888228487783906,27.850781046422004,28.878798431813543,2319240
2010-10-05,1,28.586423873901367,28.709031217795584,28.284620541941777,28.32234630472255,2235926
2010-10-06,1,27.973386764526367,28.41666031559204,27.82248371550662,28.39779743446457,1831984
2010-10-07,1,27.803619384765625,28.048836826637668,27.633856233756006,28.01111106634966,927773
2010-10-08,1,27.822486877441406,27.9450942335606,27.49239057562617,27.690449464830056,2433662
2010-10-11,3,28.18087387084961,28.416658484607257,28.086559471289274,28.20916680557452,677908
2010-10-12,1,28.831632614135746,28.944809879131206,28.49210358943537,28.944809879131206,2434663
2010-10-13,1,30.321796417236328,30.97255898699122,30.19918905685604,30.23691482470951,4633860
2010-10-14,1,30.57643699645996,30.651885744684485,30.26520086774584,30.30292662700127,2272347
2010-10-15,1,30.94426155090332,31.029143131099204,30.6235953410197,30.97255448753976,1618001
2010-10-18,3,31.198909759521484,31.255495634059873,30.821654897641356,30.94426224295224,1399090
2010-10-19,1,30.22747802734375,31.038573544462977,30.038849230139505,30.53871138730124,3196809
2010-10-20,1,30.812227249145508,30.972560384614223,30.482130920962668,30.50099380574058,1183259
2010-10-21,1,30.11429786682129,30.642452907871466,29.9728276676012,30.557571342396628,2397318
2010-10-22,1,30.519853591918945,30.53871647478176,30.152031531524273,30.31236465071479,1590435
2010-10-25,3,31.132892608642575,31.453558870192246,31.019718073575465,31.236637086740352,1664817
2010-10-26,1,30.95369529724121,31.142321344429433,30.406674496850744,30.482126023840692,1443134
2010-10-27,1,31.69876480102539,31.7081976256649,31.19890543343229,31.25549130012439,1710632
2010-10-28,1,31.340381622314453,32.05716284998523,31.12345985763922,32.03829996739231,1941324
2010-10-29,1,31.274356842041016,31.43468994198845,30.90653482579213,31.010279283942857,1110186
2010-11-01,3,31.378101348876953,31.74592613598302,31.170612432253566,31.61388597158583,1210594
2010-11-02,1,31.953413009643555,32.05715746132228,31.52900237807444,31.670472588597477,992915
2010-11-03,1,32.038299560546875,32.10431826364037,31.4346928658119,32.057162442900264,1573649
2010-11-04,1,32.78337097167969,32.86825254284445,32.43441186228773,32.538156312632026,3430350
2010-11-05,1,32.25523376464844,32.38727399205555,32.010018969751606,32.33068532316679,1803571
2010-11-08,3,31.462989807128903,31.717634573445917,31.38753827475934,31.500712803026847,2779777
2010-11-09,1,31.755359649658203,32.43441788565618,31.71763388429312,32.41555500297364,1894123
2010-11-10,1,31.198909759521484,31.576161851114986,30.878243542466368,31.576161851114986,3246628
2010-11-11,1,30.3878173828125,30.57644623608975,29.98226950369716,30.14260264383924,2762760
2010-11-12,1,30.434972763061523,30.849950655817107,30.18032522320742,30.53871723625042,1069376
2010-11-15,3,30.321796417236328,30.69905132548403,30.31236636041644,30.52928537014343,826056
2010-11-16,1,30.067157745361328,30.708490447621323,29.76535705401427,30.614178770433284,2682988
2010-11-17,1,30.03884506225586,30.368944026418955,29.90680492253343,29.963393553843044,1725878
2010-11-18,1,31.01972007751465,31.17062039078161,30.82166116549342,31.06687590598173,2732884
2010-11-19,1,32.71735763549805,32.72678769148837,31.651614483395136,31.651614483395136,2984366
2010-11-22,3,32.849388122558594,32.905976757442374,32.23635150369964,32.25521438199423,2878106
2010-11-23,1,31.8308162689209,32.23636415599702,31.566738639436146,31.802523325517512,3736579
2010-11-24,1,32.3306770324707,32.415558628893386,31.98171504895307,31.98171504895307,1345729
2010-11-26,2,32.623043060302734,32.802239055799326,32.500435711324016,32.64190594247536,950180
2010-11-29,3,31.312097549438477,31.69878263086261,30.802805070740547,31.51958656478064,1992606
2010-11-30,1,30.774492263793945,31.09516120899025,30.170888442518503,30.18031849693997,3348191
2010-12-01,1,32.481571197509766,32.594748484860304,31.75535719606021,31.7742200772853,2000152
2010-12-02,1,32.89655685424805,33.02859427276653,32.16090991433439,32.18920562565049,1479863
2010-12-03,1,33.55674362182617,33.64162797065002,33.01915844423202,33.05688420586784,1225532
2010-12-06,3,33.179500579833984,33.46244109885242,32.896560060815546,33.33040089717643,1541540
2010-12-07,1,32.77395248413086,33.33983351866047,32.73622671245725,33.27381480337528,1091090
2010-12-08,1,33.17006301879883,33.236084495360096,32.594752005017746,32.594752005017746,1801107
2010-12-09,1,35.59391403198242,35.829698648278075,34.96201447384229,34.96201447384229,7579572
2010-12-10,1,35.27324676513672,35.68822454185575,35.22608818484694,35.659931609910764,2639560
2010-12-13,3,35.20723342895508,35.45245090028876,35.00917454879047,35.24495919377564,2027949
2010-12-14,1,35.018611907958984,35.2261008710428,34.792260060023274,35.04690485009329,1815737
2010-12-15,1,34.61306381225586,35.10349327461733,34.424434964972924,34.820552773980005,1117039
2010-12-16,1,35.046905517578125,35.07520123053843,34.69794629660251,34.933730976598355,1029567
2010-12-17,1,36.0466194152832,36.0843451744991,35.329835530753854,35.443012808401534,1931853
2010-12-20,3,35.716522216796875,36.10320988320743,35.61277775884031,35.95230683869863,1286131
2010-12-21,1,35.820274353027344,36.008900414221856,35.60335258196721,35.99003753107372,1037421
2010-12-22,1,36.13150787353515,36.1409407002798,35.8202744561254,36.0937821071303,685685
2010-12-23,1,35.70708084106445,35.91456969119519,35.59390359356464,35.71651089321331,453376
2010-12-27,4,36.2635383605957,36.30126411691427,35.74481336664466,35.99946083665189,503734
2010-12-28,1,36.122066497802734,36.65965157489615,36.0088892340536,36.29182962314045,685146
2010-12-29,1,35.88629150390625,36.07491755692737,35.67880256855435,35.83913568322265,558327
2010-12-30,1,36.24468994140625,36.57478628544869,36.1786712266552,36.42388597026241,896049
2010-12-31,1,36.15980529785156,36.35786142543678,36.018335052269556,36.19752829575804,480326
2011-01-03,3,36.46159744262695,36.999185359216646,36.4144416284702,36.603067655383576,1992452
2011-01-04,1,35.26382064819336,36.27297512027467,35.06576177604906,36.188093538009014,2291289
2011-01-05,1,34.547035217285156,34.83940569149878,34.15091752160343,34.273524852117056,3584504
2011-01-06,1,34.25466537475586,34.641350284031795,33.81139182186445,34.35840983624096,3064292
2011-01-07,1,34.245243072509766,34.367850442958655,33.717085049475486,34.330124672007116,887194
2011-01-10,3,33.858551025390625,33.86798108102131,33.15119712277101,33.18892288586699,2609299
2011-01-11,1,34.66020584106445,34.86769472018943,34.45271696193947,34.641342963845275,1540154
2011-01-12,1,35.34870147705078,35.414722946549475,35.1034867911601,35.273252722359736,1259566
2011-01-13,1,35.16951370239258,35.51847570175278,35.04690633081863,35.20723947369029,749441
2011-01-14,1,38.50821304321289,38.75342778033763,36.44274512226379,36.47104083518566,9672201
2011-01-18,4,37.8197135925293,38.29128004359943,37.60279186151678,38.03663255325549,2992913
2011-01-19,1,35.07518005371094,37.19723258161152,34.8488283381253,37.11235103455259,8495949
2011-01-20,1,36.376712799072266,36.48045724363359,34.66964033534183,34.792247658031215,5944169
2011-01-21,1,36.735103607177734,37.12178844173143,36.61249628817989,36.81998517105532,2000768
2011-01-24,3,37.44246292114258,37.55564021168601,36.25411245158309,36.25411245158309,3191881
2011-01-25,1,38.70626449584961,38.90432336699854,37.83858025533392,37.923461837173,5847149
2011-01-26,1,39.4796257019043,39.89460623507631,38.72511891556593,39.04578506158839,3924921
2011-01-27,1,40.44163513183594,40.620831130981784,39.724851135252536,39.76257690036606,3183642
2011-01-28,1,39.68711471557617,40.1869768137052,38.84772636314955,40.12095812762356,3899588
2011-01-31,3,39.621116638183594,39.97007589787966,39.05523555963323,39.460783481241826,3023405
2011-02-01,1,41.45077896118164,42.120404193512705,40.545369142850575,40.59252495193616,6181021
2011-02-02,1,41.08296585083008,41.62055105511601,40.77172968702456,40.96978856030323,3228071
2011-02-03,1,40.64911651611328,40.894331173497775,40.02664704798313,40.71513520765074,2477244
2011-02-04,1,40.960357666015625,41.20557514038851,40.36618378844441,40.3944794975539,2167396
2011-02-07,3,41.347042083740234,41.790315635159914,41.10182739917387,41.37533502031076,1712865
2011-02-08,1,40.86604690551758,41.19614320348651,40.71514384110653,41.19614320348651,1868097
2011-02-09,1,40.59254455566406,40.988662408199104,40.58311449740722,40.58311449740722,2965809
2011-02-10,1,40.44163513183594,40.58310536586826,39.687125370139015,39.724851135252536,1527526
2011-02-11,1,41.06410217285156,41.13955092811988,40.50765132731397,40.667984433974866,1567027
2011-02-14,3,41.809181213378906,41.828044095738264,40.83774969758861,40.8943383446667,1548932
2011-02-15,1,40.988651275634766,41.356473312923626,40.743436584108856,41.17727732212701,2015860
2011-02-16,1,42.06381607055664,42.07324889465978,41.45077946386545,41.460209517682515,1560944
2011-02-17,1,42.27130508422851,42.36561947411249,41.58281696379073,41.620542719744314,1376452
2011-02-18,1,42.507102966308594,42.780613397359275,41.809184573777465,41.809184573777465,1796333
2011-02-22,4,40.941497802734375,42.01667388187827,40.90377480495101,40.95093062989545,3250093
2011-02-23,1,40.46049499511719,41.10182741361552,39.99835856239259,40.960354419853545,1723260
2011-02-24,1,40.67741775512695,40.88490946706049,40.102106752301005,40.3378914034457,1652420
2011-02-25,1,41.054664611816406,41.214997699984664,40.69627267705368,40.790587073119205,1084160
2011-02-28,3,41.12068557739258,41.790310855651846,40.72456788898946,41.526230549858944,1405558
2011-03-01,1,40.82831573486328,41.73372569061759,40.66798263529367,41.667704223533775,1482250
2011-03-02,1,41.68656921386719,41.92235384758779,40.95092514587162,40.95092514587162,1540000
2011-03-03,1,43.21445083618164,43.30876524824822,42.827765902138786,43.07298060322515,1309385
2011-03-04,1,42.9315185546875,43.035263042595105,42.648578034835026,42.98810721271545,920920
2011-03-07,3,41.309326171875,42.70516585783473,41.00752277191447,42.544832715034225,1676829
2011-03-08,1,41.130123138427734,41.837474303756544,40.75286826015679,41.19614184178196,1204742
2011-03-09,1,40.809452056884766,41.347039986752385,40.49821868924756,41.337607161516246,1682835
2011-03-10,1,38.50821304321289,38.92319374700741,38.40446855983605,38.90433086182187,2793252
2011-03-11,1,38.885459899902344,39.1212417603175,37.8668726223116,37.885735503579205,2408329
2011-03-14,3,39.18727111816406,39.47964168123524,38.87603489974112,39.18727111816406,1616538
2011-03-15,1,38.44218444824219,38.602517545960325,37.24440124286871,37.34814569957696,1685299
2011-03-16,1,36.99919891357422,38.44219727449433,36.782277102470154,37.970627879025734,1780548
2011-03-17,1,38.68740463256836,38.94205216823902,38.06493503337427,38.36673839145968,1758449
2011-03-18,1,38.56479263305664,39.441906891989,38.35730371507892,39.4324768367566,1166242
2011-03-21,3,39.649410247802734,39.734291851018234,39.36646695327221,39.705996136421525,1419726
2011-03-22,1,39.394744873046875,39.705978201013686,39.03635296548312,39.63052946017347,1444366
2011-03-23,1,40.36619186401367,40.54538789983849,39.583389003396,39.77201786757335,1273734
2011-03-24,1,40.62082290649414,41.10182215887361,40.44162694363005,40.72456735440783,2814581
2011-03-25,1,40.60197830200195,41.186722265478224,40.41334942972738,40.545389640319584,1181411
2011-03-28,3,40.92262649536133,41.2338598413791,40.80944922210784,40.8377421552781,805035
2011-03-29,1,41.03580093383789,41.167841085759456,40.32844990283077,40.44162717590639,1013397
2011-03-30,1,41.82804489135742,42.13927830077682,41.658278946894015,42.0166709482522,1562407
2011-03-31,1,41.96951675415039,42.177005701809605,41.55453608854506,42.00723975076279,1714097
2011-04-01,1,41.780879974365234,42.02609464229233,41.45078373219973,41.629979705751005,1131823
2011-04-04,3,41.667701721191406,42.016663605348725,41.356468366163675,41.960074967083784,1226610
2011-04-05,1,41.90349960327149,42.24302877013301,41.714873519587165,41.79032506117576,902363
2011-04-06,1,41.365909576416016,41.64885005481007,41.14898780423741,41.54510281181697,1387771
2011-04-07,1,40.403907775878906,40.79059269763722,40.07380872927613,40.56424088615512,2048354
2011-04-08,1,39.95119857788086,40.734001192491725,39.63053515012705,40.734001192491725,1471778
2011-04-11,3,40.46049499511719,40.69627685405186,40.111533079001006,40.422769232818865,2411948
2011-04-12,1,39.99837112426758,40.441644815057394,39.71543058845652,40.33790032129833,1806574
2011-04-13,1,37.37644577026367,39.80973545557115,36.952035068554,39.715421042873416,9794400
2011-04-14,1,37.49905014038086,37.88573504626924,37.12179528986916,37.62165748199701,7584885
2011-04-15,1,37.76312255859375,38.12151447922672,37.54620084133841,38.11208165484892,2466002
2011-04-18,3,36.52762222290039,36.904877081262065,36.122074427533406,36.537052278473304,3117037
2011-04-19,1,36.112648010253906,36.54649158990305,35.848570393623284,36.43331428122403,3357431
2011-04-20,1,39.30986404418945,39.36644990830758,38.43274713663895,38.66853172818025,4228378
2011-04-21,1,38.451622009277344,38.810014035347365,38.00834839026626,38.77228826730978,2355969
2011-04-25,4,38.65910339355469,38.90432083778417,38.3667329039415,38.41388871961164,1834910
2011-04-26,1,39.79544448852539,39.88145711257771,38.95442686196835,39.08822365333851,3003000
2011-04-27,1,40.110816955566406,40.21594378678224,39.355812105343645,39.88144906862277,1619079
2011-04-28,1,39.57562255859375,40.47398264989821,39.05954413366561,40.301957443988776,3311000
2011-04-29,1,39.91012191772461,39.97702311200444,39.480056045583616,39.795439369473776,1362669
2011-05-02,3,39.21245574951172,40.129930079320026,39.0499862492165,40.12037437092613,1951488
2011-05-03,1,39.73809051513672,39.90056000650576,39.29846619477353,39.69986206926168,2002000
2011-05-04,1,39.785888671875,40.69380756295784,39.41316540420975,40.665134814860075,3047968
2011-05-05,1,39.29846954345703,39.66163700301621,38.93530489109782,39.44182763130405,2464000
2011-05-06,1,38.543453216552734,39.44181588932145,38.30452969140276,39.19333104393484,2380917
2011-05-09,3,39.38449478149414,39.50873586856505,38.88752762600985,38.992657290947385,1730344
2011-05-10,1,39.86233901977539,40.00569431503193,39.53739997623387,39.671199561833426,1889965
2011-05-11,1,37.778907775878906,38.41922734264288,37.41574028127237,38.26631633855605,3003000
2011-05-12,1,38.73461151123047,39.00220787956088,37.884035435580046,38.21853300139328,1771000
2011-05-13,1,37.88404846191406,38.27588603573022,37.54955358828591,38.21854614274347,1352582
2011-05-16,3,38.10383987426758,38.84928895405355,37.98915734390031,38.40966463391315,2099251
2011-05-17,1,37.874481201171875,37.89359542874009,37.42530106411936,37.530427912144354,2191266
2011-05-18,1,38.56257629394531,38.75371852661305,37.98915801754143,38.0273836568752,1450295
2011-05-19,1,38.40011215209961,38.533911733616414,37.94137634415663,38.16118853876272,1765071
2011-05-20,1,37.807579040527344,38.228089229144075,37.56865541279542,38.21853351920294,2083466
2011-05-23,3,36.077762603759766,36.76586921902212,35.98219146075095,36.51738705439976,3465000
2011-05-24,1,36.240230560302734,36.56516962513883,35.89617726769979,36.51738545932191,2919224
2011-05-25,1,36.36446762084961,36.51738142609561,35.94395746362323,35.953515980051165,1098482
2011-05-26,1,36.15420913696289,36.32623433778343,35.714584812555216,36.24977744532997,1905288
2011-05-27,1,36.38357925415039,36.61294713847665,36.27845242413419,36.38357925415039,1133440
2011-05-31,4,37.28194046020508,37.358397359607295,36.851874611867615,37.32016890990619,1033725
2011-06-01,1,36.51737976074219,37.32016878007261,36.469592795182045,37.03345821551174,1247477
2011-06-02,1,36.68941116333008,36.947449030626345,36.3549135768046,36.69896687373343,1106798
2011-06-03,1,36.54604721069336,36.8518719792548,36.32623504421486,36.698958191374174,1029182
2011-06-06,3,36.240230560302734,36.6607407639731,36.240230560302734,36.53649687988833,692923
2011-06-07,1,36.97612380981445,37.30106289660679,36.74675586831416,36.937895351697634,1315622
2011-06-08,1,36.00129699707031,36.54604816989305,35.75281489244236,36.41224860198576,1545621
2011-06-09,1,36.211551666259766,36.5556049004418,35.73370166762914,35.84838701475647,736505
2011-06-10,1,34.95002365112305,35.82926947617269,34.78755416132041,35.76237110013622,2358972
2011-06-13,3,34.89268112182617,35.29407699404297,34.77799578485003,35.11249328076393,847847
2011-06-14,1,36.0490837097168,36.29756581261519,35.95351259044824,36.058639418043725,1735580
2011-06-15,1,34.54862594604492,35.21761809248661,34.36704224313077,34.83533646492,1355046
2011-06-16,1,33.80318069458008,34.24280219283876,33.516470167437575,34.17590381842541,1752212
2011-06-17,1,33.812744140625,34.24281002976511,33.64071890784907,34.24281002976511,1406328
2011-06-20,3,33.51647186279297,33.621598687102875,33.23931702917613,33.27754547568878,924231
2011-06-21,1,34.0134391784668,34.185464396380915,33.59292903538779,33.745842835489256,1307768
2011-06-22,1,33.73628234863281,34.12811972770307,33.545142916871676,33.59292707301199,943173
2011-06-23,1,33.98476791381836,33.99432643033999,32.732798753495835,32.990839398777645,1358126
2011-06-24,1,33.430458068847656,33.8796381262619,33.22976292576462,33.74584136420654,1282820
2011-06-27,3,34.68243408203125,34.81623086011423,33.975213317077525,34.18546700103664,1446676
2011-06-28,1,34.68243408203125,34.80667515047984,34.08989867589172,34.13768283846418,1222298
2011-06-29,1,34.97871017456055,35.26542084466676,34.529529937580755,34.97871017456055,2056978
2011-06-30,1,35.3227424621582,35.53299607951885,35.09337462438301,35.12204455140515,2131129
2011-07-01,1,36.259334564208984,36.30711871655245,35.322746089319516,35.552113950647644,1136443
2011-07-05,4,36.077762603759766,36.37402893628626,35.95352152144858,36.21155939677155,1250711
2011-07-06,1,35.30363845825195,35.55212058834986,35.06471203752697,35.38009536203597,1633170
2011-07-07,1,36.9283332824707,37.071688583023146,36.29757220580023,36.37402630748127,2287208
2011-07-08,1,35.781490325927734,36.40269563426672,35.599903780782384,36.307124507137615,1238699
2011-07-11,3,35.29408645629883,35.86750768051292,35.160286860621994,35.40876901682137,1836989
2011-07-12,1,33.334896087646484,34.71110645399137,33.25843917640498,34.5581954387088,4492180
2011-07-13,1,33.14375305175781,33.8796437876311,32.493877742664814,32.6945729192845,8479009
2011-07-14,1,32.4365234375,33.44956589648085,32.29316818716879,33.162855395818426,3640252
2011-07-15,1,32.79969787597656,32.866596258602165,32.32184506727948,32.837926325248326,2480940
2011-07-18,3,32.694580078125,32.713694309683625,32.22628842294106,32.41742793132636,3022327
2011-07-19,1,33.927433013916016,34.08990255378438,33.459138622954306,33.459138622954306,2557709
2011-07-20,1,34.02299118041992,34.28103178637648,33.78406760459319,34.28103178637648,1250711
2011-07-21,1,35.427879333496094,35.446993559339695,34.778001269213966,35.12205452719863,2157848
2011-07-22,1,36.09685516357422,36.24021038843164,35.16026694591938,35.42786317850664,1994993
2011-07-25,3,35.75281524658203,36.001297353671255,35.41832053430037,35.47566039962872,1245475
2011-07-26,1,36.09685516357422,36.412235535380994,35.78147479176745,35.89615728733406,1428504
2011-07-27,1,35.59990310668945,35.762375423332536,34.940469359985364,35.75281690720057,4158000
2011-07-28,1,34.14723587036133,34.72065700506563,33.87963952797932,34.13768016147627,2386307
2011-07-29,1,34.07078170776367,34.615530100294855,34.05166748283275,34.50084755790935,1840762
2011-08-01,3,33.60249328613281,34.69199306899089,33.22021152783854,34.529523532255865,1988140
2011-08-02,1,32.847476959228516,33.83184955069689,32.83792125198686,33.46868214592228,1656578
2011-08-03,1,33.411354064941406,33.669394766694964,32.77103437706503,33.48781098504628,2553936
2011-08-04,1,31.738862991333008,32.082916170749,31.222781818609256,31.375695590438372,5532758
2011-08-05,1,31.93958282470703,33.13421276647041,30.75451421188193,33.05775582138438,2847999
2011-08-08,3,29.703218460083008,30.716263838563947,29.292266884057632,29.55986319386021,3856699
2011-08-09,1,32.06381607055664,32.10204453035019,30.152409924083763,31.719762739615465,3505733
2011-08-10,1,31.060321807861328,32.18805279727248,30.305316847303196,30.697157103461507,5119422
2011-08-11,1,33.27754592895508,33.69805603912215,31.75798059897826,32.0446911445286,2959341
2011-08-12,1,33.88920211791992,34.367052185216345,33.23932400521253,34.21414117427362,3047737
2011-08-15,3,34.22367858886719,34.35747810821527,33.78405721112121,34.08988187671797,1350734
2011-08-16,1,33.497371673583984,34.29060525305494,33.134204086761,33.58338431067339,2349501
2011-08-17,1,33.430458068847656,33.984764955648224,33.03862068397138,33.33488975515095,1997842
2011-08-18,1,31.58595848083496,31.872669079881565,30.897854727443317,31.74842800744139,2550240
2011-08-19,1,31.43305206298828,32.589450338038255,31.308810972399453,31.57640738345237,1885884
2011-08-22,3,31.49994659423828,32.2358373360311,31.413933973966476,32.2358373360311,793562
2011-08-23,1,33.095970153808594,33.1246400923659,31.90134352964627,32.188054144021265,1431045
2011-08-24,1,32.9908447265625,33.61205014878317,32.62767718409475,33.392237919689464,2390234
2011-08-25,1,31.55728530883789,32.761470262831345,31.44259995809564,32.49387391829947,2370522
2011-08-26,1,32.96217346191406,33.05774179552183,31.30880816553387,31.51906186811155,1754214
2011-08-29,3,34.21411895751953,34.29057581694422,33.72671068948492,33.80316754890961,945406
2011-08-30,1,33.401798248291016,33.92743536155475,33.115087606001836,33.20110023724844,2286977
2011-08-31,1,33.707603454589844,34.12811065410459,33.41133446656888,33.86051439790454,1755138
2011-09-01,1,33.08641052246094,33.76495852177724,33.019509328421194,33.60248900573811,1091167
2011-09-02,1,32.417415618896484,32.79013878192462,32.16893351021106,32.21671766735828,1454145
2011-09-06,4,31.968236923217773,32.130706433093145,30.649366619100068,30.649366619100068,1483020
2011-09-07,1,33.10551834106445,33.2870992406002,32.48431033229622,32.541652998717844,1116038
2011-09-08,1,32.64678192138672,33.30621560974523,32.379185601368775,32.56076931980949,1454376
2011-09-09,1,32.589439392089844,32.86659422859163,32.11158942010722,32.570325168634554,2149532
2011-09-12,3,33.42090606689453,33.4495760027432,32.484317399835284,32.49387591658498,1960882
2011-09-13,1,34.089900970458984,34.27148473053695,33.22976914305837,33.4304643236915,2822512
2011-09-14,1,34.90224075317383,35.31319518660257,33.5738175567973,33.77451270826712,3139367
2011-09-15,1,34.76844787597656,35.303640620848704,34.519965730657376,35.064714185487794,3869558
2011-09-16,1,34.97871017456055,35.1794082050751,34.64421532850365,34.672885272633856,3069374
2011-09-19,3,34.414825439453125,34.911789535930666,34.223683242962345,34.414825439453125,3897971
2011-09-20,1,34.06122589111328,34.63464707008555,33.84141649778743,33.93698482281597,2093707
2011-09-21,1,34.175907135009766,35.886614756334666,34.156792910865356,34.739769729269995,2987138
2011-09-22,1,33.14375305175781,33.76496123059134,32.637233044364805,33.32533680820451,2514204
2011-09-23,1,33.621612548828125,33.7554093595852,32.599011008209445,32.64679518245113,2547160
2011-09-26,3,34.54862594604492,34.615524318529225,33.49735497923617,34.11856016773231,2216214
2011-09-27,1,35.47565460205078,36.106418282379835,35.198502607590704,35.50432733722905,1784706
2011-09-28,1,34.376617431640625,35.27497786748337,34.33838896962167,35.15073676952222,1864170
2011-09-29,1,34.45306396484375,34.97869814107405,33.640716409942286,34.91179975631748,1266419
2011-09-30,1,33.009952545166016,33.76495742327885,32.98128261093897,33.35400579189086,2201353
2011-10-03,3,32.016021728515625,33.10552416044346,31.98735179386494,32.23583391817125,1793022
2011-10-04,1,33.54513931274414,33.56425353458659,31.58594982069049,31.66240670806028,2621619
2011-10-05,1,33.3826789855957,33.65983387471875,32.78058785043922,33.08641267658864,3615843
2011-10-06,1,34.00387954711914,34.03255228729779,33.019506816450985,33.067293781015415,1409485
2011-10-07,1,34.7302131652832,35.24629159006973,34.33837579077492,34.7302131652832,2888116
2011-10-10,3,35.34186553955078,35.943956615499836,34.97869806786085,35.32275131434605,2021250
2011-10-11,1,34.567745208740234,34.80667161171155,34.04210824508332,34.38616147934603,2645335
2011-10-12,1,37.04301834106445,38.17074650898659,36.115988153704805,36.354911781193174,7489097
2011-10-13,1,38.285430908203125,38.49568459340756,37.02390318257599,37.10036008890497,2717330
2011-10-14,1,38.53391647338867,38.54347218392945,37.826695641353055,38.18030746097112,3329788
2011-10-17,3,37.88404846191406,38.18031767595147,37.339299828131146,37.68335041485667,3777389
2011-10-18,1,38.486122131347656,38.6103631787341,37.59731776921414,37.998713649816345,2684297
2011-10-19,1,37.74068069458008,38.48612993729417,37.59732539488894,37.922264448482224,1519287
2011-10-20,1,37.65467071533203,38.23765047210915,37.43485849181275,38.2280919542863,4182563
2011-10-21,1,38.705936431884766,38.801504746104776,38.04649990488708,38.075172644913025,2068143
2011-10-24,3,39.46094512939453,39.50872929117421,38.46701379109573,38.50524224339956,1451450
2011-10-25,1,39.145565032958984,39.73810047818171,38.98309550085596,39.394047186245864,2246321
2011-10-26,1,39.22201919555664,39.9196814408072,38.4956842071203,39.80499608246455,1346268
2011-10-27,1,41.55392837524414,41.93621005921657,40.27328655861648,40.292400783175104,3892658
2011-10-28,1,41.620826721191406,41.6590551702752,40.71291088065104,40.751136522534885,3912755
2011-10-31,3,40.072601318359375,40.66513685327298,40.04393137602519,40.37842620112771,3743278
2011-11-01,1,38.84928894042969,39.394037275682535,38.189852460450346,38.32365202089824,4198117
2011-11-02,1,38.66771697998047,39.10733862639735,38.5052474393654,38.734615376939445,1700930
2011-11-03,1,40.3115119934082,40.62689246424265,38.763273955930565,39.28891088118774,1994762
2011-11-04,1,40.48353576660156,40.67467799115375,39.81454640226786,39.91967322217174,1154230
2011-11-07,3,39.89100646972656,40.101262948278695,39.49916906140679,39.804993859373454,1018171
2011-11-08,1,41.07607650756836,41.315000092885086,40.52176682777795,41.25765742181713,2200737
2011-11-09,1,38.32365798950195,39.26024663690427,38.2663153118079,39.10733282972014,1934471
2011-11-10,1,38.75372695922851,39.06910750095583,38.180305750851296,38.87796803389689,1989757
2011-11-11,1,39.71897888183594,40.05347359425163,38.734606161572714,38.83973299098336,1950718
2011-11-14,3,38.39055633544922,39.241132369000034,38.180302657996265,39.17423117482851,2001153
2011-11-15,1,38.66771697998047,39.00221177197594,38.05606727498262,38.18986406890057,1126510
2011-11-16,1,37.759796142578125,38.428788498500815,37.71201197686951,38.0847352066777,1290289
2011-11-17,1,36.66073989868164,37.55909735371843,36.307128096941234,37.50175747897168,1586046
2011-11-18,1,36.38357925415039,37.37751049583075,36.29756664842803,37.367951980083866,806575
2011-11-21,3,36.35490417480469,36.63205900563163,35.494772558527586,35.87705421260621,1727495
2011-11-22,1,35.427879333496094,36.46003910745009,35.360980946643565,36.19243994563968,1363593
2011-11-23,1,35.093387603759766,35.49478076652278,34.87357539129407,35.48522505638098,1388618
2011-11-25,2,34.6059684753418,35.255846397492725,34.58685425367856,34.596409960910414,586509
2011-11-28,3,35.838829040527344,36.077755447053526,35.590346925196116,35.896171714957624,978285
2011-11-29,1,35.54255294799805,35.88660609233369,35.38008348559509,35.66679397134158,1165549
2011-11-30,1,37.778907775878906,37.82669193830599,36.54605280477804,36.660738163243344,3132437
2011-12-01,1,37.5877685546875,37.79802223932549,37.3297279001225,37.4061848062455,2859934
2011-12-02,1,38.85884475708008,39.049984179626755,38.103839967581095,38.11339848266828,3345265
2011-12-05,3,39.518272399902344,39.967452360447,39.22200619981509,39.33668871295884,4074301
2011-12-06,1,39.77632522583008,40.03436306532824,39.088218706101294,39.16467560989342,3796870
2011-12-07,1,40.149051666259766,40.28285125871099,39.36537676064664,39.59474468336263,1840300
2011-12-08,1,39.25068664550781,39.99613581311982,39.13600129442902,39.61385411672392,4201967
2011-12-09,1,39.75721740722656,40.101270722539205,38.81107289551726,38.935313980602295,1886500
2011-12-12,3,38.29497528076172,38.849284880344584,38.03693750909324,38.83017065942106,1113959
2011-12-13,1,37.37751388549805,38.46701354025156,37.20548585125265,38.05606189146558,1641794
2011-12-14,1,37.32972717285156,37.53998085339333,37.081245039993085,37.501755208276805,1748208
2011-12-15,1,37.52086639404297,38.51479484493684,37.20548309158628,38.48612491162258,1282358
2011-12-16,1,37.59732818603515,38.01783840637376,37.45397287570163,37.56865824684867,1463924
2011-12-19,3,37.320167541503906,38.02738541344314,37.272380577529695,37.874474427445435,1053437
2011-12-20,1,39.42272186279297,39.52784871685687,38.66771684847889,38.68683107714511,2301376
2011-12-21,1,38.9735221862793,39.14554735094336,38.40009842060104,38.744151557128326,1816969
2011-12-22,1,39.33670425415039,39.53740224044307,38.935311088765445,38.97353954398314,1134210
2011-12-23,1,39.61384201049805,39.75719725193629,39.37491567236791,39.43225833038304,521444
2011-12-27,4,39.73809051513672,40.129927874556245,39.72853480726782,39.92922993731217,438977
2011-12-28,1,39.61384201049805,39.97700937072805,39.54694364641332,39.94833663812088,1516669
2011-12-29,1,40.3784294128418,40.43577210927208,39.776338118326535,40.06304879327686,720874
2011-12-30,1,39.93878936767578,40.454867784416514,39.93878936767578,40.1108145708561,434896
2012-01-03,4,40.34974670410156,41.104751616928105,40.18727718587812,41.066523164734335,1121890
2012-01-04,1,39.785888671875,39.9770309685244,39.48962232286951,39.85278987930265,1075074
2012-01-05,1,39.3558235168457,39.718991080676126,38.858859149836135,39.05955716180562,2828210
2012-01-06,1,39.09777069091797,39.37492271006256,38.77283171128661,39.049983730431194,2052358
2012-01-09,3,39.41315460205078,39.84322044084057,39.29846925549352,39.37492615319836,2074380
2012-01-10,1,39.680755615234375,39.84322513841256,39.45138770227701,39.72854258553402,2127433
2012-01-11,1,39.98658752441406,40.12038713489496,39.48962315702943,39.738105340721745,1528065
2012-01-12,1,39.89100646972656,40.101262948278695,39.51828328672971,39.9387934366339,1152844
2012-01-13,1,39.451385498046875,39.56607085171799,38.8970785697034,39.5182838840883,1525370
2012-01-17,4,40.70336151123047,41.26722705112276,40.3784224282011,40.789374137396926,1808576
2012-01-18,1,40.34974670410156,41.60171588104678,39.38448811140945,41.58260165494989,5088314
2012-01-19,1,40.53133773803711,40.693807285480915,40.18728441361489,40.655578826411706,1537382
2012-01-20,1,41.286338806152344,41.353237199473305,40.43576269186987,40.550448058020464,2592590
2012-01-23,3,41.888427734375,41.97444035081678,41.50614600805564,41.64950411172564,1369907
2012-01-24,1,41.57304763793945,41.8979866876146,41.334121205601775,41.52526066715174,1420958
2012-01-25,1,41.33412170410156,41.372350158312656,40.78937044239393,41.19076640441011,1609223
2012-01-26,1,41.06652069091797,41.974436550627246,40.89449547360885,41.50614225026351,1605681
2012-01-27,1,41.2003173828125,41.62082468779032,40.82759142605511,41.27677147004494,1815198
2012-01-30,3,41.04740905761719,41.17165012400698,40.732028536904686,41.15253589785469,1515283
2012-01-31,1,41.08563232421875,41.52525385583336,40.82759170733202,41.41057132059469,1270346
2012-02-01,1,42.14646530151367,42.49051854926155,42.09867833472642,42.21336368637574,1381996
2012-02-02,1,42.46184921264648,42.74855980756023,42.242037007959205,42.47140772965043,1002155
2012-02-03,1,43.5322380065918,43.5322380065918,42.85368715770547,43.01615668388948,1105181
2012-02-06,3,42.949256896972656,43.30286587479795,42.69121624400811,43.30286587479795,1452990
2012-02-07,1,43.13084411621094,43.19774251043866,42.76767659234537,43.05438720440756,1414567
2012-02-08,1,43.28375244140625,43.570460209846985,42.9301406728358,43.22640976483806,920920
2012-02-09,1,43.41755294799805,43.54179402098397,43.12128663770864,43.49400985666641,1341109
2012-02-10,1,43.24552536010742,43.65647701106232,43.06394161549011,43.65647701106232,2417877
2012-02-13,3,42.99702835083008,43.35064003133909,42.643419477520474,43.188170558456406,2103332
2012-02-14,1,43.58002471923828,43.627808886016226,43.00660348910096,43.216857191564515,2482788
2012-02-15,1,43.3984375,43.94318874813733,43.33153911039725,43.771160708472785,1856162
2012-02-16,1,44.58351135253906,44.74598088633174,43.484453071847426,43.51312581734052,1870869
2012-02-17,1,44.59306716918945,45.109145677602285,44.24901389451413,45.08047293384584,1969044
2012-02-21,4,44.1534423828125,44.79376195615623,43.95274440703603,44.79376195615623,2234386
2012-02-22,1,43.924076080322266,44.10565983614557,43.68514964257575,44.05787286427605,1867712
2012-02-23,1,44.201229095458984,44.44015553823241,43.83806438337191,44.41148560026779,2487331
2012-02-24,1,44.25856018066406,44.69818449558789,44.17254758210931,44.40191544732188,1348655
2012-02-27,3,44.029197692871094,44.22033713602607,43.45577655620613,43.551344874183606,1681911
2012-02-28,1,45.615665435791016,45.65389107958459,44.51660729492312,44.535721520419955,2692767
2012-02-29,1,43.5322380065918,44.9944609350475,43.44622258134119,44.87977838004724,2369829
2012-03-01,1,43.37931442260742,43.73292333230332,43.26463189343022,43.45577131352536,1496033
2012-03-02,1,43.19773864746094,43.44622078140081,43.02571341848724,43.37932239315551,1596364
2012-03-05,3,43.04482650756836,43.18818179699267,42.61476063929541,43.149953345519506,1443519
2012-03-06,1,42.75812149047851,42.88236257032689,42.12735757352494,42.14647180174781,3244549
2012-03-07,1,43.61825180053711,43.78072133110109,42.930145223183715,42.987487905829894,1431738
2012-03-08,1,44.26811981201172,44.487929167817306,43.666025992544846,43.92406660191633,1171863
2012-03-09,1,44.61217498779297,44.79375590523319,44.17255064241169,44.335020143026526,1144374
2012-03-12,3,44.44016647338867,44.64086451012702,44.23946843665033,44.4592807058019,720104
2012-03-13,1,45.5009765625,45.55831923455404,44.68862905973412,44.68862905973412,1170092
2012-03-14,1,45.22382736206055,45.615667599734046,44.98490374281601,45.07091635803205,956494
2012-03-15,1,46.026611328125,46.064839774347,45.35761913363953,45.40540328781715,1243011
2012-03-16,1,45.92148971557617,46.23687304837557,45.81636287370979,45.98839091174589,665126
2012-03-19,3,46.20819091796875,46.533127067441406,45.892807668398945,46.14128973945424,733579
2012-03-20,1,46.380218505859375,46.57135792260287,45.60609951688876,45.71122633645766,1258180
2012-03-21,1,46.29419708251953,46.91540217390051,46.20818450174357,46.70514857484835,1998920
2012-03-22,1,45.68256759643555,45.87370705999876,45.338514316261495,45.491428132872336,1412873
2012-03-23,1,45.65388488769531,45.8450271167397,45.33850442057165,45.42451702004177,691614
2012-03-26,3,46.76251220703125,46.82941059906524,46.255989393744464,46.361116240426554,1093015
2012-03-27,1,46.82939910888672,47.058766973296684,46.6669296200964,46.88674177678913,1127511
2012-03-28,1,46.724273681640625,47.421935810596544,46.332436316753025,47.402818780192526,1320550
2012-03-29,1,47.44105529785156,47.48884507479243,46.514025139926666,46.647824725120074,1371293
2012-03-30,1,47.91891098022461,48.09093622128308,47.29770560173522,47.87112681486401,1519826
2012-04-02,3,48.50188827514648,48.71214197298448,47.82334301590581,48.033596713743805,1467697
2012-04-03,1,47.74687957763672,48.520998676903936,47.536625908541936,48.33941213468565,1379763
2012-04-04,1,46.04573059082031,46.83896111154465,45.586991993148345,46.695605826122176,2407559
2012-04-05,1,45.864139556884766,46.1030631231036,45.73034000175454,45.806796890400385,1031954
2012-04-09,4,45.94060134887695,46.17952776239616,45.233383431804214,45.414967169214805,617848
2012-04-10,1,45.09003448486328,46.103077343084024,44.96579340609282,45.75902404525794,1046122
2012-04-11,1,45.02312469482422,45.60610432855857,44.97534053739679,45.16647997430644,1766842
2012-04-12,1,46.74338912963867,47.3837086057598,45.78768636598337,45.8163562979411,3326246
2012-04-13,1,46.53313827514648,46.8007374392579,46.20820204741155,46.762508987241986,1659504
2012-04-16,3,47.15434646606445,47.421945646427034,46.52358539109656,46.72428337276832,1885961
2012-04-17,1,47.2403564453125,47.94758000384215,47.163905155309656,47.479282867972486,2459765
2012-04-18,1,47.106563568115234,47.36460143102979,45.62522636231558,45.69212475560449,3852002
2012-04-19,1,47.83290100097656,49.07531182655993,47.3741651280228,48.492334871047824,2637327
2012-04-20,1,47.39326095581055,48.329849429395765,47.30724835883223,47.8615579998028,2472547
2012-04-23,3,46.04573059082031,46.6478216667147,45.8354741135873,46.609593216308696,2218447
2012-04-24,1,46.16997146606445,46.829405214925885,45.77813125457283,46.74339260545701,2165856
2012-04-25,1,47.297706604003906,47.34549077037708,46.695612633139675,47.24992243763074,1408253
2012-04-26,1,49.25689697265625,49.46715067439116,47.89023948977789,47.928467945947965,2589433
2012-04-27,1,48.83637237548828,49.18998410761846,48.54010612121686,49.08486008887681,1331561
2012-04-30,3,49.30340576171875,49.661169276900786,48.80060666815616,48.82961605595977,1286978
2012-05-01,1,49.55480194091797,49.90289184963126,49.18737054821042,49.36141550256706,780934
2012-05-02,1,48.84894943237305,49.061671678280064,48.53953112536759,48.742585469260305,1519749
2012-05-03,1,48.09475326538086,48.85861980893084,48.05607597504629,48.64589755225007,935088
2012-05-04,1,46.99245834350586,47.85302094082204,46.77973608984812,47.50492817291707,768845
2012-05-07,3,47.56293869018555,47.81433820499385,47.14716213259349,47.45657757547119,1083621
2012-05-08,1,47.05048370361328,47.21486079804852,46.1802530296008,46.731400259206,1405943
2012-05-09,1,46.36396789550781,46.63470613295593,45.73546608272909,45.928852566734776,1848385
2012-05-10,1,46.22859954833984,46.576692395892856,45.83216149757335,46.29628340087071,2193961
2012-05-11,1,46.82808303833008,47.67897776519329,46.073884379715174,46.073884379715174,2015552
2012-05-14,3,45.600093841552734,45.95785454108454,45.14563990965035,45.46472331623392,1831445
2012-05-15,1,45.89982986450195,46.25759333609205,45.46471466189907,45.53240133175392,1528527
2012-05-16,1,44.787864685058594,45.74511743452421,44.74918740465371,45.70644015411933,1751596
2012-05-17,1,43.675926208496094,44.76855002463056,43.66625546313553,44.50747966213749,1166781
2012-05-18,1,43.395511627197266,44.13037457390087,43.36650507515783,44.10136518170163,1974896
2012-05-21,3,44.74920272827149,44.84589312223506,43.75327235736125,44.04334921957121,1216831
2012-05-22,1,45.20365524291992,45.49373209598235,44.89423974364269,45.24233253534951,1152151
2012-05-23,1,44.84589767456055,44.89424571660978,43.87897659581452,44.681520579944944,991221
2012-05-24,1,44.69118881225586,45.15531067675213,44.32375734610313,44.88457244910269,555016
2012-05-25,1,44.47845077514648,44.67183434350426,43.88862648940922,43.94664241196418,1096557
2012-05-29,4,45.43571472167969,46.054545700680585,45.29067629973133,45.861162084802594,1059289
2012-05-30,1,44.34309387207031,44.74920261419282,44.27541002843643,44.604164183457584,1504118
2012-05-31,1,44.29475402832031,44.584830924847154,44.00467713179347,44.449460381059986,695387
2012-06-01,1,42.35123062133789,43.347160930590306,42.293214684455734,43.05708408633893,2147376
2012-06-04,3,42.51560974121094,42.91204773546827,42.38023921528523,42.747670659781136,1189265
2012-06-05,1,43.63724136352539,43.85963438645,43.12477147249376,43.16344876692932,838838
2012-06-06,1,45.774131774902344,45.79347041840019,44.11102547504212,44.12069337671148,1174712
2012-06-07,1,45.71611785888672,46.71205094251384,45.64843402374132,46.70238020025921,1640947
2012-06-08,1,46.30595016479492,46.40264340306937,45.445387444551656,45.46472609220655,1555015
2012-06-11,3,46.07388687133789,47.19551701718754,45.996532284683546,46.953785353972506,1216908
2012-06-12,1,47.31154251098633,47.38889424704003,45.94818088595024,46.10288719821685,1138830
2012-06-13,1,48.10441589355469,48.59754703101286,47.504923639417925,47.91102946308537,1935010
2012-06-14,1,47.40824890136719,47.89171232580945,46.934456222297065,47.756344611880934,1326094
2012-06-15,1,48.27845764160156,48.37515369058763,47.678968267349575,47.727313451683735,948640
2012-06-18,3,48.80060958862305,49.022999760909656,47.94004692837815,48.201114393277955,1648955
2012-06-19,1,49.16803359985352,49.64182326238501,48.78126073215616,48.83927950246987,1091244
2012-06-20,1,48.87795639038086,49.26472357460386,48.36548376494334,49.226046288149746,1288210
2012-06-21,1,48.858619689941406,50.686103192763376,48.68457472401907,50.541067614601005,1985060
2012-06-22,1,48.10441589355469,48.87795593511384,48.06573860746082,48.47184727128733,4729648
2012-06-25,3,46.91510391235352,47.82401170469655,46.82808143014181,47.814343802299405,2054052
2012-06-26,1,46.67337417602539,47.205179801202576,45.93851136282159,47.08915077396359,1809962
2012-06-27,1,47.45657730102539,47.68863817180188,47.06980728962525,47.40822927450101,1786477
2012-06-28,1,47.0794792175293,47.12782724818888,46.47031902461985,46.547673601547785,763224
2012-06-29,1,49.71917724609375,50.00925405326641,48.694237679332176,48.868288307890296,3151841
2012-07-02,3,50.46371078491211,50.54106536194511,49.73852156578508,50.221979151763605,821436
2012-07-03,1,50.879486083984375,51.12121771099336,50.14462330115346,50.27032306555993,408408
2012-07-05,2,50.0672721862793,50.338013217729646,49.59348248163958,49.79653683514767,667898
2012-07-06,1,47.78533554077149,48.90696561387456,47.75633183289661,48.69424335453142,1251327
2012-07-09,3,46.85708999633789,47.41790500984475,46.74105812864987,47.34055043138607,2043734
2012-07-10,1,50.83115005493164,51.53700357923426,50.28000570864586,50.39603191183912,7052507
2012-07-11,1,49.49678039550781,50.47336896166201,49.255048808936586,50.35734279878712,2272039
2012-07-12,1,48.81993865966797,49.844878252040566,48.57820703426404,49.844878252040566,3336102
2012-07-13,1,49.49678039550781,49.60313865819602,48.87794957879973,48.97463994130127,1472933
2012-07-16,3,49.30340576171875,49.583814696303655,49.022996827133845,49.54513740600509,1034649
2012-07-17,1,49.79653549194336,50.009257742185625,48.73291856041348,49.844880683318614,1230845
2012-07-18,1,52.76499938964844,53.00672538746163,50.04794350709678,50.192979105784694,2684836
2012-07-19,1,53.90595626831055,54.26371977289766,53.31613470912302,54.23471038595314,2339337
2012-07-20,1,53.63521957397461,54.31206359663357,53.24844669218226,53.963973683338885,1498266
2012-07-23,3,53.66422271728515,54.04132769315895,52.32020258802237,52.552266314664955,1536997
2012-07-24,1,52.774662017822266,53.113084061249545,52.436239974394994,52.65863014227947,2759757
2012-07-25,1,52.76499938964844,53.9349748042785,52.52326771151572,53.925306900429874,2183027
2012-07-26,1,55.24998092651367,55.39501649745081,54.15735463205268,54.48610874255901,1889580
2012-07-27,1,56.9130859375,57.1451496618951,55.49171124645535,55.74311077439089,1511818
2012-07-30,3,56.84539413452149,57.24183487450718,56.11053142057219,56.11053142057219,2209438
2012-07-31,1,55.59806823730469,57.183825623262585,55.57873243421263,56.835730044741894,2476243
2012-08-01,1,54.66016387939453,56.02352576563664,54.602150776279345,55.98484847012001,1874950
2012-08-02,1,54.01232147216797,54.71817491500156,53.644890056946295,54.02198937459832,2058133
2012-08-03,1,56.19756317138672,56.62300764133301,55.501377696726706,55.65608684227741,2156924
2012-08-06,3,54.32173538208008,56.22657350005008,54.26372228582306,56.07187001659176,3008467
2012-08-07,1,55.93650817871094,56.3039396781978,55.675440671307115,56.236258665344955,1412026
2012-08-08,1,55.60774612426758,55.75278739477563,54.466780168363314,54.8245437126732,1517901
2012-08-09,1,55.685089111328125,55.984833812866896,55.43368959644811,55.49170836469305,876106
2012-08-10,1,55.694766998291016,55.781789477067505,55.12428125491761,55.28865831045509,486101
2012-08-13,3,55.20164489746094,55.52072547860462,54.7471909445939,55.414367178329854,530607
2012-08-14,1,55.49171447753906,55.96550417536825,55.2209734499805,55.830136501748285,1136135
2012-08-15,1,55.636749267578125,55.96550338481029,55.20163686554648,55.53039098277864,945098
2012-08-16,1,55.82048034667969,56.03320264436891,55.037272166816734,55.220985071082936,767151
2012-08-17,1,56.1395378112793,56.149205711661736,55.598061545735305,55.97516078350786,562023
2012-08-20,3,56.0428581237793,56.32326705051436,55.70443610337979,55.897816869140314,654423
2012-08-21,1,56.56501007080078,57.16449965380545,56.149227707981765,56.9034321593021,1233848
2012-08-22,1,56.9130859375,56.99044051229836,56.18789105900404,56.27491921589093,781473
2012-08-23,1,55.714115142822266,56.68103620586759,55.57874744366626,56.43931020034605,643104
2012-08-24,1,55.85914611816406,56.13955507772062,55.337011173113126,55.54006554518379,847770
2012-08-27,3,56.100868225097656,56.24590947200033,55.59806917242919,56.23624157029169,863940
2012-08-28,1,54.428104400634766,55.08561272735481,54.08001443016856,55.08561272735481,2645258
2012-08-29,1,55.10493850708008,55.4530340945231,54.71817131246171,55.14361579457375,937937
2012-08-30,1,53.99297332763672,54.901881010998906,53.93496023989109,54.892213109760974,1444058
2012-08-31,1,54.8922233581543,55.06626833420343,54.21537926004364,54.824542356534664,826133
2012-09-04,4,54.27339172363281,54.979245202932994,53.954305484396606,54.911564202105225,832524
2012-09-05,1,54.21537780761719,55.04693105341384,54.12835532192395,54.727844818992686,822052
2012-09-06,1,55.95583724975586,56.12021431356313,54.41843058016023,54.457107870486574,1092784
2012-09-07,1,54.9405632019043,55.15328544972288,54.05099692190673,54.85354072235663,2894045
2012-09-10,3,53.58687973022461,54.57313647639843,53.53852885493775,54.5151233785008,1666973
2012-09-11,1,53.72224044799805,54.254048884342374,53.48050882417624,53.67389525929734,964810
2012-09-12,1,53.780250549316406,54.650480938517326,53.538518938929826,54.55379056648987,973973
2012-09-13,1,54.30240249633789,54.5441341576567,53.52886231618154,53.90596166292399,1322475
2012-09-14,1,55.24031066894531,56.245914545304615,54.979243217354515,55.25965215442544,1253175
2012-09-17,3,55.443359375,55.8011228568974,55.17262404841673,55.64641371009655,870485
2012-09-18,1,54.53445816040039,55.21130791819869,54.32173589834455,55.21130791819869,1299298
2012-09-19,1,52.75532150268555,53.577206869174915,52.70697630706601,53.180771720839445,3381917
2012-09-20,1,52.735984802246094,53.06473894326669,52.387889175114246,52.83267519184545,2815505
2012-09-21,1,52.15583801269531,52.523269494290275,52.03013821743807,52.223524702572185,1918378
2012-09-24,3,50.6570930480957,51.45963677804289,50.618415762770226,51.20823726358628,2045274
2012-09-25,1,51.64336013793945,52.6006188844091,51.50799245189776,52.22351953594493,2774772
2012-09-26,1,50.918155670166016,51.130877879270635,50.115612015773486,50.88914628882346,2172016
2012-09-27,1,52.43624496459961,52.62962576192213,51.57568223949196,52.252526390759805,1871408
2012-09-28,1,51.90442657470703,52.233180684235215,51.61434975337736,51.91409447667705,2119964
2012-10-01,3,51.62400817871094,52.69729278863933,51.34359931082604,52.04945259047723,1310001
2012-10-02,1,52.165489196777344,53.09373834757874,51.69169956045758,52.67796179804498,1757140
2012-10-03,1,53.13240432739258,53.27744554948065,52.6682826412819,53.02604606615748,1886808
2012-10-04,1,53.80926513671875,54.012319481867294,53.38382064227348,53.9929779974006,1498420
2012-10-05,1,54.25405502319336,55.03726307365605,54.03165917756043,54.882553908053815,2326632
2012-10-08,3,53.1904296875,53.7609153859412,52.977707458320815,53.72223810060699,1343111
2012-10-09,1,52.51359176635742,52.91002688632129,52.02046058175563,52.881017498898046,1849001
2012-10-10,1,51.66269302368164,52.18483355479888,51.536993261787266,51.86574735909844,1011395
2012-10-11,1,51.28559494018555,52.155825392234554,51.092208501846315,51.536994469867366,1791944
2012-10-12,1,51.23724365234375,52.04945523606112,51.1212118031505,51.575665618919125,3357508
2012-10-15,3,51.06320571899414,51.15989609975167,50.173633766878375,50.72477802570585,1904441
2012-10-16,1,51.81740951538086,52.32020863422566,51.69170973566966,52.165499465252175,2953489
2012-10-17,1,48.42349624633789,50.89881385635712,47.118147938585345,50.7827876923805,18503870
2012-10-18,1,49.641822814941406,50.44437224794104,48.70390571962694,48.70390571962694,13391840
2012-10-19,1,50.45404815673828,50.81180601251363,50.0285979385852,50.163971302702535,8227373
2012-10-22,3,51.54667663574219,52.19451712321078,51.28560913198018,52.00113063135748,5877487
2012-10-23,1,51.10188293457031,51.34360888611983,50.46371051758793,50.76345524176409,4052048
2012-10-24,1,52.09781265258789,52.610279617248416,51.711039773298445,52.59094381344314,5489638
2012-10-25,1,52.532928466796875,52.81333740248617,52.097816049622764,52.64896033814957,5069603
2012-10-26,1,52.5522575378418,53.20009205929948,52.32019384995648,52.68762518228285,4113186
2012-10-31,5,53.16143035888672,53.82860655670061,52.75532162622111,53.82860655670061,3339798
2012-11-01,1,54.428104400634766,54.57313999488923,53.40316461602298,53.6255547993409,3074841
2012-11-02,1,54.43776321411133,55.27898428914956,54.31206344795253,55.220971197198736,3710091
2012-11-05,3,54.69882583618164,54.834199172687974,53.857604835150696,53.91561792199776,1177638
2012-11-06,1,55.59806823730469,55.63674552380699,54.83420176944111,54.90188276058149,1232385
2012-11-07,1,53.98331451416016,54.27339136235697,53.50952479024358,53.92530141664838,2290057
2012-11-08,1,53.03573226928711,54.18637182176322,53.03573226928711,54.01232683944699,1744974
2012-11-09,1,53.54819869995117,53.954301717522306,52.86168107444056,52.91969416828827,2095786
2012-11-12,3,53.4128303527832,53.74158450280669,53.24845327777146,53.66422991688127,604450
2012-11-13,1,52.98738098144531,53.6352213192897,52.71664563569925,52.832671823694064,1736427
2012-11-14,1,53.30647277832031,54.22504855804955,53.161431507668745,54.15736187436959,3376527
2012-11-15,1,51.76906204223633,53.006718298608305,51.58534349208447,52.82300542877522,2303840
2012-11-16,1,53.0937385559082,53.200096828819525,52.14615359923263,53.00671040491086,2164855
2012-11-19,3,53.56753158569336,53.84794049803541,53.18076439370594,53.3741451495405,913528
2012-11-20,1,53.77059555053711,54.17670429900772,53.37415470552549,54.041336609623954,1719641
2012-11-21,1,53.20977783203125,53.7125826580018,53.01639704082344,53.59655077508552,1287902
2012-11-23,2,55.62709426879883,56.12989346347436,54.6698410819635,54.93090858374043,1444520
2012-11-26,3,55.95583724975586,56.371613860524995,55.414360865505785,56.34260447270055,1537536
2012-11-27,1,56.71004104614258,57.19350437901408,56.265255007113566,56.55533187077261,1878800
2012-11-28,1,57.290184020996094,57.29985192256239,56.013844924381154,56.30392173359736,1248324
2012-11-29,1,54.98543930053711,55.81295207578384,54.51006004984569,55.1262920387204,3158400
2012-11-30,1,55.08226776123047,55.53123810426485,54.67731662067709,55.214318652286146,2942400
2012-12-03,3,55.029449462890625,55.64568138806238,54.94141776994916,55.47841982819606,3635300
2012-12-04,1,54.06990432739258,54.5276766465018,53.61213536647813,54.33400619632869,4463300
2012-12-05,1,54.747745513916016,54.818173556751645,54.03468005027186,54.05228706098077,2156300
2012-12-06,1,55.064666748046875,55.21432466475296,54.61569971431668,54.862191155721966,2015600
2012-12-07,1,55.90098571777344,55.91859273043164,55.064671086577334,55.14390096444211,1720300
2012-12-10,3,56.006614685058594,56.19148660668732,55.57525470371021,55.57525470371021,1577300
2012-12-11,1,56.23550796508789,56.66687134692227,56.20029394244956,56.464392395848925,1059900
2012-12-12,1,55.7601318359375,56.15628121717098,55.540049219496034,55.83055652693778,1953900
2012-12-13,1,55.196720123291016,55.87457497568057,55.13509726018234,55.8129521125719,2274500
2012-12-14,1,56.02424240112305,56.15629334277885,54.95023792636098,54.95023792636098,3746900
2012-12-17,3,55.98902130126953,56.34115486243758,55.751335009404805,56.34115486243758,2016600
2012-12-18,1,56.367549896240234,56.42036756674094,56.05943562434042,56.16507432353554,2380000
2012-12-19,1,56.47319793701172,56.97498600909553,56.12106442479421,56.86053875570168,2832900
2012-12-20,1,56.93976974487305,57.19506636327161,56.543623756964706,56.80771884344098,1146900
2012-12-21,1,55.84816360473633,56.094658419011935,55.41680355659391,55.98901634509629,2110400
2012-12-24,3,55.698509216308594,56.068246401618865,55.59287050024769,55.97141287084301,350500
2012-12-26,2,55.48723220825195,56.21790815978209,55.10868981185349,56.17389230493925,841400
2012-12-27,1,55.96261215209961,56.22671064242746,55.07347978441712,56.1738929592786,1147500
2012-12-28,1,55.57526016235352,55.9626043368617,55.41680041864698,55.804144593155165,769000
2012-12-31,3,56.68448638916016,56.798926948437185,55.54005728902688,55.61048199025931,1710600
2013-01-02,2,58.78847122192383,58.78847122192383,57.90814069936399,58.084210833709285,1824000
2013-01-03,1,57.55601119995117,58.357115255758174,57.274305681550885,58.093013393837566,1725400
2013-01-04,1,56.96617889404297,57.26549472002168,56.64925941542451,56.90455603522203,3170800
2013-01-07,3,56.04183578491211,56.22670437170456,55.54004770179311,55.768932139032216,2066100
2013-01-08,1,55.58405303955078,55.96259532654726,55.284740611651095,55.81294079169416,1182400
2013-01-09,1,55.90098571777344,56.16508419125792,55.716117122153726,55.83055766714062,879100
2013-01-10,1,56.93096923828125,56.94857960865937,56.28832840544181,56.83413235036675,1648300
2013-01-11,1,57.59122467041016,57.89054055877478,57.16866975510504,57.42396642811364,1518000
2013-01-14,3,56.69329071044922,57.45917401676501,56.56123978013602,57.3975511448041,1477000
2013-01-15,1,55.531246185302734,55.70730958807326,55.214326687205165,55.28475137667454,1561300
2013-01-16,1,56.18268966674805,56.33234759115097,55.58406468552475,55.61047352469237,1615100
2013-01-17,1,60.170597076416016,61.28862073507794,57.54721556633326,57.64405247271782,8003800
2013-01-18,1,60.892452239990234,61.02450314344982,60.24981480828178,60.69877847710124,2758200
2013-01-22,4,61.55270767211914,61.65834975126175,61.042114364179675,61.41185828298443,1369100
2013-01-23,1,60.95407485961914,61.1477486217462,60.31143743043891,60.96288004418526,1824800
2013-01-24,1,62.67072677612305,62.76756366276627,61.93124570688279,62.05449143235811,2386500
2013-01-25,1,65.1796646118164,65.35572800793501,63.84155862231804,63.991219897045696,3443000
2013-01-28,3,66.43853759765625,67.29245917615197,65.76067941587822,67.08998022517737,3454400
2013-01-29,1,66.262451171875,66.29766518582707,65.66382636746269,65.76946840931889,1665900
2013-01-30,1,66.21843719482422,66.88749001201639,66.04236712904404,66.5265514144567,1658400
2013-01-31,1,66.10400390625,66.8170760692838,65.75187713324154,66.63220749853805,1844600
2013-02-01,1,68.85064697265625,68.92988020945755,67.54776160568709,68.34885886087687,3894800
2013-02-04,3,67.28366088867188,68.36647036701024,67.09879228825093,67.75023498255169,1302300
2013-02-05,1,67.34526824951172,67.87346508858339,66.83467506130798,66.89629791392656,4528800
2013-02-06,1,66.89631652832031,67.43331870044437,66.34171070042999,66.79947963063309,1089800
2013-02-07,1,66.28007507324219,66.36810676790762,65.53179559400434,66.29767872562016,1396400
2013-02-08,1,65.83111572265625,66.41213709423894,65.65505230384332,65.9103489625943,1612900
2013-02-11,3,65.94554138183594,66.10399437701533,65.57579757725726,65.91912583291933,645600
2013-02-12,1,65.98959350585938,66.4209537012144,65.75190715391824,65.90156177241417,771400
2013-02-13,1,65.37333679199219,66.00717574886863,65.10923498783104,65.3029087486975,1644300
2013-02-14,1,65.89271545410156,65.96314348345304,64.64264815685226,64.80110786469982,939600
2013-02-15,1,63.94718933105469,65.05640733546102,63.83274881554416,65.02119331921466,1554000
2013-02-19,4,65.10926055908203,65.18849381800389,64.52824576468065,64.99481998107326,1050900
2013-02-20,1,63.515838623046875,65.47017315243106,63.507033438608005,65.15325367650996,1005900
2013-02-21,1,62.168922424316406,62.47703665739489,61.94003468700672,62.433017459932294,1237700
2013-02-22,1,63.075679779052734,63.23413953296214,62.063298391097554,62.36260752826615,1217700
2013-02-25,3,61.38543319702149,64.22889623178696,61.33260881323543,64.0440276795033,1522300
2013-02-26,1,62.98764419555664,63.33097252181667,62.001671707914355,62.18654029002452,1599900
2013-02-27,1,63.19892501831055,63.23413904294959,62.195348823457365,62.21295247758266,1356600
2013-02-28,1,62.48587417602539,63.23415390541141,62.47706898869896,62.73236569004525,1357900
2013-03-01,1,63.05807113647461,63.278153760914,61.53510313653169,61.90484033365658,2732100
2013-03-04,3,62.50345993041992,62.7587565586375,61.76398560017983,62.73234772061294,1286500
2013-03-05,1,63.63027572631836,64.10565491458297,62.9084051181508,63.01404717656097,1644300
2013-03-06,1,63.41901397705078,64.47540795630997,63.33098226484403,64.39618143024063,1582000
2013-03-07,1,62.36260986328125,63.427815686682585,62.283383341554355,63.35738763422173,1399900
2013-03-08,1,61.38543319702149,61.94884403723467,61.11252624389006,61.8696108197491,2322000
2013-03-11,3,61.60552215576172,62.09850501298105,60.971683215686745,61.059714909277666,1121500
2013-03-12,1,61.147743225097656,61.975255875193895,60.94527101266176,61.975255875193895,1690700
2013-03-13,1,61.35023880004883,61.98407787709008,61.015708889171975,61.46467935480772,1676700
2013-03-14,1,63.20771789550781,63.26053556398729,62.397808919295414,62.397808919295414,1576200
2013-03-15,1,62.34500503540039,63.29576357656806,61.552706251093994,63.278153205589796,3375000
2013-03-18,3,61.420654296875,62.151330203193105,61.130150344526655,61.570315582107895,960900
2013-03-19,1,61.28860855102539,61.83440913335469,60.496309800108925,61.42065274585452,1220500
2013-03-20,1,61.596717834472656,61.78158640851997,61.35022640240958,61.48227058645209,1173600
2013-03-21,1,60.936485290527344,61.64955092826456,60.88366760369925,61.13015909741634,1206100
2013-03-22,1,60.1441764831543,60.505115193968045,59.800848142637406,60.320239887792766,2700200
2013-03-25,3,60.461090087890625,61.0685201925114,60.00332125064341,60.35544802557771,1240100
2013-03-26,1,58.946929931640625,59.704014704829,58.277876865857905,59.50153573304612,2013900
2013-03-27,1,58.3306770324707,58.383494691695546,57.15983633282295,57.3358996744964,3850400
2013-03-28,1,59.85366439819336,60.02092933009634,58.66521965415881,58.7092388624664,2376400
2013-04-01,4,59.05256271362305,60.258611019626805,58.88529779441296,59.7656281626552,1395800
2013-04-02,1,58.841285705566406,59.466326253030445,58.515567728413366,58.52437291374922,1308100
2013-04-03,1,58.31309127807617,59.39590076386027,58.048996154111144,59.22863581721027,2014400
2013-04-04,1,58.1722412109375,58.19865005138749,57.274300337305455,57.5912198554828,2196200
2013-04-05,1,58.726844787597656,58.79727283705878,57.32712256559743,57.72326859013639,1459700
2013-04-08,3,59.026161193847656,59.03495966282157,57.93454656611589,58.665222474261704,2124700
2013-04-09,1,59.06136322021485,59.43110709209424,58.64761357462464,58.894105011618954,1689000
2013-04-10,1,60.443477630615234,60.95406406644554,59.32545446226459,59.38707731053998,1842800
2013-04-11,1,61.02451705932617,61.799205571152214,60.70759750530882,60.92768015579923,1677700
2013-04-12,1,60.839637756347656,61.050915183132226,60.020930171620584,60.86604659514719,1383500
2013-04-15,3,58.51556015014648,60.26741568734482,58.4539372935532,60.064943465561605,1339400
2013-04-16,1,59.66879653930664,60.100156577142606,59.08778193762387,59.64238770055583,1621500
2013-04-17,1,61.16536331176758,63.463019633130855,60.223409988288466,63.463019633130855,5779200
2013-04-18,1,62.86440658569336,63.47183008632174,62.60910992515548,63.38379837629911,3104500
2013-04-19,1,63.37499237060547,63.94720855293417,62.81158137408182,63.6566978688673,2394200
2013-04-22,3,62.71474838256836,63.084492329114696,62.15133735097971,62.95244139937596,1054700
2013-04-23,1,63.80631637573242,64.29929898801664,63.16367257067532,63.66546036286015,1660500
2013-04-24,1,64.73950958251953,65.03881874625174,64.16729338059663,64.46660926071793,1173200
2013-04-25,1,65.83991241455078,66.7378464808771,65.69025785622773,66.13922153119687,1375300
2013-04-26,1,65.51642608642578,65.83636576342815,64.87654673242103,65.56085800910192,1687000
2013-04-29,3,66.26293182373047,66.7517303204422,65.87189980675359,66.04964101625285,761200
2013-04-30,1,66.0940933227539,66.34293377946554,65.48087449700459,66.12075383163102,888600
2013-05-01,1,65.78303527832031,66.20962375704099,65.5430839205607,65.76526386605413,1569600
2013-05-02,1,67.45384216308594,67.72934316398111,66.34294228154761,66.57401135541812,1372900
2013-05-03,1,68.87579345703125,69.1957331690697,68.36922337636952,68.4136620843062,1810900
2013-05-06,3,67.73820495605469,68.59137490751318,67.69376626654862,68.2181143250736,888300
2013-05-07,1,68.45809173583984,68.5914010748229,67.88931155121378,68.5914010748229,674700
2013-05-08,1,68.09371185302734,68.8491223084896,67.75599399782756,68.60028185543322,1458900
2013-05-09,1,67.91597747802734,68.82247563107362,67.78266812841522,68.27146681686128,1237000
2013-05-10,1,69.59561920166016,69.68449657255915,68.46694846339199,68.87575860403996,1472800
2013-05-13,3,68.92022705078125,69.35569787858837,68.72470759900007,69.17794984042622,1759200
2013-05-14,1,68.9913101196289,69.20460773646693,68.6624881593588,68.91132859860973,675300
2013-05-15,1,69.7911605834961,69.8533706945137,68.94687953677231,68.94687953677231,1928200
2013-05-16,1,69.0624008178711,70.07554064167223,68.9557520225895,69.75560103622001,951500
2013-05-17,1,70.18220520019531,70.1910942968968,69.2134970715575,69.26682487137226,738200
2013-05-20,3,71.08869171142578,71.14201950769913,70.63544951566118,70.74209154742053,1122100
2013-05-21,1,71.69302368164062,71.87965402350193,71.31087390152636,71.6574740764679,1072500
2013-05-22,1,71.16866302490234,72.1195926699634,70.78651334808012,71.46194210301076,2192300
2013-05-23,1,71.15088653564453,71.55081440999298,70.74207634748707,70.87538563893655,1495500
2013-05-24,1,72.25291442871094,72.59951456979063,71.13312570654945,71.14201480207265,2015300
2013-05-28,4,74.72354888916016,75.16790870874785,73.8614897542972,73.92369985782376,1875900
2013-05-29,1,73.90592956542969,74.5458020197771,73.76373116642391,74.19031958304838,1252300
2013-05-30,1,74.30585479736328,74.7857642499013,74.05701436576427,74.59913392620206,889200
2013-05-31,1,72.22624969482422,75.14125611367807,72.17292868058689,74.50137682125633,9219500
2013-06-03,3,72.60838317871094,74.19919195740881,72.48396298644559,73.35491111269504,9078500
2013-06-04,1,70.91983032226562,72.29734170259722,70.87539162789666,72.1462609903712,4085700
2013-06-05,1,69.2135009765625,70.98205839826208,68.90245037840249,70.98205839826208,3580400
2013-06-06,1,70.70652770996094,71.10645558973302,69.5778568252189,70.42213771519499,4877600
2013-06-07,1,71.6219253540039,71.77301287294848,70.66211312408707,70.88429307385935,1357200
2013-06-10,3,71.69302368164062,72.07517346175487,71.44418322582555,71.74635147959663,781900
2013-06-11,1,70.5732421875,71.30199214830775,70.06666539508596,70.88429275972393,1445800
2013-06-12,1,69.92445373535156,71.22198345116104,69.8355831373576,71.13311285316708,599100
2013-06-13,1,71.25755310058594,71.45307253943326,69.66674386133911,69.80005318604356,1435600
2013-06-14,1,70.8931655883789,71.54193393538954,70.87539417822752,71.18644470882452,676900
2013-06-17,3,70.44882202148438,71.56861097065868,69.91559144867576,71.49751175284564,1387900
2013-06-18,1,71.40862274169922,71.4974933508948,70.69765108774176,70.9376024106091,567500
2013-06-19,1,71.16866302490234,72.72392223376616,71.13311342933841,72.36843305851887,784300
2013-06-20,1,68.49362182617188,69.7556020774074,68.13813261698635,69.70228106916703,880500
2013-06-21,1,67.91597747802734,68.39588706839388,67.62269826495971,67.9693052861093,803000
2013-06-24,3,66.218505859375,66.68063711381775,65.66749721180703,65.72081822336766,1024300
2013-06-25,1,67.32050323486328,67.61378230199236,65.87189286692212,66.48510472136535,1064900
2013-06-26,1,68.28035736083984,68.58251889799037,67.79155866204304,68.28923967871228,654400
2013-06-27,1,69.36458587646484,69.69340787616427,69.14240591757853,69.25793705525749,572400
2013-06-28,1,70.30661010742188,70.95537163694027,69.58674938057766,70.28883191789409,1582500
2013-07-01,3,69.67562866210938,70.97315866308976,69.48010923531622,70.83984934660413,1265500
2013-07-02,1,69.83560180664062,70.32439361647306,69.45345203075296,69.65785378274298,503500
2013-07-03,1,70.81318664550781,71.06202707902844,69.53342809552366,69.70228700986694,426600
2013-07-05,2,72.9638900756836,73.19495910905688,71.71968107034218,72.18181913708874,1093200
2013-07-08,3,72.45732879638672,73.98592803402488,72.29735895104332,73.96815662027312,1402600
2013-07-09,1,72.99053955078125,73.07941693660965,72.02183842486345,72.31511752515496,1221600
2013-07-10,1,74.51913452148438,74.67910431515637,73.39046365197079,73.41712415418408,824100
2013-07-11,1,77.62078094482422,77.67410874133994,76.60764095614361,76.88314869369269,1250600
2013-07-12,1,77.4519271850586,78.02070727981067,76.94535720128272,77.99404677230565,908700
2013-07-15,3,77.24750518798828,78.20732397313456,76.49209489205353,78.14511387300799,1235800
2013-07-16,1,77.97625732421875,78.25176501625162,77.21195791090123,77.61188580692603,1583600
2013-07-17,1,79.06941223144531,80.72243182223751,78.08293257950821,80.66022169916016,1890800
2013-07-18,1,79.16718292236328,79.47823358080224,77.94074492566709,78.52730340763411,2103200
2013-07-19,1,79.14048767089844,79.2382473749858,78.23398982943245,78.5805899510539,1182700
2013-07-22,3,78.78502655029297,79.06052757075494,78.37621617849948,78.68726681134287,867000
2013-07-23,1,78.71391296386719,79.0960627517487,78.00293440675003,78.04737310921762,1306700
2013-07-24,1,78.57171630859375,79.33600905520855,78.46506749771109,79.00718708734247,1081200
2013-07-25,1,79.69151306152344,79.70040215917405,78.97165210090583,79.19383207940704,1040400
2013-07-26,1,79.25602722167969,79.34489784020343,78.70501853820282,79.0071867776558,820700
2013-07-29,3,79.48707580566406,80.19804735134613,78.75832607261465,79.84255818830918,697500
2013-07-30,1,80.06475067138672,80.36691888067233,79.6381690329037,80.07363976646971,793800
2013-07-31,1,79.94035339355469,80.5446832050916,79.43378331479543,79.540432145206,490800
2013-08-01,1,81.04234313964844,81.18453475097766,79.8336839315838,80.50910595108448,1398800
2013-08-02,1,81.70001220703125,81.75333322577626,80.39359300462607,80.75797138043444,923600
2013-08-05,3,81.77997589111328,81.78886498576256,80.79350335760432,81.00679416643929,534800
2013-08-06,1,81.81553649902344,82.04660552825135,81.34451612511562,81.77998689603503,1258500
2013-08-07,1,81.31785583496094,81.39783735660318,80.60687733408257,81.07790448964074,349300
2013-08-08,1,81.65555572509766,81.91328522690488,81.23786320188516,81.64667341083685,512800
2013-08-09,1,81.30009460449219,81.52227456629018,80.98903723365953,81.06013644872954,1005000
2013-08-12,3,81.2289810180664,81.40672224390038,80.70463287518787,80.74018247643329,330500
2013-08-13,1,81.81553649902344,82.00216682941746,80.90904535419621,81.11344709588771,645500
2013-08-14,1,82.64203643798828,83.0952853474845,82.39319602662334,82.52650532710962,652100
2013-08-15,1,80.92681121826172,81.76220988024212,80.74018090066049,81.21120124228162,832900
2013-08-16,1,81.2289810180664,81.54003155347242,80.793510268498,80.98014058974161,740900
2013-08-19,3,80.677978515625,81.52226635363938,80.49134818016337,81.39783934960464,287100
2013-08-20,1,80.25139617919922,81.02457802265236,80.15363646421652,80.51800803610273,481200
2013-08-21,1,80.18028259277344,80.82904409724755,79.82479340025998,80.69574158289834,451200
2013-08-22,1,80.69574737548828,81.91328896322587,79.72703942586206,81.23786690739804,773800
2013-08-23,1,80.722412109375,81.26453166968678,80.63354149530933,81.15788286457203,849400
2013-08-26,3,80.49134826660156,81.15788808556329,80.41136674291512,80.98902916170034,621900
2013-08-27,1,78.13623809814453,79.37155799723216,77.7452060222881,79.14049574616949,834600
2013-08-28,1,78.45619201660156,78.80279223662548,77.28308201489106,77.54970069816858,1181200
2013-08-29,1,78.13623809814453,78.68724677918826,77.43414868823825,77.46969829156947,1204000
2013-08-30,1,77.3719253540039,78.19843484411541,77.16752364527522,77.93182303528768,1467700
2013-09-03,4,78.55394744873047,78.69614588013374,77.87851846035373,78.19845815061669,1217700
2013-09-04,1,79.6292953491211,79.94923503010031,77.92295490416141,78.07403564784765,1536300
2013-09-05,1,79.74482727050781,79.95811811499225,79.08716976439077,79.40710942131427,1308100
2013-09-06,1,78.89163970947266,80.12696625094934,78.87386829998914,79.90478634024514,923000
2013-09-09,3,79.48707580566406,80.0114170663399,78.73165879156362,79.15824714328632,597000
2013-09-10,1,80.31361389160156,80.39359542212419,79.62929582195704,79.73594464304813,599800
2013-09-11,1,79.47823333740234,79.60265360039689,78.99832370282518,79.38047359070723,525000
2013-09-12,1,82.35765838623047,83.54854638832873,81.39783941983373,81.6555689634251,1236200
2013-09-13,1,82.59762573242188,82.63317534037206,81.62891756186383,82.13548760946382,565400
2013-09-16,3,82.47318267822266,83.219703897465,82.44651539434182,83.18415429934976,354800
2013-09-17,1,82.57096099853516,82.63317111416771,81.77999412778699,81.95774215844718,684600
2013-09-18,1,84.20622253417969,84.36619241020979,82.38434376719218,82.84648197812169,714900
2013-09-19,1,84.99715423583984,85.66369403177985,84.55279437187983,85.64592262059458,615700
2013-09-20,1,86.6235122680664,86.97011241673424,86.00140439529316,86.16137421624704,952000
2013-09-23,3,85.21044921875,86.57907847999765,85.13935679015574,86.41022633414327,456200
2013-09-24,1,86.59686279296875,87.08565463342252,85.77923539260534,86.16138519243354,736700
2013-09-25,1,86.9256820678711,87.42336976997196,86.35690193437927,86.69461980016094,552000
2013-09-26,1,86.80123901367188,86.86344911252753,86.17024893088109,86.47241711131727,441500
2013-09-27,1,87.49444580078125,87.52111308549743,86.50796645845789,86.91678345939297,737200
2013-09-30,3,87.76997375488281,88.42762454140396,87.50335508933392,87.71664595353644,673700
2013-10-01,1,89.68070983886719,89.71625266077797,88.25875286827518,88.32096297720908,537700
2013-10-02,1,89.45854949951172,89.58296974462523,88.00993170506973,88.62315061341118,417400
2013-10-03,1,89.36079406738281,90.51612593909393,88.7564642275787,90.40948388409006,1604200
2013-10-04,1,89.72514343261719,89.78735354271323,88.84531279543201,88.95195482394327,729100
2013-10-07,3,88.39204406738281,88.729755049474,87.88547420405006,87.9210237990689,1070600
2013-10-08,1,86.58796691894531,88.96973615881461,86.45465759820313,88.83642683807243,963900
2013-10-09,1,85.3970947265625,85.80591186066702,83.62854396628974,85.27267447892893,1256500
2013-10-10,1,86.83682250976562,86.93458224332991,85.80591092908075,85.9481025903775,1060400
2013-10-11,1,86.9878921508789,87.13897967096456,86.58797095042597,86.69461976806397,817700
2013-10-14,3,86.26801300048828,86.5524030068758,85.8414246007107,86.29467350415077,1105700
2013-10-15,1,84.56168365478516,86.6501736639399,84.34839281812255,86.48131474553554,1899600
2013-10-16,1,84.41058349609375,85.6370140000627,83.50408578327122,84.41058349609375,2244400
2013-10-17,1,83.39746856689453,83.49522829411256,82.28656873977545,82.46431678035117,1599200
2013-10-18,1,82.50872802734375,82.58871632065524,81.06900655166444,82.09991780706488,2663800
2013-10-21,3,82.77536010742188,83.14862078926348,81.80665879782433,81.80665879782433,1394400
2013-10-22,1,83.63742065429688,84.02845953477866,83.34414149393554,83.63742065429688,1774700
2013-10-23,1,82.9353256225586,84.01956478704442,82.69537427683488,84.01956478704442,1399800
2013-10-24,1,83.61965942382812,84.05513709466403,83.37081891500493,83.82406800201593,622500
2013-10-25,1,83.81514739990234,83.95734579743585,83.04196564959042,83.93956760754777,599900
2013-10-28,3,83.83293151855469,84.09066104701652,83.38857166542599,83.50410278629788,536500
2013-10-29,1,83.7173843383789,84.35726354082543,83.49520443644012,84.08176263214693,1004000
2013-10-30,1,84.1084213256836,84.34837941163391,83.02418234269,84.17952052006831,698600
2013-10-31,1,84.16175842285156,84.47281576266019,83.59297831980886,84.17064751894732,472800
2013-11-01,1,82.3398666381836,83.8595762361113,82.10879765955136,83.50408706445987,762300
2013-11-04,3,81.55779266357422,82.126579431273,81.38005146018804,81.92217094502585,1016300
2013-11-05,1,80.4468994140625,80.91792652221554,79.78035967921853,80.03808919033867,792500
2013-11-06,1,80.46467590332031,80.98013491466591,80.1625077041067,80.50910781646844,884800
2013-11-07,1,77.5852279663086,79.28267896782883,77.54967836674889,78.98051754216067,1502200
2013-11-08,1,77.64743041992188,78.0384624157649,76.7320435773357,77.01644034579193,1012900
2013-11-11,3,77.65632629394531,78.26065597165822,77.51413466527993,77.90517350979808,1508700
2013-11-12,1,77.26528930664062,77.45191962134352,76.52765036253429,77.03422029684009,1965600
2013-11-13,1,77.92295837402344,78.04737861323413,76.95425019114643,77.02534940795098,2201500
2013-11-14,1,79.00718688964844,79.16715671537534,78.1006889503981,78.74056825330574,3110800
2013-11-15,1,79.92256164550781,79.92256164550781,78.56282161058124,79.13160166727741,1255900
2013-11-18,3,78.97162628173828,79.83368540134258,78.83831698214303,79.4870852906305,969900
2013-11-19,1,79.20270538330078,80.02921500972741,78.67835721279248,79.92256620037143,1573500
2013-11-20,1,78.50062561035156,79.70928514312565,78.46507600287065,79.47821608469683,911600
2013-11-21,1,79.9136734008789,80.14474242024448,79.36267152905978,79.45154214254094,1385700
2013-11-22,1,81.51338958740234,81.6200316350006,80.50913176988749,80.66021930464284,1235300
2013-11-25,3,81.83330535888672,82.19767688227836,81.43337745616786,81.88662636709216,760800
2013-11-26,1,82.43765258789062,82.64205434993154,81.70001350833012,82.23324404545556,1075600
2013-11-27,1,83.17528533935547,83.39746529606543,82.82868514931944,83.22861313963391,601600
2013-11-29,2,82.98865509033203,83.61964535450872,82.89978446361876,83.54855292137462,424000
2013-12-02,3,83.30859375,83.61076201359558,83.02420367976576,83.1752844213665,381100
2013-12-03,1,83.34414672851562,83.74407473059765,82.99754652828116,83.19306598080202,566100
2013-12-04,1,81.30009460449219,82.6776062994031,80.82906738994922,81.88664617783381,872000
2013-12-05,1,80.99791717529297,81.94884703308716,80.76684814263082,81.708895684841,757300
2013-12-06,1,81.27340698242188,81.8244155907841,80.71351605969363,80.82904716998569,541300
2013-12-09,3,81.58448028564453,82.51763200664737,81.46006005617748,82.12659990563408,871000
2013-12-10,1,80.9090576171875,81.79777748541619,80.78463737806705,81.59336893235002,672800
2013-12-11,1,80.96235656738281,81.74443417766447,80.88237505563636,81.655556790756,820500
2013-12-12,1,79.42488861083984,80.56244883623162,79.33601120916117,80.4646891187001,1969600
2013-12-13,1,78.29620361328125,79.45154192657549,78.04736318405311,79.3982141343172,1036800
2013-12-16,3,78.40287017822266,79.3893498035564,78.18069020459605,78.84723012547589,1298100
2013-12-17,1,78.1273422241211,78.5983625208287,77.99403292986233,78.53615242089359,607400
2013-12-18,1,79.78925323486328,79.96700124232781,78.68724271015594,79.07828154618473,874100
2013-12-19,1,80.7313003540039,80.94459797989953,79.93145798827338,80.36692877545458,721000
2013-12-20,1,81.30009460449219,81.56670649041317,81.0867969592822,81.27342731354518,732300
2013-12-23,3,81.97551727294922,82.34878476399358,81.47783632541591,82.26879645148608,495500
2013-12-24,1,82.3398666381836,82.51760783381332,81.73553708049374,81.73553708049374,135800
2013-12-26,2,83.06864929199219,83.24639055802439,82.26880003405793,82.56207922536628,273500
2013-12-27,1,83.60186767578125,84.27729659289166,83.45078694365202,84.23285789266838,925000
2013-12-30,3,83.04197692871094,83.79738737213067,83.03308783255954,83.77072686407018,664100
2013-12-31,1,83.27302551269531,83.51298360662776,82.9442035934145,83.02418510446358,240300
2014-01-02,2,82.08214569091797,82.4909559076769,81.77997749046581,82.31321469357049,647100
2014-01-03,1,81.79776763916016,82.26878802776002,81.6822365111393,82.08215769154462,1084100
2014-01-06,3,80.11809539794922,80.95348744173874,79.97589696813311,80.9268269312468,745100
2014-01-07,1,79.44264221191406,79.62927250888801,78.92718323147616,79.06938161796617,840200
2014-01-08,1,79.65593719482422,79.7448145812445,79.06049667600708,79.34488668353113,785000
2014-01-09,1,80.10919189453125,80.66020054038641,79.68261024258598,80.66020054038641,824000
2014-01-10,1,80.93570709228516,80.93570709228516,80.05587644121958,80.23361767847139,759800
2014-01-13,3,80.30473327636719,80.66910492122265,80.02923226827684,80.05589278126688,1158100
2014-01-14,1,81.04234313964844,81.23786253806956,80.10029574547328,80.1625058467534,1124600
2014-01-15,1,79.48707580566406,80.65129620372804,79.18490764394552,80.24248603937268,1521800
2014-01-16,1,75.73670196533203,77.02534295508339,75.39898410400032,76.93647233172018,2774700
2014-01-17,1,75.00794982910156,75.07904903788707,74.01258124728558,74.37695960701603,3130400
2014-01-21,4,77.4519271850586,77.56745831104482,75.43452956552775,75.80779701177858,3920300
2014-01-22,1,81.13121032714844,82.01992989680011,80.1180705601769,81.25563052446829,3541200
2014-01-23,1,78.55394744873047,80.13586770592266,77.56746786715208,80.13586770592266,2320300
2014-01-24,1,77.84294891357422,80.064747982194,77.7451959925162,80.0203160690572,2351400
2014-01-27,3,77.86961364746094,78.66057354755182,77.36304374762304,78.59836344688374,1931700
2014-01-28,1,76.8209457397461,78.29621715987155,76.74095742771588,78.1006977086803,1367900
2014-01-29,1,76.11884307861328,77.06977287912099,75.85222445849618,76.07440438179604,1255500
2014-01-30,1,75.74559020996094,77.62967181349099,75.56784218483952,77.50525158610291,1619700
2014-01-31,1,75.21233367919922,75.66558255184668,74.43915200394473,74.4747015998771,828300
2014-02-03,3,75.15013885498047,76.19882841674911,74.59024786113541,75.9499879750402,1136900
2014-02-04,1,74.7324447631836,75.38121320086749,74.58136402440583,74.94574239716937,1074500
2014-02-05,1,75.68335723876953,75.97662952595803,74.82129822336837,75.33675038956164,854400
2014-02-06,1,77.1764144897461,77.37193390606632,76.59875211657307,76.63430171775794,568400
2014-02-07,1,77.81629180908203,77.86073050455283,76.77649142683768,77.03422094370383,761400
2014-02-10,3,77.79851531982422,77.90516411375549,77.36304461029178,77.69186652589295,299000
2014-02-11,1,79.63816833496094,79.63816833496094,78.1362299575645,78.14511905256958,375000
2014-02-12,1,78.1451187133789,79.007177854524,78.08290860939898,78.80276935265125,1205000
2014-02-13,1,78.62503814697266,78.74945837077486,77.78963940396328,77.89628821596244,1823900
2014-02-14,1,79.25602722167969,79.28268772919745,78.74056814169103,79.11382880772686,1176200
2014-02-18,4,79.70040130615234,79.96701998965817,79.13162110970838,79.94035269699177,3076900
2014-02-19,1,78.38509368896484,79.5404322891212,78.35843317641267,79.50488267892001,1898900
2014-02-20,1,78.98938751220703,79.14935729502899,78.29618738010915,79.03382619980992,1397400
2014-02-21,1,79.01607513427734,79.70927544482724,78.69613548627069,79.65594764989713,605000
2014-02-24,3,79.39823150634766,80.18030934691535,79.3893491893555,79.44267021288707,490800
2014-02-25,1,76.98978424072266,78.59837148897294,76.93646322909211,78.50061178072154,1349600
2014-02-26,1,76.35879516601562,77.3985955900268,75.94998491675636,77.04311313355316,1408100
2014-02-27,1,76.44766998291016,76.76760963563997,75.55895023208147,76.66096760499244,1547100
2014-02-28,1,76.5543212890625,77.55857219928845,76.1188504954735,77.35417044695627,1534500
2014-03-03,3,76.42990112304688,76.58098185843744,75.38121151084047,75.55007043886161,4305500
2014-03-04,1,79.43376922607422,79.47820792596215,78.46506794813858,78.80277901394857,3451000
2014-03-05,1,79.86923217773438,79.87811449177227,79.26490258393028,79.34488409262569,926400
2014-03-06,1,81.3445053100586,81.57557430856501,80.26026629444299,80.27804448377024,1347800
2014-03-07,1,80.98902130126953,81.18454071405172,80.57132875079023,81.13121970343586,1267400
2014-03-10,3,80.589111328125,80.85572997893578,80.02922029789508,80.6246609335927,1500400
2014-03-11,1,80.25139617919922,81.03346711866723,79.82480771560256,80.1802969718675,1096700
2014-03-12,1,80.82015991210938,80.83793132014704,79.87811255669968,80.09141013550501,1046900
2014-03-13,1,79.83368682861328,81.38894619744673,79.49596902621522,81.2378654860543,1543000
2014-03-14,1,79.52265930175781,80.19808154104004,79.18494140172199,79.18494140172199,2437500
2014-03-17,3,80.54467010498047,80.80239965125838,80.34026835543182,80.36692886359957,1192000
2014-03-18,1,81.51338958740234,81.53116100187049,80.46469984351978,80.51802086731891,519600
2014-03-19,1,80.8646011352539,82.01105032689377,80.38469169826097,81.53114088990083,570200
2014-03-20,1,82.18879699707031,82.24211800685174,80.20694917534811,80.2513878704279,868800
2014-03-21,1,82.10882568359375,83.38858442616846,81.93996674383895,83.3530348188309,1046500
2014-03-24,3,80.97126770019531,82.24213738240442,80.62466749417415,82.06438934060222,851900
2014-03-25,1,81.74445343017578,81.99329389918425,80.66021414630097,81.39784645646343,1166200
2014-03-26,1,82.01105499267578,82.9619848255234,81.98439448583602,82.84645370241995,675200
2014-03-27,1,81.73554992675781,82.57983090928147,81.61112971418365,82.34876867472549,544200
2014-03-28,1,81.61112976074219,82.1710207176453,81.3622893354519,81.85108109073123,340800
2014-03-31,3,82.97087097167969,83.1397298828532,82.31322029823558,82.56206072708507,625600
2014-04-01,1,83.15750885009766,83.34413918869446,82.70425986756614,83.07752732515351,862600
2014-04-02,1,82.83757019042969,82.97976861035134,82.16214125658952,82.41987080740213,442200
2014-04-03,1,81.91329193115234,82.73980151135532,81.80664990815397,82.55317119071505,547100
2014-04-04,1,80.71350860595703,82.39318799941927,80.42911862347644,82.10879801693868,665400
2014-04-07,3,79.95812225341797,81.05124382082236,79.8248129260678,80.98903370544483,753400
2014-04-08,1,79.59373474121094,80.6068746641487,79.31823380193286,79.90479206278803,1193900
2014-04-09,1,82.11772155761719,82.19770309543175,80.5713508029819,80.99793256544929,864300
2014-04-10,1,79.88702392578125,82.32211432945026,79.61152295183014,82.3043429164574,1505600
2014-04-11,1,77.61190032958984,78.58949073547745,77.08755213145761,77.9940501077561,2109700
2014-04-14,3,76.93647766113281,77.5852461393731,76.38546890948209,76.94536675820306,1415100
2014-04-15,1,75.66561889648438,76.94537784319044,75.3012472288444,76.50990016913912,2003400
2014-04-16,1,73.07943725585938,73.18607929987644,71.04426795766878,71.37308996724732,5649200
2014-04-17,1,72.56397247314453,73.21273412518036,72.29735382301857,72.71505321069874,1790400
2014-04-21,4,72.56397247314453,73.15052401087017,72.02185285684394,72.70616411425617,856700
2014-04-22,1,72.59063720703125,73.11497866096464,72.51064889518038,72.74171795337874,820100
2014-04-23,1,72.875,73.73705901169195,72.38620155613596,72.43064024390243,1469100
2014-04-24,1,74.80352783203125,75.05236823758797,73.99479651397192,74.31473611551412,1352400
2014-04-25,1,73.31797790527344,74.73622642274093,73.08459359077483,74.72724825917075,1680300
2014-04-28,3,73.910400390625,74.20661812863415,73.09356563080993,73.76678402719527,816000
2014-04-29,1,73.71292877197266,74.32331372550249,73.6859942835095,74.06300179034533,975400
2014-04-30,1,73.05765533447266,74.1886640883704,72.95891609454254,73.73087368945183,729300
2014-05-01,1,73.02177429199219,73.33594159450224,72.52808477328597,72.93201318389411,812600
2014-05-02,1,72.59986114501953,73.2012747154654,72.42033899906401,72.57293350795929,1185900
2014-05-05,3,72.03437805175781,72.44728456832311,71.72021079440731,71.8728053410729,492000
2014-05-06,1,71.72020721435547,72.29468641292945,71.50477922697328,72.04335261959487,1033100
2014-05-07,1,72.22286224365234,72.94096454117967,71.96255033200697,72.6267973541356,989800
2014-05-08,1,72.6178207397461,73.35387252864925,72.17798666851073,72.34853066035151,1007800
2014-05-09,1,72.09719848632812,72.65372813339278,71.90869816595091,72.65372813339278,534500
2014-05-12,3,73.74882507324219,73.82062982156438,73.03970096503824,73.23717258333775,619100
2014-05-13,1,72.91403198242188,73.35386601459861,72.70757536010919,73.34488785319444,393700
2014-05-14,1,72.6986083984375,73.12947118391808,72.66270259561982,73.03073193825236,487100
2014-05-15,1,72.42035675048828,72.65374107610153,71.91768913993597,72.26776220418955,1081100
2014-05-16,1,72.77043151855469,72.84224313555283,72.17800279915186,72.33956866489858,340500
2014-05-19,3,72.88710021972656,73.21922372077655,72.53702724352858,72.60883884078223,322300
2014-05-20,1,72.76144409179688,73.26411849846056,72.59987139828567,73.0666400010211,270500
2014-05-21,1,74.49386596679688,74.55669941682915,73.21026247470968,73.22821880233744,655200
2014-05-22,1,74.79007720947266,75.04141098766364,74.39512021612579,74.53874343128167,675800
2014-05-23,1,74.96958923339844,75.26580693831728,74.31432723584803,74.42204463263603,470600
2014-05-27,4,76.5045394897461,76.80075037133633,75.66077026451384,75.68769790390101,867900
2014-05-28,1,76.17242431640625,76.52249736351646,75.98392397168016,76.33399701879037,344900
2014-05-29,1,76.49556732177734,76.56737893132497,76.03777687132626,76.47761099522442,239400
2014-05-30,1,77.08799743652344,77.48295444816726,76.67509094631951,77.46500496960715,637200
2014-06-02,3,77.09695434570312,77.77915076456419,76.80971482960324,77.74324496901042,601200
2014-06-03,1,77.27649688720703,77.93176584457021,77.14185867872946,77.15082999373992,1104800
2014-06-04,1,77.77019500732422,77.8868837402415,77.51886121437485,77.55476702027222,748400
2014-06-05,1,78.68577575683594,78.87427610111665,78.11128971212472,78.80246448948623,1551300
2014-06-06,1,79.951416015625,79.97834365559068,79.4218208340823,79.66417644210503,1169400
2014-06-09,3,79.98731994628906,80.40022639553939,79.45771792880983,79.47567425392111,545200
2014-06-10,1,79.96039581298828,80.17582378544925,79.80780128450893,80.05015689748603,560900
2014-06-11,1,80.6875,80.89395673588375,80.25664389221514,80.66057234930524,695400
2014-06-12,1,80.18480682373047,80.78621365959664,79.98732831682942,80.58873515269558,1400900
2014-06-13,1,80.22966766357422,80.81312490238149,79.96935576169618,80.75926962900355,1062300
2014-06-16,3,81.32476043701172,81.51326071873754,80.75028143127686,80.88492644631815,1249700
2014-06-17,1,81.91722869873047,82.12367853624443,81.64793856037964,81.71077201288381,744700
2014-06-18,1,83.73040771484375,83.92788618984694,82.96742830096589,83.09309517627138,1113800
2014-06-19,1,83.90994262695312,84.35875488419364,83.33545663722023,84.14332006991947,923000
2014-06-20,1,85.09481048583984,85.19354973467807,84.48442551499069,84.71780296830664,1044000
2014-06-23,3,83.42523956298828,83.68555154077855,82.80587634519998,83.03028251415715,1050400
2014-06-24,1,82.78791809082031,83.88301432667,82.6981501540851,83.4342020363222,428000
2014-06-25,1,83.33546447753906,83.41625425257558,82.8327968936041,82.8687026993612,353100
2014-06-26,1,82.76996612548828,82.89563302554079,81.86336333368169,82.78792245311432,576400
2014-06-27,1,82.8956298828125,82.994369136015,81.96209948329117,81.96209948329117,457300
2014-06-30,3,83.72142791748047,83.85607295220092,83.0212819549312,83.0482095922091,305200
2014-07-01,1,84.97811126708984,85.15764027924858,84.45748740432686,84.46646556701769,407200
2014-07-02,1,84.3228530883789,84.3408025662555,83.80222920164312,83.95482373275577,449800
2014-07-03,1,85.89370727539062,85.89370727539062,85.35512699214343,85.39103280091541,232600
2014-07-07,4,86.27970123291016,86.38741182971113,85.9206499307943,86.10017215768524,972100
2014-07-08,1,84.95117950439453,85.42691937894575,84.40362802846506,85.2743248622654,523800
2014-07-09,1,83.92791748046875,84.2420847858626,83.49705456997602,84.09846838125411,989000
2014-07-10,1,83.37137603759766,83.87405050455948,82.76099099426256,82.93154187129717,835000
2014-07-11,1,82.06082153320312,82.42885082677346,81.55815405742975,82.04287205835297,1323100
2014-07-14,3,81.46839904785156,82.16854504072201,81.31579768278317,81.9620883987655,986900
2014-07-15,1,81.35172271728516,81.88132484244542,81.1632223552788,81.7287302896307,1578400
2014-07-16,1,79.3410415649414,79.42183134386087,78.09334386032693,78.61396779632892,2130800
2014-07-17,1,77.38422393798828,78.4523995137971,77.02517269123186,77.96768135792585,1573000
2014-07-18,1,77.0521011352539,77.3932029049593,76.57636113891006,76.67510040400025,1515600
2014-07-21,3,78.50624084472656,78.86529202764022,78.12924018441649,78.51521900759062,1540100
2014-07-22,1,78.25491333007812,79.08072632299654,78.05743482126454,78.88324781418295,926200
2014-07-23,1,78.11128234863281,78.7216672932865,77.80609330047176,78.69473965354659,911900
2014-07-24,1,77.83302307128906,78.02152340296115,77.3393336830998,77.42909476746769,767400
2014-07-25,1,76.27115631103516,77.07901974606304,75.921083297245,77.07901974606304,1080400
2014-07-28,3,75.83132934570312,76.09163445359793,74.98756002885222,75.38251704496663,1087100
2014-07-29,1,74.75418853759766,75.14914562145947,74.73623905575548,74.87088413873867,1190200
2014-07-30,1,85.39998626708984,86.77335052585433,82.41987348420517,82.85073621652873,6992400
2014-07-31,1,84.52034759521484,85.79497306416141,83.80224507416521,85.11277635399759,2520500
2014-08-01,1,82.85073852539062,84.74472664106406,82.5904266160724,84.33181337226208,1395400
2014-08-04,3,81.74666595458984,82.60838468455663,81.4863540181939,82.43783383180335,1204100
2014-08-05,1,81.53123474121094,82.58145375955354,80.94777744824346,81.62997398378997,1016600
2014-08-06,1,82.68916320800781,82.8686853508783,81.89027803007183,81.97106093986432,628700
2014-08-07,1,82.32115173339844,83.75734973226669,82.02493397003842,83.61373335654599,576500
2014-08-08,1,82.05184173583984,82.17750859178933,80.94776081762082,81.29783375181295,892000
2014-08-11,3,83.12002563476562,83.29057647775262,82.57247415306864,82.74302499605562,386300
2014-08-12,1,82.01598358154297,82.72510802249323,81.7018094108472,82.05188939671774,518300
2014-08-13,1,81.94412994384766,82.31215237614377,81.37862905349147,81.6748398922511,635300
2014-08-14,1,81.76461029052734,82.0339003728538,81.59406629682978,81.917211656289,682600
2014-08-15,1,82.40193176269531,82.9764108942945,81.32477825469824,82.58145392319577,839200
2014-08-18,3,83.35340118408203,83.37135065856936,82.57246550143654,82.91356715167117,666500
2014-08-19,1,83.56885528564453,83.94585600289571,83.45216654411423,83.57783344986463,530600
2014-08-20,1,82.99435424804688,83.33544906716581,82.75199866441807,83.20978219442037,471500
2014-08-21,1,84.46646881103516,84.63701966705324,83.66758350915862,83.77530092059085,437900
2014-08-22,1,83.91891479492188,84.35875574229036,83.5060083358603,83.57781994134882,1139700
2014-08-25,3,85.20249938964844,85.76800709802163,84.72675959254917,84.83447697707982,450900
2014-08-26,1,85.75007629394531,86.31558417060235,85.56157595117035,85.58850359323361,369700
2014-08-27,1,85.90265655517578,86.09116371495521,85.34613378280362,85.6243951689897,318600
2014-08-28,1,86.11810302734375,86.3784149732045,85.27433374409385,85.51668936357417,771600
2014-08-29,1,86.27970123291016,86.82725292776169,85.25640947329704,85.83986013485959,793700
2014-09-02,4,90.01377868652344,90.91140313588778,86.24375873852563,86.24375873852563,3084500
2014-09-03,1,87.9941177368164,89.49314882248726,87.84152323432238,89.44827171204639,1536400
2014-09-04,1,87.9941177368164,89.43929355062598,86.00139049798182,88.38009649792698,2120900
2014-09-05,1,87.7069091796875,88.01210514078491,87.42864771236314,87.8595037360697,557700
2014-09-08,3,87.40169525146484,87.97617435218706,87.04264410143068,87.66200716403132,813200
2014-09-09,1,87.2580795288086,87.742797595638,86.8361949049942,87.57224674388367,453100
2014-09-10,1,87.51838684082031,87.64405372021241,86.7554074021307,87.16831384132352,903500
2014-09-11,1,88.43394470214844,88.53268392488994,87.55427670650776,87.72482751821221,1365900
2014-09-12,1,88.79301452636719,89.54702267284907,88.65836948074562,89.13411622171935,1436100
2014-09-15,3,89.6278076171875,90.03174276318283,89.17899535385824,89.66371342005364,1009300
2014-09-16,1,90.86654663085938,91.29740262920656,89.18798606445303,89.22389187237073,1625400
2014-09-17,1,90.15741729736328,90.82165758590716,90.01379407371475,90.45362821155696,1418200
2014-09-18,1,91.67439270019533,91.9436828041582,90.90243504038897,90.90243504038897,887400
2014-09-19,1,90.50747680664062,91.59360159177612,90.30102016561035,90.70495528545275,756900
2014-09-22,3,88.90969848632812,90.30101218053868,88.90969848632812,90.2561350700787,1037600
2014-09-23,1,88.50577545166016,89.16104435822794,88.28136932381703,88.8558484632289,1023800
2014-09-24,1,89.94196319580078,90.00479663060466,88.00309803018739,88.10183726321219,728600
2014-09-25,1,89.02640533447266,89.47521762052095,88.622477016362,89.38545653297768,1425800
2014-09-26,1,89.81631469726562,89.9150539504866,89.08924096748594,89.38545872714884,213400
2014-09-29,3,89.49315643310547,89.94196866566533,88.59553196798572,88.78403913219232,249900
2014-09-30,1,88.70323944091797,89.6098419667484,88.47883334975512,88.91866737090179,733500
2014-10-01,1,86.9349594116211,88.62249839722702,86.86314778492857,88.62249839722702,915700
2014-10-02,1,87.00675964355469,87.50045595199222,85.79496770723766,87.41068800621612,822600
2014-10-03,1,87.4735107421875,88.06594623972858,87.3209162103961,87.63508343712307,539400
2014-10-06,3,87.9133529663086,88.45192634102554,87.3029679820742,88.22752019753248,528300
2014-10-07,1,85.1486587524414,86.97083535178838,85.1486587524414,86.74642923170464,1041400
2014-10-08,1,86.46817016601562,86.52202544482199,84.49339214702695,84.74473276089682,1289100
2014-10-09,1,84.67292022705078,85.76802320629712,84.5203257065542,85.31023279647597,1083800
2014-10-10,1,80.84004211425781,83.64961055089664,80.80413632052586,83.57779896343273,1524500
2014-10-13,3,81.15424346923828,82.96744215011786,81.10935949985227,81.61202708498082,1440300
2014-10-14,1,83.21878051757812,84.60112330100723,81.86336537792806,81.90824934978153,1599600
2014-10-15,1,82.41988372802734,83.03924684261864,79.61929274067067,81.51328103896344,1298600
2014-10-16,1,81.45043182373047,82.50065752082736,79.48463914873079,79.56542205325269,1165600
2014-10-17,1,83.03924560546875,83.89198615338658,82.77893367492935,83.78426874643979,1013600
2014-10-20,3,83.03924560546875,83.13798484975375,81.62099723149474,81.63894670848677,443400
2014-10-21,1,83.98174285888672,84.1792213371665,82.41987820536758,82.51861744450747,684800
2014-10-22,1,82.7250747680664,84.20614967073205,82.67121264278914,83.74836612002835,762700
2014-10-23,1,84.34978485107422,84.83450295741048,83.87404490828092,84.035617610393,630200
2014-10-24,1,85.32817077636719,85.79493928577764,84.46645219937534,84.5831477508932,821200
2014-10-27,3,85.98345184326172,86.16297400427669,84.62803692810486,84.84346489098913,492600
2014-10-28,1,87.9761962890625,88.2275301022572,86.95290470772248,87.59021740498984,938200
2014-10-29,1,86.63870239257812,88.03002292489685,86.43225261965169,87.80561682925388,566700
2014-10-30,1,87.50044250488281,87.86846500234248,86.35147734985014,87.00674627231676,516800
2014-10-31,1,89.47521209716797,89.6906400636397,88.61349338294944,89.07128380399202,688700
2014-11-03,3,89.3585205078125,89.62780374517776,88.90073010146078,89.36749182189273,412900
2014-11-04,1,88.82891845703125,89.26875253835283,88.25443933292472,89.10717985667716,551900
2014-11-05,1,89.84323120117188,90.11252128535916,88.98151251943645,89.58292612767718,422500
2014-11-06,1,91.39611053466795,91.5397337170676,90.3189640599918,90.34589169460918,532100
2014-11-07,1,89.55599975585938,89.87017383199104,88.8827813327177,89.87017383199104,524600
2014-11-10,3,91.52180480957033,91.55771061592544,90.22922317411442,90.38182456320686,721300
2014-11-11,1,91.82699584960938,91.98856854543756,90.866537837834,91.037081848524,833200
2014-11-12,1,91.40509796142578,92.06933812653271,91.1896631659876,91.65643170777268,582200
2014-11-13,1,91.48589324951172,92.21297379789448,91.01913149291494,91.4320379675322,574000
2014-11-14,1,91.64746856689452,91.85392523427826,90.66906105849304,90.90243851930516,278500
2014-11-17,3,91.96161651611328,92.18602261483323,91.44099957181425,91.6923333066477,576100
2014-11-18,1,93.227294921875,93.55044033758912,92.31171396124086,92.31171396124086,649700
2014-11-19,1,94.73529815673828,96.00094524220658,94.32239167539171,95.91118415466724,1016800
2014-11-20,1,95.06742095947266,95.22001549191197,93.64917250327558,93.8286946769298,584200
2014-11-21,1,94.8609390258789,95.32770066203656,94.11590919185468,95.14817853620596,1133700
2014-11-24,3,92.9400405883789,93.05672930676998,92.13217717708696,92.859250823084,1282300
2014-11-25,1,92.62586975097656,93.2631822925575,92.51815235092148,92.65279738890756,765000
2014-11-26,1,93.16445922851562,93.28114796258484,92.39250151493196,92.51816841264724,470800
2014-11-28,2,94.8609390258789,95.08534510733224,94.5467718815103,94.70834453408987,344700
2014-12-01,3,94.60064697265624,95.42645988184992,94.44805244889186,95.30079299776963,660200
2014-12-02,1,94.9327621459961,95.31874092690968,94.2864714571798,95.2469293285232,496700
2014-12-03,1,96.73698425292967,97.6884708296442,95.04945274727528,95.37259809810946,907100
2014-12-04,1,96.3600082397461,97.26661108606837,96.0817467798021,97.14992234281216,606500
2014-12-05,1,98.08343505859376,98.29886988906564,96.97038249448396,97.11400571479857,627700
2014-12-08,3,96.87163543701172,98.34373908495878,96.3599897404488,97.80516574883964,776500
2014-12-09,1,96.87163543701172,97.42816509838936,95.76756112521718,96.6382579953034,599500
2014-12-10,1,96.0548095703125,97.39226829573477,95.7855194532034,97.31148536960131,644600
2014-12-11,1,96.06378173828124,97.10502956212616,95.94709300560852,96.1804773192862,369600
2014-12-12,1,95.1661605834961,97.06912727097782,95.14821110410124,96.99731565673342,482000
2014-12-15,3,92.76950073242188,95.8034762532844,92.68871780588944,95.6059977462067,632900
2014-12-16,1,94.0800552368164,95.4893259309434,92.99393002590756,93.02085767478674,752200
2014-12-17,1,94.86994171142578,95.1302536550043,93.20035948594428,93.42476562540864,503600
2014-12-18,1,97.0421905517578,97.0511687147818,95.202057486757,95.25591961656902,547200
2014-12-19,1,95.90220642089844,96.21638050119113,95.22001667387876,95.54316206913316,734900
2014-12-22,3,98.30784606933594,98.67587545335678,96.44079205117036,96.44079205117036,771500
2014-12-23,1,97.95775604248048,98.37964063953028,97.61666120894272,97.69744412412356,796700
2014-12-24,1,98.41555786132812,98.52327527573443,97.7154117885172,98.06548482492266,66700
2014-12-26,2,98.11038208007812,98.65793369288396,98.00266465108366,98.60407155422024,196900
2014-12-29,3,98.18216705322266,98.37066737970328,97.8949274821572,97.99366672674203,190400
2014-12-30,1,97.12296295166016,97.7153983770851,96.91651316279832,97.5987096637428,387000
2014-12-31,1,96.79086303710938,98.12832178429235,96.69212378245167,96.97038521921486,388900
2015-01-02,2,96.40489959716795,97.31150251293012,95.66884757550956,96.64725526659612,394000
2015-01-05,3,93.16445922851562,95.22899172550378,93.03879233080036,94.98663609371928,678700
2015-01-06,1,90.40876007080078,92.18605312583198,90.24718735231312,92.1052701907546,1081300
2015-01-07,1,90.9203872680664,91.0281046744624,89.95095115549688,90.193313607805,855100
2015-01-08,1,92.82335662841795,93.57735795205544,91.42305769428422,91.50384746372066,481600
2015-01-09,1,91.63848876953124,92.67075839137944,90.63315363729537,92.67075839137944,440600
2015-01-12,3,92.85926818847656,93.8376826274376,92.09628859836891,93.75689284703442,1115500
2015-01-13,1,92.85926818847656,94.5378287653795,92.3296729271271,93.4427255862057,809200
2015-01-14,1,92.5540542602539,93.21829441184325,91.80004618822666,92.41043106621792,592800
2015-01-15,1,91.52180480957033,92.30274068904696,90.90244163452564,91.09992014531278,1283000
2015-01-16,1,92.4912338256836,92.56304543279556,90.86653559268323,91.36022498283148,633700
2015-01-20,4,93.18240356445312,93.44271550916228,92.25785136157728,92.5540691105565,947000
2015-01-21,1,95.67780303955078,96.07276005589532,93.57736475807968,94.3044384942301,1569100
2015-01-22,1,96.58441162109376,96.898578881044,95.50726477316924,95.83041019721313,589400
2015-01-23,1,94.5288543701172,95.71371869272068,94.50192672502008,95.58805178337886,974600
2015-01-26,3,96.33306884765624,96.35999648909838,95.47135007984812,96.04582925838687,995200
2015-01-27,1,95.44441223144533,96.351008021927,95.2559119131769,95.98298554768807,911900
2015-01-28,1,93.92743682861328,96.1445706682293,93.87358154451964,96.02788193658242,753700
2015-01-29,1,95.27387237548828,95.55213380382833,94.19672561879672,95.39056110549136,632600
2015-01-30,1,93.2991180419922,95.3816071732274,93.18242244238994,95.10333884584254,1073800
2015-02-02,3,92.5002212524414,92.64383763271655,91.09095085130843,92.4373878020087,1177900
2015-02-03,1,93.2541961669922,93.29010196394437,92.29373835559576,92.7246010706913,716800
2015-02-04,1,91.41407775878906,92.3745425688434,91.24353375698666,92.06934667114736,789900
2015-02-05,1,92.54509735107422,92.68872057809256,91.2255880582558,92.06037923238588,569900
2015-02-06,1,90.4715805053711,91.78211154524418,90.15741327806109,91.13582076430252,964800
2015-02-09,3,88.55065155029297,89.63677629076957,88.47883995216289,88.74813002098524,798800
2015-02-10,1,91.64746856689452,91.88983103940292,90.72291634201396,90.92937300939772,679400
2015-02-11,1,92.8323211669922,93.16444468673215,92.1591028135988,92.41043656979932,715300
2015-02-12,1,93.38883972167967,93.44269499209392,92.53609246624848,93.19136126572025,443500
2015-02-13,1,93.78382110595705,93.93641564416968,93.20036374700796,93.82869822690252,359100
2015-02-17,4,92.4284210205078,92.75156647633716,91.530796276167,92.01551445991105,493700
2015-02-18,1,93.09265899658205,93.41580444402074,92.68873061145024,92.98494156465809,311900
2015-02-19,1,93.89152526855467,94.40317098108208,93.09263997791248,93.18240106201114,275400
2015-02-20,1,94.1159210205078,94.30442133082003,92.0962660335942,92.0962660335942,582500
2015-02-23,3,94.3582992553711,94.88789447564965,94.25956000272048,94.81608286493426,452200
2015-02-24,1,99.41191864013672,99.50167972522442,96.83573372329536,97.41919104886318,2153800
2015-02-25,1,97.81414794921876,98.68484485524716,97.32045170920313,98.4604387185731,1152300
2015-02-26,1,96.86268615722656,97.54487600894198,96.5036349020256,96.58441783907097,608300
2015-02-27,1,96.65621185302734,97.32943026577178,95.82142074729096,96.52156680081208,686800
2015-03-02,3,98.67587280273438,98.9810618803106,97.83210348512348,98.07446596280552,600500
2015-03-03,1,97.38328552246094,98.70279470683624,96.99730669198608,98.63098309922884,651300
2015-03-04,1,97.40125274658205,97.72439816863957,96.33307722098448,97.14991894016676,536600
2015-03-05,1,98.15524291992188,98.55917807538016,97.58974192027844,98.02957603111224,402500
2015-03-06,1,96.33306884765624,97.28454870304878,95.7585896691175,97.17683813728028,652500
2015-03-09,3,96.88063049316406,97.11401482390022,96.1086727323952,96.44976764013828,506000
2015-03-10,1,95.28282928466795,96.22533077445205,95.11227846104156,96.03683047649524,626000
2015-03-11,1,95.75858306884766,96.92549767201032,95.42645953451206,95.794488871073,551100
2015-03-12,1,94.0710678100586,95.74065023799724,93.5504438597696,95.7047444295291,1529800
2015-03-13,1,94.68142700195312,94.91480442076676,93.96332472535352,94.34032533881944,1429100
2015-03-16,3,96.7729034423828,96.943454303457,95.650872721278,95.92016283367596,420100
2015-03-17,1,95.83936309814452,96.2702258635268,95.41748534346212,95.7047249042732,694400
2015-03-18,1,95.88426208496094,96.36000204006294,93.7120121379548,95.13026068781794,1703300
2015-03-19,1,96.17150115966795,96.4677189276236,95.43544924580792,95.56111614463777,641200
2015-03-20,1,98.88233947753906,99.34910130467722,97.58975772802889,98.18218646433245,747800
2015-03-23,3,99.3849868774414,99.81584280732535,98.6758626924954,99.05286334322672,562600
2015-03-24,1,99.08877563476562,99.99537836708669,98.92720293839488,99.83380567071592,628600
2015-03-25,1,93.91842651367188,98.5052871598184,93.7568538683707,98.46938136660371,1733200
2015-03-26,1,88.93663787841797,90.66905345244407,88.34420241605756,90.66905345244407,4330300
2015-03-27,1,91.4320297241211,91.66541400554377,89.71756368680775,89.75346948766749,1260200
2015-03-30,3,92.56306457519533,92.84132604988496,91.17174350508058,91.17174350508058,990600
2015-03-31,1,90.68701934814452,91.75519489730888,90.63316405939096,91.08197639455813,1224100
2015-04-01,1,90.0676498413086,90.76780278785066,89.35853242782184,90.76780278785066,641600
2015-04-02,1,90.42668151855467,91.5666683590183,90.193304101791,91.20761722387232,498700
2015-04-06,4,89.96892547607422,90.83961567068523,89.76246878460317,90.58828185382164,916400
2015-04-07,1,89.91505432128906,91.4320420830924,89.87017720039675,90.59725093317483,1161800
2015-04-08,1,89.73552703857422,89.92402737160081,89.04435230247823,89.58293250921913,630400
2015-04-09,1,90.42668151855467,90.53439891359773,89.30465100143032,90.04070274673067,1609700
2015-04-10,1,89.78041076660156,90.28308520667817,89.39443190913155,89.52010565539993,846300
2015-04-13,3,89.5918960571289,90.651093204455,89.39441757822097,90.11251989273504,1037700
2015-04-14,1,89.73552703857422,90.63315158536668,89.37647585019089,90.53441233735296,1137300
2015-04-15,1,86.2976303100586,89.83427349986306,86.0732241553417,89.81631717241959,4129100
2015-04-16,1,85.3820571899414,86.28865313458137,84.52033836775938,85.12174522568864,2293600
2015-04-17,1,84.82553100585938,85.37308260043048,84.3318346998255,85.04993717254153,1671200
2015-04-20,3,86.24375915527344,86.38737550673356,85.22046782591981,85.26534493960625,1129100
2015-04-21,1,87.74279022216797,88.63143651251195,87.15035479638459,88.1197908485768,2396700
2015-04-22,1,96.7729034423828,99.81585021015252,95.4893000235056,98.57713075945234,4849300
2015-04-23,1,97.56283569335938,97.80519136116284,96.45875424410664,97.69747392639836,1357000
2015-04-24,1,96.9125747680664,97.85311623555675,96.40612140116896,97.72650461878632,1748100
2015-04-27,3,99.21871185302734,100.3039630553282,98.80270130708058,99.09210024773115,4075600
2015-04-28,1,99.29106903076172,99.51716218178365,98.45904789095675,99.25489329862036,1076200
2015-04-29,1,97.3466567993164,98.74843695514082,96.84924915697492,98.3866865697847,2160600
2015-04-30,1,96.80403900146484,98.2872094379374,96.26141684906526,97.69032024042734,1989500
2015-05-01,1,98.00686645507812,98.16965380788912,97.13866954002474,97.22005976652235,637400
2015-05-04,3,97.57276916503906,99.0016796740202,97.45520319904038,99.0016796740202,676900
2015-05-05,1,95.3570556640625,97.06631944280626,94.97721390226268,97.06631944280626,1636800
2015-05-06,1,95.6826171875,97.06630606532724,95.46556281072384,96.93969446211526,1305500
2015-05-07,1,96.0624542236328,96.37898323899914,95.23947188386532,95.61931360211996,1104600
2015-05-08,1,97.43711853027344,97.95261072377647,96.89449625813602,97.01206223215722,951900
2015-05-11,3,98.23298645019533,98.46811843529318,97.19295623980275,97.23817074471344,459800
2015-05-12,1,98.24200439453124,98.51331896577632,97.55468610705844,97.98878114127116,483600
2015-05-13,1,98.19679260253906,98.85698083102544,97.58181887062749,98.47714594067853,468900
2015-05-14,1,100.00554656982422,100.43964165292128,98.93838638246996,99.39057278558928,729100
2015-05-15,1,100.43060302734376,100.8285223707466,100.0236311241007,100.46677186780286,795100
2015-05-18,3,100.40345764160156,100.61146640582044,99.1282956777559,99.44482475390085,554700
2015-05-19,1,100.58431243896484,101.0545831118595,100.00551458010308,100.35821930972776,476500
2015-05-20,1,100.9641571044922,101.54295501990346,100.52101645984006,100.79232410154292,531600
2015-05-21,1,100.86466217041016,101.12693101909596,100.43056724141016,100.6837904332959,365900
2015-05-22,1,100.36727142333984,100.71997617565354,99.8879481626786,100.37631018122416,253200
2015-05-26,4,98.54947662353516,99.95124991831013,98.03398455258684,99.82463831490632,541400
2015-05-27,1,101.76902770996094,102.1126936467634,99.04686478334553,99.1282618893618,588500
2015-05-28,1,102.91761016845705,103.22509355706303,101.74192296537528,102.81812862512786,588100
2015-05-29,1,101.5610580444336,102.989961681691,100.83755711685257,102.43829377686912,542600
2015-06-01,3,100.9551239013672,101.6062733614913,99.8517949826194,101.46157731469498,856200
2015-06-02,1,99.5262222290039,100.75616970037082,99.5262222290039,100.71999396299928,735800
2015-06-03,1,101.0364990234375,102.1217432873512,100.78327582184528,101.51581535499628,1029300
2015-06-04,1,100.01455688476562,102.80907164915672,99.8156007198247,101.35303129324124,1372200
2015-06-05,1,98.66706085205078,99.49004332648438,98.35053178489024,99.11924720508476,997100
2015-06-08,3,97.49137878417967,98.2148727966036,96.88544383775688,97.82599226374244,803100
2015-06-09,1,97.8983383178711,98.28721882921415,96.99396567752125,98.14251589484664,844100
2015-06-10,1,98.56756591796876,99.54428996384928,97.98876801666518,98.5133057709138,497000
2015-06-11,1,99.48098754882812,101.10886101409878,99.00167116733608,100.38536016290838,872700
2015-06-12,1,97.59085083007812,98.2510389658874,96.73169271796893,97.35571202152224,583600
2015-06-15,3,98.01590728759766,98.1606102264095,96.0353358362758,96.29760473801036,841800
2015-06-16,1,98.76652526855467,99.0740155231815,97.42805775965677,97.92545852181972,538400
2015-06-17,1,97.50945281982422,98.0611206542102,97.00300637506936,97.6451100889022,557600
2015-06-18,1,98.51331329345705,99.71613057700144,96.8583096837515,96.90353107629392,1387500
2015-06-19,1,98.40477752685548,98.71226778978767,98.0068582863402,98.5404347928604,479900
2015-06-22,3,101.20834350585938,102.19410635257006,100.65667565409478,101.26260365527376,709000
2015-06-23,1,100.3944091796875,101.40730212546175,100.35823344593616,101.2354760149126,479800
2015-06-24,1,99.45386505126952,100.38536781076826,99.29107769234052,99.97840286335372,404900
2015-06-25,1,99.71612548828124,100.46674950754286,99.39055079807471,100.24065635600029,395600
2015-06-26,1,98.37764739990234,100.51196722444811,97.84407089367348,100.06882659556813,869400
2015-06-29,3,94.56119537353516,96.38803186094528,94.08187900697976,95.70070676371468,1043600
2015-06-30,1,94.17230987548828,95.67357160012044,93.3493344540088,95.60122014114218,754300
2015-07-01,1,95.5469741821289,97.58181269424318,95.19426939201438,97.43710975480342,1305400
2015-07-02,1,94.59737396240234,95.25756900596863,93.7924828886256,95.24852334788817,942800
2015-07-06,4,92.17366790771484,93.24987367512205,91.29642524686862,91.42303687834988,720300
2015-07-07,1,90.58197784423828,91.01607289982503,88.00450998994887,89.77707974986386,1286700
2015-07-08,1,87.85075378417969,89.1168768037416,87.52517909629762,88.71895065192676,784400
2015-07-09,1,90.09361267089844,92.35454446639544,89.71377088539458,92.01992407672805,1683600
2015-07-10,1,92.87905883789062,94.18135752782614,91.92042613547422,94.03666150661944,2272000
2015-07-13,3,93.42170715332033,93.9552837600154,93.10517117327656,93.86484786563852,859000
2015-07-14,1,93.21368408203124,93.91909360966318,92.65297058323426,93.38551708484968,1238200
2015-07-15,1,96.4784698486328,97.8259830991295,95.63740304936914,95.9448864233848,2298700
2015-07-16,1,90.7628402709961,94.2718036909062,89.77707048845537,94.1904134638111,4115500
2015-07-17,1,90.9346923828125,91.42304764758556,89.90370789083876,91.3416574033958,2782500
2015-07-20,3,91.34164428710938,92.58967615086078,91.12459676728658,92.29123839853553,1112300
2015-07-21,1,91.25120544433594,92.20983828404827,90.81710351891344,91.34164133301928,1525300
2015-07-22,1,91.19691467285156,91.42300778566582,90.04836469567334,90.49150526484132,1894400
2015-07-23,1,92.18270111083984,92.51732146300547,91.31450422664804,91.5044216482073,897100
2015-07-24,1,89.10784149169922,91.39590333066018,88.13111731465003,91.23311596781863,1994700
2015-07-27,3,89.19825744628906,90.38299011655286,88.92694983540154,89.97601835049963,844600
2015-07-28,1,89.60523986816406,90.2654280096662,87.9231062613271,88.39337698267869,1558700
2015-07-29,1,89.55095672607422,89.83131687670588,88.73702704307976,89.47861217412449,568000
2015-07-30,1,89.61427307128906,89.90367891241519,88.33911135794843,88.5109443511633,1170500
2015-07-31,1,89.6866455078125,90.89850860161056,89.45151355662652,90.68145417000048,714400
2015-08-03,3,88.75511932373047,89.87653932622176,88.0044884697227,89.84036359713303,817900
2015-08-04,1,87.53423309326172,88.96314359289096,87.18152829775799,88.79131057463468,786500
2015-08-05,1,89.19825744628906,89.72279515374542,88.95407990650882,89.05356143377864,1052100
2015-08-06,1,87.14535522460938,88.7280074732301,87.03682801505583,88.6556560001944,1421400
2015-08-07,1,87.69701385498047,87.71509827141826,86.5213266918748,86.86499270253226,501400
2015-08-10,3,89.91272735595703,90.21117198690708,88.04067624334918,88.04067624334918,777400
2015-08-11,1,89.70471954345703,90.50961059776893,89.17113612665949,90.50056493990718,637800
2015-08-12,1,87.7965087890625,88.08590779492599,85.87923606283161,87.15440496042218,1103800
2015-08-13,1,85.66218566894531,87.14535638687722,85.58983419494466,86.93734762407941,895800
2015-08-14,1,83.82630920410156,84.2332741661329,82.38835299861275,83.42838300135715,2399900
2015-08-17,3,84.2603988647461,84.37797172613311,82.73201376505718,82.95810692948967,2569500
2015-08-18,1,83.97100067138672,85.03816069342774,83.76299882207078,85.02007627602387,2575200
2015-08-19,1,82.22554016113281,82.97617093838366,81.49300069648379,82.40641878808043,1624600
2015-08-20,1,79.07833862304688,81.02273410150772,78.68041248986994,80.95942829848549,1952200
2015-08-21,1,77.69466400146484,80.86900729364054,77.58613679069188,80.01890162527607,2453900
2015-08-24,3,77.14299011230469,77.14299011230469,74.22186340524645,76.36522907822041,4016800
2015-08-25,1,78.689453125,82.54207500556932,78.10160962027575,82.43355472149473,2027500
2015-08-26,1,79.946533203125,80.76046986183057,78.00213087949915,80.73333289002801,2111500
2015-08-27,1,83.12090301513672,83.13898743427201,81.8186040432672,82.45166221025015,2061700
2015-08-28,1,83.1841812133789,84.22420401385888,82.68677360459907,83.6454061962683,1150100
2015-08-31,3,82.31600952148438,83.27464938486997,82.0447018203811,82.62349986251505,1173300
2015-09-01,1,80.63387298583984,81.91808055977381,80.09124384772365,81.17649522413993,1096100
2015-09-02,1,81.9632797241211,82.33407577249146,80.6790723903885,82.33407577249146,1415200
2015-09-03,1,83.81726837158203,84.95677999063085,83.42838780554725,84.4593722085573,1240200
2015-09-04,1,82.63253021240234,83.06662521366553,81.64676045153081,81.80050214365254,775100
2015-09-08,4,84.9024887084961,85.4360720770083,84.02525317011954,84.75779269487876,993400
2015-09-09,1,82.36122131347656,85.46321994295421,82.12608248009771,84.9386821222691,1031200
2015-09-10,1,83.39219665527344,84.06143044762409,82.03563775466746,82.99427050315477,846900
2015-09-11,1,82.91290283203125,83.09377464138018,82.26175327866753,82.84959700877741,568800
2015-09-14,3,82.23458099365234,82.8676389012993,81.81857052579667,82.74102731976991,588500
2015-09-15,1,84.40511322021484,84.7125966535278,83.34699872348489,83.63639773711573,809000
2015-09-16,1,84.7487564086914,84.92963507048158,83.84438379918687,84.69449626006208,702200
2015-09-17,1,83.91674041748047,85.3637353015889,83.12089495617481,83.35602688121901,629100
2015-09-18,1,81.40258026123047,82.4697402131319,80.92326388364867,81.27596864827737,1448100
2015-09-21,3,80.85091400146484,82.35216897006738,80.19071894973284,81.9452040490129,1378600
2015-09-22,1,78.3910140991211,80.0098418161552,77.67655894580558,79.9465360126875,1712700
2015-09-23,1,75.85877990722656,77.61326516045685,75.70503820354371,77.49569919290222,1660300
2015-09-24,1,76.1481704711914,76.80836550780752,74.24898938339503,74.95439891030665,2316700
2015-09-25,1,77.18819427490234,78.77084620690016,76.64557213532319,78.68945599087998,1236500
2015-09-28,3,75.1352767944336,75.83164065616323,74.54743322814396,75.29806413740894,1638200
2015-09-29,1,77.06159210205078,77.35099107189326,74.71927026798444,74.97249350411965,1351400
2015-09-30,1,79.56670379638672,79.64809401787434,78.34579527554979,78.65328554518322,2466400
2015-10-01,1,77.7489013671875,78.31865353215312,76.37425136626591,77.99307889508297,1323200
2015-10-02,1,79.95558166503906,80.22688929424783,77.27863280476996,77.67655894072091,950800
2015-10-05,3,80.84188079833984,81.4478088940867,80.0641196695419,80.20882262365157,951000
2015-10-06,1,81.43875122070312,82.11703063597889,80.75142614794214,81.36639976045144,732200
2015-10-07,1,81.44778442382812,82.84956454639266,80.35349453645566,82.29789677427226,873800
2015-10-08,1,82.6415786743164,82.70488449025937,81.28501956141012,82.54209712071797,974000
2015-10-09,1,82.18034362792969,82.38834546958064,81.64676018666408,82.03564069476762,542600
2015-10-12,3,81.26692962646484,81.71911596674127,81.04988211508064,81.60155000220315,742300
2015-10-13,1,78.96076965332031,80.37159560396888,78.7889435508569,80.11836547962605,1047500
2015-10-14,1,78.92459869384766,79.35870060487017,76.51897101555296,76.88072145810241,3118200
2015-10-15,1,80.0369873046875,80.75144259561127,78.81608548847758,79.43105922624638,2230100
2015-10-16,1,80.17264556884766,80.55248046742447,79.35870871488552,79.78376501083333,892700
2015-10-19,3,80.29019165039062,80.48010905262704,79.61191225676852,80.13644997712517,502800
2015-10-20,1,80.50726318359375,81.81860787637416,79.168795310748,79.65715744807827,1108000
2015-10-21,1,81.40258026123047,82.51495470357777,81.35735887096918,82.18034125497975,943900
2015-10-22,1,83.49168395996094,84.02526741895717,83.10280343893515,83.22941505975137,1644800
2015-10-23,1,84.68546295166016,85.38183382642673,84.32371247514135,85.22808521653013,1585100
2015-10-26,3,83.46454620361328,84.01621402918326,83.30175886328418,83.65446361736136,614500
2015-10-27,1,82.79532623291016,83.88057074952737,82.54209607253753,83.68160764485705,544700
2015-10-28,1,84.4141616821289,85.09244134514081,83.4374442112531,84.60408605961167,618600
2015-10-29,1,83.25654602050781,83.71777801542073,82.9128868888994,83.43742469489324,517600
2015-10-30,1,83.91674041748047,84.43223256056335,83.28367541205962,83.52785989551859,464800
2015-11-02,3,85.11051177978516,85.54460679368388,84.59501963839551,85.26425347638197,528100
2015-11-03,1,86.0148696899414,86.32235303040032,84.70353231476017,85.02006131223689,538200
2015-11-04,1,86.43089294433594,86.64794044602654,85.71643773062969,86.25002117622971,429800
2015-11-05,1,86.10533142089844,87.38050035061234,85.55366347397755,87.13631583649759,792400
2015-11-06,1,87.11823272705078,87.18153854651099,85.69836771931442,86.34047157378711,736200
2015-11-09,3,86.56655883789062,87.38953443446029,86.06915107635882,87.34431993784054,480300
2015-11-10,1,84.57693481445312,85.0200824207585,84.24232131967865,85.00199110223122,2305700
2015-11-11,1,84.96581268310547,85.76166507759206,84.47745749534563,85.34565446220869,1442600
2015-11-12,1,83.89862823486328,84.87535212615816,83.68158078118024,84.64021335977662,788300
2015-11-13,1,82.65965270996094,83.4735893874841,82.00850336794241,82.75913424275905,1588300
2015-11-16,3,83.46454620361328,83.6363792016871,81.76432823781012,81.93615433606873,3582100
2015-11-17,1,83.1841812133789,83.88054496585643,83.03947830907414,83.3921830135492,2380300
2015-11-18,1,84.2423095703125,84.33274545088656,83.29271557474632,83.53690004209325,2181100
2015-11-19,1,84.35987854003906,84.9205920593424,83.66351464493428,84.04334949680963,3388500
2015-11-20,1,82.69583892822266,84.0885736642193,82.43357002665681,83.94387072550053,1829900
2015-11-23,3,81.63772583007812,82.44262393254256,81.35737248303484,81.51111419594137,476800
2015-11-24,1,81.69200134277344,81.94522463725622,80.1545633551294,80.18170033652451,1024700
2015-11-25,1,82.2707748413086,82.72296113204916,81.80954289280496,81.89094001304218,424800
2015-11-27,2,83.64541625976562,83.69968330531599,83.25653578242762,83.47359016499888,200300
2015-11-30,3,83.85343933105469,84.00718103681798,83.34699281803852,83.9076994860732,368500
2015-12-01,1,84.32369232177734,84.56787676748944,83.8624673017697,84.22421079201536,495900
2015-12-02,1,83.49168395996094,84.50458382630656,83.22036940117427,84.42318669874422,485800
2015-12-03,1,82.2707748413086,84.17900154021899,81.71006135685681,84.08856566203393,854400
2015-12-04,1,83.20228576660156,83.4374245931078,82.36121890622914,82.63253346756834,899900
2015-12-07,3,82.58731842041016,83.44646976431169,82.4245310510606,83.42838534541349,880900
2015-12-08,1,81.86380004882812,82.14416023071857,81.06795469013473,81.5110953069219,631500
2015-12-09,1,81.27596282958984,82.31598573298821,80.75142509929933,81.36639870382254,1041200
2015-12-10,1,80.62482452392578,81.6286787347983,80.42586143350911,81.12222535015157,472500
2015-12-11,1,78.93362426757812,79.83799669392492,78.81605833608609,79.4943376558462,486700
2015-12-14,3,78.19206237792969,79.07835065490578,77.48665277983447,78.98790786555729,649100
2015-12-15,1,80.34447479248047,80.9051884023119,79.8108981620063,79.95560111931123,505800
2015-12-16,1,80.81474304199219,81.0046604763565,79.34061806107913,80.07315772217233,627400
2015-12-17,1,79.52146911621094,81.19455675426703,79.52146911621094,81.13125095930752,662900
2015-12-18,1,79.06023406982422,79.5305115847999,78.67135365928482,78.94266814098724,500600
2015-12-21,3,80.6971664428711,81.27596432841194,79.99175005129158,80.92325958252971,1048100
2015-12-22,1,81.7552719116211,81.9723193704651,80.74237227065855,81.24881864123266,1691100
2015-12-23,1,82.58731842041016,82.84958734324093,82.19843786584268,82.33409515693671,418400
2015-12-24,1,82.69583892822266,83.0485437165798,82.20747685977065,82.20747685977065,94600
2015-12-28,4,82.81340026855469,82.98523327373779,82.16225088029815,82.90383615029798,348700
2015-12-29,1,83.12992858886719,83.39219747353563,82.70487235853611,82.75913940696728,632500
2015-12-30,1,82.60537719726562,83.42835944790377,82.58729278398113,83.31079351201875,281600
2015-12-31,1,80.28115844726562,81.52919714102087,80.28115844726562,81.3844942026892,433800
2016-01-04,4,78.95173645019531,79.06025675416232,77.69465899726107,78.94269079159278,2275300
2016-01-05,1,78.1558837890625,78.76181181660776,77.46856553385406,77.93883628214488,813100
2016-01-06,1,76.51896667480469,77.07063451593919,75.73216002437955,75.876862953117,2323900
2016-01-07,1,74.6016845703125,76.10294621164222,74.3755914484121,74.55647008582113,811200
2016-01-08,1,72.6030502319336,74.26709983949553,72.46739292645465,73.95056382677225,899400
2016-01-11,3,74.43890380859375,75.29806188744173,73.7968001137707,75.0448386725611,1117900
2016-01-12,1,74.74638366699219,75.92206370100736,73.86009563843888,75.37944161609158,875800
2016-01-13,1,72.35884857177734,75.1533563974374,72.23223696866222,74.80065166021458,945700
2016-01-14,1,74.97250366210938,75.50608028200035,73.3174998447984,74.42083572300572,1442700
2016-01-15,1,70.06175994873047,71.85241417845161,69.79044535643736,71.10179001943182,1550300
2016-01-19,4,72.63922119140625,73.12758331909038,71.72580275445168,72.15990472344313,1487400
2016-01-20,1,77.10682678222656,78.02023834143769,73.22706664615926,73.78777336571126,4539200
2016-01-21,1,79.0060043334961,79.6571538202814,77.39622193550831,78.45433640162614,1254100
2016-01-22,1,81.7191162109375,82.94906361215003,81.45684730481553,82.49687727052236,1700700
2016-01-25,3,81.14031982421875,81.96329539408771,80.86900525403733,81.6467663287535,881600
2016-01-26,1,81.56537628173828,81.80955387559992,80.63387350173048,81.04083845810524,674500
2016-01-27,1,81.13126373291016,82.4335624626176,80.85995609743128,81.25787534276336,907200
2016-01-28,1,81.22168731689453,81.6829191971519,80.42584204688204,81.34829890758256,1846200
2016-01-29,1,83.05756378173828,83.13896089140162,80.52532502243027,80.61576088886727,1172600
2016-02-01,3,83.4193344116211,83.87152075346611,82.13512685673707,82.31599863354867,528400
2016-02-02,1,80.04601287841797,81.73718505806134,79.9646157645265,81.65579484398458,740200
2016-02-03,1,82.27981567382812,82.49686314870672,80.3173220432436,81.69197215037603,889300
2016-02-04,1,82.72296905517578,83.36507282154963,81.77337499374329,81.8457264631472,666800
2016-02-05,1,79.91036224365234,81.32118126974271,79.63000894995882,81.32118126974271,893000
2016-02-08,3,78.10163879394531,78.5809552938217,76.5370707492417,76.83551544155549,1281100
2016-02-09,1,76.84452819824219,78.10160535204777,76.5913050161539,76.6998252942979,1202400
2016-02-10,1,73.92341613769531,76.62749524341709,73.84202591368472,76.33809628057578,2413100
2016-02-11,1,73.9867172241211,74.55647635510114,73.14565046393564,74.55647635510114,1099900
2016-02-12,1,74.1947250366211,74.23993952435802,72.56685168216123,73.23609233889195,1143300
2016-02-16,4,75.94921875,76.17531191418814,74.80970727054333,75.11719066192762,758300
2016-02-17,1,78.02924346923828,78.15585504335716,76.82642661529552,76.8806936469274,812100
2016-02-18,1,77.70368194580078,78.45431276131698,77.62229173438585,78.24630405467697,672500
2016-02-19,1,79.59383392333984,80.08219595203751,78.4543225230453,78.78894286673129,1254600
2016-02-22,3,79.5124282836914,80.00983591698855,79.27729640232783,79.43103807086892,810800
2016-02-23,1,80.10934448242188,80.73335702412349,78.94270273949532,79.06026871985837,1526600
2016-02-24,1,80.67909240722656,80.8328341191664,79.33157893820608,79.46723623101862,807300
2016-02-25,1,81.32119750976562,81.36641890801842,80.45300048188183,80.86901112650428,315800
2016-02-26,1,82.13512420654297,82.48782898981634,81.97233685273866,82.38834744583505,279300
2016-02-29,3,82.31600952148438,83.37413094521958,82.31600952148438,82.59636978238642,359700
2016-03-01,1,84.82112121582031,84.95677850854806,83.77204551186341,84.07049017590114,593300
2016-03-02,1,84.4141616821289,84.42320734291798,83.28369557710907,83.69066751480673,458300
2016-03-03,1,85.64408111572266,85.65312677352897,83.88960299113707,83.94386313834443,562000
2016-03-04,1,86.2319107055664,86.38565236428893,85.62598282720292,85.77067882958467,1181800
2016-03-07,3,86.85594177246094,87.02777476735982,85.29137420266105,85.31850427557875,1015400
2016-03-08,1,84.82112121582031,85.89732699835945,84.75781539918957,85.56270659627323,619200
2016-03-09,1,85.11051177978516,85.42704083154794,84.89346427283579,85.0924204626468,169000
2016-03-10,1,86.76551055908203,88.46572858484353,86.02392529361191,87.20865120678828,1123000
2016-03-11,1,88.40242004394531,88.420504459698,87.54326884948013,87.98640948348104,656100
2016-03-14,3,87.715087890625,88.51997887325257,87.37142882045397,88.14918973172786,378800
2016-03-15,1,87.35336303710938,87.6518077088556,87.08205534446283,87.29005721884351,299700
2016-03-16,1,87.97735595703125,88.11301321239662,86.55749140381154,86.81976025756735,520700
2016-03-17,1,88.4114761352539,88.60139357223807,87.32622476700945,87.47092770936847,302000
2016-03-18,1,88.61043548583984,89.23444792389414,88.31199085470061,88.42955681553617,312800
2016-03-21,3,88.46573638916016,88.60139367282171,87.93215981319167,88.14016166829882,567400
2016-03-22,1,88.84557342529297,89.11688799921755,87.70606877436867,87.75128327014528,757100
2016-03-23,1,88.36624145507812,89.21635386408404,88.33006572492734,89.17113247644181,892300
2016-03-24,1,87.66085052490234,87.66085052490234,86.80169917633349,86.96448654656739,292900
2016-03-28,4,88.14920806884766,88.31199543064801,87.44379846765148,88.0587721789177,182600
2016-03-29,1,90.46440887451172,90.60006617266735,88.78227493694227,88.93601665493748,409000
2016-03-30,1,91.477294921875,92.13748309243783,90.95275712895126,91.49537933895496,460400
2016-03-31,1,90.78997039794922,92.1736594578735,90.74474900521588,91.77574018104649,637900
2016-04-01,1,90.9527359008789,91.00699603927042,89.80418593943583,89.89462180335971,367600
2016-04-04,3,91.911376953125,92.7886194036854,91.84807115255954,92.3726088714246,861500
2016-04-05,1,90.00314331054688,90.5457723011366,89.78609585419953,90.05741034949439,1059400
2016-04-06,1,91.43206024169922,91.49536604200254,89.79514819113145,89.86749964856803,753000
2016-04-07,1,90.51866149902344,91.29642258390318,90.39204987123524,91.11555080129608,452200
2016-04-08,1,91.0251235961914,91.66722745548137,90.78093907657232,91.2331254760568,424200
2016-04-11,3,90.6633529663086,91.84807886196732,90.56387142852492,91.20597514524611,188400
2016-04-12,1,91.20598602294922,91.54965206712218,90.16595603105392,91.04319865987156,295100
2016-04-13,1,92.2912368774414,92.42688726270978,91.59486603392178,91.87521936323128,363100
2016-04-14,1,90.77188873291016,91.16076926283384,90.229259602921,91.15172360404976,547800
2016-04-15,1,90.03030395507812,90.90753966761334,89.81324954183803,90.3197029395822,540400
2016-04-18,3,89.74090576171875,90.46439977944917,89.34297956708656,89.40628537988567,342600
2016-04-19,1,90.21116638183594,91.1064933192412,89.84941596375022,90.6543070215879,833800
2016-04-20,1,87.20866394042969,90.03934814393419,86.03297661383539,89.54194727484928,2104400
2016-04-21,1,86.65697479248047,87.94118211791954,86.37662151856745,87.94118211791954,626600
2016-04-22,1,86.70221710205078,87.24483936630226,86.20480933492733,86.57560547038598,275500
2016-04-25,3,86.93734741210938,87.29005222223222,86.75647562736505,87.09109601894,367000
2016-04-26,1,87.19055938720703,87.70605145602222,87.08203219910362,87.22672821675997,348200
2016-04-27,1,89.74992370605469,89.91271102975827,88.34815049065415,88.38432621812322,600200
2016-04-28,1,88.6375732421875,90.05743815298267,88.402434400325,88.89984216199251,902200
2016-04-29,1,87.36238098144531,89.12591147335003,86.8649802528167,88.93598717898846,786700
2016-05-02,3,88.14016723632812,88.23964879064336,87.3081459637066,87.45284201555462,461300
2016-05-03,1,86.40599822998047,87.11064755314916,86.14061145726615,87.05573537069151,604700
2016-05-04,1,85.82030487060547,85.8752100618726,85.3078378005385,85.65558231496391,1430900
2016-05-05,1,85.0150146484375,85.94843798672983,84.83198567299875,84.90519726317424,464400
2016-05-06,1,84.49337768554688,84.8594285826618,84.02666261717933,84.53912968403614,336300
2016-05-09,3,85.09737396240234,85.6739065179722,84.68557097857385,85.34446133817275,456800
2016-05-10,1,85.42680358886719,85.57322674516008,84.61234398204903,84.66724917473867,367700
2016-05-11,1,84.72216796875,85.33529927449058,83.98091290032244,84.01751869225573,897100
2016-05-12,1,83.76129913330078,85.05162733275561,82.75466412329494,84.93265674362335,1099600
2016-05-13,1,83.55083465576172,84.53916339569544,83.41356464187447,83.87112670027001,770000
2016-05-16,3,87.69634246826172,88.20880972007716,85.8203353071132,86.16808692671025,1553600
2016-05-17,1,86.29618072509766,87.44008552271644,86.17721015776719,87.10148718915859,710300
2016-05-18,1,86.49752044677734,87.44010406463903,86.09487062028424,86.18638162713074,349400
2016-05-19,1,85.39021301269531,85.90268716918112,84.92350482800504,85.56408879631029,573700
2016-05-20,1,87.37604522705078,87.46755623344211,86.89102362767645,87.07405262230135,571700
2016-05-23,3,87.57734680175781,88.07151450249432,87.12893808476827,87.22960226353908,387200
2016-05-24,1,89.2428970336914,89.3710208279341,87.42180207299673,87.42180207299673,785500
2016-05-25,1,90.52406311035156,90.80775629394888,89.81942071243465,90.0024427170816,1000800
2016-05-26,1,90.97247314453124,91.3019113357182,90.057349215417,90.77114476303149,748900
2016-05-27,1,91.58560180664062,91.96079897598032,90.94501088600408,90.94501088600408,765500
2016-05-31,4,91.49408721923828,91.7320143975366,90.9084015215474,91.55814561060184,509600
2016-06-01,1,91.37512969970705,91.57645809613211,90.4874583055648,90.5149178902208,1335700
2016-06-02,1,91.64049530029295,91.7137068787578,90.8626414791654,91.24699179334507,614600
2016-06-03,1,92.2902374267578,92.4915657876906,91.65880672782592,92.2902374267578,279900
2016-06-06,3,91.57643127441406,92.69288334079894,91.5123728926628,92.4915550033407,389000
2016-06-07,1,92.60139465332033,92.7752634560152,92.11638007734116,92.58308826450508,444400
2016-06-08,1,92.5190200805664,92.63799064975568,91.82352399783224,92.29023911746816,527300
2016-06-09,1,92.01571655273438,92.03401595984089,90.96332260714676,91.018227810308,624600
2016-06-10,1,89.11475372314453,89.9017607549253,88.57483402883754,89.35268786764212,1514900
2016-06-13,3,88.15388488769531,88.93173878801811,87.51329398366863,87.52244717736875,1055100
2016-06-14,1,86.57071685791016,86.66222784870291,85.4085126129759,85.56408199550769,1624300
2016-06-15,1,86.18635559082031,87.14723832703827,86.14059661029938,86.67137006424531,740100
2016-06-16,1,87.45835876464844,87.5041177356009,85.29866659426023,85.8294399372184,501300
2016-06-17,1,86.61648559570312,86.90017179365103,85.35361004232612,86.57987979889666,702400
2016-06-20,3,88.62973022460938,89.33437939358427,88.5016134633121,89.0689926789428,949900
2016-06-21,1,90.13053894042967,90.42337827011649,89.51740768481052,89.82855339988792,691700
2016-06-22,1,90.36848449707033,91.10058640471978,90.31357929764104,90.78028745647237,501700
2016-06-23,1,92.78440856933594,92.80271495655678,90.89010243875931,92.0065546766352,888700
2016-06-24,1,86.94593048095703,88.40097424425464,85.98504751821353,86.0948649082488,2063600
2016-06-27,3,84.64896392822266,85.01501489833463,83.4135480132061,84.55745293115504,2285900
2016-06-28,1,86.3876724243164,86.543241766416,85.1522569150939,85.6555707245642,707900
2016-06-29,1,87.95254516601562,88.39180066115426,87.51328268903679,87.72376422592752,556100
2016-06-30,1,90.78942108154295,90.78942108154295,88.69378697897729,89.10559683145894,669800
2016-07-01,1,90.08479309082033,90.29526766429932,89.77364735450064,90.02073470126051,957500
2016-07-05,4,87.2479019165039,88.87682818587209,86.9550625724747,88.44671887205155,1007800
2016-07-06,1,86.83609771728516,86.90930929768047,84.9600911152386,85.49086460034374,1257500
2016-07-07,1,86.57987213134766,87.15639767084818,86.09485758483815,86.11315699069986,827900
2016-07-08,1,88.96836853027344,89.00497433308665,87.80615698194376,87.94342699703255,588200
2016-07-11,3,91.2927703857422,91.466639194644,90.59727420460926,90.70709159589612,493000
2016-07-12,1,92.31771087646484,93.18708290578073,91.51240423268052,92.30856466296808,1280100
2016-07-13,1,92.5281753540039,93.16875927234274,92.29939438576274,92.5098689667136,547200
2016-07-14,1,94.23031616210938,95.03562274099956,93.89171778027054,94.92581233314831,1023800
2016-07-15,1,92.98572540283205,93.28771791794432,92.60137510096556,92.656280292135,538600
2016-07-18,3,94.37672424316406,94.59635900364536,93.76359291262986,94.02897967849718,802800
2016-07-19,1,96.66453552246094,97.2776738446981,94.40418534300872,94.50484254921344,3330400
2016-07-20,1,98.97980499267578,99.15367378710825,97.97316311092378,98.44903145172314,1642100
2016-07-21,1,96.52727508544922,97.3417348235644,96.05140673262416,96.46321668970448,2199400
2016-07-22,1,96.66453552246094,96.87501709251391,96.26188575211808,96.59133091629762,397800
2016-07-25,3,97.44239807128906,97.5247558728032,96.93907712256448,97.1770112966744,500300
2016-07-26,1,99.53801727294922,99.66614103418794,98.20193730077068,98.36665987168809,926600
2016-07-27,1,100.260986328125,100.58128532357334,99.18113969522288,100.33419792604704,876300
2016-07-28,1,100.73683166503906,100.8557952480392,100.19690498130473,100.54465650088162,530000
2016-07-29,1,100.31590270996094,101.44150140222446,100.0322095016173,101.10290996590834,1399700
2016-08-01,3,100.38909149169922,100.80090144587244,100.0138943140834,100.3158868841088,419800
2016-08-02,1,100.09625244140624,100.28842762790894,99.54717948256408,100.27012822141216,358600
2016-08-03,1,99.24517822265624,99.51971816896214,98.7327111035155,98.78761630004033,414200
2016-08-04,1,100.74600982666016,100.87413362523866,100.24269575572528,100.38911198263334,288500
2016-08-05,1,100.29757690429688,101.26761297492978,100.11455491911242,100.61786886929023,599800
2016-08-08,3,99.97727966308594,100.26096581970288,99.7851044942318,99.97727966308594,352200
2016-08-09,1,100.56297302246094,100.76430141399209,100.16946943406148,100.16946943406148,558600
2016-08-10,1,100.1969223022461,101.02968847272844,99.94068870574134,100.947323684228,840300
2016-08-11,1,101.29507446289062,101.61536645598876,100.77345407931888,101.25846866627344,879600
2016-08-12,1,100.91069793701172,101.69770496030692,100.654464391165,101.52383618667692,540400
2016-08-15,3,101.42318725585938,102.1095302061902,101.38658146068742,101.83499023332124,329400
2016-08-16,1,98.78762817382812,101.52385382687764,97.92741640356876,101.4231896332555,1531000
2016-08-17,1,96.49979400634766,96.81093970339744,95.840910789108,96.37167724339773,2084100
2016-08-18,1,97.03057098388672,97.47897967057744,96.74688485297791,97.11293575269778,679500
2016-08-19,1,97.67118072509766,97.89080851474064,97.25021757067309,97.73523912132023,525400
2016-08-22,3,98.06468200683594,98.23855080289933,97.55220786718016,97.8999594229897,486300
2016-08-23,1,99.28179168701172,99.87662362875056,99.025558107639,99.43736805892348,723200
2016-08-24,1,97.62541961669922,98.696112922542,97.42409123812884,98.57714932695104,473600
2016-08-25,1,97.43323516845705,97.72607451439649,97.23190680902852,97.51559296176464,271700
2016-08-26,1,97.28682708740234,98.81508942461576,96.5730315073769,97.70778327608808,870400
2016-08-29,3,97.9914779663086,98.02808376352098,97.22277018853228,97.22277018853228,280400
2016-08-30,1,98.39411926269533,99.50142533254338,98.2202504682753,99.4739657506274,602800
2016-08-31,1,97.50647735595705,97.86337520266213,96.9116452841676,97.76271099135116,346400
2016-09-01,1,98.36666107177734,98.40326686374344,97.25020885325416,97.295967838672,455400
2016-09-02,1,98.70524597167967,99.06214366745404,98.37580087068184,98.87912171438413,259200
2016-09-06,4,98.76931762695312,98.86998180922174,98.357514686284,98.63204765278311,346300
2016-09-07,1,97.30510711669922,99.10790196763055,97.05801980172367,98.8425152502094,992100
2016-09-08,1,95.24608612060548,95.85006419386929,94.8434294172026,95.3009913140366,919700
2016-09-09,1,93.07726287841795,94.6970362974202,93.06810968333735,94.4041968914201,818200
2016-09-12,3,94.38587188720705,94.50483547242524,92.36344904745262,92.45496003468516,502100
2016-09-13,1,93.10469818115234,94.23945677765435,92.85761781462548,93.80019425935669,516200
2016-09-14,1,93.32432556152344,93.6080116973262,92.27193182486374,92.4092017873568,1069200
2016-09-15,1,94.84342956542967,95.03560472457946,93.4341380831576,93.6354664351737,1072000
2016-09-16,1,93.52565002441406,93.79103676553213,92.7661025729002,93.37923384625545,1040000
2016-09-19,3,94.56887817382812,95.33758569911178,94.44076141658743,94.45906780010162,550000
2016-09-20,1,95.97819519042967,96.34424615851384,95.4657280242168,95.8134726038839,773900
2016-09-21,1,97.65286254882812,97.799285712143,96.46320576517796,96.71943931913827,832500
2016-09-22,1,99.55632781982422,100.26097013595772,99.46481682812184,99.7851087900007,579500
2016-09-23,1,99.35501098632812,99.98644877152856,99.21774099191389,99.52888677804232,664700
2016-09-26,3,99.53801727294922,99.89492199480428,99.08960854505662,99.28178371415343,663300
2016-09-27,1,100.31590270996094,100.4806253212486,98.68697600640854,98.79679340788115,591600
2016-09-28,1,100.5354995727539,100.70022213331788,99.62952898057232,100.00472610184332,316300
2016-09-29,1,99.50142669677734,100.42569682722312,98.42158019403982,99.99558746857932,551900
2016-09-30,1,100.2792739868164,100.79174111285964,99.76679987893225,99.92237624091618,338000
2016-10-03,3,99.68446350097656,100.30674813709189,99.3275656783942,100.07796712354715,416800
2016-10-04,1,99.71190643310548,100.52636620377184,99.3916144415808,100.10541001750488,324300
2016-10-05,1,99.57465362548828,100.02306947284757,99.48314260952375,99.84004045907552,280100
2016-10-06,1,99.51058959960938,99.73937061752947,98.6595239336729,99.08048016882478,473500
2016-10-07,1,97.35086822509766,98.07381687156172,96.41744501253022,97.95485328993114,861900
2016-10-10,3,97.90911102294922,98.59545399643643,97.90911102294922,98.49478980177766,686400
2016-10-11,1,93.99237823486328,96.67369163538088,93.71784524431864,96.64623903451056,959100
2016-10-12,1,93.8734130859375,93.95577088718753,92.81186599088346,93.62632571850465,794500
2016-10-13,1,91.8692855834961,92.10721974676832,91.54899362246104,92.05230756641866,1161200
2016-10-14,1,92.53733825683594,93.44330903121156,92.38176187590938,92.95829444474624,331200
2016-10-17,3,92.57393646240234,92.73865206074424,91.97910453497217,92.079768721853,399000
2016-10-18,1,93.64463806152344,93.8734190553324,93.18707607390552,93.80936065633956,955700
2016-10-19,1,95.25524139404295,95.85922650660942,94.44078169873936,95.85922650660942,1109900
2016-10-20,1,94.7885284423828,94.82513423357956,93.77274042765596,93.81849243027128,739900
2016-10-21,1,96.3259506225586,96.38085582633292,94.62381948713669,94.68787788548732,1638300
2016-10-24,3,96.34423065185548,96.47234742278822,95.8775155681202,96.01478553178826,971000
2016-10-25,1,95.66705322265624,96.21612616559256,95.29184907284764,95.79517000994667,567100
2016-10-26,1,95.0356216430664,95.84093519449472,94.9258112364838,95.6030010104962,376200
2016-10-27,1,95.2186508178711,96.33509618417318,95.04477503130524,96.25273837906836,606800
2016-10-28,1,96.50897216796876,96.95738095430886,95.80432978943428,95.95989918728915,915500
2016-10-31,3,96.65538024902344,97.33256991997736,96.03309577300504,96.55471607041451,794000
2016-11-01,1,95.07222747802734,96.71030020135676,94.52315449936494,96.6828475996999,936100
2016-11-02,1,95.20030975341795,95.84090048110995,94.87086468931103,95.18201035289611,564400
2016-11-03,1,93.1413116455078,94.80683690394233,93.1413116455078,94.5780559234879,707000
2016-11-04,1,93.7910385131836,94.2669068102074,92.86676848036862,93.54395815338174,791600
2016-11-07,3,95.85922241210938,95.86837560544124,94.8068285978517,94.9898575552848,413000
2016-11-08,1,95.91413879394533,96.28934296405896,94.7427812571328,94.79768645984537,516600
2016-11-09,1,94.8708953857422,95.00816537050837,93.64463268067172,93.64463268067172,495700
2016-11-10,1,92.7935791015625,94.6329803778535,92.1621412794382,94.05644776396876,934900
2016-11-11,1,91.74117279052734,91.97910696415154,90.34103431291368,91.23785184283028,1212200
2016-11-14,3,90.78028869628906,91.30190904351484,90.33187993719636,90.54236150761858,687800
2016-11-15,1,91.53069305419922,91.7686272325983,90.36848872688653,90.70708709684514,491100
2016-11-16,1,92.1529769897461,92.21703538559431,90.7345390868664,90.78029109427712,1036300
2016-11-17,1,93.8551025390625,94.12048930106675,92.60138729664368,92.64713930136372,1344700
2016-11-18,1,95.71279907226562,95.85922223794608,94.60550006371024,94.7885290208108,1914300
2016-11-21,3,96.17035675048828,96.1886631363113,95.19117456417148,95.25523295087108,1408200
2016-11-22,1,96.38082122802734,96.64620792073904,95.90496000850798,96.49978478744735,876300
2016-11-23,1,96.17952728271484,96.40830827386397,95.40167330917625,95.6121548930438,432300
2016-11-25,2,95.30101776123048,95.59385717719712,94.96241935014557,95.16374775771808,251900
2016-11-28,3,94.83428192138672,95.09052246375305,94.45908477400044,94.53229635753368,453200
2016-11-29,1,94.980712890625,95.18204127095905,93.9923773772624,94.14794676866906,1194200
2016-11-30,1,94.37672424316406,95.00816196132564,94.19370225793752,94.9624029740984,434200
2016-12-01,1,91.50324249267578,94.01983337407268,91.21955630023491,93.95577497636536,837900
2016-12-02,1,91.31106567382812,91.78693403276024,90.45084693549502,90.60642331159298,701100
2016-12-05,3,94.18453979492188,94.27605077852904,93.05894143105655,93.60801431454016,818600
2016-12-06,1,93.99237823486328,94.16625401616396,93.15046589291327,93.2419768897615,399900
2016-12-07,1,94.76109313964844,95.09968455179444,93.18707874011344,93.32434873669467,566600
2016-12-08,1,94.35840606689452,94.92578527917536,93.93744999914028,94.43161763915782,478800
2016-12-09,1,93.94662475585938,94.35842772614696,93.4249974201277,94.18455194756972,362500
2016-12-12,3,94.166259765625,94.56890957270984,93.71785096640144,94.41334017038518,308500
2016-12-13,1,95.7585678100586,95.9598961924542,95.17288905136674,95.27355324256456,308400
2016-12-14,1,94.83428192138672,96.03309891076054,94.74277093289062,95.70365376670188,390800
2016-12-15,1,96.1154556274414,96.4449007678037,95.465718540016,95.6029885121404,655400
2016-12-16,1,97.2227783203125,97.66204094175949,96.96654470023614,97.24108471137082,865800
2016-12-19,3,100.8649444580078,101.10287859645275,99.16281366344082,99.16281366344082,1709400
2016-12-20,1,100.39824676513672,100.48061155041376,99.84917379670898,100.08710797636958,810500
2016-12-21,1,100.70938873291016,100.93816970960296,100.40739616803371,100.69108234494358,659500
2016-12-22,1,100.64533233642578,101.04798211574524,100.45315016816882,100.99307691443838,324200
2016-12-23,1,101.33168029785156,101.44149070590286,100.91071712751553,101.04798711942146,183900
2016-12-27,4,102.04548645019533,102.14615065589976,101.38659600625446,101.38659600625446,308500
2016-12-28,1,101.37741088867188,101.86242537333816,101.05711896312246,101.40486348488464,509900
2016-12-29,1,101.72517395019533,101.91734912735971,101.30421082096912,101.55129817863843,754900
2016-12-30,1,102.67691040039062,103.0978735860234,101.8258447978584,102.54879359844746,858700
2017-01-03,4,101.075439453125,101.8349940220587,100.80090645188368,101.5604610208174,874700
2017-01-04,1,100.59042358398438,100.98392716440104,100.31589058624544,100.51721199185064,846200
2017-01-05,1,101.7983856201172,102.40237077470503,101.34997684227694,101.39573583223358,493800
2017-01-06,1,101.6885757446289,102.11867813598928,100.93817438558764,101.17610158544444,360200
2017-01-09,3,102.9422836303711,103.16191838918816,101.5879041935382,101.5970504054414,554800
2017-01-10,1,103.08870697021484,103.52796252487954,103.02464857758284,103.02464857758284,816100
2017-01-11,1,103.84825897216795,103.87571157094408,102.66774835190782,102.72265354946006,419900
2017-01-12,1,105.02877044677734,105.07452943604562,103.4090041615666,104.26922289055123,713900
2017-01-13,1,105.5137939453125,105.73342173780895,105.01047298142306,105.02877238836376,1474200
2017-01-17,4,106.072021484375,106.4472186771679,105.1385911359641,105.81578091099828,1381400
2017-01-18,1,112.53279113769533,115.19579815168476,111.5902146039709,111.70917820177638,4392000
2017-01-19,1,111.5169906616211,111.63595424624968,110.23581590119332,110.60186683014994,1936700
2017-01-20,1,111.6908721923828,111.9287993739284,111.20585067190656,111.20585067190656,786900
2017-01-23,3,111.80067443847656,111.93794440664723,110.36393033288348,111.6176524688094,1570600
2017-01-24,1,112.14842987060548,112.56023280765324,111.70916735349246,111.90134252290414,975100
2017-01-25,1,112.35892486572266,112.53280066186632,111.8922096655614,112.11184445495618,649500
2017-01-26,1,110.84894561767578,111.79152901544492,110.79404042275668,111.0045219730144,611200
2017-01-27,1,111.43463134765624,111.71832449696784,110.76659482777258,111.1326457746694,663500
2017-01-30,3,111.37972259521484,111.51699256865108,109.83316105939213,110.64762770662296,1161000
2017-01-31,1,111.09603881835938,111.64511174203396,110.72083468171311,111.315666591461,1435700
2017-02-01,1,111.01366424560548,111.74576606714253,110.72997810613406,111.32480996340286,1324600
2017-02-02,1,112.32231903076172,112.73412902436068,111.91051601900487,112.64261103788836,632800
2017-02-03,1,112.56938934326172,113.08185647690831,112.44127255985006,112.4778783525164,358300
2017-02-06,3,111.85559844970705,112.22164242777056,111.52615328397678,111.86474466186968,260700
2017-02-07,1,112.79816436767578,113.08185051859104,111.52614281236828,111.67255899347784,1117200
2017-02-08,1,113.55772399902344,113.7133003717839,112.55108908235007,112.93544643534727,853100
2017-02-09,1,113.95123291015624,114.89381645769832,113.76821091011723,113.85057569742402,820400
2017-02-10,1,114.25321197509766,114.61926291370524,113.61262806891511,114.2074599714223,791500
2017-02-13,3,115.76317596435548,115.89129275470152,115.07683302385534,115.43373079436807,1052600
2017-02-14,1,115.53440856933594,115.76318957640392,114.95788294498782,115.37883916017184,1825300
2017-02-15,1,116.45867156982422,116.47697097614416,114.66502953128796,114.80229253329117,900800
2017-02-16,1,116.46782684326172,116.62340322737153,115.74488503699531,115.80894343686104,1023500
2017-02-17,1,116.11093139648438,116.11093139648438,115.14090218407436,115.15920159218834,808100
2017-02-21,4,116.76065063476562,116.76980382833509,114.61926414101949,114.64671673988684,3895800
2017-02-22,1,113.31981658935548,114.85722532421376,113.0910355691792,114.48202109984018,2312100
2017-02-23,1,113.27405548095705,114.04276332497744,112.78904084431969,113.96039852869124,764500
2017-02-24,1,112.130126953125,112.51447730383988,111.31566726534489,111.91049917869378,1442500
2017-02-27,3,112.46874237060548,112.57855278356833,111.71834096071012,111.91051616523724,736500
2017-02-28,1,111.36143493652344,111.8464495095614,111.10520134939708,111.1875591530413,1033500
2017-03-01,1,112.9903564453125,113.40215943452849,112.03862668920084,112.1026850871198,1274400
2017-03-02,1,111.25160217285156,112.14842658567812,111.1692443805907,111.44377733663428,961800
2017-03-03,1,112.54193878173828,112.55108499368966,111.48954491451148,112.340610409349,783800
2017-03-06,3,111.2790756225586,111.5627688066903,110.52867423114544,110.95878362290212,495300
2017-03-07,1,109.7965850830078,111.08690634522782,109.65931508102466,110.95878953853484,1234500
2017-03-08,1,110.50120544433594,110.88555578763092,110.1260013126616,110.5652638348851,575800
2017-03-09,1,110.95877838134766,111.22416516333848,110.41885860483788,110.8947199844424,405700
2017-03-10,1,114.3904800415039,114.49114422248768,113.420451004941,113.90546552322246,1016100
2017-03-13,3,113.64924621582033,113.8963266116821,112.95375005504232,113.07271365573996,838100
2017-03-14,1,113.46621704101562,114.23492479252324,113.3472534405221,114.1800126076602,412900
2017-03-15,1,115.3696746826172,115.58930247300856,114.00614196875186,114.25322236021196,838900
2017-03-16,1,115.4794921875,115.53439738969392,114.21661668230732,114.28982827312691,424200
2017-03-17,1,117.04434967041016,117.52935724454096,116.15667835921217,116.3946125311039,1030300
2017-03-20,3,117.38292694091795,118.19738651722432,117.11754021645947,117.90454021560934,577600
2017-03-21,1,115.59846496582033,118.80140599102717,115.44289555935612,118.6824354010375,1398800
2017-03-22,1,117.9777603149414,118.27060663771462,116.22987746239262,116.28478265699228,529900
2017-03-23,1,118.25230407714844,118.6915596118372,117.86795373883557,118.2339976904626,266000
2017-03-24,1,121.01598358154295,122.21479359710092,120.75975001930227,121.96770624648242,1709800
2017-03-27,3,121.43693542480467,121.89449736232368,121.1257966585755,121.5101470104496,2238000
2017-03-28,1,122.43441772460938,122.8919796644727,121.82128640083438,122.05006737076604,1370300
2017-03-29,1,121.6291275024414,122.13244846749872,121.2905221457574,121.85790848985988,358300
2017-03-30,1,121.37290954589844,121.88537678952991,121.10751574664886,121.14412852901404,361100
2017-03-31,1,121.52845764160156,121.8853554067821,120.90616612373032,121.0434430879891,535400
2017-04-03,3,120.9610595703125,121.4826868491811,120.04593575223956,121.11664290742443,564100
2017-04-04,1,121.47354888916016,121.51014770034932,120.65908919429936,121.07089214766812,584000
2017-04-05,1,119.90867614746094,120.80549360463964,119.80801196608608,120.43030344104392,557200
2017-04-06,1,119.86294555664062,120.10088674917306,119.4694489131216,119.83549295191534,370000
2017-04-07,1,120.0459213256836,120.47603058558386,119.45109650089196,119.46024271104828,546900
2017-04-10,3,118.88378143310548,119.68908118814132,118.691599217979,119.54267193684429,1180800
2017-04-11,1,118.792236328125,118.8288491053601,117.41955041915442,118.63666693408364,613200
2017-04-12,1,118.06012725830078,118.93865233103828,117.41039712026571,118.737323959446,485300
2017-04-13,1,117.48362731933594,118.85631336292867,117.44701453851012,118.06014596233942,575600
2017-04-17,4,119.12168884277344,119.23149925387683,117.9503312453904,117.9503312453904,334800
2017-04-18,1,119.5609359741211,119.8446361221642,118.78308901114715,119.31386256665569,915700
2017-04-19,1,116.1200714111328,122.36122312775372,115.34221749050027,121.81214320086836,3355400
2017-04-20,1,119.01185607910156,119.7165053332653,118.3163530362506,119.05761506302828,2259500
2017-04-21,1,118.99354553222656,119.4145086204797,118.70985939095377,119.28639184817324,1298800
2017-04-24,3,122.13243103027344,122.89197151201952,121.44608816600932,122.28800040386488,685100
2017-04-25,1,122.84624481201172,123.49597500074748,122.49849324054654,123.45021601023628,681300
2017-04-26,1,121.21732330322266,122.10498067892333,120.79636014657008,121.74808290067398,633600
2017-04-27,1,121.66574096679688,122.52595981726296,121.1166749090867,121.40036113345636,453100
2017-04-28,1,121.8570327758789,123.07698202832476,121.63521741074406,123.04001985196146,753400
2017-05-01,3,122.79048919677734,122.92911499717805,121.73689080677364,122.04188166997464,264200
2017-05-02,1,124.7590560913086,124.81450640965322,123.59454299679534,123.82559539144395,850700
2017-05-03,1,124.00118255615234,124.73131593273943,123.60377925425902,123.66846658377588,1008300
2017-05-04,1,124.82378387451172,125.1287748265506,123.6038341686798,123.61307119062393,871400
2017-05-05,1,125.54461669921876,125.61855515244142,124.2784541807858,124.40784294834596,481000
2017-05-08,3,123.16942596435548,123.6407678165215,122.98458685187784,123.42820354228824,957800
2017-05-09,1,124.7313232421875,124.90691120534711,124.0658912584392,124.1213415733652,438200
2017-05-10,1,123.65926361083984,124.30620759570644,123.39123489418864,123.89031604131516,703900
2017-05-11,1,123.9919662475586,124.09362987005127,122.7535287388802,123.13244396606233,639900
2017-05-12,1,125.17491912841795,125.20264428128824,123.93648195915992,123.94571897601142,443300
2017-05-15,3,125.45221710205078,125.82189530383764,124.96238713863944,125.14722623953288,577500
2017-05-16,1,126.85698699951172,126.86623811971116,126.15459287790488,126.505796989867,729100
2017-05-17,1,122.74429321289062,125.66479937346516,122.73505619233389,125.37829661067032,645700
2017-05-18,1,123.84410858154295,124.10288618770672,122.28219182141918,122.55022055072423,689500
2017-05-19,1,124.62966918945312,125.1656983430618,124.33391535074014,124.76829498740032,619200
2017-05-22,3,124.0381851196289,124.32468785888786,123.539104004135,123.82560674339396,548800
2017-05-23,1,123.76093292236328,124.5927160693072,123.58533081077422,124.43560210165433,687200
2017-05-24,1,123.37272644042967,124.10284571205432,123.07697264280328,123.81634303455203,938000
2017-05-25,1,124.66661834716795,124.78677009438562,123.37273069373845,123.37273069373845,457600
2017-05-26,1,124.0289306640625,124.39862298084796,123.428200039976,123.7147027715348,731800
2017-05-30,4,123.29879760742188,123.6684757809698,122.91986831302832,122.97531862882866,1020200
2017-05-31,1,121.98644256591795,123.23411719120072,121.64447538962146,122.975339605113,1436000
2017-06-01,1,123.6685028076172,123.68699095103052,122.56869096282826,122.827468561329,707400
2017-06-02,1,124.49100494384766,124.57418040635028,123.4281697612482,124.41706649862874,334300
2017-06-05,3,123.06776428222656,123.68698307508956,122.71656009134404,122.82746074011936,519500
2017-06-06,1,122.56867218017578,123.21563017960806,122.3098946213306,122.32838276191076,614500
2017-06-07,1,123.83485412597656,124.2692337828068,123.01230811455078,123.65000091703784,413400
2017-06-08,1,124.77751159667967,124.85145004426386,123.52983731227884,124.31540687601635,312400
2017-06-09,1,120.17495727539062,124.25996147516672,118.90879480349098,124.05663426185644,1203900
2017-06-12,3,119.29696655273438,119.74983429444048,116.4781246958252,119.4263553214621,1941400
2017-06-13,1,121.9309539794922,122.07883088576288,120.4707153626026,121.2562849853194,1373900
2017-06-14,1,120.28588104248048,122.50399267744294,119.2600077606114,122.37460388974414,857700
2017-06-15,1,117.91065216064452,118.43744425342256,117.3746089471902,118.17867376737168,1551700
2017-06-16,1,119.80529022216795,120.23041872405432,119.01970645231188,119.40787277668068,925300
2017-06-19,3,121.48735809326172,121.82932526015476,120.8681393076992,121.24706865630802,388000
2017-06-20,1,118.75169372558594,121.12690500727064,118.69622930497128,120.72950165793904,604100
2017-06-21,1,120.5446548461914,120.7295080533946,118.76093703570253,118.83487549811984,710600
2017-06-22,1,120.16574096679688,120.8773722337078,119.85149897241344,120.40603039561252,660400
2017-06-23,1,124.4355697631836,125.15645206381036,122.82744011438336,122.86441639264626,1276100
2017-06-26,3,123.64076232910156,125.75721026465136,123.52986168700104,125.51690673700728,978400
2017-06-27,1,122.33760833740234,124.67585726973564,122.26366988431728,124.5095063270327,1783600
2017-06-28,1,124.7590560913086,125.02707066408064,122.4577691637734,123.12320118854696,773900
2017-06-29,1,119.77755737304688,123.08621498770614,118.62229549291456,122.6148732174466,1988500
2017-06-30,1,120.43376159667967,121.5150852340618,120.03635820190124,121.17313216392029,899500
2017-07-03,3,119.84227752685548,121.38570612913963,119.5280495939568,121.16390481289196,427900
2017-07-05,2,121.51509857177734,121.5982881701844,119.62971681557556,119.67593012528566,796200
2017-07-06,1,121.2747802734375,121.78309835476004,120.239670073158,120.87736282719668,832000
2017-07-07,1,122.8182373046875,123.41896802175933,121.8385771926272,121.8385771926272,588700
2017-07-10,3,124.5926742553711,124.8144896011973,123.39119914453408,123.84406685389366,439700
2017-07-11,1,125.5261688232422,125.74797012681724,123.53910949734971,123.56683466029662,1100900
2017-07-12,1,126.65367126464844,127.12502716337764,125.95127707939218,126.25626792494675,841300
2017-07-13,1,126.47808074951172,127.14351274418006,126.03445001818724,126.3948911734394,484300
2017-07-14,1,129.3153839111328,129.43553565177908,127.43923986511204,127.5778656409985,1164700
2017-07-17,3,129.59271240234375,130.11950470846122,128.55760183430675,129.7775515605898,869900
2017-07-18,1,132.39300537109375,132.51315711384044,130.43368582528922,130.57231160359908,1252200
2017-07-19,1,139.21368408203125,139.38928614666187,136.74604636350145,137.35601392706303,2528800
2017-07-20,1,142.1619110107422,142.65174091394454,139.88834945248868,140.70165831923265,2971500
2017-07-21,1,142.5963134765625,142.65177790648352,141.08061007877967,141.48726461760555,938400
2017-07-24,3,142.08798217773438,142.79037636326913,141.45951234661914,142.21737095144655,1272100
2017-07-25,1,141.15455627441406,142.6795108784647,140.99744230350984,142.6517857131476,974600
2017-07-26,1,142.818115234375,142.9752291816594,141.32090012304863,141.40407560649564,768800
2017-07-27,1,141.62586975097656,143.92714239502203,139.99925199522366,143.16004681290093,1019400
2017-07-28,1,140.96966552734375,141.29314447404275,140.15635670294648,140.20256999566303,539100
2017-07-31,3,138.9364471435547,140.79410358043606,138.54828075834013,140.23958621683852,868100
2017-08-01,1,139.48175048828125,140.57232545714442,139.15828549842163,140.43368551664176,391600
2017-08-02,1,139.5741729736328,141.3024408491607,138.91797778696767,141.00670103571255,855200
2017-08-03,1,140.63699340820312,141.24697521666982,139.9808123949337,141.08986125430502,924000
2017-08-04,1,141.34861755371094,141.4595181922417,140.43364497887438,141.0436266954321,491200
2017-08-07,3,142.71646118164062,142.93827658803025,141.71831300636876,141.7275641289189,476000
2017-08-08,1,141.52418518066406,143.43729124119457,141.3208579913089,142.77185936736245,490700
2017-08-09,1,141.92164611816406,142.07876008246058,140.8033602245473,141.08986298898927,547100
2017-08-10,1,138.79776000976562,140.94193257277135,138.71458454886871,140.90497040203368,844800
2017-08-11,1,139.7312469482422,139.86987274261978,137.66101243751766,138.067666904117,416900
2017-08-14,3,141.0436248779297,141.68133174590253,139.40776996908448,139.42625810937446,552600
2017-08-15,1,140.9049835205078,141.0620974398238,139.86985931337094,139.9715229202598,376800
2017-08-16,1,142.02328491210938,142.4484275252642,140.51681877923872,140.66469569705947,518900
2017-08-17,1,139.23214721679688,141.57964710386284,139.1859480264109,141.27465629480386,486000
2017-08-18,1,140.7201385498047,141.04361752758558,139.53715147463998,140.4798491478338,688800
2017-08-21,3,140.1009521484375,140.75714727375998,139.5002214538793,140.62775847328646,562600
2017-08-22,1,142.6702117919922,143.07686621636248,140.35968811017685,140.38741326617324,839100
2017-08-23,1,141.77371215820312,142.51308247696684,141.52418578119412,142.23581684464096,532300
2017-08-24,1,141.81996154785156,142.23585305104842,141.13605546331613,141.6720846259933,400200
2017-08-25,1,142.5316162109375,143.06765951097108,141.9123974252919,142.08799951868642,535300
2017-08-28,3,142.43919372558594,142.6610091292914,141.76452459667297,142.0233021831689,261400
2017-08-29,1,143.39112854003906,143.7423327368859,141.8661881841991,141.98633995729318,575500
2017-08-30,1,143.07691955566406,143.529787442964,141.79226847374747,142.18043490472343,834200
2017-08-31,1,144.46316528320312,144.79588122260282,142.87352402855078,143.17851481486016,787400
2017-09-01,1,145.3596649169922,145.62769356170284,144.5278820314653,145.24876429287326,739700
2017-09-05,4,143.07691955566406,144.60187421555813,141.83848178507566,144.09355599559345,493400
2017-09-06,1,144.62030029296875,145.35967072202956,144.06578304791162,144.46318636842,496400
2017-09-07,1,148.6683807373047,148.74231920947796,146.32089418067036,146.95858706131176,1027800
2017-09-08,1,147.61474609375,148.8901597478171,147.0324895817075,148.1045760125953,659400
2017-09-11,3,150.44285583496094,150.53528244711626,148.74231334894304,148.89942730775024,698200
2017-09-12,1,149.12123107910156,149.81438830921394,148.66836327859298,149.60180993830912,439400
2017-09-13,1,147.938232421875,148.79774055160038,147.8735309829569,148.42806236507053,613300
2017-09-14,1,149.19515991210938,149.6203025643419,148.1415614548518,148.5204908032277,525500
2017-09-15,1,150.1009063720703,150.7663385091287,149.86060281560285,150.68314891525534,632300
2017-09-18,3,154.33377075195312,154.5370979981609,152.18959764733287,152.31898643107235,1294000
2017-09-19,1,155.5352325439453,155.90492485761354,154.96222708565932,155.85871155561503,992800
2017-09-20,1,152.67019653320312,155.26722343064202,151.32084421979687,155.1932849653014,990200
2017-09-21,1,153.2062225341797,153.51121338090823,151.72748159894775,152.98440716319928,1066000
2017-09-22,1,153.3818359375,153.83468962935035,152.56852695280912,152.67942759533253,303600
2017-09-25,3,149.73118591308594,152.67017965051332,148.93636512646785,152.38367694295076,849400
2017-09-26,1,150.51678466796875,150.57223499078353,148.7515408459908,149.42620994410422,1180700
2017-09-27,1,154.2875213623047,155.17475449976067,150.71083545369717,150.83097308757814,1253600
2017-09-28,1,157.56846618652344,158.03980790519628,155.39656844865416,155.51672018377946,1477700
2017-09-29,1,158.22467041015625,158.52966125060095,156.76441764483843,157.20804837765897,1677100
2017-10-02,3,157.7625732421875,158.74223314531503,156.91230211678777,157.47607052738445,585700
2017-10-03,1,157.540771484375,157.69788542096853,156.70897439954453,157.540771484375,454400
2017-10-04,1,158.21542358398438,158.437224834327,156.6719954403076,157.08788688701756,861200
2017-10-05,1,155.747802734375,156.94927801164775,155.13782102559233,156.69973747581503,422300
2017-10-06,1,156.59808349609375,157.96590981323024,154.98995364732093,155.26721935949828,1224200
2017-10-09,3,157.2450408935547,157.71638277301037,156.46870811480846,156.61658505428045,352800
2017-10-10,1,158.20620727539062,158.20620727539062,156.11749846193177,157.36518717892076,522200
2017-10-11,1,159.79583740234375,159.94371432586473,158.1137832298313,158.37256079483322,859100
2017-10-12,1,160.45204162597656,161.6350288772576,158.9178501867988,159.01951381475206,1302000
2017-10-13,1,162.9381561279297,163.4649482693989,162.27272408436482,163.18769666984636,809400
2017-10-16,3,163.20616149902344,163.2154126200328,162.11560099613556,162.48527917622533,743200
2017-10-17,1,162.97509765625,163.29857661783194,161.2653185656076,162.6701068330687,1055300
2017-10-18,1,158.71449279785156,162.63314613768696,155.84020070122745,162.51299439046647,2715900
2017-10-19,1,162.6793670654297,162.92889348738552,160.2764166221865,160.8401850052841,1120100
2017-10-20,1,161.9399871826172,162.8641966681464,161.4501572834721,162.67010647116552,1091300
2017-10-23,3,164.57398986816406,165.6922754484304,163.8530934952715,164.46307514031727,1240700
2017-10-24,1,164.90672302246094,164.96218744806302,163.81616239173127,164.3337175454552,614400
2017-10-25,1,163.91778564453125,165.41500041364773,162.40208273810114,164.97138383433855,560000
2017-10-26,1,164.34295654296875,165.00837447557885,163.46494614804868,164.07492786378708,427700
2017-10-27,1,165.3688507080078,165.6738416305299,163.70528437035617,164.74039482086337,703800
2017-10-30,3,164.44459533691406,165.28562939598564,163.85310180024888,164.77731133268313,1268300
2017-10-31,1,167.0509033203125,167.25423058255333,166.0157929687744,166.04351813159627,526400
2017-11-01,1,167.65159606933594,169.1118487577674,165.93256585154373,168.83458308993298,941900
2017-11-02,1,168.4372100830078,168.61281217430783,167.1802843846879,167.59617591010783,553700
2017-11-03,1,170.59059143066406,170.6552787625454,168.75140944636738,169.63865677257505,470100
2017-11-06,3,170.90481567382812,171.3391952584383,169.0656337283017,170.0360565046078,503200
2017-11-07,1,169.61094665527344,170.03607516624115,169.19505516330275,169.2412543606069,611700
2017-11-08,1,167.7532958984375,168.9362831744629,167.4390679881259,168.25237702876365,677200
2017-11-09,1,164.51852416992188,165.4150084921377,162.86419540863804,164.95290375294675,685100
2017-11-10,1,165.98805236816406,166.08046486820174,164.6849134274526,165.16550637553502,692000
2017-11-13,3,165.29489135742188,165.59986811308653,164.31521734284368,164.51854458149958,415300
2017-11-14,1,166.67198181152344,166.80137061156194,165.1100650881376,166.26532726788196,382800
2017-11-15,1,164.42611694335938,165.14699923137238,163.1691914484591,164.3614155086905,494400
2017-11-16,1,168.01206970214844,168.13222147198942,165.89563576289623,166.0527497145158,1853700
2017-11-17,1,166.6627197265625,167.623891510538,166.14516460424343,167.53147901144925,553700
2017-11-20,3,167.77175903320312,168.5388546544956,166.16362933409764,166.30226922844318,996700
2017-11-21,1,171.32070922851562,171.39464768024405,168.82534641753182,168.82534641753182,845900
2017-11-22,1,169.13037109375,171.15439254517764,168.52964044390808,170.87712682128117,526600
2017-11-24,2,172.2449188232422,172.2449188232422,171.3207093295684,171.45009809459,311400
2017-11-27,3,170.71998596191406,171.84752271968566,170.56287203367617,171.74585910702368,863900
2017-11-28,1,170.3225860595703,171.024994402007,169.56474149817046,170.8586293358384,787700
2017-11-29,1,159.3707275390625,168.68676327709335,159.0472484937676,168.64054997029103,2544800
2017-11-30,1,162.21725463867188,163.1691892910854,160.6091250392723,162.53148248266282,1584600
2017-12-01,1,159.36141967773438,161.01576239692938,158.23389718666118,160.82167221839148,1143300
2017-12-04,3,156.49639892578125,162.02316787890004,155.59067754939144,161.91226724980032,1446200
2017-12-05,1,157.57777404785156,159.86981044898815,155.9141935541546,156.69052641710562,737800
2017-12-06,1,157.73487854003906,158.36334851201113,155.5445059147344,156.4502275337158,869500
2017-12-07,1,159.12115478515625,159.73113646601928,157.51302510896787,157.51302510896787,989700
2017-12-08,1,158.94552612304688,161.3114998928627,158.75145004944576,160.65531912664707,487000
2017-12-11,3,161.8568115234375,162.11558905089643,159.20432071350697,159.4538612229558,1571600
2017-12-12,1,159.11192321777344,160.4242991170563,158.7792072079328,160.16552156521567,1129300
2017-12-13,1,160.220947265625,161.31150762334622,159.3152259733444,160.21171024816385,828900
2017-12-14,1,158.88087463378906,161.15442233693886,158.60360893522173,160.2579379028854,935500
2017-12-15,1,160.62765502929688,160.9418829551598,157.90123912699906,158.8993732324081,3118500
2017-12-18,3,163.00283813476562,163.63130797860427,161.69971335253945,162.17105515867922,1207900
2017-12-19,1,163.6128387451172,164.03798140351745,162.3004626900077,162.79029269288938,708700
2017-12-20,1,161.89378356933594,164.03795647310054,161.33001518535633,163.64053903735172,528400
2017-12-21,1,161.31153869628906,162.63316576828785,160.85868501407532,162.41135038564147,393400
2017-12-22,1,161.9399871826172,162.09710110287904,160.54443593630236,161.0527398714894,285900
2017-12-26,4,159.97146606445312,160.5352345895137,158.39107525149976,160.48902128044537,281400
2017-12-27,1,160.8494415283203,161.45018626313615,159.81433123147104,160.07310880568338,334800
2017-12-28,1,160.99732971191406,161.46868569257475,160.4982626702793,160.91415422202846,402100
2017-12-29,1,160.64610290527344,161.61651160353057,160.55367631385948,161.37622220909932,194400
2018-01-02,4,164.2597198486328,164.36138343876323,160.79393487007093,160.9418117470452,818600
2018-01-03,1,165.5074462890625,165.96955105954714,164.2135444703144,164.25975776782656,1054200
2018-01-04,1,167.0509033203125,167.99360116321805,165.80321458404572,166.81061387508285,915600
2018-01-05,1,169.0102081298828,169.54625139996355,167.05088825479567,167.13406373576004,516100
2018-01-08,3,169.8975067138672,170.4797634605422,168.9548086721848,169.3060129450775,763900
2018-01-09,1,168.98245239257812,170.2116526529134,167.503725734501,170.11924016933693,854300
2018-01-10,1,167.01388549804688,167.7902180030718,165.73847202385156,167.64234111573862,668700
2018-01-11,1,165.0176239013672,166.57028923203515,164.42613033221,166.4316634354823,831900
2018-01-12,1,167.1617889404297,167.71632035164504,166.30228076559746,167.38360432537976,710300
2018-01-16,4,172.25416564941406,174.21348521441553,171.21904145272873,173.47411481744524,1518900
2018-01-17,1,184.0840759277344,185.95098341613524,179.99907086471578,180.21164924320965,2653200
2018-01-18,1,187.94729614257812,189.99904292469895,186.51476820337535,186.8567212996216,3618500
2018-01-19,1,189.94354248046875,190.4148842538251,187.77164449062283,189.66627680695169,1122900
2018-01-22,3,189.96206665039065,189.96206665039065,187.89184582671757,189.00089471115984,1002300
2018-01-23,1,189.86038208007812,190.313249886486,188.58498234963497,188.92693540820244,559900
2018-01-24,1,186.92135620117188,188.5479597122937,185.27626455290192,188.08585499980623,669800
2018-01-25,1,185.60903930664065,192.77166461915024,185.44267422423988,191.4408003692287,1380200
2018-01-26,1,190.85853576660156,191.00641269982415,188.289233986721,188.57573673088947,1069200
2018-01-29,3,188.5572509765625,189.0840431277495,186.62564214935765,188.8529907223139,1064500
2018-01-30,1,185.05450439453125,188.0027355956898,184.86966527488337,187.48518041974745,744900
2018-01-31,1,187.57760620117188,188.2245501682388,186.6903586875367,187.05079990506832,701800
2018-02-01,1,186.15432739257812,187.9842587611161,185.2208806156968,186.76430921619803,741500
2018-02-02,1,179.82347106933594,184.37981768974868,179.73104446716013,184.2319407671952,917300
2018-02-05,3,172.53143310546875,181.67187915044212,172.4205324715161,178.68667213157607,912600
2018-02-06,1,179.3983154296875,179.56466637875403,171.75509854023946,172.54068229479188,2881200
2018-02-07,1,172.9658203125,177.0785642980303,172.827194513978,176.6164594998646,1275500
2018-02-08,1,166.26527404785156,173.1691197523303,164.69412080677566,172.71626614831067,1767200
2018-02-09,1,169.7495574951172,170.89558235412818,162.54997168146326,168.2708307536994,2070900
2018-02-12,3,172.21722412109375,173.18764708152202,169.19506869601858,169.4353581300316,1563400
2018-02-13,1,171.2006072998047,172.1248169857417,169.89746825807657,171.2375694822211,496300
2018-02-14,1,176.8382568359375,177.52217699881376,169.6386704460083,169.78654736268192,930600
2018-02-15,1,180.12843322753906,180.4056989092677,176.49629651408097,178.56653095502725,1125900
2018-02-16,1,177.66079711914062,180.49812719511567,177.49444616993586,178.24305364599434,738800
2018-02-20,4,180.7014617919922,182.4297292011356,177.42051494869764,177.4390030890249,764000
2018-02-21,1,179.67559814453125,182.97501920129,179.54620935999796,181.82900828180084,703400
2018-02-22,1,178.6404571533203,181.17279638920024,177.9288259557251,180.89553070460747,796500
2018-02-23,1,181.90293884277344,182.15246527918532,178.98243314466757,179.25044772158674,741700
2018-02-26,3,185.6182098388672,185.76608672529392,183.32617450851703,184.93430391819663,1172200
2018-02-27,1,182.4759521484375,185.33175652910808,182.4759521484375,183.89922877786665,861100
2018-02-28,1,180.58132934570312,183.67743742379713,180.2208881335289,183.1968444401246,623700
2018-03-01,1,177.383544921875,180.13769973265522,174.7033426750111,178.5203329038154,901900
2018-03-02,1,178.89927673339844,179.1857794813611,174.7588071622558,176.0619462116867,696000
2018-03-05,3,183.3170166015625,184.46302771013825,179.64790262480744,179.96213056733163,730700
2018-03-06,1,187.4666748046875,187.9749929130832,184.1857278530275,184.8696480445344,1538800
2018-03-07,1,190.4333648681641,190.7753178606768,187.46664625269491,188.8899367394295,1308300
2018-03-08,1,189.48143005371097,191.5239250912107,188.81599810513904,191.2651475670236,458100
2018-03-09,1,193.5387420654297,193.9823587393236,191.2466920286184,191.6810716830444,645100
2018-03-12,3,195.2854766845703,196.6255776838083,194.3797552930073,194.91578441084783,788800
2018-03-13,1,192.2541046142578,197.41119640226793,191.42230742774737,196.6441006634917,656900
2018-03-14,1,195.49806213378903,196.36682144337377,193.42782748333872,196.25592080038672,733400
2018-03-15,1,198.18751525878903,199.14868706870269,196.62559872814964,198.0581264747176,700500
2018-03-16,1,197.83628845214844,198.31688135328017,196.4499741661409,197.3556955510167,822000
2018-03-19,3,196.6255798339844,197.8732683551744,194.1117287544549,197.7808417601535,1063300
2018-03-20,1,196.48695373535156,198.05810713201168,194.52761992206771,194.59232135894447,790400
2018-03-21,1,197.5313720703125,199.62933242921457,196.25597203603917,196.93987831609667,465400
2018-03-22,1,189.2041778564453,195.9509103081922,188.96388845326163,194.15794154706927,1008300
2018-03-23,1,184.01937866210935,190.63672294959312,183.9454401999659,189.94356573210777,1149000
2018-03-26,3,191.7272796630859,191.80121812373585,186.77351561809735,189.47220597138167,776800
2018-03-27,1,185.1099548339844,192.16167936633667,183.8068298731572,191.47775911066617,681900
2018-03-28,1,179.7864990234375,184.06559414278044,178.5388103762653,182.522165745853,2776600
2018-03-29,1,183.51104736328125,185.2300777032229,180.06374966466365,181.00644736135905,1193200
2018-04-02,4,178.41868591308594,184.06560776024492,176.18210012500109,182.50369110642976,705200
2018-04-03,1,184.31512451171875,184.92510626786137,181.51477038853335,182.6238332550909,1165600
2018-04-04,1,183.2337951660156,183.28000846772713,176.9769061587653,177.13402010272867,1704900
2018-04-05,1,183.62196350097656,185.70143517959391,182.31883863347275,184.32437184901647,861200
2018-04-06,1,179.87892150878906,184.17649056873788,179.30590195909488,182.52216156632423,837900
2018-04-09,3,183.48333740234375,187.21715221881547,181.96763416756448,183.00274444429573,774100
2018-04-10,1,189.9713134765625,191.37611621965308,186.69036610329283,188.92695196532105,885800
2018-04-11,1,189.9713134765625,191.03414902879624,188.42788491442275,188.66817436821503,855500
2018-04-12,1,190.60902404785156,191.60717227081625,189.5277003318869,190.2670568505378,1044500
2018-04-13,1,190.06369018554688,191.45000452417904,189.3058456803003,190.2300552393885,526000
2018-04-16,3,191.03411865234375,192.20786877549943,189.98052028813945,191.90287791976675,828600
2018-04-17,1,196.5793609619141,197.18010560787727,192.08770215624935,192.67919568158177,1233000
2018-04-18,1,190.68296813964844,192.92879113076265,187.6145849079991,192.92879113076265,1700600
2018-04-19,1,180.3133087158203,188.18756479586628,179.47227454808484,188.08590117007057,2623900
2018-04-20,1,178.39096069335938,181.13586463748013,177.72552857949248,180.06377799821445,1729200
2018-04-23,3,176.8197784423828,180.4796403748259,176.20054563185585,179.70330773489175,808200
2018-04-24,1,179.34286499023438,182.13398176420023,177.1432417608521,181.16355892168937,1147600
2018-04-25,1,177.134033203125,179.13956654531532,175.89559559865518,178.97320146731388,830300
2018-04-26,1,180.8493194580078,181.12658514574537,178.64971030054576,179.24120385330377,875600
2018-04-27,1,178.7869110107422,181.4908533872869,178.2554385270365,181.3323477940498,1109600
2018-04-30,3,175.70997619628906,177.3510018212889,174.94541907964785,176.80087751623734,645900
2018-05-01,1,178.4978485107422,178.79620775902515,175.2717528860984,175.7566026701924,484200
2018-05-02,1,177.47218322753906,179.19712085752803,177.12720139243265,178.28337711125164,509500
2018-05-03,1,179.71926879882812,180.69828711632985,177.10855802789996,179.50482177428765,1588200
2018-05-04,1,182.2926788330078,183.0292794058739,177.84516157180784,178.32067825869512,788000
2018-05-07,3,181.7052764892578,182.3299798938411,180.8847637299345,181.66797269443632,570300
2018-05-08,1,180.7635803222656,181.23911131497013,179.150539472581,179.71930151468692,843800
2018-05-09,1,184.56771850585935,184.6982533294915,181.48149114001936,181.6959381587232,518200
2018-05-10,1,187.476806640625,187.5234150429497,185.54674074948753,185.8544330318672,414200
2018-05-11,1,185.3602600097656,187.04789387761136,184.88472911785132,186.36724902959577,405000
2018-05-14,3,188.2880096435547,189.9010503897768,187.6912769021804,187.80315984517844,406800
2018-05-15,1,186.4138641357422,187.65395211512097,184.27868425802777,187.4954465545246,569700
2018-05-16,1,189.16448974609375,189.24840196477655,187.24375641766807,187.37429127803003,490900
2018-05-17,1,188.69825744628903,190.3579207519814,187.61667495597288,189.73321730341,524400
2018-05-18,1,183.9989318847656,187.5513566049145,183.38354741571848,187.21569364245488,1002100
2018-05-21,3,188.8194580078125,189.1737729451454,187.3276333457535,188.6423147663761,1089000
2018-05-22,1,188.84744262695312,189.8637648807802,187.92437987300477,189.2670321266363,463600
2018-05-23,1,186.66563415527344,186.66563415527344,184.28802204733063,184.72624920643983,719300
2018-05-24,1,187.2530517578125,187.48615070972525,185.20178382642655,186.81482459003809,325300
2018-05-25,1,187.5047912597656,187.6446449315555,185.3602781865304,185.975662796866,309800
2018-05-29,4,182.37661743164065,185.15515282934248,181.3136868280077,182.75888888281935,654000
2018-05-30,1,183.77520751953125,185.22040954634383,182.85213060772156,183.68196225389107,583200
2018-05-31,1,183.35560607910156,185.41620680646955,181.6400014302916,184.9593277982328,785700
2018-06-01,1,188.49310302734375,188.567696384636,185.3602531572107,186.84275878691992,518000
2018-06-04,3,190.1341094970703,190.3485565019567,188.66092273829815,189.79844651118265,441300
2018-06-05,1,195.16909790039065,195.65393347828768,193.4441599599189,194.5257425147311,611000
2018-06-06,1,199.16905212402344,199.35552842426816,195.0478647115269,195.89634823895463,569900
2018-06-07,1,193.5280609130859,197.043196898176,191.9896136059891,196.78212722457445,923400
2018-06-08,1,193.42547607421875,194.19936617629617,191.4114980418653,193.37885344595315,837500
2018-06-11,3,195.6725616455078,196.5117120823621,195.08514780337225,195.57931638486653,528100
2018-06-12,1,195.1877288818359,195.9523002493752,193.31361848861212,194.5723442534112,363900
2018-06-13,1,199.2995758056641,200.9405870741211,198.2366453037897,198.89865249393193,998900
2018-06-14,1,201.29490661621097,202.2366211491268,200.10144126128085,200.5489872125723,710700
2018-06-15,1,200.29725646972656,200.93127873364415,199.35552768206765,200.4650808711531,821300
2018-06-18,3,196.82875061035156,197.00589385386328,194.45113857710533,195.65392284742296,599700
2018-06-19,1,192.2413787841797,192.48381082228585,188.1388425374535,189.98498242575707,749300
2018-06-20,1,191.6072998046875,192.59563688498775,190.6003108283736,191.69121199590663,542300
2018-06-21,1,190.43251037597656,192.95929485505965,189.76118430740743,192.85673075493852,893400
2018-06-22,1,192.4185028076172,193.58399747351055,190.3019747379603,193.03388740574405,730900
2018-06-25,3,183.35560607910156,187.86841201494224,182.55374521953595,187.74719602297083,1060000
2018-06-26,1,184.58641052246097,185.8171656660353,183.91508436151793,185.28570742117392,1106500
2018-06-27,1,180.79150390625,186.842756564336,180.63299835910007,186.23670510598456,663000
2018-06-28,1,180.49319458007812,180.567787957094,177.19250522647764,177.7985710795196,887500
2018-06-29,1,184.58641052246097,186.05026463227293,184.24142860514337,184.63303316115483,894300
2018-07-02,3,182.05026245117188,182.17147844623435,176.97802751036252,180.53045289054344,1963200
2018-07-03,1,178.52578735351562,181.7238974446876,178.33931107824742,180.36260783072456,434600
2018-07-05,2,182.74024963378903,183.37427191981703,181.36962673208893,182.45119499809135,540800
2018-07-06,1,183.98033142089844,184.46516695464837,181.0339575132041,181.0619282467962,380300
2018-07-09,3,185.64930725097656,186.68426704068193,184.0922081488485,186.46048695225969,1242600
2018-07-10,1,185.9476776123047,187.1225053628512,185.12717902673785,186.917377159652,977300
2018-07-11,1,180.50242614746097,184.1387768259096,180.2600084597877,183.40217647603032,842500
2018-07-12,1,185.85447692871097,185.8917665048239,183.00134774378475,183.4955164338677,625100
2018-07-13,1,185.7238922119141,186.7775038514648,185.14581146034465,186.7775038514648,422900
2018-07-16,3,186.5537567138672,187.54209400321892,185.89174942402403,186.3486284960133,1153300
2018-07-17,1,190.52572631835935,191.02922794350985,185.91037063303375,186.3019751041348,1383900
2018-07-18,1,203.1690216064453,203.70981283107153,198.36718934147996,198.68420047160336,3615000
2018-07-19,1,200.70748901367188,202.05014106962105,200.13872707961644,201.16436801880783,843000
2018-07-20,1,204.94989013671875,206.48835152998512,202.05947209337117,202.05947209337117,1371300
2018-07-23,3,205.85433959960935,206.67485244043465,202.3298846820362,204.7261486707052,930500
2018-07-24,1,199.25296020507812,205.00584002341537,198.74947278210504,204.6235685953483,918500
2018-07-25,1,204.16668701171875,204.2599322723568,200.36251085880093,201.136400994963,2240200
2018-07-26,1,202.0035095214844,202.1806669692711,199.74711378211455,201.4627325707637,1511000
2018-07-27,1,198.88002014160156,202.80539835727248,198.06882614899936,202.19934679902025,920600
2018-07-30,3,199.9989013671875,201.95693826027613,199.16906966486977,201.798418452516,692600
2018-07-31,1,199.5326385498047,201.67715106190673,199.4953489894946,200.60488769224253,1162300
2018-08-01,1,199.44874572753903,200.81003533299491,198.35784458544816,199.5419767509766,802500
2018-08-02,1,201.2296905517578,201.50939794078465,197.85440770943268,198.29263492188457,613900
2018-08-03,1,200.25991821289065,200.39977185668013,197.9942038201369,199.58859226824643,456100
2018-08-06,3,199.13177490234375,199.30891815086096,198.02222164032784,198.5909836390406,501000
2018-08-07,1,199.1224365234375,200.46508869617804,198.57232643876,200.03618038596304,537600
2018-08-08,1,198.60028076171875,199.8776582965339,198.4977166673536,199.2063322656399,491500
2018-08-09,1,195.0292053222656,198.9639162833853,194.8986704943852,198.80541072290396,1016800
2018-08-10,1,190.10617065429688,191.70057366150456,188.9499947918152,190.89871274000907,842500
2018-08-13,3,190.86138916015625,192.1107959326634,190.6749128732077,191.05719850915096,914400
2018-08-14,1,191.7098693847656,193.31359103441204,191.0758329471892,193.13643358527705,408800
2018-08-15,1,183.81246948242188,187.9709601516024,182.58171467875428,187.66326789387853,1281400
2018-08-16,1,184.48382568359375,186.10619942815632,183.93371559960704,184.86611135981377,1250600
2018-08-17,1,184.0269317626953,184.29733447854505,180.7915175981479,181.5747407861014,730900
2018-08-20,3,186.0036163330078,186.43251037166053,184.166795734776,185.38823177957173,538300
2018-08-21,1,186.93600463867188,187.98028318964927,186.00360901037683,186.30196821327257,699000
2018-08-22,1,187.234375,187.55138611797815,185.742550442158,186.60967159907983,385600
2018-08-23,1,186.0502014160156,188.54902888319072,185.8823770464193,188.18539518850497,374400
2018-08-24,1,189.25767517089844,189.44415146542156,187.89638541637328,188.05489097807936,301900
2018-08-27,3,194.4884033203125,195.0851359613979,191.5886523080316,192.22268874200077,546200
2018-08-28,1,192.7168731689453,193.99425074948863,191.08518066296037,193.5839943573414,437600
2018-08-29,1,192.83810424804688,193.53740109102256,191.61665381144223,191.68192834585736,401500
2018-08-30,1,191.32760620117188,192.86606773422983,190.8893790578672,191.49544483533737,352800
2018-08-31,1,191.1877288818359,191.7564907914869,189.9289890765865,190.488432151637,388400
2018-09-04,4,185.99424743652344,186.38585183310863,183.9896028338841,185.59332420688597,693000
2018-09-05,1,181.92906188964844,184.75421999357928,181.07125947059913,184.4278900036014,633900
2018-09-06,1,171.9803924560547,179.1411991814874,171.02934481177684,178.60972677734594,2100300
2018-09-07,1,168.6424102783203,171.96173678395328,168.09230021494142,168.95010257492962,889600
2018-09-10,3,173.117919921875,175.02001524908223,172.10161195290317,174.94542188063977,1003600
2018-09-11,1,170.97341918945312,171.42097943249382,169.0247153147858,170.12494979488835,610500
2018-09-12,1,163.51425170898438,165.48160747401468,161.015437720462,165.3883764276074,3094700
2018-09-13,1,169.69602966308594,172.14823508400798,168.90348756992114,169.98507007461677,2444700
2018-09-14,1,171.88717651367188,172.502546947209,169.94779148494288,171.03869289599706,1095400
2018-09-17,3,170.71231079101562,172.53047940605842,170.39529969449086,171.60741684692874,574900
2018-09-18,1,173.9570770263672,174.92676231918236,172.22282041093095,172.22282041093095,687000
2018-09-19,1,176.2694091796875,176.4838562061499,173.68666911806358,174.0596217055834,1053800
2018-09-20,1,178.54444885253906,179.07590697700027,177.0059874875648,178.2647273109775,561200
2018-09-21,1,175.69131469726562,177.24842803423627,175.25310180787696,176.63304345848815,1116700
2018-09-24,3,178.52578735351562,178.62835143899733,176.633025416449,177.86378021500147,509400
2018-09-25,1,177.3509979248047,179.34632421635754,176.37197956362314,179.13186295501956,515600
2018-09-26,1,176.03627014160156,178.36725885050194,173.9756698629542,174.17147917448128,701000
2018-09-27,1,175.98037719726562,177.0060039755563,175.04798145669417,175.39296332799202,298700
2018-09-28,1,175.3090362548828,175.54213517025252,172.92210563785346,172.98736593599807,609800
2018-10-01,3,177.22975158691406,179.50479905322382,176.69827928314274,177.96633782695994,513900
2018-10-02,1,177.3043670654297,179.33698283185274,175.5421397879676,175.5421397879676,421000
2018-10-03,1,178.8428192138672,179.33698780297007,177.09924378541842,178.329998726903,826600
2018-10-04,1,174.7869110107422,178.16217902389738,172.39996597461385,178.03164418988666,610400
2018-10-05,1,171.364990234375,174.33933463389928,169.31372265004987,173.33234562474436,691200
2018-10-08,3,169.3976287841797,170.51651490581185,167.54217061268815,168.76360659400095,603900
2018-10-09,1,170.58175659179688,171.5234851671951,168.194826350201,168.46521478952062,596000
2018-10-10,1,160.2974853515625,164.586511752498,160.2322250432654,162.80563234748814,1515900
2018-10-11,1,160.16693115234375,167.99904928983946,158.12498230644323,164.1855543165049,1665300
2018-10-12,1,162.49794006347656,164.41867314903956,159.76602717874863,163.59817451361022,906100
2018-10-15,3,161.6308135986328,163.28114387995734,161.1459638110739,161.69607390484873,672600
2018-10-16,1,169.4349365234375,169.9197862389585,165.7612954323224,166.32073850617192,823600
2018-10-17,1,172.50253295898438,176.4558960693421,170.91746302600038,174.89879687074023,1709500
2018-10-18,1,164.5119171142578,170.4419549672342,163.96180700717477,170.0503504387735,847700
2018-10-19,1,163.8778839111328,166.19023578424355,161.96648386530325,164.27882151118283,740400
2018-10-22,3,164.40936279296875,165.05271820917233,162.47929654435805,164.5305788068134,518600
2018-10-23,1,161.2578125,162.6284351389461,155.9524793805353,156.20423017042245,1260800
2018-10-24,1,147.4676971435547,156.36274524735046,147.27188780009487,155.9897926839954,1942800
2018-10-25,1,157.61215209960938,158.77764664498022,152.62384398175917,153.98513364350444,1067700
2018-10-26,1,154.97348022460938,157.7240444220352,151.29050619220263,153.28583222370497,876000
2018-10-29,3,152.32546997070312,158.22753603331864,149.53761613418754,157.12731601573566,745500
2018-10-30,1,157.3324432373047,157.9571466001889,154.46066299859396,154.87091935087096,1307500
2018-10-31,1,160.7077178955078,161.38836274948113,158.48861165309353,159.40236965128105,731400
2018-11-01,1,163.840576171875,164.1575873004281,158.18092735296565,159.46763799233116,1352600
2018-11-02,1,163.15992736816406,166.60045552294943,161.1366304225108,166.03170780860944,948400
2018-11-05,3,161.17393493652344,161.77066766602937,158.23689392339264,160.82895305098688,567400
2018-11-06,1,165.43495178222656,165.65873185790758,162.2834641896158,162.52588193451558,1493800
2018-11-07,1,165.42564392089844,166.45128488510198,164.18555592862663,166.2088528968924,1039400
2018-11-08,1,163.15992736816406,165.36970060688952,162.42332680376944,163.47693848910973,1891400
2018-11-09,1,163.6354522705078,163.97111530579292,160.13896824763373,160.88488768462616,1748000
2018-11-12,3,157.5748291015625,158.76829412462706,155.75666084198954,158.62844049974655,2888200
2018-11-13,1,159.33709716796875,161.9478079171173,158.031748907009,158.34876002363794,1433100
2018-11-14,1,161.052734375,162.7776724225387,160.4000601125263,161.85459539096254,1166700
2018-11-15,1,164.8382568359375,164.84758989990956,157.53760981610245,158.00380774329267,2028800
2018-11-16,1,157.56558227539062,159.4769824159725,156.53994113347153,158.5912091900779,3096800
2018-11-19,3,152.5305938720703,157.14594927938282,152.34411759619232,156.87556081344394,1476500
2018-11-20,1,150.42340087890625,152.06441219881992,145.9945212776834,146.4234153349744,2125600
2018-11-21,1,152.82896423339844,155.2438653916224,152.8196311720934,153.19259794360502,1074000
2018-11-23,2,152.59585571289062,153.4070352705262,151.15995863077464,151.15995863077464,742800
2018-11-26,3,156.1110076904297,156.32546894842594,153.18328571522434,153.9758277636481,1056800
2018-11-27,1,156.09237670898438,156.8009923607541,154.43271340379547,155.4583401976282,544300
2018-11-28,1,162.52589416503906,162.6284582623742,156.40938057509118,158.76834058656993,613300
2018-11-29,1,159.92453002929688,161.53757076383351,159.4023906627808,160.86624465624692,1079700
2018-11-30,1,159.76600646972656,159.85923750197904,156.97813824708535,157.53758134951656,1360900
2018-12-03,3,165.64939880371094,166.1528861467376,161.4256480500003,162.10629282599672,2413300
2018-12-04,1,158.17161560058594,164.3906935906287,157.92919782564206,163.7193675076132,1625300
2018-12-06,2,155.10401916503906,155.24387281902978,151.29051021522946,153.40705228473445,1097300
2018-12-07,1,148.7450714111328,154.703078825433,148.1576576206209,153.7054229149489,1412200
2018-12-10,3,150.4980010986328,152.0551002905192,148.07376646295018,150.60056520000165,915800
2018-12-11,1,150.55393981933594,153.70544194275803,149.61222525285,152.74507547802818,1475500
2018-12-12,1,154.05043029785156,156.0271047780546,153.60288431175906,155.10404207094072,917700
2018-12-13,1,152.9967498779297,154.41399479643292,152.64244931872187,153.8638849533486,698200
2018-12-14,1,150.14369201660156,153.08073304642943,149.94789686913603,151.43040275172606,692500
2018-12-17,3,149.7427215576172,153.09933678915334,148.8289637327604,150.11567406315694,686500
2018-12-18,1,151.58889770507812,153.5935428100732,150.83365944903096,152.14832660015068,710200
2018-12-19,1,143.47706604003906,151.96185903433937,142.9735643555873,149.13670098154694,1580600
2018-12-20,1,142.358154296875,146.16233007667216,141.43509175234877,145.64952387514776,2719400
2018-12-21,1,138.41416931152344,142.2742877907996,137.9945939995389,141.5097305465306,1805700
2018-12-24,3,135.20672607421875,140.31626591546913,135.02024973726952,139.05752574340494,321500
2018-12-26,2,142.58197021484375,142.665882425949,134.73119894549512,136.58667178980042,634500
2018-12-27,1,143.95257568359375,143.97122758175303,139.458435678826,139.71017228144265,725800
2018-12-28,1,144.6052703857422,147.02950531050374,144.29757804494486,146.88963739528765,676500
2018-12-31,3,145.09939575195312,146.41407693560208,143.54229683906368,145.49100018867733,356500
2019-01-02,2,145.73348999023438,146.61926329825894,143.4397896907369,143.85004618554402,602500
2019-01-03,1,137.6962127685547,141.9292979092417,137.416505394386,140.96893131864482,1078600
2019-01-04,1,143.65420532226562,144.4840368857068,139.8966377454657,140.4653996638172,589500
2019-01-07,3,146.9362030029297,148.4933017761319,145.28587321633452,145.91989532542112,971900
2019-01-08,1,145.85462951660156,148.03644592316274,145.0341311045329,147.78469514024664,531700
2019-01-09,1,151.9059295654297,152.56793687625623,150.08776051066877,150.95488181861955,779900
2019-01-10,1,151.61685180664062,152.02710815436126,149.65881532060237,150.38608276347875,1028100
2019-01-11,1,151.06675720214844,152.3254828766798,149.99449359729266,150.58190744841164,639600
2019-01-14,3,147.96188354492188,149.50966390133004,147.5609459750723,149.27656496430097,680200
2019-01-15,1,148.46536254882812,150.01314281724666,147.57958948391894,148.17632215970053,482700
2019-01-16,1,146.6471710205078,148.61452620083054,146.563258835511,148.40939804157588,537600
2019-01-17,1,146.88961791992188,147.90594008437546,144.72646721158543,145.2486065471415,953000
2019-01-18,1,151.70079040527344,152.92222659946628,148.12039402827364,148.41875327940838,1664700
2019-01-22,4,148.71710205078125,150.1156954869955,147.29053788402098,150.02245023368997,968500
2019-01-23,1,151.1599578857422,152.9594886462626,149.79866838716043,152.28816273041554,1458900
2019-01-24,1,157.4816131591797,158.07834578170718,155.98045565493004,156.2042357235883,1385700
2019-01-25,1,164.71702575683594,164.88485015170806,160.959472270088,161.50026347672454,1352900
2019-01-28,3,162.376708984375,163.57017436807052,159.6634482512468,160.12964611135376,2261100
2019-01-29,1,162.8056182861328,162.9641238522854,160.6797571690288,162.6471127199802,966800
2019-01-30,1,165.21121215820312,165.58416478297616,161.99444953103583,163.3091167810608,687600
2019-01-31,1,163.19723510742188,164.5771769024837,162.47928636056173,162.89887585073075,562100
2019-02-01,1,166.34869384765625,166.5538220072754,164.26944152308275,164.83820337889458,795000
2019-02-04,3,167.42095947265625,167.570146190153,165.83588972413156,166.3673478427746,543000
2019-02-05,1,169.3323974609375,169.8172472481178,167.42098327455045,167.65408221856765,650800
2019-02-06,1,174.2274627685547,174.40462022963737,171.57946236929075,171.6074331023849,1554900
2019-02-07,1,168.8568572998047,171.57011781887215,168.1202567717006,171.15054262332387,1474500
2019-02-08,1,168.82891845703125,169.2951163684135,165.8172697058956,166.06902056166675,633100
2019-02-11,3,166.45127868652344,167.72865619936573,166.03170348123928,167.29042909709173,653300
2019-02-12,1,170.43258666992188,170.87081374320078,168.12958261067644,168.12958261067644,901600
2019-02-13,1,169.9850616455078,171.1878600930329,169.77993344867764,170.2741020427059,653800
2019-02-14,1,171.86846923828125,172.37195656299608,170.3113704151042,170.7962058456513,1060100
2019-02-15,1,171.90582275390625,172.58648198560152,171.09464289615912,172.57714892143213,824400
2019-02-19,4,170.12493896484375,171.18786957674513,168.69836034340966,168.7076934065651,900500
2019-02-20,1,171.4209747314453,171.81257926294307,169.5188793187637,169.57482079080182,600400
2019-02-21,1,170.19017028808594,170.89878583293572,168.8941409536934,169.5188443078165,712700
2019-02-22,1,172.39065551757812,172.6144356269997,170.91746847515478,171.84986425689888,495600
2019-02-25,3,174.34866333007812,175.54212859388176,173.69597500971173,175.1039015112258,737200
2019-02-26,1,172.82887268066406,173.8638325076506,172.2041692502819,172.78225004882634,660600
2019-02-27,1,171.67266845703125,172.6143970917846,169.94774518222263,172.6143970917846,387900
2019-02-28,1,170.50721740722656,171.43029438193255,170.22751004570748,170.9268069039672,318500
2019-03-01,1,172.5957794189453,172.7449661548353,170.77761053538038,171.94310523346434,389800
2019-03-04,3,173.1085662841797,174.106222153664,171.150529881093,172.8288447655634,558300
2019-03-05,1,172.05499267578125,173.22048740437523,171.70067772557488,172.1668756170125,258700
2019-03-06,1,168.91281127929688,171.9151266221812,168.80091411889111,171.84053325765387,499300
2019-03-07,1,165.51890563964844,167.9710969078723,164.96878130747888,167.95245923556405,648300
2019-03-08,1,166.74961853027344,166.87083450578206,163.70069529277924,164.06432899207798,415700
2019-03-11,3,168.84750366210938,169.78923225589614,166.2554452184604,166.2834159462732,609900
2019-03-12,1,170.17152404785156,171.12257158937948,168.5864542967907,169.69600739070185,509000
2019-03-13,1,170.19017028808594,171.551474144529,170.05963547121289,171.32769407536318,418500
2019-03-14,1,170.8988037109375,171.82188058717958,170.3766643888234,170.8615141424563,524100
2019-03-15,1,179.77520751953125,179.91507540688454,174.92675286309114,174.95472359511604,1445100
2019-03-18,3,177.7518768310547,178.48846301309212,176.57706362761388,177.649312757381,589500
2019-03-19,1,177.910400390625,179.53277384029525,176.58640035905728,178.63766781321533,683400
2019-03-20,1,178.21804809570312,179.6632637455344,175.65396086211425,177.61199680410812,584100
2019-03-21,1,181.220458984375,182.24610011597983,177.09927101169032,177.10858984843884,770100
2019-03-22,1,175.05728149414062,178.91739887650684,174.7775599565605,178.4232303252476,937000
2019-03-25,3,173.7332763671875,175.2344338739811,172.66101287534752,173.7332763671875,1028700
2019-03-26,1,174.62840270996094,175.24378735104426,173.49089292569738,173.60277586871953,414800
2019-03-27,1,171.61676025390625,175.25311223188308,170.72166829705944,174.4792220485744,786700
2019-03-28,1,171.74728393554688,172.46523260332614,170.41396492261464,171.18785505565967,312100
2019-03-29,1,175.3369903564453,175.681972165759,172.9593787997366,173.68664620853306,687400
2019-04-01,3,179.46755981445312,179.95240966868815,177.86383771964165,178.3113979976582,647500
2019-04-02,1,180.73556518554688,181.05257628465236,179.3556236392073,180.86610000442727,498300
2019-04-03,1,184.37191772460935,185.25769073115455,183.2903353750121,183.83112654981073,691700
2019-04-04,1,184.9686737060547,185.5654064178312,184.0828863604856,184.8474577056652,437500
2019-04-05,1,187.77517700195312,188.08286930258905,186.94534536468535,187.01061989537928,503300
2019-04-08,3,189.7984619140625,189.9103448426955,187.99894508481293,188.34392693291736,503600
2019-04-09,1,187.9430389404297,189.28567701803337,187.47684101387475,188.4372076043994,708300
2019-04-10,1,186.2832946777344,187.15042990947785,185.16442289919823,186.56301617917504,611600
2019-04-11,1,184.5304412841797,185.77984814070376,183.95234626036748,184.35328382013543,453300
2019-04-12,1,189.10853576660156,189.1644772420256,187.10387612477143,188.1854587404092,430900
2019-04-15,3,186.32994079589844,188.09216798180188,185.5560507094544,187.67259279034457,389400
2019-04-16,1,189.8544158935547,190.6376391273027,187.4861369755891,187.7658585428398,755200
2019-04-17,1,189.6120147705078,194.77748136003365,187.0199555257204,194.2926457766105,1280500
2019-04-18,1,191.98959350585935,193.03387209093592,190.74950557246663,192.12012832899393,1007900
2019-04-22,4,191.6166229248047,191.9522859244168,189.95695982317488,190.7867913739898,357500
2019-04-23,1,191.4114990234375,192.176070294674,190.2366856121544,190.3112789723162,438200
2019-04-24,1,191.52342224121097,193.76116644167752,191.32761286573557,191.6632759185286,485700
2019-04-25,1,192.26931762695312,193.2949443289829,190.22736883057485,192.8753691223694,756700
2019-04-26,1,195.4539337158203,195.51053004310415,191.66182145626672,193.256018512383,637900
2019-04-29,3,194.7087249755859,195.51053026932817,193.4352500351219,194.23706972264017,365800
2019-04-30,1,196.98211669921875,197.1613336136189,194.59552775648817,194.92569220773785,337500
2019-05-01,1,194.68983459472656,198.91586119368495,194.67096435630356,198.01971918454825,391200
2019-05-02,1,194.2559051513672,195.71803916057215,192.5202174574678,194.8313250752308,405500
2019-05-03,1,196.85003662109375,196.8594789385128,194.5295007527028,195.0483244285712,345200
2019-05-06,3,193.5390167236328,193.88803700833373,189.65258200606732,190.77512382243387,413200
2019-05-07,1,189.31297302246097,191.49201781877403,187.16222638762395,191.49201781877403,623100
2019-05-08,1,190.0110015869141,192.02969960382148,189.51104824056145,190.25627149599015,573400
2019-05-09,1,187.7093811035156,188.605523292983,183.70031106146595,187.13396106290563,688000
2019-05-10,1,187.47357177734375,188.66213806539537,184.3512013015872,186.87928143642853,780200
2019-05-13,3,179.64405822753906,182.98337114429248,179.1535327255281,182.43624931392952,994000
2019-05-14,1,186.81317138671875,187.6904574782249,183.69081649797772,184.2662363749263,1036700
2019-05-15,1,189.25640869140625,190.64307641323956,183.90783936166804,184.07762835922605,711300
2019-05-16,1,190.68080139160156,192.12406543753704,188.7187136443023,189.17149869559375,708600
2019-05-17,1,189.79408264160156,192.86928429296455,189.36959576645953,190.4166710684909,700300
2019-05-20,3,179.68177795410156,184.2002432579228,178.1630474907255,182.879599936766,1287300
2019-05-21,1,182.7664031982422,184.09647441279745,182.13438691185488,183.47388604933215,736600
2019-05-22,1,180.6722869873047,182.85133227789203,180.62511857622025,180.62511857622025,505300
2019-05-23,1,179.8138427734375,180.6062345321319,178.0970251494475,178.8233782641774,835500
2019-05-24,1,179.0403289794922,181.73819748278856,178.91769401314107,181.08731095950256,432200
2019-05-28,4,180.16287231445312,182.41738376785096,180.0685355096982,181.70045859677472,665700
2019-05-29,1,177.87063598632812,179.30447206049624,176.30473701018246,177.87063598632812,1154100
2019-05-30,1,179.12521362304688,180.40811635957704,178.10643665046925,178.42715873615816,465300
2019-05-31,1,177.38954162597656,179.12522948386007,177.0405069547393,177.9272211238556,777300
2019-06-03,3,176.3801727294922,179.08748333713504,175.74815649531055,177.8894751113232,527300
2019-06-04,1,179.6629180908203,179.75724050136674,177.44613273323523,178.25738031156686,922600
2019-06-05,1,178.6630096435547,181.3137243387461,178.10645988218656,180.95526172929303,356400
2019-06-06,1,181.83251953125,182.1532560277014,179.43651729026834,179.86100411954845,399300
2019-06-07,1,185.4737243652344,187.20942679726832,183.9078397186428,184.5398560892978,482300
2019-06-10,3,187.0207672119141,188.12443896242016,185.03982345220257,185.14358820107637,755900
2019-06-11,1,188.75645446777344,191.17132727070748,187.7754033954707,190.8883312154749,520400
2019-06-12,1,185.6623687744141,188.2376022601236,185.57745989505815,188.2376022601236,464500
2019-06-13,1,186.7094268798828,186.90752840384587,185.84158300977415,186.54906583371027,268300
2019-06-14,1,181.13442993164065,182.19093275720107,179.70059438711473,180.69107298296336,482300
2019-06-17,3,178.88941955566406,181.52124976620425,178.79508273923548,181.1156331218715,476400
2019-06-18,1,183.6814422607422,184.70021944197032,178.74793182406623,178.74793182406623,1358900
2019-06-19,1,185.6623687744141,186.98299764047664,184.24740310630057,185.33220436101087,358200
2019-06-20,1,190.22799682617188,192.06744940251315,189.1243252803671,191.59579415761664,431100
2019-06-21,1,190.8034210205078,191.30337443965303,189.04886289493788,189.88840867367009,562900
2019-06-24,3,191.3034210205078,192.30332810226767,190.43557686664496,191.85997090280364,476800
2019-06-25,1,187.75648498535156,191.57689476643935,186.8886411940497,191.30334109928577,535400
2019-06-26,1,192.80323791503903,193.35035974760393,191.56750342845996,192.80323791503903,784500
2019-06-27,1,193.3692321777344,193.87861353449577,192.52024405809672,193.08623613785517,345100
2019-06-28,1,196.14256286621097,197.87826528043192,195.8501388881095,197.40660998832587,405000
2019-07-01,3,202.7834625244141,204.3116209524296,200.8968414947549,203.7267730392436,634200
2019-07-02,1,202.2646484375,203.0664681705729,201.26474154745028,202.3589852509592,572400
2019-07-03,1,201.7080841064453,202.61365411768892,201.29302518721877,201.7080841064453,297100
2019-07-05,2,197.85940551757812,198.45369582311545,195.44453259710227,197.65187602655803,428600
2019-07-08,3,196.2368927001953,197.63298828489968,195.0954949944239,196.7462884580612,425300
2019-07-09,1,194.89735412597656,195.5576684994611,193.6616198569326,194.2181695150285,530000
2019-07-10,1,196.32177734375,197.4443191456981,195.23697602244903,195.7369294377035,986500
2019-07-11,1,196.9066467285156,197.8593851893843,195.54827725186317,197.7273222899196,269600
2019-07-12,1,196.37838745117188,197.2085053583476,195.62375051058703,196.24632454719185,427400
2019-07-15,3,195.0388641357422,197.3311160219443,194.36912177443668,196.51044053361,681300
2019-07-16,1,193.3786468505859,195.1992291533865,192.77492872397417,193.75596528205247,639200
2019-07-17,1,205.33042907714844,207.1321558873607,203.0098929203683,205.31155883374177,2050400
2019-07-18,1,213.80133056640625,214.1220670929262,209.0093256351998,209.12251829527935,1750500
2019-07-19,1,210.94308471679688,212.1788191413345,210.46200155424597,210.53746811982225,790500
2019-07-22,3,214.82955932617188,215.1880075632337,212.5184368615855,212.5184368615855,787500
2019-07-23,1,217.15951538085935,218.2160185292202,216.319969616085,217.78208936827153,831100
2019-07-24,1,220.79122924804688,221.20628812578573,216.97081926093625,217.14062261718135,786500
2019-07-25,1,217.00857543945312,219.76304027111004,216.69728125862463,219.56493874011903,521700
2019-07-26,1,217.76321411132812,219.23477604931165,217.74434387285345,219.05554476823872,399700
2019-07-29,3,217.87640380859375,218.149957490792,216.38597165228853,217.5368114895144,325900
2019-07-30,1,215.39549255371097,216.40484158731223,214.4427542346889,214.75404839289,462000
2019-07-31,1,210.17901611328125,214.4710818877508,208.6697279070981,214.18808585103633,519500
2019-08-01,1,208.88670349121097,216.9331418318303,206.75481230355496,213.1693273213992,834200
2019-08-02,1,207.44337463378903,209.92427097217276,205.82087974199175,209.92427097217276,555700
2019-08-05,3,200.10447692871097,204.15127296316876,198.378216848794,204.11354687342163,693900
2019-08-06,1,202.7080078125,204.2644644954965,200.50066453319613,203.35889440880737,481400
2019-08-07,1,203.47210693359375,203.9815027516371,200.35917886994815,201.46286501111595,428700
2019-08-08,1,207.556640625,208.0471661919746,204.3871162735408,204.6040736922153,627600
2019-08-09,1,203.74562072753903,205.0379513838013,201.1326468604295,204.5379980177827,415100
2019-08-12,3,202.29290771484375,204.3304615861468,201.5854249312336,203.8022100773884,292000
2019-08-13,1,206.7736663818359,208.28296899526325,199.40641340689663,200.6610181456306,587600
2019-08-14,1,196.88775634765625,200.21764105204937,195.3312998779065,198.8687140307696,914100
2019-08-15,1,197.9631195068359,199.34978693503996,195.8123729638612,197.47259407257567,671500
2019-08-16,1,200.78366088867188,201.23644593270583,197.2368039280374,197.42546316357016,574500
2019-08-19,3,203.462646484375,205.1039975620128,202.9343949010536,204.5285919681475,329200
2019-08-20,1,202.5193328857422,203.9625967945205,201.94391290687284,203.4154749790565,275200
2019-08-21,1,204.72666931152344,206.2171015752534,204.23614383888153,206.2171015752534,298100
2019-08-22,1,203.05699157714844,204.5474237368044,201.54770357300495,204.04747037617113,376100
2019-08-23,1,198.56683349609375,204.2266957335121,197.7178599179906,201.519399569288,591500
2019-08-26,3,201.8590545654297,202.2835414863032,200.2742851620492,201.73641957286105,296800
2019-08-27,1,201.9344940185547,203.4437822448817,201.0194816441056,203.1041898750472,359700
2019-08-28,1,203.5192108154297,203.6984420874019,200.31196133876793,201.0948962735299,317500
2019-08-29,1,207.2830810546875,209.29232288978807,207.08497949100155,207.57550504421337,370300
2019-08-30,1,209.99037170410156,211.31100077692028,207.64152314554104,210.61296015004925,357600
2019-09-03,4,207.5471954345703,209.01875761929767,206.49067780945612,208.14147130530895,598700
2019-09-04,1,214.38616943359375,214.5559584051317,211.4713292115495,211.99959515292065,432700
2019-09-05,1,223.64947509765625,224.53618923936727,222.33827412468105,222.95143456430748,982300
2019-09-06,1,225.03611755371097,226.49825149290297,223.72491672687624,224.68709732593675,872100
2019-09-09,3,227.64910888671875,228.5829913986392,225.34742912351876,225.526660409079,536700
2019-09-10,1,227.96983337402344,227.96983337402344,224.61165049491737,226.46054529922776,735500
2019-09-11,1,231.33746337890625,231.33746337890625,227.56422152281183,227.97926603621093,782500
2019-09-12,1,232.8373565673828,234.1391297982726,230.7337779646806,231.20543326355053,828000
2019-09-13,1,234.8748779296875,236.9878841598792,234.29001565345197,236.1672086611012,934000
2019-09-16,3,232.2524871826172,233.30899034863793,231.4789656547977,232.12985221021265,398900
2019-09-17,1,234.0353546142578,234.33720650730183,231.29974536660697,231.7336745554677,730000
2019-09-18,1,235.62953186035156,236.3370147605686,232.6298112724441,234.61076915056233,519400
2019-09-19,1,235.44085693359375,237.8180033500763,235.44085693359375,236.2332342744961,394700
2019-09-20,1,231.8563232421875,236.65778549167945,230.79981989781416,236.48798208631743,819500
2019-09-23,3,234.393798828125,235.120151973808,231.9034595795597,232.23362402590013,296100
2019-09-24,1,232.42230224609375,235.7710578137472,231.24316397535503,234.6390879525936,605600
2019-09-25,1,233.4976348876953,233.9692901134037,227.49817984093357,228.9131455180587,518300
2019-09-26,1,233.978759765625,235.4880625145819,232.49776957753323,235.4125959377563,615100
2019-09-27,1,229.8942108154297,233.98817497592736,227.63969927139743,233.0637347060225,564500
2019-09-30,3,234.33718872070312,235.2710712816729,230.94127961438485,231.09219835256349,495000
2019-10-01,1,231.4789581298828,235.98798107313985,230.80920135576815,235.0446705930647,655300
2019-10-02,1,226.6680908203125,229.71499432880697,224.7814696779131,229.6866961631731,710100
2019-10-03,1,230.4979248046875,230.99787821465463,225.01727874762113,227.25293440460013,531000
2019-10-04,1,232.09213256835935,232.39399886791276,230.3375742850932,230.6111424182856,518000
2019-10-07,3,233.39389038085935,235.2899393707,233.1674906711476,233.38446245728755,515900
2019-10-08,1,228.3566131591797,231.6770702307473,227.81891925200037,230.2149360411878,576700
2019-10-09,1,232.30908203125,233.89383677019168,230.960140524716,231.639325239627,431300
2019-10-10,1,237.2331695556641,239.8272735042435,234.29947324170135,235.01638406027655,835700
2019-10-11,1,245.2607421875,247.5812780722976,243.12885113954545,243.75143955498936,1034300
2019-10-14,3,246.8077850341797,247.1473630126601,244.4023258697306,245.09095293172015,731800
2019-10-15,1,252.37332153320312,254.11845186993384,248.1001257420751,248.50574238390777,1265400
2019-10-16,1,240.0442047119141,245.92103901609823,239.1574906104789,245.50598012659455,1720200
2019-10-17,1,239.37449645996097,242.5912035051174,238.90284115250168,241.6667487389773,1543900
2019-10-18,1,239.99705505371097,240.8271728975435,238.02553956838457,239.59143844878653,1640900
2019-10-21,3,245.66635131835935,246.20404522268583,242.5251399596275,243.1665842029192,790400
2019-10-22,1,240.81773376464844,245.51541607419136,240.6102186947224,244.13819079010588,797300
2019-10-23,1,243.05337524414065,243.32694333655337,239.21409478399983,240.4026751690927,917100
2019-10-24,1,249.94903564453125,250.43013331030468,245.873926539005,246.01541738553905,642300
2019-10-25,1,249.0245819091797,249.69435323168352,247.03421015477775,247.57190416155703,550500
2019-10-28,3,251.4016876220703,253.1467889965865,250.8073974080236,252.23180545835453,683000
2019-10-29,1,249.5999755859375,253.99580617347664,249.2603688207249,253.6373435609118,501900
2019-10-30,1,250.5904541015625,250.93947441611783,246.27951776828448,248.24161992924317,494700
2019-10-31,1,247.1190643310547,250.2602757756429,246.50591823504504,250.2602757756429,630600
2019-11-01,1,255.25982666015625,255.48621196778723,251.07152574367188,252.0619902521093,617600
2019-11-04,3,258.8125915527344,260.53687892682865,257.77043825451466,258.26310831143417,664600
2019-11-05,1,257.5051574707031,259.52313858694873,256.74724359338546,257.5241241108008,382700
2019-11-06,1,254.6060791015625,255.92298835360108,253.72499776875705,255.3734762511104,909500
2019-11-07,1,253.5734710693359,256.5293762052449,253.14715527813735,254.92825610453315,560900
2019-11-08,1,253.23243713378903,254.0945810141799,250.76917303446777,251.81132656640008,743400
2019-11-11,3,252.6923370361328,253.4218298468197,251.18596372831323,252.15230823354833,451700
2019-11-12,1,253.5166473388672,254.99460001394448,252.5881780275726,254.0945806700249,336100
2019-11-13,1,255.72409057617188,256.2640905512634,253.25134346101933,253.93347760527885,422800
2019-11-14,1,255.5440673828125,256.2356558990931,254.04714832587635,254.52085176445252,539200
2019-11-15,1,260.5084228515625,261.0294849743317,259.1915136534774,259.88313095670463,667900
2019-11-18,3,259.08734130859375,261.7021933544107,257.51464253557054,258.7083843673673,430700
2019-11-19,1,257.26837158203125,258.86949180156785,256.17885926246754,258.59476457548465,465200
2019-11-20,1,254.72918701171875,257.694574052374,252.9575414411171,257.031377921777,408800
2019-11-21,1,252.98594665527344,255.3355250920028,252.56908549855453,255.2786830172275,652100
2019-11-22,1,252.2186737060547,256.0177847420275,250.88282646712736,255.67670321317385,616000
2019-11-25,3,256.8893737792969,257.45782369877105,254.02821536511416,254.24610044690843,409800
2019-11-26,1,257.1925354003906,259.43788497984724,256.9462003705558,259.32420078532726,445600
2019-11-27,1,257.2019958496094,257.36303880667157,255.875603264657,256.93672311513086,383300
2019-11-29,2,256.3872985839844,259.04951015768376,256.20728892632616,259.04951015768376,267600
2019-12-02,3,251.621826171875,255.99884196434073,250.03967264454585,255.90409548012855,764600
2019-12-03,1,250.9111785888672,251.0627671253176,247.37734130722424,249.30060460012575,929800
2019-12-04,1,255.57244873046875,256.1882573224417,254.03765445391633,254.81450599895223,447100
2019-12-05,1,259.4379577636719,260.707479812906,257.12628211803053,258.46212960352926,639200
2019-12-06,1,265.35919189453125,267.1403214706803,263.94756488287777,266.03184268975735,724600
2019-12-09,3,262.9243469238281,267.6424435946568,262.83908377413746,267.2824243542538,427200
2019-12-10,1,264.43072509765625,265.53920388848167,262.64962441815976,263.2749164395787,380000
2019-12-11,1,269.10150146484375,269.404649741532,263.79601630312925,263.79601630312925,465600
2019-12-12,1,272.1331481933594,272.1710525648062,266.50554890491367,266.88453479425385,856800
2019-12-13,1,274.643798828125,276.4817416059272,272.0099799024432,273.3553104156479,723000
2019-12-16,3,277.5618591308594,278.49032849700785,275.91338002955086,275.91338002955086,552800
2019-12-17,1,279.3334655761719,281.4651312434924,277.6470823380832,281.36093035556615,401100
2019-12-18,1,276.7943420410156,280.1102654562685,276.55749036849755,279.32390171247624,478500
2019-12-19,1,276.47235107421875,276.4818054848151,273.93330694654276,275.3638720287956,410100
2019-12-20,1,278.1492004394531,278.87869337576393,276.9365207110364,277.35338207823264,824600
2019-12-23,3,280.5650634765625,281.77774302339674,279.91135047191517,279.9587092468649,424900
2019-12-24,1,279.418701171875,279.6650362100439,275.9796096084813,278.5281364012555,219500
2019-12-26,2,280.7544860839844,280.9534333870182,278.7554719099165,279.52286899131815,191300
2019-12-27,1,281.067138671875,282.8008800895931,280.5744687184369,281.8061146894762,317000
2019-12-30,3,279.3808288574219,281.09563299805274,278.20602466510604,280.83036022802594,338900
2019-12-31,1,280.3756103515625,280.89667260021895,277.931284270888,279.4661077904712,298900
2020-01-02,2,286.9031982421875,287.36744725045685,284.7999539184313,285.42524589712224,573600
2020-01-03,1,282.2798767089844,284.93260426932653,282.00512063262545,282.36513985422084,410800
2020-01-06,3,280.03448486328125,280.1671356912456,277.05015927224935,277.7512599538771,617600
2020-01-07,1,283.0756530761719,285.3778443944725,281.7682272176137,282.9619688993507,477700
2020-01-08,1,286.0126037597656,287.24422082386724,284.16514925105713,284.8472831867665,536900
2020-01-09,1,285.5294494628906,287.92638737147985,284.47781294130374,287.3295164960602,579700
2020-01-10,1,280.6029052734375,284.7051924141622,280.0155177542252,284.2693645216338,447700
2020-01-13,3,285.5958251953125,285.75686817932086,281.85355632778334,282.9714895449588,405700
2020-01-14,1,286.6379699707031,289.8117891333013,282.7725622173827,283.416792024175,609600
2020-01-15,1,284.2978515625,287.0169336686193,283.98522000512355,285.7379285633144,505300
2020-01-16,1,285.2452087402344,287.007400312293,283.795677583609,286.63789780542805,547500
2020-01-17,1,284.2599182128906,285.21677933230876,283.53039653997456,285.07467410789604,743900
2020-01-21,4,282.7062072753906,285.40632266653273,281.82512581580045,282.4314511846088,573000
2020-01-22,1,280.6693115234375,285.79478663966876,280.44194310536363,284.7526332025538,1108600
2020-01-23,1,278.84075927734375,281.47454886391205,276.2259074170963,281.31347699622694,713000
2020-01-24,1,280.2713317871094,283.5872554790278,279.0018101859964,281.2756095619314,977800
2020-01-27,3,269.3288269042969,273.4405692972624,268.84564014309194,272.0573633468791,889100
2020-01-28,1,274.91851806640625,274.9943268068952,270.16254599671817,271.17627828467465,1636100
2020-01-29,1,280.5650634765625,282.6019823129361,278.2628429802754,280.4987380615841,965500
2020-01-30,1,278.8976135253906,279.2007906350954,275.25957494661463,275.4964266424664,794100
2020-01-31,1,265.899169921875,273.08998336027605,265.4349498873488,272.8531316834675,1272600
2020-02-03,3,273.0047912597656,273.65850437085277,268.41934507316284,268.7130389158176,823200
2020-02-04,1,283.4925231933594,283.52094423845296,278.7554895940405,279.3997192245338,795300
2020-02-05,1,290.20965576171875,291.1854836019759,287.1116170446665,291.1854836019759,1042000
2020-02-06,1,293.269775390625,293.326617487949,290.49388029190754,291.35602398473804,698000
2020-02-07,1,288.9306945800781,289.55598662767414,287.25379471100143,288.646484064155,1775900
2020-02-10,3,293.3929443359375,293.4119109768461,288.01168040424164,288.0495847734965,373000
2020-02-11,1,299.3900451660156,299.63635128420697,296.54782464216515,296.57624569090115,789900
2020-02-12,1,300.74481201171875,301.0006014350349,298.6699888404724,299.0300080446245,656100
2020-02-13,1,300.5648193359375,301.6259103684185,297.5046848408743,298.3857951737042,742200
2020-02-14,1,299.6647644042969,302.4312050291765,297.9689270203134,300.67849663666345,661400
2020-02-18,4,292.91925048828125,293.89507841241175,290.74970956294857,291.23286740835005,757100
2020-02-19,1,300.6974182128906,300.92478656268827,294.6434756865133,294.7855809051368,1093900
2020-02-20,1,296.9836120605469,299.9300333434949,294.1129706004058,299.2384448804879,1118400
2020-02-21,1,289.9064636230469,294.48242547439435,288.7032674668582,293.88558351230853,1134600
2020-02-24,3,275.12701416015625,279.7030066126386,273.1090324250614,273.84800880146247,1347400
2020-02-25,1,269.62249755859375,280.36608719375863,269.4803923212029,280.00606798399446,1166700
2020-02-26,1,271.261474609375,276.93643109969247,270.5698573574651,274.226862002247,861100
2020-02-27,1,262.6496276855469,271.76367752047145,261.3611392552887,264.1938766600452,1373900
2020-02-28,1,262.15692138671875,262.86747647006115,251.99126516507204,253.72500684690095,1647400
2020-03-02,3,272.3699645996094,272.3699645996094,260.9821455681624,264.9138779034432,1081300
2020-03-03,1,269.34771728515625,281.237688896039,267.3771240411231,277.5238418548063,1916300
2020-03-04,1,285.74737548828125,286.1073947290562,274.7290577492711,277.01231180189205,1289500
2020-03-05,1,273.09002685546875,280.37558790748005,270.9962657945229,275.73330008516416,1453900
2020-03-06,1,272.95733642578125,273.08050392548296,266.49604456408235,269.4993076777008,1148400
2020-03-09,3,250.03013610839844,261.8348169321362,249.98274842009403,251.4891506995539,1759600
2020-03-10,1,265.0466003417969,265.6055670207837,251.06286330708608,263.36967139226823,1699200
2020-03-11,1,250.24806213378903,259.9021114474824,246.85632938049284,258.17785293407076,1175900
2020-03-12,1,228.08819580078125,241.45610683697237,225.0564968163885,232.5125839908028,2779800
2020-03-13,1,243.43618774414065,244.29830248525903,221.54160165882328,243.54038861364864,2637200
2020-03-16,3,217.29721069335935,235.15583354366763,198.59539642181485,209.0452916185111,1496800
2020-03-17,1,225.80496215820312,227.3587089309187,213.18550948347067,219.37207552319595,1642500
2020-03-18,1,186.62966918945312,214.38867663435892,181.1915489982639,202.13871375090264,3131900
2020-03-19,1,202.77346801757812,207.70946360600544,190.0403188293706,194.9857832811526,1634600
2020-03-20,1,204.7346343994141,224.83860973107,204.2514476342302,213.30865517581825,2316700
2020-03-23,3,220.8879241943359,222.92485780677268,210.95910342477845,213.4792093765442,1731500
2020-03-24,1,246.5247344970703,246.8279116356537,237.60964680279343,240.95399191027707,1427600
2020-03-25,1,248.28692626953125,258.0167844515545,238.6991588797343,246.96056242918465,1211300
2020-03-26,1,261.3895568847656,262.56436109662275,247.85110424225456,249.0638128254784,1018600
2020-03-27,1,239.3339385986328,249.84067818336175,238.5665412836911,248.41956776123777,1518300
2020-03-30,3,253.93348693847656,255.9230473417391,246.97952330498424,249.70805998230824,1142400
2020-03-31,1,247.87954711914065,254.4640075121077,245.37837910658757,254.0187251271106,881800
2020-04-01,1,235.91375732421875,244.1277723804451,234.36949410151385,239.81708309207147,715700
2020-04-02,1,234.27476501464844,238.70863659565217,229.50930970948448,231.04410418246047,788600
2020-04-03,1,231.7451934814453,234.95690217077032,229.72721223598467,233.11893054239715,571700
2020-04-06,3,256.8704833984375,258.4336992807136,245.77635470929596,246.32583808811592,807600
2020-04-07,1,258.25360107421875,266.4865679988563,256.74722781961816,265.70968752917014,768200
2020-04-08,1,263.9285583496094,266.5434102183142,259.9778884132586,263.4074962047863,891700
2020-04-09,1,262.25164794921875,270.13407868138216,260.6505283032306,267.3771216976847,728900
2020-04-13,4,259.6842041015625,261.6263764349479,257.70412740147174,260.3947591863465,789400
2020-04-14,1,273.7341613769531,279.25755762987336,270.05821941987506,271.8961903984141,1700600
2020-04-15,1,267.6329345703125,269.57513583528237,260.58422574720765,262.3559007291736,1487600
2020-04-16,1,277.02178955078125,277.1638948123857,271.119462689138,274.58694672255007,1212000
2020-04-17,1,280.100830078125,285.5768405274892,278.1681120040663,285.4063142331035,899100
2020-04-20,3,276.244873046875,282.33672098753533,276.11225112411404,276.3111984645366,510100
2020-04-21,1,266.3066101074219,272.42685077104477,263.919155055723,271.0247070206701,663700
2020-04-22,1,279.4566345214844,279.93033800550813,273.07112080886515,274.7480207337855,596100
2020-04-23,1,274.1795349121094,281.5314212746693,273.14686492150236,275.6385495476051,730500
2020-04-24,1,277.89117431640625,278.48153606718625,272.3017422412421,276.0343942027229,464200
2020-04-27,3,276.9961853027344,280.6717084838742,276.4058233709003,279.7480692830794,689100
2020-04-28,1,277.4913635253906,283.36644722513176,277.1771198632266,283.36644722513176,532000
2020-04-29,1,289.19384765625,290.19367921885924,281.2334367439016,282.13801304269145,968000
2020-04-30,1,274.64422607421875,287.11810579972934,273.33971108534803,286.9562183141417,846300
2020-05-01,1,265.7220458984375,270.2926134745638,264.9031644067902,270.2926134745638,862800
2020-05-04,3,269.6451721191406,269.6927997634141,262.77025679245696,266.2362939482594,1036900
2020-05-05,1,274.56805419921875,278.9957973903794,270.74017517312325,270.74017517312325,821600
2020-05-06,1,277.9483642578125,281.64292072591746,276.8914316806699,279.84327013109123,552400
2020-05-07,1,285.270751953125,285.7754188383762,280.47163634501084,283.6996213902831,570800
2020-05-08,1,289.8509521484375,289.955709720912,285.1280274614173,285.87074557372677,680600
2020-05-11,3,289.8414611816406,291.1840435817559,284.09013946291833,284.32819052178473,513600
2020-05-12,1,282.4522705078125,291.2791909184045,282.08089700827054,290.78405531130784,481700
2020-05-13,1,280.16705322265625,287.06100235628116,276.853372133655,284.2234233689715,1142300
2020-05-14,1,288.08935546875,289.24154341874294,269.76895682560405,272.4922758195381,1296800
2020-05-15,1,278.55780029296875,282.06190446647514,276.23441992469606,278.7577550208633,957200
2020-05-18,3,290.3175048828125,291.9076693630515,283.43305918443036,283.4616241433879,997000
2020-05-19,1,291.6125183105469,297.0781607834417,289.2129743353901,289.29866922104236,687400
2020-05-20,1,310.0757141113281,310.6660759220994,302.3723584377402,303.0293815004267,1084900
2020-05-21,1,303.7434997558594,308.95205602818766,302.1342729090498,307.1809707983247,639200
2020-05-22,1,304.0959167480469,304.2292392832038,299.2968285437813,300.86795964847414,365400
2020-05-26,4,304.57196044921875,309.82814517799284,304.1149211225151,307.04769668505116,540400
2020-05-27,1,303.3055725097656,304.3244378766245,296.24020526224155,303.7435782617097,808100
2020-05-28,1,304.6767272949219,313.35129213546844,304.1434953581948,305.9050786408288,797900
2020-05-29,1,313.7607421875,314.2082792196579,308.74260862414104,309.89479636033104,649500
2020-06-01,3,311.1136474609375,311.5230882384772,308.03801784166296,308.3998600391026,526100
2020-06-02,1,318.7313232421875,319.0074415385246,313.05616527144065,315.83661432936736,717200
2020-06-03,1,329.74822998046875,330.85279009549856,322.65432769320466,324.23498980304254,693900
2020-06-04,1,336.2327575683594,336.49940259850337,330.41480478117677,331.2241840340757,884600
2020-06-05,1,340.1463928222656,346.75469243750354,339.13705867321465,341.84131517246124,899200
2020-06-08,3,332.55731201171875,334.76643269773075,326.7107643604748,334.19510437424964,1001700
2020-06-09,1,332.63348388671875,336.2614086609954,328.68184222709084,330.0530186141808,737200
2020-06-10,1,331.2908020019531,336.52792358360426,331.09081825547696,334.2331086398422,997900
2020-06-11,1,316.97918701171875,328.3389731663698,316.8934630842953,325.2728752835806,919300
2020-06-12,1,326.67266845703125,330.6719082526211,321.13083360568197,329.71020186907856,845000
2020-06-15,3,333.2809753417969,333.2809753417969,320.54047949024164,321.37842377030864,598200
2020-06-16,1,335.2234191894531,338.0324327187284,330.45289673005135,334.4616675843756,863900
2020-06-17,1,345.0882263183594,348.268583925781,343.1838184773435,344.10745744259447,710400
2020-06-18,1,341.7270202636719,344.5074400294216,339.4798034230464,342.39354571430005,494700
2020-06-19,1,343.4314880371094,350.5444542925619,342.4030912687019,347.2974346117177,786900
2020-06-22,3,346.87841796875,347.487813443867,342.62206474635667,345.059704764747,554500
2020-06-23,1,349.1160888671875,354.0294359403536,349.0303649352146,352.89631085447195,604100
2020-06-24,1,344.2978820800781,349.99207200725454,342.3458756593132,348.11622911447404,613500
2020-06-25,1,349.03033447265625,349.39217661088105,341.44126808485254,345.1453552736769,465100
2020-06-26,1,344.4693298339844,350.60152594531706,343.7456454919762,349.8683102644003,493000
2020-06-29,3,347.37353515625,347.6496824497705,340.9937568017035,345.5833870061881,612800
2020-06-30,1,350.439697265625,351.27764157926237,344.8788284357173,344.90739339827473,678600
2020-07-01,1,350.0206298828125,352.49636584711544,347.8115098494987,350.4396019256464,516600
2020-07-02,1,355.38165283203125,357.9145194921454,354.6103697544324,355.705398773088,449400
2020-07-06,4,367.03656005859375,370.8739411663185,365.1702482821096,367.8173743432824,752900
2020-07-07,1,363.7609558105469,370.03597658327743,363.61813102461934,366.9794099285909,410900
2020-07-08,1,373.197265625,373.40675164427614,368.39817891623994,370.2454277384571,599300
2020-07-09,1,375.8539733886719,376.7680811148941,367.6459793539983,376.549092787183,644200
2020-07-10,1,376.9299621582031,380.1103200559883,373.2163723409665,380.0055625045103,667200
2020-07-13,3,370.0455322265625,383.6144399011107,369.33137919106,378.84388832508614,1083600
2020-07-14,1,377.8631591796875,378.54874732845144,366.9890040849997,368.1506943076563,880100
2020-07-15,1,357.4859313964844,369.1599614300395,354.70551206221853,368.6648258242144,1640300
2020-07-16,1,366.8080139160156,375.0350410933783,355.0006905181471,356.2195104354956,2240900
2020-07-17,1,365.25592041015625,368.55053803731306,361.94224010570673,367.007972242487,1048700
2020-07-20,3,372.768798828125,373.7114714044074,363.8180587866175,365.5606082227873,972600
2020-07-21,1,365.4749450683594,373.54011408455017,364.8464869433232,373.3972892968056,823700
2020-07-22,1,373.8353576660156,375.692138335873,371.1215700081082,373.854391287919,710100
2020-07-23,1,365.8653869628906,375.3683651574055,363.6372328854504,371.4071926667464,990800
2020-07-24,1,350.10638427734375,357.22888115763334,349.2398750895534,353.277240092539,1628900
2020-07-27,3,363.5324096679687,365.446348836836,358.2762545160565,359.9235486920062,1080300
2020-07-28,1,358.37152099609375,363.4943837016466,358.2096625721725,362.8944904694328,502000
2020-07-29,1,347.19256591796875,348.6589679952196,344.40261558927546,347.55440803329935,1446700
2020-07-30,1,345.39300537109375,345.4787002534442,337.89913465731456,338.84183648109536,1010400
2020-07-31,1,336.8136291503906,344.85023392964507,333.97605052393646,344.6502792088734,954900
2020-08-03,3,349.0874938964844,349.6016921921164,342.6220496699595,343.7646770326353,862400
2020-08-04,1,352.6297912597656,354.096193958506,350.6016205929685,350.8206089753022,833400
2020-08-05,1,350.8966979980469,355.372039269046,349.18271339852777,353.2772079482462,591300
2020-08-06,1,351.58233642578125,351.89655099830844,346.77368820167794,350.45871348340546,402100
2020-08-07,1,348.57330322265625,353.42954912751037,345.0120407276522,353.02007934858125,572500
2020-08-10,3,347.9449157714844,349.2494307844284,342.3554821594877,347.32598889674733,547900
2020-08-11,1,344.0408630371094,351.7156258028031,343.42193618032053,348.54479891739857,627000
2020-08-12,1,356.89556884765625,358.0572588572447,348.1638746869852,349.06845102609213,565400
2020-08-13,1,356.8480224609375,360.06647701027504,355.1721339242497,358.5810118606887,470700
2020-08-14,1,353.3629150390625,356.26712565515277,352.00127027461156,353.3438523610677,543900
2020-08-17,3,360.4187622070313,362.3136389568473,358.26677176744755,358.6571789127944,428200
2020-08-18,1,359.19049072265625,365.62740079409264,358.97147328247956,365.2750608097299,466500
2020-08-19,1,357.0195007324219,362.24709330653974,356.08633000971184,362.2090260550606,354400
2020-08-20,1,354.3818359375,355.5339948375951,350.77297402517667,351.8775343407335,498200
2020-08-21,1,354.33416748046875,354.3436988198645,348.06867759895306,348.64950812286276,605400
2020-08-24,3,359.9235534667969,362.599244179916,356.62893601223334,362.0755436430686,590700
2020-08-25,1,362.6278076171875,362.6278076171875,358.2857600481503,361.1709367757205,378200
2020-08-26,1,367.474609375,368.1887624311821,361.913712005642,361.92324334525904,417600
2020-08-27,1,358.2381591796875,368.312463845831,355.40058104292285,368.236300318335,636100
2020-08-28,1,361.3328857421875,361.73282424432347,356.886079873819,358.1429962417176,490200
2020-08-31,3,356.29571533203125,360.3521140077348,355.46730243267484,357.9525701897064,533300
2020-09-01,1,368.4078063964844,368.4078063964844,364.0562261429531,365.7511484898494,634500
2020-09-02,1,379.44378662109375,381.97665290810664,371.82615414007864,376.74906191687785,904300
2020-09-03,1,358.18109130859375,370.7025691868613,352.3916742115775,370.50261446596295,1258500
2020-09-04,1,349.8588562011719,353.26773421982875,335.99473725603355,348.0306114753299,1206300
2020-09-08,4,330.748046875,336.4993668526535,326.8440048796495,328.86267259830026,1541000
2020-09-09,1,342.19354248046875,344.2598379201436,336.6136410597034,340.86046270920735,847300
2020-09-10,1,339.9368896484375,349.2780102577572,338.06104626589007,346.8594035226278,678600
2020-09-11,1,342.0602722167969,349.6017120390492,340.4986436225049,346.602275085677,678700
2020-09-14,3,350.35394287109375,352.29644717196254,347.89724027256204,352.0964634090625,575700
2020-09-15,1,352.553466796875,356.84791535368487,351.4584382080815,356.64793162765255,717100
2020-09-16,1,345.0597839355469,355.15315489009885,345.04072125263247,354.21998425529466,973900
2020-09-17,1,349.2113342285156,350.05880985468104,338.16578953949863,338.5181004190635,901000
2020-09-18,1,348.83038330078125,353.1819622234502,342.72675263864994,352.59160043785465,912200
2020-09-21,3,345.2882385253906,345.65008072489474,335.7185991536996,338.32762903165315,657900
2020-09-22,1,347.211669921875,347.6496756120115,341.5841409663822,346.59271409357893,971200
2020-09-23,1,340.4700927734375,349.0589632211083,339.8701995461093,347.75444826464553,709800
2020-09-24,1,342.9457702636719,346.2118227632107,336.77547834778153,337.6991173204833,768400
2020-09-25,1,343.2505187988281,343.85038292750755,334.3093090191629,335.9566324503846,724100
2020-09-28,3,353.3247985839844,353.73423931206776,346.9355181577337,348.41142267010804,821900
2020-09-29,1,356.1242980957031,357.9144462756713,351.9060413250301,352.38214332783184,608800
2020-09-30,1,351.620361328125,355.410143716996,349.9349707059505,351.15379066605095,867800
2020-10-01,1,363.75146484375,364.3608603023132,356.524239861451,357.58117236914546,891600
2020-10-02,1,352.31549072265625,357.7620989307811,352.31549072265625,354.60077458041644,711600
2020-10-05,3,363.8466796875,364.1228270016136,356.9908278858046,357.2193475615059,649900
2020-10-06,1,352.4202575683594,359.3428002100998,350.9443527864147,356.31479804258254,686600
2020-10-07,1,357.8382568359375,358.53337622737996,353.86758237059394,356.53374198619724,550900
2020-10-08,1,362.6850891113281,362.7422190413556,358.44776859416174,358.761983209313,686700
2020-10-09,1,370.3978576660156,371.3405594701093,367.3317593504477,367.36032431063467,539300
2020-10-12,3,379.9674682617187,381.8337798471567,376.5299969284963,376.5299969284963,840300
2020-10-13,1,385.7854614257813,389.5561812918904,379.243824313097,382.3194538269637,1027900
2020-10-14,1,379.0057678222656,386.5948350821731,376.5966927955652,383.3954434987598,954800
2020-10-15,1,368.0934753417969,369.37895644214234,362.523076612938,365.4558518927347,786200
2020-10-16,1,368.4078063964844,373.6258959760927,367.4270372136,372.0833297912616,594500
2020-10-19,3,366.8937072753906,373.5210387324996,365.4463677104235,373.4448752012735,392700
2020-10-20,1,366.5605163574219,370.66451408613574,365.8939908606895,368.3316312591239,356800
2020-10-21,1,364.6941528320313,370.68352447066445,364.6751192121696,367.217487764377,359100
2020-10-22,1,357.5527038574219,363.82772651793664,357.4574776185024,362.8850535882609,611700
2020-10-23,1,360.4662780761719,361.418481902252,356.25755343791235,360.7328939851161,467600
2020-10-26,3,349.9254455566406,356.9622472036062,346.60226283002237,353.7913915481048,900400
2020-10-27,1,348.85894775390625,352.82965091166284,347.04023476799034,350.80145189964776,968700
2020-10-28,1,345.51678466796875,347.6211767664745,340.2987245124206,342.28882770314897,953100
2020-10-29,1,353.1344299316406,355.9339125589169,344.9074008878436,345.97386492509827,808800
2020-10-30,1,343.9456481933594,348.3448266569175,341.8508165273129,346.4213847613817,821100
2020-11-02,3,349.1036682128906,352.07652759111176,345.767591924306,348.4058810073734,893200
2020-11-03,1,355.6515197753906,359.7905757576555,351.6367352398115,352.2102800551372,813500
2020-11-04,1,366.109130859375,367.9826837787234,355.900141731138,357.1810422392839,2451500
2020-11-05,1,380.6292114257813,382.0534908011172,376.1078011926695,379.6828812820835,1115500
2020-11-06,1,388.32415771484375,389.5285990369955,380.6291872430399,384.3667534975945,710700
2020-11-09,3,388.4101867675781,402.0986589530384,388.40064762026987,398.647879707192,1273700
2020-11-10,1,381.6902465820313,392.0235066867877,380.4284827748396,391.07717653846737,1323100
2020-11-11,1,399.61334228515625,400.17734805154,389.31832630190206,389.4330294504187,933300
2020-11-12,1,394.5183410644531,402.6052323815814,393.8396614506741,400.5213811230087,800800
2020-11-13,1,401.08538818359375,402.79645441100155,398.01696262516066,401.0662807182634,582700
2020-11-16,3,407.70025634765625,407.834066961075,401.1236703586494,401.4295648631859,547300
2020-11-17,1,407.6715393066406,408.59876187413875,403.6280787794,406.18034021255954,524600
2020-11-18,1,405.1193237304687,408.5127515925382,402.452358860758,405.41564991913594,543600
2020-11-19,1,404.6890869140625,404.70822354979174,398.4853163336913,398.90591391592335,914100
2020-11-20,1,404.9090270996094,409.5068963803752,404.8421072058812,405.3391930773409,484000
2020-11-23,3,408.31195068359375,410.6921572737851,403.3412970549433,409.1149017504134,596000
2020-11-24,1,405.55902099609375,408.7517182879161,404.3641479450357,406.6583275404314,610400
2020-11-25,1,404.8038330078125,405.95089349432385,402.19422007981353,404.59353420953016,308200
2020-11-27,2,418.4636535644531,419.37176875978855,409.8701358419127,410.3958683202402,432500
2020-11-30,3,418.4254760742187,421.8284725238366,414.54453035727585,421.11154862284894,508500
2020-12-01,1,429.42779541015625,431.8080023046469,424.8777387831395,427.382187967577,685100
2020-12-02,1,431.1101989746094,432.1712322468289,424.66745278607647,427.4395524440333,1050700
2020-12-03,1,432.9264221191406,438.9677076027217,432.36244550825825,436.85518009895776,677900
2020-12-04,1,443.9096374511719,444.0147722645765,433.4712148995215,433.97783984524807,660800
2020-12-07,3,449.0141296386719,450.2376783249006,443.63241741421893,444.0721224745991,632900
2020-12-08,1,447.9052734375,450.0847203946577,444.4353579409868,445.37214877681026,738800
2020-12-09,1,432.9168395996094,445.41040949463854,430.6513358914535,443.3456654537485,868800
2020-12-10,1,437.61029052734375,438.6426771701209,429.31309913829193,431.2440326409398,539300
2020-12-11,1,432.6682434082031,436.9888931346306,431.9130755984656,433.7961963780841,512100
2020-12-14,3,433.0124206542969,436.6735279789035,432.2286061118604,432.3910925088745,546100
2020-12-15,1,448.60308837890625,448.9089828551101,441.51990720714815,444.0243562411985,639200
2020-12-16,1,450.7347412109375,451.4134208614265,444.5022945619788,447.35085293339296,524900
2020-12-17,1,456.2503051757813,460.09303550231334,455.0172172149642,457.6172620898084,477300
2020-12-18,1,456.1929931640625,458.3055498636158,453.4017858657849,457.3878662952413,730700
2020-12-21,3,451.43255615234375,451.4516636171942,439.2161766214471,439.96177615444265,622800
2020-12-22,1,455.1797180175781,457.5121125749398,452.09218468652335,452.59880969937694,431300
2020-12-23,1,453.6884765625,459.2040287891237,453.2870155860318,457.8179644935336,389200
2020-12-24,1,461.7849426269531,463.2283585086133,456.0399840564067,457.8275385224636,271900
2020-12-28,4,459.0606689453125,467.1666984205912,457.33049505947696,465.6563916832558,449300
2020-12-29,1,462.6643371582031,467.8644261499804,461.2304897341109,467.8644261499804,377200
2020-12-30,1,468.3041687011719,470.9328891892239,466.4783993343205,466.60267078850086,381900
2020-12-31,1,466.210693359375,468.8871967775054,462.12901835380137,468.3901401917667,312700
2021-01-04,4,477.94915771484375,482.4896747131348,469.06885419642555,477.93958939674496,1527600
2021-01-05,1,483.07275390625,483.07275390625,472.108628341524,472.3667103823255,1029900
2021-01-06,1,468.6004943847656,477.79623192437606,468.1416526709568,470.1586133763072,977900
2021-01-07,1,479.3160705566406,481.02713665668847,473.66670818567206,474.09687408306024,936200
2021-01-08,1,486.3037109375,491.5994250676027,479.58374679101496,489.9839545433164,734500
2021-01-11,3,485.548583984375,486.46623824256665,477.40431128135253,478.4271295285063,703000
2021-01-12,1,491.2648315429687,492.0868901207628,481.29481876324263,484.7360586542816,651700
2021-01-13,1,491.38916015625,492.87079110099694,486.9155623633631,488.6648437101194,513700
2021-01-14,1,520.6302490234375,522.3030717443603,506.52117491087733,506.7792278857184,1450300
2021-01-15,1,504.2364196777344,513.1740466228099,502.1907830438272,508.8342887727182,869200
2021-01-19,4,525.26611328125,526.2028749407801,507.2091804801387,509.4937914083826,1504000
2021-01-20,1,525.1514892578125,533.5442472164161,519.2057706267058,531.0685029309027,1121900
2021-01-21,1,545.5695190429688,548.4945662183543,540.6657549043199,542.9503663991588,1272100
2021-01-22,1,544.3363647460938,545.5408060853899,537.9700486222163,538.6391891822041,901600
2021-01-25,3,542.5775146484375,543.1605987106705,529.6824536683783,537.3583463603542,966500
2021-01-26,1,524.7882080078125,538.7921425424693,524.2529072514133,538.3428399675341,887700
2021-01-27,1,501.492919921875,515.7262593310313,499.4568519154938,511.3768754769508,1506800
2021-01-28,1,523.0867309570312,529.4148324826975,513.680722716757,518.2021037944797,968600
2021-01-29,1,510.6026916503906,519.5308088666892,505.0011407218824,517.1028478012807,867300
2021-02-01,3,529.9404907226562,530.9728189148278,520.5153471636786,523.2587707113383,849600
2021-02-02,1,529.0897827148438,532.2346675560793,525.2184057295148,529.3574622809456,721600
2021-02-03,1,518.9667358398438,527.3881977799493,518.0491107842887,526.9771684999147,635400
2021-02-04,1,530.9442138671875,531.46037800368,520.2764133091476,522.8382140403844,554500
2021-02-05,1,528.4301147460938,531.6132722878602,526.7190778644173,530.4853193423339,461700
2021-02-08,3,539.1265258789062,541.9273002976023,533.3624323580335,533.3624323580335,716900
2021-02-09,1,540.560546875,546.7069666048366,540.560546875,541.5546602104534,483300
2021-02-10,1,541.8892822265625,547.7871592823229,535.016370089281,546.2290401531285,458600
2021-02-11,1,565.4235229492188,565.6911441867996,548.5232447131536,549.2879518334879,975400
2021-02-12,1,571.6177368164062,574.9347349623786,563.167626717137,565.8632091550069,732400
2021-02-16,4,576.5406494140625,581.8650111906858,572.7457019375346,578.8730441449281,621600
2021-02-17,1,561.666748046875,572.0860046703081,555.8166550288072,571.9617332219339,825100
2021-02-18,1,556.7916259765625,563.4638358183776,550.6452068771722,558.5887194572736,716800
2021-02-19,1,568.18603515625,574.2559666894282,563.3969748132081,565.7389375736735,821500
2021-02-22,3,552.9871826171875,564.0947165184476,551.0753859616398,561.704970699013,753400
2021-02-23,1,550.664306640625,553.6371361674308,535.427286346828,546.5061142866396,1004800
2021-02-24,1,568.76904296875,569.6771580003184,540.608258732824,548.0547436482838,1023000
2021-02-25,1,535.0834350585938,560.5390221589082,534.9782418603754,556.9352653826727,1288900
2021-02-26,1,542.0802612304688,548.1979738616365,535.9720585715384,547.0987260891097,946500
2021-03-01,3,557.8143310546875,558.5886061909302,543.7721854691204,547.1273971739695,679500
2021-03-02,1,538.3046875,554.2968505036073,538.1708477095181,553.4939284475422,696100
2021-03-03,1,519.6264038085938,540.9907703943192,517.3322824034021,539.6907624303691,1006900
2021-03-04,1,487.9861755371094,517.4565421020782,479.9470657950411,514.1299757079516,1702500
2021-03-05,1,503.7966003417969,507.43857039597464,485.9117519802493,504.6855787266151,1370100
2021-03-08,3,480.0426025390625,505.83272177223654,479.0102159680938,503.2231379041218,1180700
2021-03-09,1,515.7263793945312,519.2536472069784,501.7989311941853,504.3703005029168,1240500
2021-03-10,1,500.2503356933594,517.9248881166061,498.1282108657013,516.2616342033497,876500
2021-03-11,1,520.3910522460938,524.3006435786323,516.1946447519263,522.8667961440932,1009700
2021-03-12,1,513.919677734375,515.3057421269508,505.28788690418594,510.5644649091762,714900
2021-03-15,3,523.0581665039062,523.6412506577815,512.3712269684065,514.9138916182,582400
2021-03-16,1,525.1514892578125,531.2214210100923,521.8823329315135,522.2837939398704,651600
2021-03-17,1,534.8922119140625,541.0864164652749,518.9191245485921,524.0427272846176,841400
2021-03-18,1,515.4107055664062,528.1145704767717,515.2482192234452,523.8130289709073,790000
2021-03-19,1,523.2778930664062,532.5214727301635,517.4373677636298,520.6683090680187,1404600
2021-03-22,3,550.5878295898438,552.4996261103555,538.964132416228,542.606102454067,1216800
2021-03-23,1,534.222900390625,546.0856314574974,531.0015276536101,544.4032410448382,866300
2021-03-24,1,553.063720703125,568.2529021604527,552.5092832868556,561.2844237260848,2121400
2021-03-25,1,558.2446899414062,560.0035687451991,543.9922698470509,545.7319536687079,1088900
2021-03-26,1,598.0769653320312,599.6350844689835,562.7278594121398,562.7278594121398,1933600
2021-03-29,3,581.1862182617188,589.6554639530491,574.9155271878943,587.6481006812843,1214900
2021-03-30,1,574.7720947265625,579.5229398386683,569.2566009507219,573.4625186616922,1071600
2021-03-31,1,590.1334228515625,593.55555546337,578.5097239662535,579.4273490914519,1579600
2021-04-01,1,609.0028686523438,611.287479910853,592.4180541682961,592.4658374212896,1908300
2021-04-05,4,612.2432861328125,624.2015830699077,609.89181368032,622.9111437163887,1529800
2021-04-06,1,600.3040771484375,607.712288291591,591.1083410162787,605.4754608043701,1281900
2021-04-07,1,598.927734375,603.5543085740478,594.7504627889342,599.5012501113478,820600
2021-04-08,1,611.6602783203125,613.294885602533,604.8447179999912,607.913172895013,865900
2021-04-09,1,606.345458984375,610.5418668167301,600.829906738462,606.3645956215995,631100
2021-04-12,3,602.6270141601562,603.7263206444754,593.2496533011622,603.7071840068119,739500
2021-04-13,1,601.374755859375,608.6586965047437,596.2128815129133,607.5976633552903,710500
2021-04-14,1,603.1624145507812,612.8170248769568,599.386603623237,607.6360127474114,718000
2021-04-15,1,613.7728881835938,614.547163628105,599.8454401588407,605.829374051603,980400
2021-04-16,1,617.2139282226562,619.3646992323514,610.3218810057433,612.0234078537997,605200
2021-04-19,3,602.3212280273438,611.0677231943475,594.9990707241288,609.519172193623,1138900
2021-04-20,1,589.7320556640625,600.103531627493,585.7555433543996,598.4211991825625,988000
2021-04-21,1,626.5819702148438,626.916569734226,607.8845957465029,609.5956332538999,2160900
2021-04-22,1,618.5523681640625,636.5041111368014,612.2338349206311,634.8790720650713,1233400
2021-04-23,1,641.3218383789062,641.6755745006279,629.3348921660875,630.1473825555145,1109600
2021-04-26,3,640.87255859375,645.8528105175419,637.5460506605378,637.5460506605378,801000
2021-04-27,1,643.1380615234375,645.0785634653906,632.6040414806373,640.76745193518,678200
2021-04-28,1,635.9973754882812,641.273894222487,632.1164308772104,635.146612032447,571300
2021-04-29,1,633.263671875,637.2306743147727,625.2150221768801,636.9056431268448,504300
2021-04-30,1,619.5177612304688,631.8966578091239,617.2236399597637,625.4156966658741,575200
2021-05-03,3,627.378662109375,630.8778101606404,620.9364661887649,630.5231090555474,672000
2021-05-04,1,602.9999389648438,612.8070575630437,590.4509955707327,609.394214462015,1505800
2021-05-05,1,615.3474731445312,625.0299596036051,609.5379695666413,615.462508184709,948200
2021-05-06,1,617.705810546875,617.9933981482759,603.8914245519342,611.9442284645271,618200
2021-05-07,1,631.34765625,633.9551954780068,620.936574326491,624.8383456742422,573700
2021-05-10,3,601.3318481445312,621.8280979442347,600.6224458419488,621.502126298929,882700
2021-05-11,1,604.5912475585938,607.4672406767746,589.2046960787723,590.6522886435467,891200
2021-05-12,1,577.0010375976562,594.0940433093626,575.4480056711308,589.578712108321,1107700
2021-05-13,1,597.3342895507812,602.7603048799422,586.5205258958483,595.9442143221693,1436100
2021-05-14,1,620.9844970703125,624.2247876109526,599.5583113820747,604.0928340450093,1331000
2021-05-17,3,609.0874633789062,609.787328248446,597.5355679187743,605.7705216746613,929400
2021-05-18,1,606.0579223632812,617.1496741682204,605.5018807443876,614.8872407013002,644700
2021-05-19,1,604.7064208984375,604.8981069884898,581.5642458445375,582.877611527478,1049600
2021-05-20,1,621.9527587890625,625.2888923771018,605.6362709992089,606.537417929709,1086900
2021-05-21,1,612.79736328125,620.6009046946173,609.8830448854401,619.1629082504343,847500
2021-05-24,3,631.7119140625,634.885090865818,619.0671283664768,620.7351950499049,794000
2021-05-25,1,644.50048828125,651.3549623574628,639.6976286394545,643.4267888011268,1088800
2021-05-26,1,638.2500610351562,641.8641862880866,632.5843212672988,639.6400777027718,597100
2021-05-27,1,637.5982055664062,640.2536664743874,631.6927994099402,633.6772419698013,652600
2021-05-28,1,647.5491333007812,648.0380615966782,639.3717548908877,641.3753896008443,610700
2021-06-01,4,644.0307006835938,659.6473804427754,640.8863120319141,656.4358197526857,1292000
2021-06-02,1,646.2261962890625,650.6743552218624,641.126093987598,642.8037569086492,596800
2021-06-03,1,638.3650512695312,642.698174568607,632.8239429524363,639.7646638455071,612100
2021-06-04,1,655.055419921875,655.7456887658718,645.267493141864,646.9163679425617,531000
2021-06-07,3,653.7899169921875,656.1194644206893,648.5172628873186,652.0643328057674,594300
2021-06-08,1,652.5917358398438,663.5109397003035,648.5845248246809,662.1208643248603,562800
2021-06-09,1,654.3748779296875,659.6187450685408,652.6684269004807,656.6852338098216,440700
2021-06-10,1,671.0076293945312,675.6475912986458,658.180693762352,660.8649426475997,800100
2021-06-11,1,668.2178344726562,670.0488576207221,662.7725695186632,669.3394553695109,445100
2021-06-14,3,680.0093994140625,680.2969870164667,666.7893805866352,670.5953084805078,636600
2021-06-15,1,672.7716064453125,681.5816771012354,668.0645309446326,678.3509823905656,510700
2021-06-16,1,670.1544189453125,680.6230190881336,665.0255871839602,676.8650705647021,590900
2021-06-17,1,669.9434814453125,675.4078804105452,662.5329655971103,662.7822277114053,746700
2021-06-18,1,643.3308715820312,658.7941317287014,640.9342107844968,657.02056763119,1669900
2021-06-21,3,652.5150756835938,653.761327946417,644.6060928270607,650.4539234130546,565500
2021-06-22,1,657.4616088867188,659.1488675389452,648.3063758607124,652.3615074196631,542200
2021-06-23,1,653.4737548828125,660.7403904985907,651.4605240942459,658.1520428611033,523400
2021-06-24,1,666.2717895507812,669.1094573735601,662.1207561187874,663.0794205641843,469400
2021-06-25,1,657.8453369140625,666.8088286185226,657.615208231553,665.2462004478894,431200
2021-06-28,3,675.0052490234375,676.6253943736588,669.790111787717,670.039373920403,623900
2021-06-29,1,674.5930786132812,676.117381027266,669.3396154856775,671.017278485707,400000
2021-06-30,1,662.2838134765625,667.7769423753949,658.209489323564,665.888342871053,767500
2021-07-01,1,651.2303466796875,663.0890212723534,646.6479610245602,658.8325487641209,997500
2021-07-02,1,659.1201782226562,661.3538829214375,655.4389392594834,660.0309212124803,449700
2021-07-06,4,657.5191650390625,664.8817008077004,648.7282286379473,660.9416040606187,788700
2021-07-07,1,661.651123046875,666.9621038378945,656.0812840913303,665.3515543400284,442900
2021-07-08,1,645.8427124023438,647.6737359173275,637.3489586720502,643.2447104501884,849400
2021-07-09,1,662.7821655273438,664.3543890913605,650.86597477622,655.6976219961189,583600
2021-07-12,3,678.5523071289062,679.2233839711913,670.2694319314003,671.0651398377771,618500
2021-07-13,1,677.2196044921875,681.2843316786201,674.5161642003302,677.0566479479626,623300
2021-07-14,1,686.8926391601562,693.1239577651837,683.41268270437,690.2191765449691,852000
2021-07-15,1,674.84228515625,683.7866412542415,668.0357906647447,683.1155644070786,729400
2021-07-16,1,659.0051879882812,677.7662608058492,658.4779341726993,673.8261634322332,578300
2021-07-19,3,655.7265014648438,656.0332811185764,643.8295010652295,645.9960336303175,855300
2021-07-20,1,655.7744750976562,660.1939046394688,645.1141299603222,648.8816746282392,805600
2021-07-21,1,691.197265625,691.2835711955032,671.7267874317262,676.7597772299664,1281300
2021-07-22,1,699.7483520507812,709.4692237985661,694.2648193800733,702.7010549954432,946000
2021-07-23,1,717.21533203125,725.4982080350766,712.3740876107256,716.8797643213223,1069800
2021-07-26,3,722.9193115234375,727.6263282970772,717.4453163686819,726.8594084281966,691800
2021-07-27,1,714.7801513671875,721.0594499805632,702.7585208870067,720.119919082701,881200
2021-07-28,1,728.4508056640625,729.5820227723734,714.5885541995124,718.9983875717235,716500
2021-07-29,1,734.0590209960938,736.148902600673,728.4507985206868,730.1476534226326,634000
2021-07-30,1,735.0463256835938,736.9253289540762,725.5076032921223,729.3231273560494,488200
2021-08-02,3,737.8359985351562,743.7701328655841,736.6472056583082,738.948023372706,499900
2021-08-03,1,747.3076171875,748.1895719687188,735.7844534646761,738.6796384029572,533700
2021-08-04,1,762.5983276367188,765.560626337114,755.2357921680551,759.271790300616,629700
2021-08-05,1,761.8986206054688,772.3384911798856,757.6517438404859,772.2138601123968,723700
2021-08-06,1,750.9027709960938,754.6511235123508,747.662480247506,752.0723136210129,556900
2021-08-09,3,756.0794067382812,759.5018455535337,753.1267041013955,757.5557288006094,477100
2021-08-10,1,756.6642456054688,764.0938951217321,751.4299751360347,762.7038784736384,589500
2021-08-11,1,756.5972290039062,760.5469808904768,749.119657009413,758.4379071196602,421300
2021-08-12,1,748.783935546875,756.0985488732355,746.3489492771646,756.0985488732355,764600
2021-08-13,1,756.3478393554688,756.9518025711297,744.4411861143459,746.9337485076752,454700
2021-08-16,3,754.804443359375,758.2748040428296,747.5090208212788,755.2646420910454,426000
2021-08-17,1,744.4603271484375,751.0080205309451,738.5549809590631,749.445393081518,483600
2021-08-18,1,740.5204467773438,752.9159724447459,740.1178240479077,744.1345723592476,452500
2021-08-19,1,749.2057495117188,751.6024102714971,729.7448758447633,730.3775685399656,514000
2021-08-20,1,755.6000366210938,758.1884419872135,745.8504368713435,752.6282006343581,507700
2021-08-23,3,778.0712280273438,778.9148574154308,761.7260110295651,762.1670177363214,724300
2021-08-24,1,772.3096313476562,774.3228617421947,768.4462441514405,772.7793675527121,453800
2021-08-25,1,774.4762573242188,779.7489118862504,771.7248949882828,775.0035110779748,471100
2021-08-26,1,777.4193115234375,782.1071944862741,770.9195388001575,774.8596939567323,450000
2021-08-27,1,798.49072265625,800.2642868746955,780.132334802668,780.5924749832577,658900
2021-08-30,3,804.8850708007812,808.1636866713012,802.1720341604372,805.2205799364971,491000
2021-08-31,1,798.6058959960938,809.2662411154996,793.016923796108,808.9020024176111,579300
2021-09-01,1,807.3584594726562,815.5550291831889,802.1049967763228,804.0510552702343,581900
2021-09-02,1,825.6785888671875,826.4167207440638,813.7815296521457,816.9355147935855,746800
2021-09-03,1,822.6396484375,827.308340259626,813.446087885099,813.446087885099,698000
2021-09-07,4,826.1483154296875,832.9644059037076,822.3040614667455,829.5227746427291,780900
2021-09-08,1,822.5245361328125,824.355618074941,814.7881066796807,822.1602389457577,714900
2021-09-09,1,818.2200927734375,827.0973347763814,816.8779391636434,820.1182296250254,641900
2021-09-10,1,823.3681030273438,839.1764698994036,821.9588944204315,834.9391895603087,1137400
2021-09-13,3,835.2266845703125,836.1566193779132,825.4482969001556,833.2901639390691,636000
2021-09-14,1,851.3610229492188,858.8961104018784,843.3178153251098,847.2866996214484,978300
2021-09-15,1,852.5690307617188,853.2209155349472,843.0878257635682,850.3257303110584,799700
2021-09-16,1,850.6326293945312,853.0005612312098,839.2532860024642,840.8830274205127,811400
2021-09-17,1,824.3077392578125,839.1287151524413,817.1752722383548,838.9273745204819,1670500
2021-09-20,3,805.987548828125,810.5412050136317,795.403914252952,804.2044469752631,1122600
2021-09-21,1,819.399169921875,826.7233796772032,809.5824562347601,824.4513498243632,905700
2021-09-22,1,828.9954833984375,835.619887484962,814.3471210947546,816.6191511500459,669400
2021-09-23,1,843.4140014648438,851.9844071381035,840.9981478584375,841.1227789420851,744500
2021-09-24,1,832.9069213867188,837.2592372749821,829.359850934298,831.5072501128639,510400
2021-09-27,3,800.781982421875,812.8324013245164,798.6153914488236,808.4225683528466,1063900
2021-09-28,1,747.9212646484375,766.2989051947483,741.1147701209252,761.9849149558985,2390100
2021-09-29,1,719.4010009765625,753.7307745371166,718.1547488233452,752.551635920673,2216000
2021-09-30,1,714.3104248046875,730.8090603724095,711.6069841458368,723.0726315588568,1078800
2021-10-01,1,711.1469116210938,714.2050537218149,698.2624583785624,714.2050537218149,1180400
2021-10-04,3,683.4703369140625,699.9785131109542,679.721984102793,698.7706448746944,1663500
2021-10-05,1,702.576416015625,711.932990479168,692.7501053300462,695.0700569328741,1201500
2021-10-06,1,702.2217407226562,704.3308143085028,689.2893660814078,695.3960542173618,973000
2021-10-07,1,715.9498901367188,722.5167191183934,711.549593960038,714.5981403092694,1267500
2021-10-08,1,700.0838623046875,718.7490298786654,699.1827154382477,718.3847327297494,1039700
2021-10-11,3,692.05029296875,705.4140777251557,691.5421727250271,692.9035183710956,702500
2021-10-12,1,695.07958984375,703.659647658655,692.5391643703039,703.659647658655,868400
2021-10-13,1,713.6489868164062,718.4806931824917,709.4117062516802,712.4315227304836,1170000
2021-10-14,1,746.1189575195312,746.4545251950731,734.0302124624623,737.7881608428761,1370500
2021-10-15,1,756.7696533203125,756.9997233999316,743.7701672117857,748.6785239510849,877400
2021-10-18,3,755.638427734375,755.7439252880133,741.0379875989069,742.0925535496681,1014600
2021-10-19,1,767.851806640625,768.4844993561921,753.7977547260706,755.6000483564137,956600
2021-10-20,1,735.9667358398438,752.6858467760818,726.8977487596254,749.9056963684537,1894900
2021-10-21,1,755.0057983398438,755.0057983398438,732.2950343835827,732.9277857095914,1083100
2021-10-22,1,767.8614501953125,775.3678093567971,763.3557740093313,765.1963934029006,1294600
2021-10-25,3,755.8494262695312,769.9897273741852,754.4785430822095,766.6344016883352,786000
2021-10-26,1,758.5241088867188,765.0046903991868,751.7751317352091,763.4804465803436,741400
2021-10-27,1,767.8901977539062,785.0982357356069,764.2472846730009,765.0717220284026,949800
2021-10-28,1,779.576416015625,787.9455386871804,777.2084841864178,780.4679670122306,687500
2021-10-29,1,779.2791137695312,780.7938198886609,771.4851676003996,773.8626365629088,583800
2021-11-01,3,774.0737915039062,774.6010453645143,763.5572097561902,773.5560751396115,573600
2021-11-02,1,780.4690551757812,785.9187314132058,779.7673793684265,780.7573869702089,503800
2021-11-03,1,797.7696533203125,799.2690372896325,778.9888410242916,786.6011522503532,566900
2021-11-04,1,817.4442749023438,820.0009536830439,797.3659399741626,799.3267134945637,1058200
2021-11-05,1,814.0899047851562,821.4330674742987,808.9381810962503,819.1166749171904,735300
2021-11-08,3,816.9060668945312,823.6533244265804,815.0510638478166,822.2692731036894,728100
2021-11-09,1,817.0213623046875,822.2211900313831,809.2841561549366,818.9052277775927,676500
2021-11-10,1,786.072509765625,802.9790781704438,783.4389815335976,797.3755857175564,737700
2021-11-11,1,801.0086059570312,806.4390397398923,796.9814062599444,800.8932732558343,416000
2021-11-12,1,818.5401000976562,821.7791547631043,802.6523416136852,807.3619766093657,531200
2021-11-15,3,823.4322509765625,828.1226440371246,819.8471983123172,821.7791094646102,638000
2021-11-16,1,827.1134033203125,829.0933598779668,814.3205643974886,818.4342935802965,690900
2021-11-17,1,826.0657348632812,834.2738923627797,824.277960509568,825.8158277674053,549400
2021-11-18,1,844.9617919921875,846.8840820019366,836.7343930970072,843.3278337511738,865800
2021-11-19,1,823.8648071289062,833.8414989068214,821.2697033798933,833.1686855402407,778200
2021-11-22,3,793.6656494140625,826.2580573551679,792.6756416988705,821.7791465322719,880800
2021-11-23,1,776.1054077148438,787.5238159184468,762.3033784935325,780.1229870955723,1193000
2021-11-24,1,771.2130737304688,772.2606888243738,747.2324966388808,751.615315055318,1246700
2021-11-26,2,751.634765625,764.9946483077512,745.8582737593605,756.3828251177212,786300
2021-11-29,3,783.3428955078125,784.0348918373164,759.2950257756265,764.119993061913,1410700
2021-11-30,1,760.7559814453125,789.4365189038955,756.565402811699,775.7113971291644,1144500
2021-12-01,1,772.7607421875,800.3263795333567,771.2613580193537,780.9881427677265,1201200
2021-12-02,1,758.7088012695312,765.5041048606339,748.0785377236864,753.960741643744,957100
2021-12-03,1,741.542724609375,760.0159062265766,730.3165563014177,755.4312250905094,1115600
2021-12-06,3,727.0006103515625,731.8159570469701,712.5930536169329,729.3938524424187,1222900
2021-12-07,1,774.692626953125,777.9509231548946,753.2686635941127,757.3823930754583,983200
2021-12-08,1,772.683837890625,773.7218911393414,765.2542042176418,772.0014623388267,551500
2021-12-09,1,742.5903930664062,759.3143433310721,742.3501067618199,755.6138990422539,709100
2021-12-10,1,751.4617919921875,753.201462464615,742.4654282997542,747.0789722091652,602700
2021-12-13,3,734.7665405273438,751.4616842961494,734.6416456392982,750.2410112898306,615100
2021-12-14,1,725.0782470703125,730.7682094874087,714.37107685758,725.1070509174643,842400
2021-12-15,1,761.4384155273438,761.8036553932418,731.1046756271313,734.8627861779125,910700
2021-12-16,1,725.6644897460938,768.7622582338751,724.3381049260497,767.9548706054687,1006900
2021-12-17,1,720.73388671875,728.5480012404494,715.0535448693661,721.973742805116,1656700
2021-12-20,3,723.6270141601562,727.3177789341023,715.524567037368,718.55213926642,647100
2021-12-21,1,752.6150512695312,753.970298736092,735.2952561530949,745.5890828110613,838100
2021-12-22,1,761.3421630859375,761.3421630859375,744.8873655869652,747.57855982023,534800
2021-12-23,1,770.2713012695312,774.4138344787203,763.2261496271841,763.7643885593417,496600
2021-12-27,4,779.9020385742188,781.9781450471544,763.4952830551947,763.5337664077306,527500
2021-12-28,1,773.5007934570312,785.5439115618484,771.8860766607027,785.5439115618484,548500
2021-12-29,1,770.8191528320312,773.9524953430182,763.5337149821198,767.0995258708308,404900
2021-12-30,1,769.1275634765625,776.8840120753904,768.8392316569054,772.4627677375928,411900
2021-12-31,1,765.2061157226562,773.9909964950007,764.9562085968453,770.3674604980312,236400
2022-01-03,3,766.503662109375,768.3009989073323,754.4605434792602,764.8216580402114,720600
2022-01-04,1,748.914794921875,762.7937351459449,733.6325614666198,762.7937351459449,874100
2022-01-05,1,716.6971435546875,736.7562397088782,716.0916173697993,736.15071352399,1193200
2022-01-06,1,733.4690551757812,734.0842021284122,701.4533137543323,710.7956747735334,2041200
2022-01-07,1,726.7218627929688,733.6997863363223,714.7075477840674,728.9229228473339,1363300
2022-01-10,3,698.9159545898438,699.3869063623954,675.0122776140555,688.6797931747008,1973400
2022-01-11,1,700.82861328125,703.020052511627,673.4840790746908,679.5200404691848,2120700
2022-01-12,1,713.3330688476562,720.3302335932282,706.4416746513672,710.5842078391717,959700
2022-01-13,1,701.7128295898438,747.6939782275851,700.3287783021462,742.3980593513004,1628700
2022-01-14,1,715.6013793945312,717.5908980995384,699.8770011953729,707.0183021482728,1313600
2022-01-18,4,687.4397583007812,712.2757723117812,686.488234083364,712.2373476285255,1178500
2022-01-19,1,671.6674194335938,710.1708894268522,671.561707552873,708.3062656040405,1593200
2022-01-20,1,679.0106811523438,701.6167770988822,678.7703948445438,696.7245807237186,1536500
2022-01-21,1,667.7363891601562,693.1779332287582,667.7172061473464,679.8083705823154,1689600
2022-01-24,3,660.7103881835938,661.8830157816213,623.4275886182094,640.1707208472083,2833100
2022-01-25,1,623.369873046875,642.1986723568871,618.804433906097,627.2817405713469,2095300
2022-01-26,1,627.8775634765625,652.9826650395427,619.6116816550212,635.9223420669065,1376700
2022-01-27,1,610.0003051757812,639.1614724527708,606.8670215206129,638.9692317057713,1465300
2022-01-28,1,619.9097290039062,619.9193498411202,596.5539147307,608.9815138744677,1339700
2022-01-31,3,650.8875122070312,651.2238895466029,622.8509243965326,625.4171655405088,1357400
2022-02-01,1,655.001220703125,657.1446144184804,640.3822395643735,656.0296531202335,945000
2022-02-02,1,660.06640625,664.3819384205156,647.8983349333167,661.2197921181489,713600
2022-02-03,1,620.8324584960938,638.8443086057381,619.4291655061095,633.4811610897337,1212000
2022-02-04,1,627.4451293945312,635.5187716872499,618.3046301217696,622.8700693395667,863100
2022-02-07,3,624.773193359375,635.7109709042696,623.3506586840152,628.7331065787298,520300
2022-02-08,1,628.0795288085938,629.8961073249021,610.903868692279,612.1053001982532,745300
2022-02-09,1,653.934326171875,655.7220420857052,638.0850519095092,644.7265391364061,842000
2022-02-10,1,631.3569946289062,651.2911345108835,627.6277469676153,629.1559934805033,961200
2022-02-11,1,603.8298950195312,634.6634517059792,600.9560800485064,631.9914396969109,1116300
2022-02-14,3,603.5126342773438,610.2791337784543,595.9100018400655,601.8210680657114,890200
2022-02-15,1,630.9052124023438,632.7698361930109,617.3530903203183,622.3221939285756,821400
2022-02-16,1,638.0657348632812,640.1225993368198,619.62135912143,625.7054236760806,610000
2022-02-17,1,625.1575927734375,636.4894722461296,624.7443074250855,633.6925658510437,1020600
2022-02-18,1,622.6588134765625,632.2126006782163,616.0845534181816,626.7821059419931,899400
2022-02-22,4,615.3923950195312,627.6277534312077,605.3868416269748,613.6911494116786,934000
2022-02-23,1,607.1842651367188,629.0215155465457,606.4922687208251,625.7824607731353,997000
2022-02-24,1,631.3184814453125,633.259954373571,576.3794026707742,576.9656870172016,2047800
2022-02-25,1,641.19921875,641.2184604274961,624.7444166536902,631.3859045633408,1295400
2022-02-28,3,640.6127319335938,646.4372680015318,622.4855522014535,622.4855522014535,1979000
2022-03-01,1,609.5679321289062,639.2576634406853,603.1955346164071,634.5577078912875,1097300
2022-03-02,1,629.9055786132812,632.8370590591474,613.3065860952464,617.6221763175782,1035700
2022-03-03,1,606.28076171875,628.300631179741,602.8206624520548,626.6859142777067,1020200
2022-03-04,1,571.2278442382812,585.741113850119,559.0309088353838,580.2433912535621,2025300
2022-03-07,3,552.0240478515625,596.4961873309951,551.4569464867486,593.401328574181,1607200
2022-03-08,1,550.7745361328125,570.4203432228754,537.0590362153783,551.7741645255476,1441800
2022-03-09,1,597.1979370117188,602.6379926002219,571.881348639764,585.4815756064861,1593200
2022-03-10,1,576.7542724609375,584.9047630804333,573.0154044271453,576.2448374654022,735500
2022-03-11,1,563.0867919921875,591.1041930638389,562.1545094722424,590.1430480344668,819000
2022-03-14,3,555.1092529296875,578.1286861647337,554.8785875283714,576.2544417835929,1621700
2022-03-15,1,573.5151977539062,574.9472943291322,561.174070905354,568.9208967795742,1542500
2022-03-16,1,625.3497924804688,625.7054114467254,593.170675807001,597.2939668464733,1815200
2022-03-17,1,628.6849975585938,630.8956782585878,614.6234398039187,618.1412637837468,854900
2022-03-18,1,653.444091796875,656.8465829861816,622.245359482017,624.0138336094797,1689800
2022-03-21,3,656.3756713867188,656.8370609941499,643.0061668828204,651.8678978552991,1293000
2022-03-22,1,661.97900390625,670.9753071084148,658.6726627297746,661.2677659859933,1111100
2022-03-23,1,639.5075073242188,652.9731599334131,637.8255033527505,642.8138489061078,999100
2022-03-24,1,663.7091064453125,663.7187272823531,637.4314326505499,640.314867908019,1176700
2022-03-25,1,660.6526489257812,663.9109447316418,646.1778067878411,663.6322337854455,768600
2022-03-28,3,667.8325805664062,667.9959588355508,649.7341988098307,653.684491767697,687100
2022-03-29,1,681.58642578125,686.8534819674646,670.5620613756279,682.41299645825,1076200
2022-03-30,1,657.9615478515625,675.4447811758218,653.6940608683454,672.8016319076135,1031900
2022-03-31,1,641.9777221679688,662.3251501260272,641.5644367614532,657.8942847244485,780700
2022-04-01,1,641.785400390625,650.8778541773536,636.1146794852027,649.051655017515,739400
2022-04-04,3,654.37646484375,655.0588403512875,643.9576256703343,646.3604885304386,731200
2022-04-05,1,621.3418579101562,648.9171120859579,620.6978484807851,647.831013472788,1251500
2022-04-06,1,604.0894165039062,614.4697735749681,593.4111067489112,601.7634614014714,1110700
2022-04-07,1,601.0040283203125,607.5398033657076,588.9705313789264,600.2639864734781,713500
2022-04-08,1,587.1923217773438,598.2262478674338,586.2984639457186,597.2747236809824,840800
2022-04-11,3,574.5149536132812,586.9041299923251,573.928669088767,583.4535927252244,859600
2022-04-12,1,570.920166015625,598.3128002436474,568.9978758943603,589.2492093615208,1067900
2022-04-13,1,588.951171875,593.2282785112369,573.24603803528,578.042141810564,934200
2022-04-14,1,574.6398315429688,592.5555907632271,572.8424948512082,590.6429213494873,814200
2022-04-18,4,582.0502319335938,590.0084823895713,572.6214014023506,573.8516365530763,576800
2022-04-19,1,593.1708374023438,595.0642654593873,572.8425911146107,574.3131715624348,1230800
2022-04-20,1,609.279541015625,627.1953020079751,604.5507229558068,625.47487318191,1857900
2022-04-21,1,595.8906860351562,623.6005140994162,593.7377305212306,619.9962201818249,940700
2022-04-22,1,584.0013427734375,596.7461358068063,583.8667683841635,591.1811269621261,1093400
2022-04-25,3,576.5140380859375,577.0618978108738,560.9915218703272,569.6994937848592,2074700
2022-04-26,1,538.6544799804688,564.6534402404864,538.1451036405992,562.4140146504625,1803100
2022-04-27,1,535.2424926757812,545.3345163142999,522.862938986107,530.6386287253109,1904400
2022-04-28,1,567.594482421875,572.3233575201554,542.6623816199367,552.6102664331223,1513500
2022-04-29,1,541.8648681640625,566.0184526241043,540.6057702521642,554.0521827099766,1225300
2022-05-02,3,548.9003295898438,549.3136149045203,532.0321877329144,537.0301535177958,1146700
2022-05-03,1,552.27587890625,556.882380992624,544.8629356541853,548.3565009770641,825300
2022-05-04,1,573.5277709960938,575.0858353980827,546.4500670958043,560.4050742792576,1112800
2022-05-05,1,545.9758911132812,565.7180288476353,540.0920094367614,563.5405897916469,1231800
2022-05-06,1,533.2305297851562,543.5660981201987,527.472402450522,537.2467180191524,1214600
2022-05-09,3,496.126953125,518.520714222398,493.9011387534368,513.1110219199279,1714700
2022-05-10,1,506.4915161132813,513.3044575844008,495.80757308809,512.1335174170437,1232900
2022-05-11,1,504.4883728027344,526.6305111172145,503.68512327106544,514.1465638955931,1302800
2022-05-12,1,505.51422119140625,511.9884754772891,493.1173375845234,498.10127711626103,1134800
2022-05-13,1,530.6370239257812,533.5112148982093,520.8530793911543,523.1272697080559,946800
2022-05-16,3,517.6981811523438,523.5336863963179,510.9723028525706,516.0529933638887,757800
2022-05-17,1,543.5177612304688,545.2113247400462,531.1498805056013,538.9886956185871,895800
2022-05-18,1,511.26263427734375,535.0015850382805,509.87875799623407,529.533770477594,1037900
2022-05-19,1,509.0368347167969,519.7304674350327,505.4755194630693,506.87876969913,905500
2022-05-20,1,515.6561889648438,524.8981941855191,497.5882450728257,523.9788194211291,1205700
2022-05-23,3,536.7241821289062,539.8306830275469,528.1208645411928,531.527365783305,977000
2022-05-24,1,528.8080444335938,539.5694282354526,525.1306033329848,537.6533006185017,1085500
2022-05-25,1,530.40478515625,534.0628518458548,520.6789030771033,524.2208444157245,832600
2022-05-26,1,542.0081176757812,544.3403707702777,523.8917946579285,524.9079801014568,933800
2022-05-27,1,564.5662231445312,565.030724426984,553.6499704725261,554.1629065275641,843900
2022-05-31,4,557.7050170898438,565.9502717696954,554.3759523940795,565.7373949725567,822300
2022-06-01,1,545.482177734375,561.0533080382739,539.0369859030938,558.8178069226045,542100
2022-06-02,1,561.81787109375,562.5727448587751,544.6693600642401,546.2177372846131,669200
2022-06-03,1,545.47265625,551.4726627928163,542.8016551093606,548.8694112830551,531000
2022-06-06,3,553.2533569335938,564.6438006863782,551.0662310713343,560.9179253416266,483300
2022-06-07,1,558.4016723632812,559.3791097260357,544.978978929845,546.5079820463703,479000
2022-06-08,1,549.1403198242188,559.3113865435535,544.3790041305972,555.1016366297708,605700
2022-06-09,1,524.9174194335938,546.4305489811267,524.8593567776902,541.3691746965695,658600
2022-06-10,1,504.71087646484375,517.9303204680156,502.64956346101144,514.9012570986956,928900
2022-06-13,3,477.6622924804687,486.2946401824847,475.7655097154778,481.9881385207416,1395100
2022-06-14,1,475.3301086425781,482.5398333998368,468.82682297164814,477.86561066764017,965400
2022-06-15,1,489.0333557128906,495.6818265720854,478.0687553510542,483.2752578573472,841700
2022-06-16,1,453.0523986816406,468.4396259971204,450.487865717961,464.287997542738,1223100
2022-06-17,1,458.0846862792969,463.1847205729381,446.9555559860992,452.4233401799902,1328700
2022-06-21,4,478.4075012207031,481.78494126661747,472.7171231314535,473.21068537391,1081400
2022-06-22,1,469.8428955078125,480.62365089076064,466.88158116553336,470.752583394228,845800
2022-06-23,1,469.8428955078125,471.6913026160226,460.7073278854209,468.294488709654,739100
2022-06-24,1,498.6430969238281,498.92372328499346,482.2300283369834,482.95584116080994,907800
2022-06-27,3,491.6559753417969,500.3753873182183,489.3527244121529,498.36244972701616,696500
2022-06-28,1,474.5945739746094,494.92702347494486,473.75263568028765,491.66567915392426,847200
2022-06-29,1,468.99127197265625,477.7784636019854,466.4751146083081,475.2623062376372,847400
2022-06-30,1,460.53314208984375,469.00095950587166,449.1620729883206,458.8589229858496,866400
2022-07-01,1,435.3232116699219,443.1910282720272,429.1586454659961,440.616808296016,1570200
2022-07-05,4,418.4552917480469,419.0843236384889,399.36159413062614,405.67131647896474,2778300
2022-07-06,1,415.048828125,423.47792648643264,411.6326701322063,419.2778929721622,1464700
2022-07-07,1,437.3265075683594,438.1974772362026,424.5038116100848,424.6102795376754,1400900
2022-07-08,1,438.3425903320313,440.616780326061,426.4489287013931,430.27152536516707,739100
2022-07-11,3,424.9005737304687,435.6522981945552,423.78766645328614,435.0619549744399,745600
2022-07-12,1,420.4779357910156,430.1167527341552,417.95212097885434,426.3618757964747,848000
2022-07-13,1,432.5942077636719,437.3652111624067,415.455323270335,416.59729143060434,1052500
2022-07-14,1,442.1652526855469,444.0814095465344,420.53602040649486,427.9393362814802,1075900
2022-07-15,1,460.291259765625,460.4364164606636,445.65887423760296,450.3815022722359,1630500
2022-07-18,3,458.2105407714844,471.1299869795211,455.3266335021872,468.01382902905215,1039500
2022-07-19,1,482.28814697265625,484.75592858010697,468.4396390495155,469.2332015836794,1415000
2022-07-20,1,497.8302001953125,500.094762375285,474.7784055212151,477.0042198780816,2294900
2022-07-21,1,524.7820434570312,525.7207330200637,507.6818508673462,512.9077268049081,2281900
2022-07-22,1,517.0304565429688,529.2144037914109,512.1626425642869,524.9175886688655,1459900
2022-07-25,3,521.5885009765625,526.1369405091748,514.9594331401223,518.152998236022,1194600
2022-07-26,1,507.2658081054687,512.5594345254261,501.8173675811529,511.02068510434947,1029500
2022-07-27,1,528.5659790039062,532.1176069211629,515.4142823383949,516.4110346726047,1110900
2022-07-28,1,542.6275024414062,542.8500661953572,523.320864654745,530.1338081451794,1216800
2022-07-29,1,555.9147338867188,558.3147368051611,541.4565355610747,543.3436613053481,1210700
2022-08-01,3,559.5050048828125,564.2469471442853,550.592001040939,554.7533165983313,895500
2022-08-02,1,547.3597412109375,554.3759333875164,540.7306729191014,543.9532991058098,876600
2022-08-03,1,565.0308837890625,568.7180114254429,550.8920608821152,551.6178738740547,825900
2022-08-04,1,570.847412109375,575.008991084113,563.7076519285915,565.7157039286518,680100
2022-08-05,1,560.0311279296875,562.2332058494958,549.0402178863467,554.5211372517116,767900
2022-08-08,3,555.607666015625,565.1240516064574,548.0799123462451,560.7005341894915,700600
2022-08-09,1,524.9144897460938,535.7695738894257,517.765079587166,534.6054782112917,1138500
2022-08-10,1,549.1080322265625,549.1468729143033,533.9943272345056,541.9974035768128,1074800
2022-08-11,1,545.5769653320312,557.1693120309,544.3255965243833,548.807314552588,833300
2022-08-12,1,558.721435546875,560.6906464956098,545.2956431694626,545.7806780800743,811600
2022-08-15,3,557.7319946289062,560.3317748743357,550.8930136270883,552.076470493463,783100
2022-08-16,1,549.7193603515625,555.2099907056254,542.278938678354,549.4477714905828,697000
2022-08-17,1,540.6006469726562,549.0499189192213,535.3913165146828,542.3661222985244,667700
2022-08-18,1,544.500244140625,548.9916726884438,538.6798245149457,540.6006032531116,580600
2022-08-19,1,528.9403686523438,542.1235865708165,528.1351939877311,540.5132964499644,794400
2022-08-22,3,504.5042724609375,514.9615954529169,503.0879490569372,513.4482887398678,795800
2022-08-23,1,510.0143127441406,513.506541130936,503.9125936365962,504.436410132103,592900
2022-08-24,1,509.7135314941406,514.6997049986576,506.1048406716312,507.21073456952666,485200
2022-08-25,1,523.5855712890625,524.0511859414601,506.1437316703069,506.72574998580393,758300
2022-08-26,1,494.6774597167969,523.5758214554974,493.5424648791783,523.4012159740745,1229700
2022-08-29,3,484.9185791015625,496.0452827902617,484.4529348606053,491.16583204785593,754100
2022-08-30,1,478.2638854980469,492.4560138823491,472.8702988383,491.3889309955245,1006400
2022-08-31,1,475.2760620117187,486.5676605585334,472.1330449241635,485.85952845908423,936000
2022-09-01,1,455.8553161621094,464.6829296479371,447.09558507840046,463.6158763108371,1665500
2022-09-02,1,453.2070007324219,472.3270719350113,452.0623252498935,465.49777092021736,1145400
2022-09-06,4,455.8553161621094,463.5867753944469,448.46335775292863,455.31204971584583,996900
2022-09-07,1,462.4129333496094,466.5745416944796,451.6645714064211,454.8561098082381,745400
2022-09-08,1,468.3013000488281,468.9221590688459,450.2774121841326,451.51910061998063,943300
2022-09-09,1,486.0050659179687,488.1198113952018,480.4756551227363,480.6890717051113,1012800
2022-09-12,3,489.8174133300781,495.70574503857415,484.7051553450149,491.6023384876952,1041400
2022-09-13,1,456.9999694824219,473.801588493363,454.5844751226041,469.51386619360426,1188200
2022-09-14,1,463.79046630859375,467.1177992561512,456.9999764054055,462.6942824875521,663700
2022-09-15,1,451.7131042480469,464.0426860592641,449.0454116614165,458.3969009751055,853500
2022-09-16,1,453.26519775390625,458.05734581920063,446.1448876595094,448.20143127861974,914000
2022-09-19,3,457.00970458984375,458.8334410905262,445.8927096792412,445.8927096792412,646500
2022-09-20,1,448.133544921875,452.5667720852716,443.6712168416062,445.21365424839945,906700
2022-09-21,1,441.3042297363281,461.9182159429092,441.24599830412984,447.7357685652659,783900
2022-09-22,1,427.8396606445313,438.65593470683,425.9577225661261,437.2105399492391,952900
2022-09-23,1,423.08636474609375,423.862408942454,414.55944073900434,420.62237853615784,1362300
2022-09-26,3,417.9158325195313,427.5777209260794,416.276411936762,421.09766076929577,1164000
2022-09-27,1,420.3216552734375,429.26570221263034,413.7348714228091,425.7152423191958,876400
2022-09-28,1,428.0240173339844,430.1484731044486,410.504554660103,413.38566388277457,957100
2022-09-29,1,414.9765319824219,415.8786899525608,406.68244555261487,412.8714671145782,1141800
2022-09-30,1,402.91851806640625,415.23838739730894,401.56042619741777,401.60891784823855,1084700
2022-10-03,3,418.759765625,422.47514990524235,408.4188169805274,410.92161389069815,1452400
2022-10-04,1,451.1892395019531,453.7696292316477,442.1384995077945,447.40597245623064,1954600
2022-10-05,1,455.2441711425781,460.54074519945937,439.4902137773139,443.2638003913808,1193800
2022-10-06,1,448.3081970214844,459.9878193665065,447.6776277917024,451.36391182565654,926100
2022-10-07,1,421.2625732421875,435.2897760065265,419.7880480160255,433.1362195983761,1412400
2022-10-10,3,409.2628173828125,421.0782620369035,403.898302244585,420.9230472954477,1383700
2022-10-11,1,387.6011657714844,400.2993784842493,382.21728912788535,400.1829748212376,2044200
2022-10-12,1,386.407958984375,392.81042672146367,385.6125241063858,391.723953089315,1277100
2022-10-13,1,393.266357421875,398.4368469075123,352.28090144942905,353.9882340591355,2782200
2022-10-14,1,367.7826843261719,393.4798319818525,367.26854835373774,392.2769545227665,1727900
2022-10-17,3,380.48089599609375,387.6400180743378,377.1923441454409,382.6538435478376,1417900
2022-10-18,1,387.0482177734375,396.9235528202327,381.4218236449593,395.1871192402718,1324800
2022-10-19,1,411.32904052734375,418.92470464773095,398.1070122661162,403.4423968741929,2435200
2022-10-20,1,424.1824035644531,435.48374022533034,415.94652057605225,418.34259412541314,2090900
2022-10-21,1,448.3954772949219,449.0260168889023,424.5996608198813,427.29645429908913,2756600
2022-10-24,3,458.81396484375,461.8405782152436,445.84413493101545,456.3499789921637,2389300
2022-10-25,1,471.4636535644531,480.9121243558161,464.0329150193833,464.1687094031406,2047200
2022-10-26,1,469.60113525390625,481.3486971599818,460.055650971801,461.7047816466893,1879400
2022-10-27,1,460.21087646484375,474.9462409873036,459.8034340706857,467.6707165530746,1075700
2022-10-28,1,474.538818359375,475.2081690035397,454.8561200851328,455.7970595311359,1436100
2022-10-31,3,458.2804565429687,466.4872399902917,457.5334837384768,464.7023148436036,1063600
2022-11-01,1,461.1518859863281,469.1937746565845,458.7072906150003,468.9124460645756,760700
2022-11-02,1,432.9713134765625,462.7233722618843,432.9034310783469,455.9813741786584,1887400
2022-11-03,1,428.0382690429687,434.69352477893426,425.313876075264,428.8944762911052,1615700
2022-11-04,1,456.0993041992187,456.926322855367,442.0590204698953,449.8624278674166,1587800
2022-11-07,3,470.3342895507813,472.32890988420905,456.92644062355765,462.0054565138201,1429400
2022-11-08,1,489.9886169433594,492.32378979937823,477.7970388405048,484.7928476883839,2316100
2022-11-09,1,476.240234375,490.6015930823004,475.7051011261145,481.15385744082647,1302600
2022-11-10,1,545.643798828125,546.6460084261427,506.30576559898816,517.1449035114671,3518000
2022-11-11,1,560.8709716796875,562.9920850742152,543.4057701919694,545.633957737471,1982800
2022-11-14,3,562.2138061523438,574.356717839557,558.3802182863051,559.2559341581098,1806400
2022-11-15,1,581.3329467773438,591.8899355313721,570.6981614960197,590.3623324232593,1669400
2022-11-16,1,561.1239624023438,568.1781476655765,558.3022645423858,567.759768631536,1418900
2022-11-17,1,573.1209716796875,574.5026024026724,553.5832939154258,553.5930333282163,917900
2022-11-18,1,577.1392822265625,583.7264499213277,569.0050921873271,583.4248251041467,1115300
2022-11-21,3,564.6170043945312,568.0224733673001,559.5671780280159,565.5024595839841,849800
2022-11-22,1,580.1071166992188,580.4184810160428,558.720729299067,566.0084240355501,1082400
2022-11-23,1,587.5405883789062,593.5245067508109,579.1047730833515,579.1047730833515,874700
2022-11-25,2,575.8551635742188,581.7514881332462,575.8551635742188,580.80765574616,408900
2022-11-28,3,567.5846557617188,581.97517278594,564.743478984525,577.742685245482,1056200
2022-11-29,1,563.1868286132812,571.145890281605,561.1922083354592,568.3145117427143,562900
2022-11-30,1,591.6953735351562,591.9775195895268,561.3575165969633,569.491708360199,1569700
2022-12-01,1,594.7506103515625,599.9074518336882,585.1179737179036,595.1884682688506,1245900
2022-12-02,1,589.3505859375,591.0435813097984,580.8758102743936,584.0866697101329,719800
2022-12-05,3,584.5633544921875,590.7613036091625,577.3535159188366,588.7569441372365,873900
2022-12-06,1,577.0324096679688,588.1245329178163,570.9706935967054,587.2001794158841,839200
2022-12-07,1,585.1082153320312,587.6866656828234,574.7361556075643,576.2151211871886,878600
2022-12-08,1,590.498779296875,592.9993743818252,571.7881138388796,575.8941685273765,1019300
2022-12-09,1,581.556884765625,594.6630484597964,580.2920080119495,586.7039871233794,870700
2022-12-12,3,593.5149536132812,593.5246930281498,579.7082046901594,580.7493125076098,819600
2022-12-13,1,611.3013305664062,625.9837376483819,600.8903106292856,625.6139961626138,1334000
2022-12-14,1,599.2263793945312,609.832007817073,593.4565483851078,605.6870555734496,1167500
2022-12-15,1,570.5036010742188,588.4649779343545,568.4797630524214,586.7136059134376,1420500
2022-12-16,1,558.8082275390625,569.9295081256398,550.4599476931825,561.668823604481,2097300
2022-12-19,3,553.25244140625,560.2968872937925,547.4728720400258,558.5455152345316,906800
2022-12-20,1,547.9495849609375,553.5929802654341,545.9939229374037,547.0544498699677,845700
2022-12-21,1,565.2689819335938,568.187955497459,551.9778890495924,553.6903630422604,797700
2022-12-22,1,540.9345703125,555.6267164154964,532.0316754189091,555.6267164154964,1351800
2022-12-23,1,536.4781494140625,537.1592551265987,527.8769405231853,532.0996890449047,602600
2022-12-27,4,522.6713256835938,531.7396094058997,522.0194383076466,531.3017515555892,802600
2022-12-28,1,517.281005859375,527.1665693664462,514.7220344995989,522.2043384803897,609900
2022-12-29,1,536.5753173828125,540.3700060312409,525.5611115411675,526.5827402121575,841000
2022-12-30,1,531.642333984375,531.7201305100539,522.2724254129588,526.251925554744,703200
2023-01-03,4,534.726806640625,548.913035647512,531.029451780048,546.1205555200758,675100
2023-01-04,1,555.4125366210938,559.9661279277939,545.9063943927058,555.383318381949,1087300
2023-01-05,1,550.0513916015625,558.0590901635088,547.3561869773014,550.1097686980205,710900
2023-01-06,1,579.7568359375,582.5104179143112,551.9585270642586,559.7910950652855,1025800
2023-01-09,3,604.5487060546875,615.3099875461771,596.2490616914752,597.4069237235135,1348800
2023-01-10,1,616.2828979492188,616.66237876234,604.8210333395684,605.8135033472184,873900
2023-01-11,1,627.2680053710938,627.7156027348917,616.1953599577823,618.3845903172155,806500
2023-01-12,1,634.9351806640625,638.5644190967885,617.6938038682985,633.8454351927882,1322200
2023-01-13,1,641.8724975585938,642.8941263305694,631.2084937828039,631.7923240715497,649700
2023-01-17,4,640.4130249023438,645.0736309679609,633.5144917609903,633.5144917609903,902600
2023-01-18,1,634.6723022460938,657.8489558775052,633.9425589682281,655.3289423478054,1152700
2023-01-19,1,613.2276000976562,637.9707550029642,610.0848580568568,636.9296474686245,1534100
2023-01-20,1,631.3253173828125,633.0280519855568,617.0710319118414,620.8559819387423,1033200
2023-01-23,3,657.7711791992188,658.0144269658466,639.1091582832701,640.276759440416,1780900
2023-01-24,1,651.9137573242188,654.8618893898295,642.0962512825524,648.7125786914875,1066900
2023-01-25,1,663.1227416992188,664.5724891305141,637.328734681816,639.2163400440854,1569200
2023-01-26,1,665.4286499023438,666.4405392866969,649.7829360837652,663.4826676647427,1593300
2023-01-27,1,649.364501953125,659.8046767686367,648.6736569381715,649.1796312807662,1249700
2023-01-30,3,632.745849609375,640.4616620247934,630.1285011346032,632.4442247391968,1209900
2023-01-31,1,642.991455078125,643.0108745169044,629.8171177728643,633.6312261997953,801800
2023-02-01,1,660.2037963867188,666.5866167564511,638.175259732802,641.7169622161719,1274200
2023-02-02,1,677.7369995117188,679.7219395409136,666.4503254957841,678.0775820592125,1318600
2023-02-03,1,661.2642211914062,674.6525885240702,659.6198638207327,660.1258382076061,1015800
2023-02-06,3,645.489013671875,652.6755787534144,643.0707768672679,649.3406830773622,783100
2023-02-07,1,661.8219604492188,666.6682538993975,642.8269707335268,642.8269707335268,1236100
2023-02-08,1,646.28857421875,658.0873576570818,644.894183901738,654.7524621419744,763900
2023-02-09,1,647.5952758789062,665.2934222978557,645.5378224649671,656.3614438929625,686500
2023-02-10,1,640.0089721679688,640.8085639471486,632.4909644607856,636.8301856761356,731800
2023-02-13,3,652.090576171875,656.2640468944104,640.9549130673748,642.7198476728848,596000
2023-02-14,1,660.6128540039062,664.0257149823426,640.847553893665,645.2355180087975,1013400
2023-02-15,1,659.9595336914062,660.6128361109375,644.5431558984224,645.3427475907246,683500
2023-02-16,1,639.9406127929688,651.5638236594942,639.1312606545648,642.3003453420959,946300
2023-02-17,1,635.6988525390625,641.6177345267924,631.2719066170174,634.5482382117176,1149600
2023-02-21,4,614.1004638671875,627.9078976883455,613.8566880902099,622.1255434003062,1022700
2023-02-22,1,608.6691284179688,619.580534504467,604.9832101267945,616.8112155093332,1017300
2023-02-23,1,622.20361328125,626.8743360800976,611.0776526871782,626.1430086963103,1093000
2023-02-24,1,602.984375,609.117753245793,597.4652570702987,604.0082215475948,995700
2023-02-27,3,616.34326171875,623.4517427872037,610.6681538203047,615.6898997082719,804500
2023-02-28,1,602.3504638671875,609.6832587713648,594.9494641146223,597.2019500630867,1381700
2023-03-01,1,599.6397094726562,607.6062857494177,596.724160501396,605.6073361434383,794300
2023-03-02,1,608.6301879882812,609.5273258429122,588.2115232473615,591.2246185217676,795800
2023-03-03,1,621.5112915039062,621.7940500104511,606.2899446121248,609.7807712681714,1024100
2023-03-06,3,605.5098876953125,617.3476564332619,604.4177767243752,611.7018295648137,1403000
2023-03-07,1,593.9450073242188,606.2605636654882,590.2298670666869,603.9300530811774,1033000
2023-03-08,1,603.9789428710938,605.1002758361502,593.8671274988192,596.5681228787437,1081800
2023-03-09,1,589.6839599609375,608.357211957149,589.5084485088546,601.7070003110674,983800
2023-03-10,1,586.2418212890625,601.9799418392241,584.5061090108076,598.8108564122415,1043500
2023-03-13,3,589.722900390625,597.7089379020458,575.203600479971,578.3531645494903,966900
2023-03-14,1,604.8565063476562,605.0027956346826,596.061115906396,602.1164687213719,844600
2023-03-15,1,591.5853881835938,593.925659770285,581.7563308413007,585.7639908815992,1047200
2023-03-16,1,614.861083984375,615.309652891155,584.0770681890184,585.7932593786041,1063200
2023-03-17,1,617.9131469726562,622.505904453793,611.204432219469,617.9326680815707,1109300
2023-03-20,3,630.238525390625,632.1887319684607,623.1884881411536,630.2092437244784,935600
2023-03-21,1,626.1430053710938,639.5019307471113,619.3855475226551,635.4845104347544,848500
2023-03-22,1,624.4268798828125,644.9333303377384,623.6175274996396,626.9914062590844,955500
2023-03-23,1,647.6244506835938,657.1609875981419,638.6340286416578,641.3643054268678,1171500
2023-03-24,1,631.4085693359375,642.544230610168,623.822238284904,639.7261682316382,842700
2023-03-27,3,628.01513671875,641.1107641487187,627.0400336233042,639.0533109010648,800300
2023-03-28,1,623.7833251953125,628.5710559944499,616.6358016659146,628.0639832564469,793200
2023-03-29,1,642.7100219726562,648.609384480483,632.3251489967508,633.397798235359,1101800
2023-03-30,1,659.8328857421875,663.6845556326715,656.7418249837767,658.3897519210205,892500
2023-03-31,1,663.7625122070312,666.1709885127465,656.8587649749799,658.2824370543763,681600
2023-04-03,3,657.2097778320312,658.916208384221,650.7741206985737,657.999609021279,657200
2023-04-04,1,652.0320434570312,664.6303609640779,649.4772776664904,659.0527988612421,877900
2023-04-05,1,647.37109375,648.2291894007637,640.9451369246001,647.1370189688615,850300
2023-04-06,1,640.7597045898438,648.6385538137908,639.0045310217615,641.9103190346484,679600
2023-04-10,4,645.167236328125,645.5084986105786,629.4192972870003,633.7487574783314,688700
2023-04-11,1,643.3439331054688,655.9909945320238,642.5638028410957,652.8414298699377,787400
2023-04-12,1,638.3609008789062,655.2692130085645,637.4150795406948,652.3536645743649,897300
2023-04-13,1,648.8433227539062,654.1771676192955,643.4217519388893,645.8400480794742,1118600
2023-04-14,1,649.61376953125,655.8934365758256,642.9537979515476,648.8433999064172,645900
2023-04-17,3,623.1298828125,626.1136960098826,616.5382356463265,622.8373637765942,1536500
2023-04-18,1,627.313232421875,632.1302451795087,620.9067964992441,628.6393586467857,910300
2023-04-19,1,608.07421875,612.3159525913461,601.5215550307845,609.2053715805849,2266100
2023-04-20,1,617.796142578125,623.9490413995835,609.7905238674005,609.7905238674005,1692900
2023-04-21,1,618.6737670898438,621.2773357727103,612.1698446916282,619.687912619859,982000
2023-04-24,3,611.7603149414062,625.3434968090834,611.3215065519798,624.8754662686725,1431400
2023-04-25,1,590.6785278320312,610.8728771466293,590.6785278320312,610.8728771466293,1404900
2023-04-26,1,593.9353637695312,599.815264914717,591.0783183985178,598.4403360081208,844200
2023-04-27,1,613.5740356445312,615.5827462081644,597.5141116916693,606.280281474451,1127000
2023-04-28,1,621.0042724609375,621.47236251486,610.9217376821674,615.1536526693537,823000
2023-05-01,3,621.1978149414062,625.1194290100912,620.0536228549128,621.0022117556668,469300
2023-05-02,1,620.0731811523438,623.4667205578806,614.674902955989,618.9191998791084,738100
2023-05-03,1,620.748046875,630.4396283983793,616.8166429760564,619.9656936789679,582900
2023-05-04,1,621.051025390625,625.2464953692813,615.9656416014777,618.195410218065,614000
2023-05-05,1,635.984619140625,639.7986133223533,619.9265916160235,622.645279394717,801400
2023-05-08,3,640.5515747070312,640.5613638201919,634.8990184435747,637.3830059081071,518900
2023-05-09,1,628.874755859375,629.6766871487151,624.20994512672,626.3809793549209,746100
2023-05-10,1,642.6542358398438,645.8423830201353,637.5297542304229,639.9550668236529,813600
2023-05-11,1,635.857421875,637.9013768465894,630.9285435121521,636.4344423670817,560600
2023-05-12,1,633.2363891601562,636.6494465351608,627.9456130215474,635.0260656077736,375300
2023-05-15,3,641.2361450195312,641.2459341325236,630.6644401950969,632.6203527227607,893400
2023-05-16,1,637.6763305664062,643.3680428336501,637.2167198018132,638.3902791839774,709600
2023-05-17,1,655.7196655273438,656.5998500280978,638.3805203181341,642.5074670414575,1162700
2023-05-18,1,680.589111328125,681.8800207891219,660.1889575164589,660.3845607117096,1459000
2023-05-19,1,678.70166015625,684.4422587602043,678.5452134145011,682.6134852868336,949700
2023-05-22,3,683.2393798828125,684.1781796965897,673.6456313026395,675.630851483617,856000
2023-05-23,1,666.4282836914062,678.0952943318823,663.8953507967184,675.621036423302,958600
2023-05-24,1,652.0914306640625,656.0522012539333,646.6051103916321,653.3334542102984,1159300
2023-05-25,1,692.8624267578125,695.3171065022509,678.4669393702603,685.5669113146591,1929800
2023-05-26,1,719.707275390625,725.9466405162298,699.8645662346895,700.8523115144992,2349100
2023-05-30,4,712.20654296875,730.6605756054926,709.5562596157811,726.7487499749848,1411100
2023-05-31,1,706.993896484375,713.9471510160381,697.5566545946971,711.0426496381453,1347600
2023-06-01,1,710.749267578125,716.568059388309,702.7104363379198,708.2359129070875,992100
2023-06-02,1,708.676025390625,716.4018440057856,703.8938049691758,713.9080674888016,813800
2023-06-05,3,706.280029296875,710.6123684050871,702.5638074132116,708.6662449804422,663700
2023-06-06,1,700.832763671875,701.8205089945039,687.4543298794656,692.1485077503568,845400
2023-06-07,1,694.55419921875,704.27508490373,690.0164687463506,697.6347250132576,921200
2023-06-08,1,704.1773681640625,704.539207192285,692.7548466141114,695.4246480087563,762400
2023-06-09,1,700.0797119140625,709.6147848764239,696.901354259942,704.6761179979632,864500
2023-06-12,3,714.0743408203125,714.6611504190416,704.1285418793866,706.0746653822821,1058900
2023-06-13,1,721.017822265625,723.1008738496255,707.8447205627248,720.9688767014413,876100
2023-06-14,1,723.8930053710938,725.3696691449,712.1085850010301,719.1987676966844,821400
2023-06-15,1,722.406494140625,728.0297424959296,706.3973553373087,707.3264256991708,820400
2023-06-16,1,705.967041015625,716.99835614087,704.1284785464657,715.277203332669,1337400
2023-06-20,4,704.5294189453125,708.7639861196329,694.9161522143736,704.7348112411956,799300
2023-06-21,1,691.7083740234375,703.6883368794065,689.3221586261704,702.7788448212691,820300
2023-06-22,1,701.5955810546875,701.9281124497992,684.9116494842216,686.5057229787204,699800
2023-06-23,1,682.505859375,686.1634059731585,680.5792546431513,682.7111919733692,916900
2023-06-26,3,684.8040161132812,698.3780524722166,684.7942270012683,687.5814378881267,714000
2023-06-27,1,709.0965576171875,710.6416855660474,688.9897788482311,691.3173195744091,1115800
2023-06-28,1,708.2261352539062,713.9080586481614,701.5075806278328,703.5710539786684,866400
2023-06-29,1,707.4047241210938,713.3018297479276,705.6835710303841,711.5806169674973,768100
2023-06-30,1,708.7738037109375,711.4142975668099,699.8841549904337,706.6027694517022,963600
2023-07-03,3,717.7025146484375,720.9199691200848,710.1429321776069,717.810075506978,531900
2023-07-05,2,699.89404296875,706.6810628004014,698.6911756924874,705.3021705341775,954800
2023-07-06,1,683.8945922851562,688.1682563817527,677.9486014895691,686.2612297298607,1218700
2023-07-07,1,681.3812255859375,690.1828318037901,678.3691036338196,682.5156882580329,1352000
2023-07-10,3,694.1826782226562,697.1165468736411,687.9237345580043,688.1975909498238,930900
2023-07-11,1,689.459228515625,694.1338885316612,680.3544572613974,693.292800704321,623200
2023-07-12,1,708.8814086914062,714.3970966998778,706.3093787768439,713.4387186003603,1311700
2023-07-13,1,734.1908569335938,734.9341132252,723.8832196682058,724.8318085684795,1209100
2023-07-14,1,737.398681640625,754.9627398547063,735.3938233291732,743.8825371527056,1843900
2023-07-17,3,737.8582763671875,740.2347031330083,719.2673166182977,728.088501988907,1355200
2023-07-18,1,740.3423461914062,743.2468479857586,726.0837254735052,732.2937246038138,1220600
2023-07-19,1,700.00146484375,726.4551661263688,697.409857232767,722.9051806121672,2406200
2023-07-20,1,661.2255859375,682.4276709753453,658.4971093981355,681.635528774258,2918800
2023-07-21,1,678.07568359375,682.4764864099448,674.0758762381564,679.9827100853761,2524100
2023-07-24,3,669.391357421875,673.5672489772188,665.8413720822164,669.899913683332,1145300
2023-07-25,1,672.1493530273438,679.9925816537644,669.812023144898,669.8218122582521,1061900
2023-07-26,1,669.2153930664062,674.955990990887,662.5066280870553,664.9417293922638,752200
2023-07-27,1,692.5103759765625,704.5392259310202,688.0606869705684,699.180044773976,1488800
2023-07-28,1,702.534423828125,705.5954316539978,694.0457707736255,698.6812738303955,949800
2023-07-31,3,700.6177368164062,706.7789100513625,696.4907893501703,705.390168949982,789100
2023-08-01,1,694.6319580078125,698.3466505849156,691.5248849251234,697.3175201170211,555100
2023-08-02,1,669.4915161132812,682.1156692292027,668.5310022314409,681.7823967556269,1025400
2023-08-03,1,667.482177734375,669.2855938003469,659.3666259693067,660.4153782764969,920200
2023-08-04,1,664.571044921875,675.4603956616841,661.8364884458169,671.7358329481277,891600
2023-08-07,3,679.6455688476562,679.6553797746844,670.8243489947789,676.7247840840869,663500
2023-08-08,1,665.8748168945312,667.178414186922,657.141833720721,661.895468159157,746700
2023-08-09,1,659.1314697265625,670.4030306597055,657.3182425490215,666.2472647220803,685200
2023-08-10,1,664.3458251953125,681.5080121338675,662.6893933478004,674.5196392940155,913900
2023-08-11,1,648.6342163085938,656.7007137779333,648.1343375422499,653.5544567221266,806000
2023-08-14,3,653.3094482421875,653.4956764207684,635.8238606040884,639.9796264600652,957400
2023-08-15,1,638.7544555664062,645.7820118720863,637.8233146753257,644.8313089462237,633100
2023-08-16,1,633.5989379882812,645.8996293244609,633.4421425948977,642.5672037661132,665300
2023-08-17,1,631.5406494140625,642.74359304072,630.1096297872515,642.7141602554523,797100
2023-08-18,1,642.3123779296875,645.252785180291,630.1782925563782,632.2071807380232,937600
2023-08-21,3,649.3595581054688,651.4374411156405,637.0000007970531,640.8715489852631,1104300
2023-08-22,1,654.2601928710938,667.0117677294627,650.5258782968666,665.727732549782,760200
2023-08-23,1,663.6695556640625,667.4234925711575,653.2801399949069,654.9659448751787,908100
2023-08-24,1,634.9515380859375,664.698633670031,634.0203971745192,664.5418382746678,1336800
2023-08-25,1,638.0782470703125,639.9209072477505,623.2389759952459,630.8938345643254,986200
2023-08-28,3,645.899658203125,646.7033767091506,639.5287757306505,644.0080033554113,535800
2023-08-29,1,654.2504272460938,655.2599359656948,639.4013466320527,639.5385799951795,757900
2023-08-30,1,656.259765625,657.8867648345496,650.3495774826514,654.1328875539951,564100
2023-08-31,1,647.4091186523438,656.0244906645954,643.5767542330203,646.8896179714814,1100100
2023-09-01,1,649.3595581054688,661.1407491749733,644.4392574830065,660.6114974046333,592800
2023-09-05,4,650.3787841796875,654.1719042115735,648.0362457100065,651.9176042689568,592100
2023-09-06,1,652.8095092773438,656.4850178662434,644.0275323754806,652.917369661227,870800
2023-09-07,1,625.1207275390625,626.9633874437473,616.3681229031779,624.9639321488223,1236200
2023-09-08,1,615.3880615234375,620.445595854845,612.8004886014496,615.8879403632241,873200
2023-09-11,3,615.2410278320312,618.985153543283,606.0963446134862,618.2990465596866,1066300
2023-09-12,1,606.5079345703125,610.6147053794808,598.0787918216427,598.86288838526,1311300
2023-09-13,1,604.7926635742188,607.6448916877306,601.6170337831692,602.1659073294898,1077000
2023-09-14,1,609.5464477539062,612.388805539459,603.136321652891,608.4780734628241,1237000
2023-09-15,1,584.8076782226562,593.2074474567381,582.2201657152192,590.6493079093536,2841400
2023-09-18,3,585.8563842773438,586.4738744397615,576.3294957532835,576.4961020410507,1071700
2023-09-19,1,581.9751586914062,586.2681575847425,577.4273149597765,584.2000259169862,893500
2023-09-20,1,578.1624755859375,588.894973912561,578.0350531538107,583.788445166657,1094500
2023-09-21,1,570.556640625,579.2406293568362,570.556640625,575.3298971309258,1313800
2023-09-22,1,575.4375610351562,582.9552438225184,574.3986197386391,582.0829088201683,837300
2023-09-25,3,574.4869384765625,576.3099765079359,568.9982025253089,572.0365992442645,607300
2023-09-26,1,561.3335571289062,567.2731772774084,556.6386686817334,564.9502603762397,1471000
2023-09-27,1,563.1173706054688,570.6153725261514,553.0709800699385,566.518412637707,1477600
2023-09-28,1,569.1159057617188,576.6139091275562,552.7966199149198,554.9823037191774,1112500
2023-09-29,1,576.9666137695312,588.9242804228905,575.1043919657319,588.5028292806193,1017400
2023-10-02,3,570.615478515625,575.9474199002166,564.9012697943917,571.7720316328855,811300
2023-10-03,1,559.2654418945312,568.1650913642787,556.2956616433554,563.5290683530764,1101300
2023-10-04,1,579.1229248046875,580.0834984029055,568.9295501318871,572.56581503779,1325900
2023-10-05,1,570.1350708007812,574.9475102008709,563.9700395076463,572.1051528981615,865500
2023-10-06,1,585.493896484375,588.5617262684113,566.1264038568999,572.1934467414911,1042100
2023-10-09,3,579.6228637695312,579.9561362408313,570.8408260636788,575.9767875568604,738500
2023-10-10,1,590.1887817382812,594.7463772052827,586.464217929454,588.257883150785,1087000
2023-10-11,1,594.1484985351562,594.1484985351562,586.121184270713,589.4046151364449,981800
2023-10-12,1,604.5084838867188,611.7908847178504,597.5299227196167,597.5299227196167,1618400
2023-10-13,1,587.8363037109375,600.0390034307163,585.4742033269043,599.1961012042751,1098500
2023-10-16,3,591.805908203125,594.0112134703944,586.1211332564884,589.1007241703037,1154100
2023-10-17,1,596.5399780273438,598.2257826659886,575.2808329375436,579.1523808012475,1535700
2023-10-18,1,571.6640625,580.0343986041955,562.460575280351,570.2232919489422,2401700
2023-10-19,1,576.0552368164062,592.5313184292172,573.2422516500296,588.5127852837496,1475500
2023-10-20,1,568.57666015625,580.5245159864983,566.8124279709021,577.2508964535356,1035000
2023-10-23,3,576.114013671875,581.7204216853822,562.4607288407906,566.1362381758087,905100
2023-10-24,1,588.8165283203125,590.7866106708498,577.9174240009763,578.8877487831248,1333900
2023-10-25,1,571.75244140625,586.3074340438229,570.0175819045212,585.5821431266174,1322700
2023-10-26,1,576.5159301757812,587.1013855976335,573.938168054199,581.3185600407787,1093000
2023-10-27,1,578.2802124023438,584.1315953281724,575.6632661576051,583.0534697087261,819400
2023-10-30,3,577.1822509765625,582.6416133911316,570.9093592719976,580.9949927787974,746700
2023-10-31,1,586.9150390625,590.1690966706329,581.7693267870856,587.7383793485692,1020300
2023-11-01,1,597.7144165039062,598.2351879707671,586.4238176118755,589.2636204662343,1005800
2023-11-02,1,620.4331665039062,626.427285955553,616.2077986956979,625.916290600967,1527400
2023-11-03,1,631.2617797851562,635.7721526672301,627.812741670594,631.9398081275341,906900
2023-11-06,3,626.3781127929688,627.7144974796454,620.2169007791049,625.8278332175151,651300
2023-11-07,1,625.2677612304688,630.2596219979662,622.5360352824781,622.8209811620949,529000
2023-11-08,1,628.1959838867188,631.507497395608,626.0931662112168,628.4514815421661,727000
2023-11-09,1,623.25341796875,638.1110291871211,622.8504992918045,635.1729255630946,1221600
2023-11-10,1,649.8045654296875,651.7108422361831,629.6700864329653,633.2764425987901,1246700
2023-11-13,3,643.2404174804688,646.3357781507186,637.0203079065177,642.7884384451849,641200
2023-11-14,1,663.689208984375,666.7157768280501,657.8817948842378,662.9424480660467,1166800
2023-11-15,1,666.2343139648438,670.3614411792913,663.2962105834863,668.4747767294799,918500
2023-11-16,1,669.054443359375,672.7000830608856,663.2863138429963,664.9666607627498,854700
2023-11-17,1,674.183837890625,675.6578073658422,667.4133903735607,669.241098128597,627600
2023-11-20,3,682.2612915039062,684.8751048140055,673.4273090328494,673.4273090328494,674700
2023-11-21,1,672.5428466796875,682.5265679037753,668.1209377851077,681.8288673535008,705400
2023-11-22,1,672.9161987304688,682.0056773362111,672.0416290974125,677.5051403251766,522300
2023-11-24,2,679.1856079101562,680.0306695149252,675.962558543323,678.0948846777695,352100
2023-11-27,3,676.4341430664062,678.3306434477455,673.1619137154848,675.7266064610283,545500
2023-11-28,1,664.2591552734375,671.0000954362306,660.9771497607911,668.1995770815012,644300
2023-11-29,1,675.677490234375,681.0820455425545,672.788507361509,674.5966031631302,795500
2023-11-30,1,671.8943481445312,672.4544638197297,664.6424125249848,671.2556039598365,753600
2023-12-01,1,680.1878662109375,683.5092159198063,671.1966274472524,676.2277723365255,857600
2023-12-04,3,678.3405151367188,678.7335377372583,667.3348627299403,674.8226239975991,748500
2023-12-05,1,682.4774780273438,685.327116789848,675.9919753736827,678.3405148189322,610000
2023-12-06,1,680.070068359375,691.0658860933825,679.2249467107721,687.2924968007951,657100
2023-12-07,1,687.5086059570312,688.3339953803479,680.0798012672864,683.3028504040116,780600
2023-12-08,1,684.3444213867188,690.6333823024809,681.9861060252902,683.2733704031631,920600
2023-12-11,3,697.9147338867188,701.1083345235729,690.4073013800032,692.490506843504,1585000
2023-12-12,1,708.0557250976562,708.4684198142473,698.9662454160969,702.5135847138,880100
2023-12-13,1,722.530029296875,725.8612148922828,708.2325365790674,712.0747174802415,1037200
2023-12-14,1,740.6304321289062,742.870834710389,731.3836960133256,731.3836960133256,1446600
2023-12-15,1,739.8934936523438,747.1355932012287,736.6114281151708,740.6304784909086,1507000
2023-12-18,3,729.1826171875,734.8229981748901,723.5422362001099,734.4004674014632,808900
2023-12-19,1,731.7964477539062,732.1502460635966,727.6792166361536,730.1063246199727,571000
2023-12-20,1,716.94873046875,736.8473229818399,716.94873046875,726.7653598457166,1007600
2023-12-21,1,742.163330078125,742.8020142218664,730.6466836357009,731.2559195763644,868200
2023-12-22,1,739.4710083007812,742.7038937331944,736.1103140477742,739.7756263203947,597300
2023-12-26,4,749.4448852539062,752.5107377805863,736.9849338362991,737.083174503749,509000
2023-12-27,1,750.7713012695312,751.2134441354697,745.189817358793,747.6169849716067,486900
2023-12-28,1,744.6986694335938,749.8477877734956,744.6593851626582,748.8454690927688,468000
2023-12-29,1,743.7847290039062,747.1551991070112,739.2744154161045,744.8755121376174,517900
2024-01-02,4,704.4788818359375,718.08857126405,701.7471558703628,717.3319142991194,1368700
2024-01-03,1,691.1640014648438,694.3772744218603,687.4594053022149,688.4420517134394,952000
2024-01-04,1,688.137451171875,697.1974825005782,685.4057252669197,685.8872124244708,752100
2024-01-05,1,691.134521484375,697.4725425645935,687.4593736955436,688.5992770667028,579200
2024-01-08,3,708.3309326171875,708.3309326171875,699.5558465540794,700.283055347157,835300
2024-01-09,1,703.5257568359375,706.5916090444979,698.3373546516161,698.3373546516161,587000
2024-01-10,1,705.3338623046875,707.5055328231807,695.7530582143736,704.0367616307266,506400
2024-01-11,1,706.0609741210938,711.6227265726059,696.3327503912438,707.9869227555923,603900
2024-01-12,1,700.8430786132812,703.1326616557441,697.3055753517086,700.2436786676003,580500
2024-01-16,4,694.23974609375,698.9564372567277,690.309160128605,695.7038797696094,913100
2024-01-17,1,699.9095458984375,700.7938916417415,684.0004988430574,693.6992136717914,835100
2024-01-18,1,731.6098022460938,735.284890433413,712.104233907029,712.104233907029,2230400
2024-01-19,1,744.678955078125,746.2904496291122,731.8554312610444,735.5108471638905,1796100
2024-01-22,3,753.3753051757812,763.0544078213452,752.2452978457336,753.1001953820904,1418600
2024-01-23,1,764.8822021484375,765.1573119732363,749.3072195732163,752.7563182879607,1800700
2024-01-24,1,832.6060791015625,849.5862368727286,812.1572108912288,812.5109491841347,7754300
2024-01-25,1,853.9984130859375,867.9520049901821,848.0140696791746,853.9197845748654,3449500
2024-01-26,1,852.6914672851562,858.0469024975279,838.4038093209618,848.5643401501184,1614800
2024-01-29,3,867.3033447265625,868.0894498368259,850.1856615484785,852.5243647352954,1034500
2024-01-30,1,852.9666137695312,862.4982362083377,847.6406269090766,858.8821045246212,895600
2024-01-31,1,854.7255249023438,868.6594440820171,844.5453222822237,846.2747296191262,1251200
2024-02-01,1,875.0859985351562,878.2698235968716,861.4468602233039,867.0086730380935,1040200
2024-02-02,1,875.2039184570312,877.5524580215714,863.8347510599895,863.9821120516151,896400
2024-02-05,3,884.4922485351562,887.8194105891163,867.324902227735,871.7545494507183,950100
2024-02-06,1,890.7430419921875,891.5994356805442,876.9225036927576,884.7482260927526,1409500
2024-02-07,1,907.8119506835938,913.285023926016,890.9104011688509,891.1367861513137,1492200
2024-02-08,1,908.5109252929688,913.2260176697686,896.6689712993241,903.2445902581696,1150800
2024-02-09,1,934.754150390625,939.4003902503212,917.1438841519472,922.0460087641092,1588800
2024-02-12,3,914.682861328125,931.6828233159324,912.8518946887476,924.9694391873886,1033600
2024-02-13,1,889.1976928710938,901.5711833522544,875.1114147958584,876.9226149786484,1297200
2024-02-14,1,909.9874267578124,911.2769439836524,899.1200463220529,900.4784763866404,1206400
2024-02-15,1,915.3030395507812,920.1362508704748,904.9671950638702,914.5549116702066,884300
2024-02-16,1,914.4170532226562,933.6909584073708,911.2572163921808,918.1477791365304,1161300
2024-02-20,4,895.3499145507812,905.597139602596,884.4628274774616,904.2387095268938,1044100
2024-02-21,1,894.01123046875,894.4640004600002,878.6747885530774,883.4194407530538,867500
2024-02-22,1,936.9688720703124,944.4599439432484,926.4854088873868,932.1159542836645,1780800
2024-02-23,1,918.6597900390624,939.6366321316536,918.2069599412176,937.3923083549524,879000
2024-02-26,3,932.7755126953124,936.8408894729514,921.5635682338878,926.7905498976404,671300
2024-02-27,1,926.6527709960938,942.7865468434431,925.6585515575052,938.100954289863,807500
2024-02-28,1,924.81201171875,928.749476377478,920.480776561772,924.3591816538568,519700
2024-02-29,1,936.8015747070312,937.5595558718996,923.74886988538,924.8120021549064,777600
2024-03-01,1,975.44775390625,975.9497902345076,935.4136010984332,936.7031182972596,1698200
2024-03-04,3,982.4368896484376,991.9261949026172,972.3077823678698,977.0819347409412,1433000
2024-03-05,1,953.693359375,976.530606760674,943.7020185830596,974.2370768120786,1259500
2024-03-06,1,988.2346801757812,993.845579124422,966.1257953005218,971.5103092655085,1304500
2024-03-07,1,1031.0152587890625,1039.8252876174522,998.9544466173784,999.7911337983172,1580300
2024-03-08,1,978.7847900390624,1023.9474527708612,977.7019512484126,1022.638289077344,1638500
2024-03-11,3,947.6196899414062,965.6926970707,942.5305340631744,964.1865881095345,1432100
2024-03-12,1,968.9016723632812,969.5907406391024,935.620257426219,951.6851191462448,1165200
2024-03-13,1,953.63427734375,967.7894074503812,944.0662070262584,967.7894074503812,851100
2024-03-14,1,944.7750244140624,956.2822076647702,935.6991367682084,953.4472882708192,876600
2024-03-15,1,925.5108642578124,939.8530854166426,917.2224585114402,939.8530854166426,1727400
2024-03-18,3,926.6232299804688,943.2294816209752,925.058061413812,934.5178054090568,821400
2024-03-19,1,937.0279541015624,941.634840548354,913.4917859235644,923.866983500928,817600
2024-03-20,1,955.74072265625,959.067884900453,932.0864363750838,941.1229100169516,838600
2024-03-21,1,975.300048828125,989.937567662078,972.6324551975068,989.2977657572928,1112400
2024-03-22,1,964.6394653320312,975.5856120153884,957.3649851293444,958.4871769497064,692800
2024-03-25,3,963.6255493164062,976.76687348529,961.1941937614616,963.8224345628616,860900
2024-03-26,1,956.1148071289062,973.9220168017636,955.6521838880724,971.3134225328648,706000
2024-03-27,1,958.782470703125,963.8913333573436,948.9978688982012,963.4779164024712,572100
2024-03-28,1,955.2977905273438,956.6759271722822,946.6157339394344,954.3921904903242,685700
2024-04-01,4,977.4263305664062,1006.6718089322972,964.442539310077,964.442539310077,1108500
2024-04-02,1,951.5966186523438,958.6151540799729,942.156520876356,952.9944017570348,964000
2024-04-03,1,964.944580078125,971.047601858706,947.0586047086092,950.7795374209044,892100
2024-04-04,1,938.5045166015624,981.2161788140504,938.4848701333524,976.4813799754209,1269700
2024-04-05,1,964.23583984375,971.1756091104086,951.8032906965152,961.233535134735,878400
2024-04-08,3,967.346435546875,980.6255246749066,964.8067541762704,974.3747638668744,929000
2024-04-09,1,974.3551635742188,984.5630357484508,954.2051572313496,978.2040087870678,717500
2024-04-10,1,959.3731079101562,968.1044311170024,947.7575990067064,947.7575990067064,722800
2024-04-11,1,976.6683349609376,976.678188234737,948.269397442361,966.2045186713908,964700
2024-04-12,1,946.8027954101562,956.95160834848,941.546253559998,954.6580183205938,1031000
2024-04-15,3,939.8924560546876,973.2624311242872,936.2305828845882,970.01403497853,1077500
2024-04-16,1,961.6469116210938,963.3104927299264,942.2352410076752,943.3180196830834,1506500
2024-04-17,1,893.4204711914062,928.0898752954204,881.8345234438061,928.0701687481908,3774100
2024-04-18,1,875.1310424804688,889.4732040100585,872.542154772542,887.0319952528415,1653700
2024-04-19,1,846.10205078125,882.1988004118767,842.2138525910049,873.5658901337393,2486800
2024-04-22,3,858.4164428710938,866.2421653584172,848.9764056462066,856.3985043884352,1143900
2024-04-23,1,887.4750366210938,893.8635636063877,861.3204196401365,865.5531822576077,991300
2024-04-24,1,878.36962890625,900.695046454558,868.1814029879523,898.7755204049417,860600
2024-04-25,1,888.4002685546875,896.8165867885266,857.3828827805266,861.3203472249837,1114200
2024-04-26,1,906.484130859375,913.8033603240316,899.1649616006036,899.8752104283947,865100
2024-04-29,3,897.4092407226562,900.8419397159684,888.8373067993572,899.460937023591,650800
2024-04-30,1,860.6159057617188,894.8543300079227,859.3828892473107,883.9248547665612,1093000
2024-05-01,1,841.252685546875,868.6256526788246,837.6029445547713,859.2744143186104,1458200
2024-05-02,1,858.4557495117188,866.070830879855,850.6334394817034,863.1115911388076,876800
2024-05-03,1,889.3798217773438,892.6645948991807,876.5958838317897,882.4354938719197,1038000
2024-05-06,3,904.4620361328124,905.8824736458622,892.7336281418976,896.8469546086068,642000
2024-05-07,1,895.8801879882812,913.7934858231404,895.3081116675016,912.2645573695308,655000
2024-05-08,1,899.0860595703125,904.2746029184044,891.0468276751238,892.1516057029434,555700
2024-05-09,1,901.1279296875,905.6950278056372,895.0516506190694,902.2722027613132,756000
2024-05-10,1,917.6503295898438,926.242010380484,912.4322253481872,912.4322253481872,814100
2024-05-13,3,904.7777709960938,916.378001618306,901.8382784806852,915.0759287723544,745700
2024-05-14,1,902.5977172851562,903.9293510493444,893.5720122429047,900.4966523108077,592000
2024-05-15,1,924.6835327148438,924.6835327148438,898.2772897884327,906.1685961362596,883000
2024-05-16,1,907.0464477539062,926.0546509659792,906.454623866998,923.776038692549,811100
2024-05-17,1,912.4026489257812,918.321128516414,903.761719296403,908.28932246794,703700
2024-05-20,3,926.6760864257812,933.857143737096,913.2017076241984,913.2017076241984,669300
2024-05-21,1,912.6985473632812,920.8956385261002,902.9034716565108,908.427361412654,746400
2024-05-22,1,909.798583984375,920.8168035440664,901.0786640354768,918.5579387906388,668600
2024-05-23,1,921.5565795898438,956.3177729162234,914.8094864635624,954.4337500977244,1357200
2024-05-24,1,943.2280883789062,945.5461957366774,921.0436630935492,925.5121442013532,684900
2024-05-28,4,978.3740844726562,979.3901191503954,952.1355127113248,959.5829216708922,1184000
2024-05-29,1,944.865478515625,952.3819422647236,942.951834504082,948.4855980931007,902000
2024-05-30,1,952.9934692382812,955.9823299865492,939.8544388338368,943.9973861118676,846500
2024-05-31,1,947.3019409179688,966.6849853702472,920.2545064502576,958.6062584414176,1040400
2024-06-03,3,952.3622436523438,959.050154374289,935.5044749550864,956.169844547054,752800
2024-06-04,1,937.8915405273438,950.6162950015412,930.187655775866,949.1662362777364,765400
2024-06-05,1,1027.1917724609375,1027.408874938009,995.192577188176,1005.500549818337,2586500
2024-06-06,1,1038.3084716796875,1040.1135646398773,1018.9550478779116,1033.7611208931112,1370700
2024-06-07,1,1014.4472045898438,1029.5590032939854,1012.5729952462532,1026.116430526028,936200
2024-06-10,3,1027.556640625,1031.9067573337263,1000.1442345469004,1002.3341035513364,1039500
2024-06-11,1,1021.93408203125,1024.794704766086,1005.8358092863836,1013.529821207046,789500
2024-06-12,1,1054.3375244140625,1062.583923737174,1041.2872979609874,1044.7594914468789,978400
2024-06-13,1,1038.4071044921875,1046.5845092650572,1024.6269396168084,1039.413265322116,1106300
2024-06-14,1,1013.9342651367188,1016.992122314474,1002.7877465722454,1007.581761013929,1047200
2024-06-17,3,1038.170166015625,1040.0542487511134,1018.639258891004,1030.0026366522854,844400
2024-06-18,1,1046.959228515625,1054.890029035124,1027.842536221258,1028.0397706930628,1025300
2024-06-20,2,1036.4638671875,1048.705289553978,1030.8216121955322,1043.8520929290416,1150300
2024-06-21,1,1022.5159301757812,1024.8833460102285,1009.307902782036,1024.074540142776,1626000
2024-06-24,3,988.3958740234376,1020.6515366456192,988.3958740234376,1019.1325422377964,1027000
2024-06-25,1,1009.4362182617188,1009.5841441339686,989.0174508023392,991.5031713915062,621600
2024-06-26,1,1002.7876586914062,1009.6925512542788,990.2602589206168,1000.2230083932648,885100
2024-06-27,1,1014.0426635742188,1027.5564765188342,1010.71845584044,1015.4531670477394,784300
2024-06-28,1,1008.8344116210938,1034.5601464413517,1001.653354413242,1014.0328287542296,837600
2024-07-01,3,1019.4482421875,1024.0054666847236,1001.9985890088616,1021.4803113241594,791000
2024-07-02,1,1033.6524658203125,1033.751083050634,1011.9217557395908,1012.819425400209,748700
2024-07-03,1,1056.85302734375,1059.703776014036,1041.0704157402972,1044.0099078855571,779800
2024-07-05,2,1059.8812255859375,1068.0783769960478,1054.811047337722,1065.0796423653794,771100
2024-07-08,3,1062.7518310546875,1073.010553373239,1061.2129685216044,1068.4335812492152,881900
2024-07-09,1,1045.5684814453125,1066.8257363214564,1044.9569100130093,1065.030396676715,925400
2024-07-10,1,1084.018798828125,1085.626657250855,1050.5301169729005,1054.6631307152643,925400
2024-07-11,1,1048.0640869140625,1095.0074601599329,1047.1369162489386,1094.898969150936,1151400
2024-07-12,1,1070.514892578125,1085.6661862042308,1051.812535204175,1058.1847265010422,1053800
2024-07-15,3,1049.178955078125,1083.8020435012263,1045.9632375600584,1082.5295316038655,1365600
2024-07-16,1,1053.6766357421875,1062.4163624693513,1046.3279057242933,1059.9207082279802,1197600
2024-07-17,1,919.3963012695312,966.6750795685848,916.0819673075138,965.2842634222347,5188400
2024-07-18,1,911.5938110351562,944.204630026758,898.6224529719229,940.5450152675396,2242200
2024-07-19,1,883.204833984375,907.8356043432888,879.5452191231361,902.794986838518,2133600
2024-07-22,3,928.4713134765624,929.763512381498,909.4828590654648,915.5788855166332,1926800
2024-07-23,1,920.1361694335938,927.6328862802568,916.555484410236,922.6712587882448,1056200
2024-07-24,1,860.8922119140625,907.174707325686,858.9292590701112,905.6852136022364,1912000
2024-07-25,1,850.90966796875,874.3271089267163,838.6288109462413,861.1387685704643,2075900
2024-07-26,1,876.3196411132812,883.4020806962234,870.243302058834,881.7744748265968,1681600
2024-07-29,3,860.3131713867188,887.4403982979566,858.8011940553569,876.5598554787242,1231500
2024-07-30,1,850.1243286132812,883.4280584758703,845.9341969148667,882.0049891898581,1682100
2024-07-31,1,925.685302734375,931.1601358405478,906.2564520306026,914.6367762373334,2406800
2024-08-01,1,873.3184814453125,916.8504857120132,861.5583893426422,912.1859567969198,1808500
2024-08-02,1,799.8327026367188,818.8465071341333,786.5310194850867,814.5081153545666,3624100
2024-08-05,3,810.703369140625,829.0155013138736,758.385895356456,765.8866700583768,2815600
2024-08-06,1,833.096923828125,849.8970181817087,825.704901614127,830.4780614636808,1995700
2024-08-07,1,826.5152587890625,868.0609451399246,824.81551338068,866.6872758024333,1521600
2024-08-08,1,866.3414306640625,868.2981283931595,839.273497263505,850.8457598872294,1447700
2024-08-09,1,850.4306640625,855.1248081698714,838.5618816265461,845.1732154241519,950500
2024-08-12,3,842.8311767578125,856.775242327955,842.791668833406,851.6166534318625,1151200
2024-08-13,1,859.2655029296875,862.4081015065053,846.2503881888952,850.6776877712147,1526600
2024-08-14,1,869.2369384765625,879.9198200793755,860.2241863897043,877.152757652259,887700
2024-08-15,1,917.3345947265624,919.8644889607812,885.7602866205074,889.8022183499791,1459000
2024-08-16,1,907.857421875,911.6127858104634,902.2936807125992,905.386819452954,804200
2024-08-19,3,922.177001953125,922.73041443362,898.7556810170237,906.355255802312,1024600
2024-08-20,1,915.2890014648438,925.3690712803564,906.5628169337666,924.9737507709476,921300
2024-08-21,1,932.5140380859376,933.9371074814876,920.7144386070878,922.7403205122438,646500
2024-08-22,1,897.0361938476562,932.889543325587,893.9528869798276,931.9111944583352,1092600
2024-08-23,1,896.5914306640625,911.2865677279468,892.5099910032457,902.1749554469984,1395900
2024-08-26,3,872.9230346679688,894.0022291739167,872.0731620015993,892.9151280336771,1251500
2024-08-27,1,879.4158935546875,885.226755378474,864.196958241448,869.6520677864172,661600
2024-08-28,1,877.6864013671875,886.906705916362,870.0670422616075,880.2261877357141,727300
2024-08-29,1,877.2713623046875,903.775990820714,872.6068338317951,895.4055589252918,1173800
2024-08-30,1,893.2413330078125,896.2653478694681,878.4869030216919,889.4662453814749,991200
2024-09-03,4,835.4490356445312,882.232328688834,831.7530241226447,882.1038525392546,1870800
2024-09-04,1,801.937744140625,813.0455627309376,789.8317925433373,795.5339621074775,2350900
2024-09-05,1,786.2445068359375,798.5481192142681,781.2045019182807,786.3334750646354,1672000
2024-09-06,1,743.9378662109375,783.615763583038,742.0404605187337,783.4773953769816,3286800
2024-09-09,3,741.0028686523438,755.2928551262324,729.4701131522488,755.0951948641323,2539900
2024-09-10,1,742.5444946289062,743.1571991964655,725.615922220751,741.0917490579608,1524000
2024-09-11,1,790.7311401367188,792.17393334232,749.8080480021605,760.9752191595608,2559100
2024-09-12,1,790.7606811523438,799.1805126779648,784.3865154685435,791.9663663804774,1318700
2024-09-13,1,806.7603149414062,808.9937489937882,794.4171959302998,794.6642561517149,1069200
2024-09-16,3,793.596923828125,799.7141372052918,782.8251345722673,799.4473531871568,1150100
2024-09-17,1,796.2158203125,802.2243419275563,787.173391868997,799.1904350991097,734600
2024-09-18,1,778.5757446289062,801.3744093302249,777.1229991269689,790.6816957694845,1249000
2024-09-19,1,818.4215698242188,829.7765086069572,812.5514163750047,822.8785460027344,1644300
2024-09-20,1,785.9282836914062,800.6629295666795,780.374314116732,800.0403329491035,2748600
2024-09-23,3,794.0515747070312,798.1132303889616,788.6261417378568,798.1132303889616,965600
2024-09-24,1,804.4281005859375,806.8987028604643,791.580968758398,800.030416473792,881200
2024-09-25,1,808.5589599609375,817.4828045453299,804.4281200958354,806.7504621632394,878200
2024-09-26,1,842.4160766601562,851.8636572677367,829.8258972232537,850.2133118507758,1566400
2024-09-27,1,831.644287109375,844.1060516262332,828.3435960357143,842.4260299078262,1038400
2024-09-30,3,823.4517822265625,832.2569826651523,810.0611292445424,826.712965340209,994700
2024-10-01,1,812.679931640625,831.3774940855665,802.3528618332036,829.8061644150227,1244100
2024-10-02,1,822.4042358398438,829.4009986313025,806.8987329735576,811.1481569808426,898400
2024-10-03,1,822.6216430664062,827.6617082269597,814.1030106913782,816.1980767319803,651900
2024-10-04,1,823.2047119140625,829.4701860810296,816.2475173355741,826.2188347501396,862500
2024-10-07,3,807.639892578125,813.3222778731073,801.4732788827085,802.1748913333627,898200
2024-10-08,1,814.5674438476562,821.0601937187448,810.426712114981,812.8281302342981,1265900
2024-10-09,1,835.9530029296875,836.1703869757055,816.6526291658538,820.0719644002371,1004900
2024-10-10,1,824.1632080078125,825.8037216270025,811.8398733321214,815.2987163712722,876300
2024-10-11,1,830.80419921875,835.0635148522219,818.6685726777598,820.1608260059776,964700
2024-10-14,3,862.012939453125,862.9813962675961,842.1492604742515,842.4951809918767,1769200
2024-10-15,1,721.8407592773438,863.3766456597842,709.0628122815674,857.0222038933747,9350700
2024-10-16,1,675.4824829101562,709.0431074392314,669.3059768861136,702.609649113798,10296200
2024-10-17,1,692.361572265625,695.6030314723034,669.1576945028348,684.4952130565039,7209100
2024-10-18,1,714.755126953125,717.9175099141702,704.7936417369361,709.2308337517815,4537800
2024-10-21,3,705.7028198242188,716.3264097590674,700.4552629295632,715.4864291004968,2184800
2024-10-22,1,712.4327392578125,715.5951222837672,709.2012324464005,714.4981893323469,2067000
2024-10-23,1,700.287353515625,707.8869294453593,691.8675206425012,705.6534950678447,1681400
2024-10-24,1,702.4515380859375,711.5334747105658,698.1428220763759,711.5235826504045,1854700
2024-10-25,1,703.3311157226562,714.7452869488452,702.8666110981794,707.5706478016857,1380100
2024-10-28,3,700.31689453125,703.1333567948108,695.7116584447535,700.0599422623767,1182800
2024-10-29,1,708.3709716796875,709.1633873166669,697.0293377245154,701.0409910083922,1445500
2024-10-30,1,677.3573608398438,689.0357431883508,676.1587920881462,686.9853291044254,3085200
2024-10-31,1,666.18408203125,676.5351814524271,660.9045152976893,676.5153514125928,2398300
2024-11-01,1,668.3434448242188,676.2974673186459,667.0855068925539,672.1272945540743,1801700
2024-11-04,3,664.8071899414062,672.0083959858385,664.4704420262718,669.6509187501563,1232500
2024-11-05,1,670.05712890625,679.0313709232518,667.09537935141,667.1350394324072,1282000
2024-11-06,1,655.1693725585938,666.6694661473739,648.5724379250316,662.2219749280097,3208600
2024-11-07,1,670.800048828125,673.405160014563,663.470067615173,667.7293548789404,1758300
2024-11-08,1,663.1331787109375,664.8864443232927,655.6249698696134,663.6581910756855,1726800
2024-11-11,3,664.9558715820312,665.6294279479993,655.6745659370562,665.4115393255283,1520100
2024-11-12,1,662.8460083007812,670.1363292380946,656.5561370912196,666.2732801533624,1711000
2024-11-13,1,667.035888671875,667.3033523643787,650.563353640672,658.3291111682738,2453700
2024-11-14,1,686.4010009765625,705.260761369863,684.984543500053,699.0005743230348,3925300
2024-11-15,1,652.3958740234375,673.4447363895921,651.2963950166852,671.939104299844,3063200
2024-11-18,3,658.9334106445312,662.5290566140687,641.8665162937806,644.9074652230903,2010600
2024-11-19,1,655.8924560546875,665.0549023887572,647.2847067560583,656.5462428384755,1640700
2024-11-20,1,652.19775390625,652.2472685496588,639.3406328734385,650.3157742546381,1677800
2024-11-21,1,665.7977905273438,666.6892959579634,642.8768630633766,647.7304469149685,2859000
2024-11-22,1,666.510986328125,668.4127960027998,659.9139914436423,661.4790531802449,1275600
2024-11-25,3,677.9912719726562,680.210120533614,671.5825413425434,678.5162843947526,1511300
2024-11-26,1,665.609619140625,675.3961074866372,660.5183163799423,673.1575496948499,1424100
2024-11-27,1,664.1336669921875,666.3227703801922,653.3665599529619,663.4205110485021,1231800
2024-11-29,2,680.1110229492188,693.0276342646712,672.1174005819706,672.4442939644626,1706500
2024-12-02,3,704.7356567382812,706.9247600742474,674.2569467413942,675.2969960299309,2325900
2024-12-03,1,711.2633056640625,714.502373303662,693.9883790152601,695.9991933667063,1647200
2024-12-04,1,713.105712890625,718.0782163514765,710.1440238581843,716.9390772817196,1529800
2024-12-05,1,704.7654418945312,722.3176878298033,701.2985704305385,722.248403603071,1801100
2024-12-06,1,702.2692260742188,710.4213672301448,700.387246542453,705.0031113396126,1215400
2024-12-09,3,699.8325805664062,716.364606772795,698.9708202325016,706.498859607914,1267500
2024-12-10,1,698.5944213867188,711.5010569821644,693.9388962440737,709.8369659549415,1214700
2024-12-11,1,707.6676635742188,711.2038795337568,699.8028160257011,705.1517273249466,1217600
2024-12-12,1,706.3502197265625,713.0660735304631,703.9036282126069,706.5879988217584,868700
2024-12-13,1,711.7784423828125,718.1178281948387,709.4407345407645,711.7784423828125,1455700
2024-12-16,3,715.54248046875,724.0808849734282,706.5781532866275,713.2345176282339,1542800
2024-12-17,1,728.231201171875,738.0672033888508,725.7449494267421,732.995670612559,1753300
2024-12-18,1,712.6798095703125,750.022980267869,708.7077557058665,741.4251462309669,2257000
2024-12-19,1,703.5371704101562,714.007129216579,702.0711984323867,710.9562654787787,1620800
2024-12-20,1,699.0004272460938,713.5811275364902,689.6894385739636,693.5228025185713,2701800
2024-12-23,3,714.215087890625,715.2155375681863,700.3872627605901,700.4070323426885,1232600
2024-12-24,1,712.897705078125,713.3830573768734,708.2322651750222,709.6091228296928,586800
2024-12-26,2,709.0841064453125,713.6802016429854,704.3790669480131,707.449760578607,734000
2024-12-27,1,706.835693359375,710.7086574909085,701.8830197880098,710.6987424705752,942300
2024-12-30,3,689.560791015625,696.1577258552828,687.8966394315783,693.3743256235773,1202600
2024-12-31,1,686.5198364257812,696.3260941044338,680.9232909463275,694.7511777196464,965000
2025-01-02,2,693.790283203125,705.221092095929,689.7489452406114,698.6637573550297,1115100
2025-01-03,1,707.5983276367188,710.7779656709107,695.9298607397332,696.5043273151499,1062900
2025-01-06,3,761.2357788085938,773.6967213924556,742.5543101810168,743.9509374092083,2761100
2025-01-07,1,750.4092407226562,771.0222639216732,746.3579274911674,767.6643370215621,1490200
2025-01-08,1,736.9379272460938,746.1994622176162,730.0240149448274,745.8725688649322,1185400
2025-01-10,2,732.0150756835938,744.1887256706744,728.439259841561,743.8915773451141,1515800
2025-01-13,3,720.5247802734375,722.0997569619105,710.797783251886,714.3735988142993,1321800
2025-01-14,1,729.3207397460938,732.5202077944718,721.168658877567,730.5589080654903,1022600
2025-01-15,1,719.4253540039062,737.4233529121897,718.3258749760826,732.4608247564184,1864400
2025-01-16,1,743.1784057617188,764.2569527973169,741.375625347911,751.6177203176678,2407600
2025-01-17,1,749.171142578125,761.9193196027754,744.3868429468699,760.641491119725,1933600
2025-01-21,4,755.7779541015625,760.4631637498092,748.3390290478969,755.7779541015625,1332000
2025-01-22,1,759.4529418945312,777.391512225886,758.6406961211544,770.3884240860191,1699900
2025-01-23,1,739.1766357421875,740.6723528748782,729.0335696635377,733.0056236497052,1751100
2025-01-24,1,725.3190307617188,742.9010216064037,722.3969413185789,742.267064891514,1505700
2025-01-27,3,683.6175537109375,684.0632459641078,665.5798948924239,666.4218252122351,4947800
2025-01-28,1,676.8818359375,686.8862722810587,660.2903803773654,672.3749153245928,2811900
2025-01-29,1,705.904541015625,721.5648913807754,697.9306887340045,720.2771479725436,4971500
2025-01-30,1,730.01416015625,738.532794865609,723.6648593194219,733.0947085688508,2745600
2025-01-31,1,732.3121948242188,747.4574483782001,730.7867931755068,741.0091183694815,2125700
2025-02-03,3,724.1403198242188,728.4887818138898,711.1246789167817,712.3232477089463,1647200
2025-02-04,1,724.4869384765625,735.6601986060139,722.3771552442104,729.9250246148221,1497000
2025-02-05,1,735.5611572265625,736.1752838770434,715.5622600920359,722.337483286837,1249700
2025-02-06,1,732.1339111328125,735.3828334820336,728.0529130417219,730.7075387592073,1120200
2025-02-07,1,720.8121337890625,735.2937466784787,716.8995095212578,732.0546787709442,1312400
2025-02-10,3,737.0370483398438,738.503020293444,728.9146520187352,729.746667278775,985700
2025-02-11,1,747.4298706054688,747.9361211606181,738.3969696636987,739.181124873763,1096700
2025-02-12,1,750.5963745117188,751.2117997437347,728.1530437577892,732.9077156206926,1077800
2025-02-13,1,771.262939453125,771.262939453125,747.2016177431249,749.2067480807174,1674100
2025-02-14,1,746.0104370117188,772.62282250813,743.16159615433,772.4838398845314,2047300
2025-02-18,4,738.7344360351562,753.3360326246273,733.1558650657514,751.857024886567,1715400
2025-02-19,1,739.3101806640625,747.320705194961,736.2231185402572,738.4764061037177,1457900
2025-02-20,1,737.6128540039062,749.9412916224371,734.9624904360463,745.81192025001,1185900
2025-02-21,1,731.7761840820312,740.2135321637262,727.795731352199,738.6650330568497,1472300
2025-02-24,3,730.5353393554688,745.3453486671617,729.2846169870786,740.6303604091889,1471200
2025-02-25,1,724.8079223632812,733.5331112734501,720.857277510632,726.7931807753107,1691200
2025-02-26,1,741.4244995117188,748.2141096996764,733.4635941720769,738.3374373300132,1401400
2025-02-27,1,692.5573120117188,739.3101168231011,691.7730962743871,737.9402838641187,2342800
2025-02-28,1,703.853515625,708.2409196348943,692.3687887469522,701.6101639854904,1773400
2025-03-03,3,694.701416015625,726.9519271100921,687.3758081088997,716.7278590757915,2284100
2025-03-04,1,702.999755859375,715.9833615202934,687.5842573587423,693.1231447300723,2044700
2025-03-05,1,734.29736328125,735.091454429657,713.9980864408411,726.2272839991778,1754300
2025-03-06,1,709.571044921875,725.7806352440964,705.7593223461973,713.5514369031108,1427900
2025-03-07,1,726.8228759765625,728.5897849173756,710.2261459242264,720.8075458432987,1426400
2025-03-10,3,678.0748901367188,693.8477820107337,671.0173113580199,692.8352808814554,2321500
2025-03-11,1,685.12255859375,696.8256339689405,676.2385159581456,693.6690806750404,1616800
2025-03-12,1,698.185546875,703.0792012195483,691.6044108910587,698.9498906929939,1306300
2025-03-13,1,689.4702758789062,700.1012948062295,683.186916687858,692.6963204663168,1399500
2025-03-14,1,708.7372436523438,714.7228267658032,700.160912886168,702.4638198836751,1367500
2025-03-17,3,724.9468994140625,729.135765550277,711.9236091781873,712.7573837770676,1423300
2025-03-18,1,725.7210083007812,728.7783227306344,714.682978140566,724.519965928005,1007300
2025-03-19,1,729.4930419921875,741.2457974638654,719.7156693665459,723.7358051969015,1080500
2025-03-20,1,728.6493530273438,729.9795027487888,718.8917914975171,719.6660713171512,1282400
2025-03-21,1,710.9407958984375,716.0429240916828,705.9677749222797,706.5434561877726,1967200
2025-03-24,3,722.4752197265625,726.5549109504318,720.9862760169511,722.6638216865243,1104400
2025-03-25,1,721.3833618164062,729.582489005542,720.0730839536728,726.6641566261086,1244300
2025-03-26,1,700.5579223632812,714.683015049913,697.0638485487142,710.6231959641497,1266500
2025-03-27,1,685.5394897460938,697.3021211974534,683.9214993492872,693.3415404957368,1285500
2025-03-28,1,669.6078491210938,682.3730465963129,667.0964680650667,680.0800754772486,1393000
2025-03-31,3,657.745849609375,660.2571698205436,648.067715527859,655.3933234025361,1685000
2025-04-01,1,662.421142578125,665.6968065520255,651.5120976744963,659.6715405326721,1212600
2025-04-02,1,664.078857421875,671.4044656172784,655.9591579995074,659.4929154569837,1119000
2025-04-03,1,618.6263427734375,646.1718031549381,618.2293274434298,644.7424752645762,2877100
2025-04-04,1,601.0864868164062,621.7629661248999,593.2844373132456,617.3656268667277,4017000
2025-04-07,3,611.30078125,648.0379363330808,574.2459169736106,582.1770144331131,4179100
2025-04-08,1,590.9815673828125,633.1981110125547,578.5935759173087,627.3614472062452,2585200
2025-04-09,1,682.1943359375,687.1872291792589,602.396862085065,613.4647016112325,3866700
2025-04-10,1,644.76220703125,656.7829306539533,623.003794553619,651.3334066964163,2989900
2025-04-11,1,663.8803100585938,667.0467995213995,646.5887269515443,651.2242881926743,2163600
2025-04-14,3,667.910400390625,675.017659341788,657.8451258309752,671.4540938806299,1574000
2025-04-15,1,678.12451171875,682.4623568955556,671.702230120933,674.3724049903774,2105600
2025-04-16,1,630.2500610351562,648.3159248888729,619.569360974123,642.2311029461313,4028300
2025-04-17,1,635.4414672851562,642.8861861125902,632.2352944307634,639.6105219455746,1439900
2025-04-21,4,620.08544921875,628.9893027960258,609.5337974759728,627.341565215794,1555100
2025-04-22,1,633.9822998046875,640.8512764024424,626.3489793915444,634.101410453154,1967000
2025-04-23,1,653.130126953125,661.5774109489623,649.9636374528637,659.3539312845676,1849700
2025-04-24,1,670.024658203125,673.3201941625939,657.6763494863112,661.6171186100112,1770700
2025-04-25,1,672.2779541015625,676.72491324207,659.6914239315175,661.984394811501,1280900
2025-04-28,3,669.8693237304688,671.542097886575,658.239517140704,669.2818320768056,1007600
2025-04-29,1,663.2479248046875,670.7356332286348,660.1513020607601,662.7500731440082,1104000
2025-04-30,1,665.20947265625,666.6233543151575,648.6608887970699,654.7645548418029,1042100
2025-05-01,1,663.8552856445312,672.2491180782159,659.6136405677925,672.2491180782159,1066300
2025-05-02,1,687.3638916015625,692.0138091009779,682.6541735608087,683.371111554883,1215500
2025-05-05,3,680.4237670898438,687.4534296943816,679.7964691724397,682.0567350263527,903700
2025-05-06,1,677.0682983398438,683.4208904536142,672.597600107208,673.4041173744217,765100
2025-05-07,1,697.380615234375,698.9438766327199,680.5233664712324,682.8334053085565,1041400
2025-05-08,1,704.98779296875,713.7300357989188,702.6677874071503,708.0644819422026,1040500
2025-05-09,1,703.1756591796875,707.457171274828,700.8755869555206,706.162769121354,884000
2025-05-12,3,746.9766235351562,747.2952558820796,726.2460736551727,727.2815832029939,2571500
2025-05-13,1,760.6177368164062,761.5835397976996,741.3408757132512,742.0578136550029,1815600
2025-05-14,1,765.606201171875,770.3756588953947,760.9861840261093,761.7130279911105,1156100
2025-05-15,1,755.1015625,763.7044538538121,751.9651334752971,760.38874474961,1511000
2025-05-16,1,744.8856201171875,750.2126692766689,739.0209738227478,749.6451110985798,1095100
2025-05-19,3,745.9111938476562,746.7774508287853,734.1021676773807,736.5515588214403,977900
2025-05-20,1,745.5428466796875,745.7618722446949,738.1148778442149,742.4262903465257,777200
2025-05-21,1,734.0025634765625,752.5425535260521,732.3297892735527,745.7917169486519,1058700
2025-05-22,1,737.5174560546875,743.99949434564,730.9956115094637,733.1562706821455,863500
2025-05-23,1,729.3426513671875,732.8276126824519,719.4155193058419,721.4865382738521,1525200
2025-05-27,4,753.5382690429688,757.9393213300596,746.7276925895302,748.1415742413179,1385100
2025-05-28,1,743.302490234375,753.1400438329235,741.6097824469579,748.9083047508342,1244000
2025-05-29,1,743.8600463867188,756.2864037017981,741.6396475503806,754.5738232548962,1166000
2025-05-30,1,733.6043701171875,742.7548862534067,719.8935156620198,741.8089559247185,1785400
2025-06-02,3,743.3223876953125,743.7405660502577,729.5119274967607,730.1392254156307,812600
2025-06-03,1,744.0392456054688,745.3336476620452,729.0539240078081,729.511908603252,1085100
2025-06-04,1,739.5885620117188,749.5356287347519,737.2286891658397,747.9524336713233,1160000
2025-06-05,1,744.5470581054688,753.2096883740453,740.8032042313877,750.8896828282521,1506500
2025-06-06,1,749.7844848632812,758.8254266662402,749.5653985451731,752.8114008815918,1345100
2025-06-09,3,766.8906860351562,778.8391255139499,753.8071302203797,753.8071302203797,1769400
2025-06-10,1,781.59716796875,784.9029101233455,773.1536236725669,775.762361382433,1715500
2025-06-11,1,780.7210083007812,793.8244366708802,777.3355928537314,786.6553609301841,1365900
2025-06-12,1,782.8319091796875,786.1774576642766,778.9785422911523,782.0651981954627,999600
2025-06-13,1,757.7301635742188,769.6088959022857,756.605014054254,763.5948702273266,1742900
2025-06-16,3,771.8990478515625,775.8420547877963,762.6887923499504,763.0771312214619,1454500
2025-06-17,1,756.5950927734375,769.8877682538973,754.952218796913,763.4854033460855,1422800
2025-06-18,1,758.3674926757812,764.7001512175536,750.9992637845739,761.4441819076172,1372500
2025-06-20,2,753.2794799804688,765.7058382658149,733.0865869938721,765.0685735401794,2303900
2025-06-23,3,776.3696899414062,777.39529343483,756.5452654585724,757.9890472903613,1302800
2025-06-24,1,809.865234375,809.9648411703271,782.7323190187327,782.7323190187327,2039600
2025-06-25,1,811.7371215820312,816.0186334751105,802.7558586672843,813.2406432387115,1400100
2025-06-26,1,794.660888671875,797.4388790538868,783.1206604635533,796.3236961983396,1705800
2025-06-27,1,792.5300903320312,802.02907837377,785.0623152377027,799.4900469962801,1201000
2025-06-30,3,797.9466552734375,798.9921315486129,790.6281998014013,793.0577182024176,1080400
2025-07-01,1,787.0735473632812,792.0819640631731,779.1776275975498,784.6639624274221,1065800
2025-07-02,1,796.1544189453125,797.0604821974885,769.5392287263713,772.9047107022918,1383000
2025-07-03,1,791.0863037109375,795.0990173425444,783.2301897720356,783.5886283889741,910700
2025-07-07,4,781.7167358398438,790.0806071528361,780.4322396794703,782.0851412015103,1363700
2025-07-08,1,790.6879272460938,794.9595330871971,775.3839731412918,779.2970796246574,1327800
2025-07-09,1,796.3933715820312,797.4587813845447,789.0649492526894,789.5030611268734,1334300
2025-07-10,1,798.6436767578125,807.6149123305963,794.5712235711101,805.4542532127376,1498900
2025-07-11,1,798.484375,799.738970936538,793.0976466514766,793.645271335847,932400
2025-07-14,3,803.2637329101562,809.277819955053,786.4761892484747,794.192890103495,1456900
2025-07-15,1,819.4837036132812,823.0084712200395,810.711560461463,819.4438365888492,2099600
2025-07-16,1,751.2083740234375,757.6306725244357,727.4608136275941,751.1187339855014,10789600
2025-07-17,1,741.7092895507812,753.597988920271,738.8118198008046,743.6111168124748,4078500
2025-07-18,1,731.4237670898438,748.858542072277,731.174841258051,748.84857531534,2567200
2025-07-21,3,716.5877075195312,729.7509360837275,716.229268935102,727.8590755999562,2650300
2025-07-22,1,702.44873046875,715.9703980264409,698.1771852761506,715.2236205665029,3425100
2025-07-23,1,713.8495483398438,716.876464445952,705.0873715923468,712.1369678617959,3379400
2025-07-24,1,721.9645385742188,723.5078664764794,715.2733810484541,719.9034255281401,2037100
2025-07-25,1,708.1939697265625,710.0858302993179,703.5639250880804,706.0930503561752,2312100
2025-07-28,3,726.8534545898438,732.2501495510995,725.3598996144739,731.9913177379443,2253900
2025-07-29,1,717.217529296875,725.6325922776999,714.4324923795043,721.4500104190537,2292900
2025-07-30,1,720.1723022460938,722.7377580090092,714.2328276920335,715.6203805821619,1407000
2025-07-31,1,693.4796752929688,706.2869092142004,689.9858738697025,705.1489744837604,2892200
2025-08-01,1,688.5983276367188,692.2019196599791,682.2695290465153,688.7780015432652,1627100
2025-08-04,3,698.1213989257812,698.2112663411283,691.6728787628406,694.3481250953668,1025600
2025-08-05,1,688.4086303710938,694.3980040250553,683.0281617494572,693.4895815683846,1261200
2025-08-06,1,689.736328125,691.2036955022473,684.2260845774894,686.4321925895616,1218700
2025-08-07,1,711.8570556640625,715.6303905081586,705.3685671999913,712.7554861299128,1723800
2025-08-08,1,721.040771484375,722.2186743815175,709.1917982453283,711.1482880727241,1042900
2025-08-11,3,720.0325317382812,730.5638351252999,718.2457238260846,722.7177700890925,1179700
2025-08-12,1,740.4762573242188,742.0334921047348,722.1986870342313,724.2451051964431,1461800
2025-08-13,1,754.2318725585938,754.8607616858468,746.2160646591631,749.3006189941216,2011900
2025-08-14,1,753.8724975585938,755.6593054223505,743.2413350071255,745.9565493982435,1577400
2025-08-15,1,740.8455810546875,745.8267947633775,735.3553217531295,737.1920898546484,1635100
2025-08-18,3,746.22607421875,746.6752894526301,738.1304516788642,738.3600248514209,1086400
2025-08-19,1,742.2930297851562,754.3516528027549,740.3964312983265,750.2089782062856,1121300
2025-08-20,1,748.16259765625,752.1056141502557,736.8726307945482,749.4702751291064,1368400
2025-08-21,1,734.0975952148438,740.1867674474308,730.8133829714889,738.0505428689856,952700
2025-08-22,1,753.5531005859375,760.2212629606519,739.0587960832644,740.3664736295067,1456000
2025-08-25,3,753.1238403320312,756.9170981807011,750.7580425796765,753.4133047956274,731100
2025-08-26,1,761.848388671875,762.1478451879113,754.5712602333418,757.4262414917245,860100
2025-08-27,1,768.6362915039062,769.215281354486,756.4478940906027,758.6540020038556,1140700
2025-08-28,1,762.10791015625,771.8006744461946,759.5224703201606,768.6363056759112,985400
2025-08-29,1,741.3048095703125,752.2653444118071,738.47980446183,751.6664313871045,1317800
2025-09-02,4,724.564453125,725.9120987528336,714.9315803916652,715.9398013713384,1867400
2025-09-03,1,735.5150756835938,736.9924350599168,728.2679236259031,730.9231858734921,1330300
2025-09-04,1,752.0956420898438,755.5595282818524,734.1275207126494,735.7446467624319,1532700
2025-09-05,1,780.3156127929688,781.7130968211635,764.8829706911404,773.5076837775591,1887300
2025-09-08,3,794.83984375,797.2855169931049,785.3566682201727,788.2515567001032,1284500
2025-09-09,1,803.7041015625,804.4128660702969,791.7153617938915,793.791695126756,1324100
2025-09-10,1,791.7353515625,808.1661616576546,789.6191109890608,805.3911167622081,1634300
2025-09-11,1,802.7357788085938,807.7169925296378,797.0958217046964,798.2737245737957,1297800
2025-09-12,1,812.4285888671875,814.3352402766282,804.8719884211374,807.0880883673119,1019700
2025-09-15,3,865.7639770507812,867.1814451344248,832.4430890211868,833.4513100333567,2702300
2025-09-16,1,876.8642578125,879.8989128159401,866.0334980682514,878.38158531422,1832400
2025-09-17,1,870.7252197265625,876.075712485076,859.6548334307103,866.6923356177064,1553300
2025-09-18,1,926.1567993164062,937.0175350691436,914.4076861107036,927.0252536209508,3176100
2025-09-19,1,930.4991455078124,936.9876337204288,924.2302384204802,924.4298963970496,2410200
2025-09-22,3,956.1036987304688,962.8317522642157,951.901193744924,959.2181682539416,1885000
2025-09-23,1,961.8035888671876,975.7488181045086,954.3068796770434,962.7019583692248,1664800
2025-09-24,1,945.262939453125,951.9111175584408,939.2835576954184,948.0379842963924,1400700
2025-09-25,1,947.8682861328124,950.9727635410376,935.4603076106696,936.5384119349336,1272600
2025-09-26,1,949.8348388671876,953.5282372750167,941.0803513973068,944.564160716998,955200
2025-09-29,3,960.9051513671876,970.3484191328467,960.6655861684072,962.0231629128692,1213800
2025-09-30,1,966.37548828125,973.9121046470304,961.3643594697584,966.3255280922432,1303600
2025-10-01,1,1001.4932250976562,1003.5794895817744,963.1113079859942,963.899886959709,1963800
2025-10-02,1,1028.3455810546875,1038.3877011205636,1020.0802159448313,1037.1598989851234,1689100
2025-10-03,1,1030.391845703125,1038.0083373784116,1023.6438083302104,1029.1740356430846,1352300
2025-10-06,3,1041.4522705078125,1057.1244156526122,1038.2578648834565,1038.5972285936923,1385400
2025-10-07,1,1000.52490234375,1042.9995335916567,999.2272168449482,1040.9830915395255,1667800
2025-10-08,1,986.060546875,989.833881590069,975.6889333545872,976.2180239485558,1947000
2025-10-09,1,978.8034057617188,985.7810773940683,969.7894299049956,983.6048846382138,1496000
2025-10-10,1,934.531982421875,974.4711332838586,933.7533345798188,968.97088190753,2933900
2025-10-13,3,982.9161376953124,983.43523627058,965.2574642956012,970.0090440711848,2223900
2025-10-14,1,981.438720703125,991.7204665869864,964.2891548464,965.7465910307372,2422100
2025-10-15,1,1008.0216064453124,1031.1705389880417,991.7804014023454,1028.305626682249,2900300
2025-10-16,1,1017.7843017578124,1047.5215208236466,1009.3092866285474,1035.3331841001202,1938400
2025-10-17,1,1027.4471435546875,1030.940944922845,1013.2023967655704,1018.782523472905,1663700
2025-10-20,3,1040.3043212890625,1050.3065948327596,1029.6631665969123,1029.9227158714127,1271700
2025-10-21,1,1023.2046508789062,1035.6425445181444,1022.3361965724672,1034.47469464121,1072200
2025-10-22,1,1009.7785034179688,1031.3502781257769,995.9030961315934,1024.6320946876176,1328600
2025-10-23,1,1034.574462890625,1038.6571850297828,1002.7209441253406,1002.7409282002792,1318200
2025-10-24,1,1031.270263671875,1041.5520701977043,1030.3519710603098,1036.0917872990528,1032700
2025-10-27,3,1058.1026611328125,1058.8513328157424,1047.5014749766888,1048.1503481393845,1265600
2025-10-28,1,1050.615966796875,1058.7615490006997,1049.8672950979162,1054.9283840211835,856900
2025-10-29,1,1070.8399658203125,1077.760009765625,1064.8399658203125,1070.6600341796875,1530000
2025-10-30,1,1075.449951171875,1086.1099853515625,1070.6099853515625,1072.6800537109375,1283100
2025-10-31,1,1059.22998046875,1073.280029296875,1051.4000244140625,1071.6800537109375,1179400
2025-11-03,3,1066.8199462890625,1073.4000244140625,1062.989990234375,1063.02001953125,868100
2025-11-04,1,1030.1400146484375,1063.260009765625,1028.8299560546875,1049.949951171875,1735100
2025-11-05,1,1043.75,1050.6400146484375,1030.800048828125,1031.0999755859375,1169400
2025-11-06,1,1029.199951171875,1041.530029296875,1026.43994140625,1039.8800048828125,1073000
2025-11-07,1,1016.9600219726562,1035.4000244140625,996.8200073242188,1031.0999755859375,1841900
2025-11-10,3,1038.7900390625,1042.7900390625,1021.0700073242188,1036.77001953125,992900
2025-11-11,1,1022.4199829101562,1036.97998046875,1017.780029296875,1031.77001953125,1026000
2025-11-12,1,1037.3299560546875,1038.699951171875,1025.22998046875,1030.1600341796875,961900
2025-11-13,1,1019.8599853515624,1041.8599853515625,1009.510009765625,1040.989990234375,1406300
2025-11-14,1,1006.97998046875,1018.0700073242188,981.0,989.2999877929688,1307800
2025-11-17,3,1020.0,1025.0,1004.27001953125,1004.719970703125,1691500
2025-11-18,1,1004.0599975585938,1017.719970703125,993.989990234375,1011.0800170898438,1414000
2025-11-19,1,1039.3299560546875,1044.72998046875,1005.0,1005.77001953125,1587800
2025-11-20,1,981.0399780273438,1050.949951171875,977.0,1042.22998046875,2055100
2025-11-21,1,966.5700073242188,978.5399780273438,946.1099853515624,963.3499755859376,2481800
2025-11-24,3,987.8200073242188,995.1400146484376,977.5900268554688,977.6199951171876,1628100
2025-11-25,1,1003.219970703125,1006.8800048828124,973.739990234375,993.8300170898438,1193000
2025-11-26,1,1040.969970703125,1055.0,1037.300048828125,1040.6700439453125,1572400
2025-11-28,2,1060.0,1060.280029296875,1035.43994140625,1040.4000244140625,939700
2025-12-01,3,1087.989990234375,1091.300048828125,1054.469970703125,1056.030029296875,2103100
2025-12-02,1,1108.780029296875,1113.2099609375,1088.6800537109375,1089.6099853515625,1426000
2025-12-03,1,1140.9200439453125,1141.719970703125,1105.6199951171875,1110.239990234375,2059500
2025-12-04,1,1110.0799560546875,1129.5400390625,1102.1700439453125,1122.530029296875,1511800
2025-12-05,1,1099.469970703125,1129.3800048828125,1098.260009765625,1121.9300537109375,1054400
2025-12-08,3,1119.68994140625,1134.1800537109375,1114.030029296875,1118.8199462890625,1118800
2025-12-09,1,1111.43994140625,1115.739990234375,1105.6099853515625,1107.9000244140625,904700
2025-12-10,1,1119.3199462890625,1123.9599609375,1098.8800048828125,1109.4000244140625,1093600
2025-12-11,1,1122.8399658203125,1127.75,1095.469970703125,1114.75,1403600
2025-12-12,1,1080.8499755859375,1114.56005859375,1077.18994140625,1109.3900146484375,1623000
2025-12-15,3,1087.8199462890625,1097.7099609375,1079.5899658203125,1089.3499755859375,1283400
2025-12-16,1,1076.050048828125,1088.06005859375,1065.93994140625,1081.530029296875,956300
2025-12-17,1,1015.4299926757812,1065.1199951171875,1010.010009765625,1060.77001953125,2140900
2025-12-18,1,1036.31005859375,1051.81005859375,1035.1500244140625,1047.969970703125,1645400
2025-12-19,1,1056.02001953125,1062.6800537109375,1042.56005859375,1042.56005859375,2319600
2025-12-22,3,1056.97998046875,1067.1600341796875,1050.0,1066.0,703700
2025-12-23,1,1061.8399658203125,1064.75,1055.68994140625,1057.93994140625,543600
2025-12-24,1,1065.52001953125,1066.800048828125,1057.43994140625,1059.8199462890625,229800
2025-12-26,2,1072.75,1076.0899658203125,1063.0799560546875,1066.25,363800
2025-12-29,3,1066.0,1073.6500244140625,1061.0699462890625,1064.5799560546875,424300
2025-12-30,1,1072.1400146484375,1086.06005859375,1070.4200439453125,1084.5799560546875,807300
2025-12-31,1,1069.8599853515625,1080.5400390625,1068.9200439453125,1080.22998046875,561300
2026-01-02,2,1163.780029296875,1172.77001953125,1133.47998046875,1133.760009765625,2697900
2026-01-05,3,1228.18994140625,1237.8599853515625,1211.219970703125,1211.219970703125,3290600
2026-01-06,1,1242.18994140625,1246.3800048828125,1222.4200439453125,1222.8199462890625,1895800
2026-01-07,1,1228.469970703125,1235.760009765625,1222.0,1227.449951171875,1351200
2026-01-08,1,1194.3199462890625,1224.5400390625,1176.0,1217.260009765625,1682300
2026-01-09,1,1273.8800048828125,1282.0,1220.989990234375,1232.8499755859375,2393500
