Date,days_delta,Close,High,Low,Open,Volume
1997-10-09,0,3.139038324356079,3.2577413538188895,2.802712679705578,2.802712679705578,10201979
1997-10-10,1,3.2841196060180664,3.495147661804668,3.1588220159651317,3.48195806805669,10669148
1997-10-13,3,3.211578845977783,3.290714032523787,3.1983894904177848,3.290714032523787,3044363
1997-10-14,1,3.0796871185302734,3.191795362387339,2.993956881204114,3.1852005648751796,2549907
1997-10-15,1,2.993955612182617,3.0005501701960537,2.881847415843861,2.888441500450405,3167153
1997-10-16,1,2.9016318321228027,2.993956378037907,2.888442239315134,2.993956378037907,1770821
1997-10-17,1,2.6510367393493652,2.776334571643877,2.644442178887426,2.769739774478404,3287121
1997-10-20,3,2.321305990219116,2.374062713218358,2.2091972733230327,2.2157920708135403,11499985
1997-10-21,1,2.6510367393493652,2.6510367393493652,2.413630432387753,2.426819316608097,6924737
1997-10-22,1,2.3410897254943848,2.4466036472848343,2.334494927854818,2.440009086348819,4458573
1997-10-23,1,2.2026021480560303,2.2685484562226,2.1102776006670454,2.2685484562226,12494072
1997-10-24,1,2.08389949798584,2.268548604862384,2.031142305973722,2.2553597210905254,9498638
1997-10-27,3,1.8069243431091309,2.0311412911439564,1.8003296678146077,2.0311412911439564,4905042
1997-10-28,1,2.2157914638519287,2.2157914638519287,1.648654184048506,1.6618436570648167,10417921
1997-10-29,1,2.0113582611083984,2.090493679743982,2.004763465361154,2.031141938239682,7548100
1997-10-30,1,1.9586021900177,1.9783858747884573,1.8926559823562392,1.89925018889113,2797370
1997-10-31,1,2.08389949798584,2.1300614196496865,2.024547982439556,2.031142305973722,3611270
1997-11-03,3,2.3938467502593994,2.4268197957831497,2.268549129928433,2.268549129928433,6205871
1997-11-04,1,2.3938467502593994,2.4202257074262774,2.3279006592118994,2.374063064967298,3145042
1997-11-05,1,2.585089921951294,2.6048735976787047,2.440008213062814,2.440008213062814,3979642
1997-11-06,1,2.5719006061553955,2.6906033723868337,2.5455221347583636,2.6774144917435225,3649848
1997-11-07,1,2.5125489234924316,2.5257378031846107,2.3740617811175806,2.387251134216665,4470805
1997-11-10,3,2.525737762451172,2.6246570806369163,2.5191434410631577,2.6114679644539898,2435114
1997-11-11,1,2.4729807376861572,2.5191431116977983,2.4663859437534814,2.4795752949154153,2194707
1997-11-12,1,2.3344945907592773,2.393846104020298,2.327900030775501,2.393846104020298,3905309
1997-11-13,1,2.314710855484009,2.4466032355247584,2.2817378196496994,2.3608730109706375,2482160
1997-11-14,1,2.314710855484009,2.3938460468049474,2.2817378196496994,2.3608730109706375,2205999
1997-11-17,3,2.479576349258423,2.479576349258423,2.426819158881171,2.472981789225086,3290415
1997-11-18,1,2.321305990219116,2.400441193069752,2.308116631941646,2.400441193069752,2240813
1997-11-19,1,2.255359649658203,2.2949267731276515,2.228980699432336,2.2949267731276515,1442908
1997-11-20,1,2.2026021480560303,2.2421699802966746,2.1960075882504264,2.2091969445651447,2578134
1997-11-21,1,2.314710855484009,2.314710855484009,2.2157917479810805,2.2157917479810805,4223342
1997-11-24,3,2.261953353881836,2.2685481494992885,2.202601850249112,2.202601850249112,2254927
1997-11-25,1,2.321305990219116,2.354279030857472,2.2751433545997446,2.2751433545997446,1083946
1997-11-26,1,2.281737804412842,2.3015214837592106,2.2553595652843503,2.294926687273578,1136637
1997-11-28,2,2.321305990219116,2.321305990219116,2.314711192728608,2.321305990219116,1083475
1997-12-01,3,2.2157914638519287,2.2157914638519287,2.182818195542243,2.2157914638519287,2365485
1997-12-02,1,2.2157914638519287,2.2553592911421587,2.209196668167903,2.2355751407935625,2203176
1997-12-03,1,2.228980302810669,2.255359248342703,2.196007271830186,2.255359248342703,2783727
1997-12-04,1,2.321305990219116,2.354279030857472,2.321305990219116,2.3344948750894945,2721625
1997-12-05,1,2.327899694442749,2.3476838449427166,2.308116017349747,2.3213053721152312,1796226
1997-12-08,3,2.4268195629119873,2.47957676207256,2.413630677353071,2.413630677353071,2020166
1997-12-09,1,2.321305990219116,2.374062713218358,2.321305990219116,2.374062713218358,1487132
1997-12-10,1,2.222385883331299,2.3542782381805942,2.2157913247647008,2.3542782381805942,1393980
1997-12-11,1,2.123467206954956,2.130061293394746,2.0904939343138635,2.123467206954956,3128576
1997-12-12,1,2.1036832332611084,2.149845629529299,2.1036832332611084,2.1168725907821053,2271863
1997-12-15,3,1.9256287813186648,2.0904940917764994,1.9256287813186648,2.0904940917764994,5162855
1997-12-16,1,1.9849804639816284,2.017953507129011,1.912439579694535,1.9256290573274084,3736884
1997-12-17,1,1.9190336465835571,2.0113583036092644,1.912438969048706,1.9915746260599432,3310174
1997-12-18,1,1.846493124961853,1.9058446419293784,1.846493124961853,1.9058446419293784,1023256
1997-12-19,1,1.9586021900177,1.984980554730497,1.8201150947527391,1.8333039812296692,3056124
1997-12-22,3,1.9388171434402464,1.9783849682582488,1.9190334677347116,1.945411820360491,1266485
1997-12-23,1,1.87946617603302,1.9058445344800317,1.8728713793056884,1.9058445344800317,813430
1997-12-24,1,1.872871994972229,1.905845160985794,1.8662773144287967,1.8794667938674592,742860
1997-12-26,2,1.8992494344711304,1.905844230145372,1.8728710802363453,1.8728710802363453,292628
1997-12-29,3,1.912438988685608,1.9388173440406329,1.9058443110830423,1.9256284622424835,951275
1997-12-30,1,1.978386163711548,1.978386163711548,1.9256294265813716,1.9256294265813716,1465491
1997-12-31,1,1.9190336465835571,1.9783851526384968,1.8992494956272592,1.9783851526384968,917402
1998-01-02,2,1.9454123973846436,1.9454123973846436,1.9058446791822876,1.9124393580585644,568789
1998-01-05,3,1.9388171434402464,1.9586012925527136,1.9058441138942224,1.945411820360491,1749650
1998-01-06,1,1.8992494344711304,1.9190335847903752,1.8926552305555904,1.9190335847903752,1504069
1998-01-07,1,1.7146005630493164,1.8596824159001353,1.7146005630493164,1.8596824159001353,1337054
1998-01-08,1,1.6354649066925049,1.6948168871369045,1.6354649066925049,1.688222091141142,4584186
1998-01-09,1,1.5365455150604248,1.642059525095824,1.5299513110612926,1.6354648476897249,5332692
1998-01-12,3,1.5893030166625977,1.6090866963240524,1.411248124433152,1.5035726729638157,3469190
1998-01-13,1,1.7739522457122805,1.7871417215231975,1.648654533367993,1.6552493304493343,2123668
1998-01-14,1,1.8069243431091309,1.8794652979420712,1.7607623261576912,1.8794652979420712,2803486
1998-01-15,1,1.7805466651916504,1.8069250212139305,1.7541683091693707,1.7937361390821611,1833863
1998-01-16,1,1.839898467063904,1.853087824708109,1.833303669890034,1.853087824708109,2319380
1998-01-20,4,1.9454123973846436,1.9717908761862144,1.886060997608762,1.886060997608762,3270655
1998-01-21,1,1.9849804639816284,1.991575261973956,1.9322232635608263,1.938817943201372,2871233
1998-01-22,1,2.037736654281616,2.044331450536959,1.9520069067006744,1.984979941163383,1798578
1998-01-23,1,2.08389949798584,2.097088381757698,2.044331663152633,2.0904940582235323,1195445
1998-01-26,3,2.2421698570251465,2.2421698570251465,2.182818348630758,2.2289805014355615,3288062
1998-01-27,1,2.308116912841797,2.321306272724425,2.2487653851289067,2.255360183422008,2171655
1998-01-28,1,2.4268195629119873,2.4268195629119873,2.321306111405075,2.321306111405075,3175151
1998-01-29,1,2.321305990219116,2.4268194362176,2.321305990219116,2.4268194362176,3233489
1998-01-30,1,2.5059542655944824,2.5191436194146437,2.3410888814149926,2.347683676676806,4949265
1998-02-02,3,2.585089921951294,2.611468156254509,2.5389273018102685,2.5455220970895387,2354194
1998-02-03,1,2.7565486431121826,2.763143199330764,2.657629353019926,2.690602370816218,5174617
1998-02-04,1,2.6048731803894043,2.716981841736082,2.571900156089054,2.716981841736082,2420059
1998-02-05,1,2.6246578693389893,2.743361134172559,2.6180635459694,2.7169828938801213,1634387
1998-02-06,1,2.611469030380249,2.624658151946594,2.5389281516547144,2.6048744695970765,1084886
1998-02-09,3,2.519144058227539,2.62465772365106,2.5125494985204764,2.611468604236935,1854563
1998-02-10,1,2.5982794761657715,2.631252514298577,2.5521175541647825,2.5587116410435824,1728950
1998-02-11,1,2.677414894104004,2.684009690471927,2.6246577066781485,2.684009690471927,3018958
1998-02-12,1,2.7961173057556152,2.7961173057556152,2.7235764489983167,2.736766039977424,3442374
1998-02-13,1,2.7301716804504395,2.756550156510432,2.716982797475711,2.756550156510432,1759530
1998-02-17,4,2.8290903568267822,2.862063384940074,2.815901240262848,2.8356849151087493,2100145
1998-02-18,1,2.8752527236938477,2.8818475186459818,2.829090342546183,2.8356849007948624,1625918
1998-02-19,1,2.941199779510498,2.941199779510498,2.914821302967307,2.941199779510498,1120642
1998-02-20,1,2.8620641231536865,2.954388673024911,2.8554693264672646,2.954388673024911,1716718
1998-02-23,3,2.7961173057556152,2.8620636037268343,2.78292842488693,2.848874722858149,1026549
1998-02-24,1,2.8554697036743164,2.8752538596435495,2.8027129801384034,2.82249666270054,2524972
1998-02-25,1,3.0664966106414795,3.10606443406707,2.8950364369696846,2.901631232009588,3695012
1998-02-26,1,3.139038324356079,3.2049843992346356,3.1258489673582543,3.2049843992346356,1549703
1998-02-27,1,3.0269298553466797,3.099470732755889,2.9939568153256,3.099470732755889,980914
1998-03-02,3,2.974172830581665,3.03352434391868,2.974172830581665,3.026929547222943,777204
1998-03-03,1,2.947793960571289,2.980767229539646,2.8884419817468525,2.941199401459012,2350431
1998-03-04,1,2.8027119636535645,2.848874583000315,2.7961171684877644,2.8224956390405773,1772232
1998-03-05,1,2.545522689819336,2.6378472414889345,2.538927893004455,2.6312524446740535,2942272
1998-03-06,1,2.782928466796875,2.829090615698093,2.6444415466862656,2.6444415466862656,2974264
1998-03-09,3,2.703793525695801,2.7367668022168052,2.637847446060872,2.6642259252555514,866592
1998-03-10,1,2.7631447315216064,2.7631447315216064,2.7169828123942965,2.7169828123942965,1178038
1998-03-11,1,2.8752527236938477,2.90163119339202,2.8686581654451686,2.8752527236938477,1091002
1998-03-12,1,2.8356857299804688,2.875253564449523,2.7961178955114145,2.875253564449523,471874
1998-03-13,1,2.8356857299804688,2.868659004272522,2.8093074892724643,2.8620642073919966,891056
1998-03-16,3,2.8224966526031494,2.875253849357422,2.8224966526031494,2.875253849357422,1242491
1998-03-17,1,2.710387945175171,2.8290909666514312,2.7037931487682068,2.8290909666514312,2250222
1998-03-18,1,2.6510367393493652,2.677415217900655,2.644442178887426,2.677415217900655,2122256
1998-03-19,1,2.7169830799102783,2.7301719642560114,2.677415243355396,2.677415243355396,1310238
1998-03-20,1,2.710387945175171,2.743360980395965,2.697198589064749,2.7235768278785786,1988174
1998-03-23,3,2.6378464698791504,2.6510358229473066,2.624657116810994,2.631251674993346,727335
1998-03-24,1,2.7301716804504395,2.7433610368321917,2.6906038480086947,2.6906038480086947,931045
1998-03-25,1,2.848875045776367,2.875253283910643,2.8224960975315887,2.848875045776367,2439818
1998-03-26,1,2.8290903568267822,2.8356849151087493,2.8093066819808805,2.822495561841359,907522
1998-03-27,1,2.8224966526031494,2.862064490992967,2.809307767645789,2.848875606035606,705694
1998-03-30,3,2.776334047317505,2.8159016393201095,2.756549896260968,2.8093070801035904,666175
1998-03-31,1,2.7301716804504395,2.776334309434816,2.7235768839078074,2.776334309434816,3265951
1998-04-01,1,2.710387945175171,2.7169827415821355,2.6840097063613415,2.7169827415821355,1167217
1998-04-02,1,2.703793525695801,2.7103883230221255,2.644442243387197,2.703793525695801,1446672
1998-04-03,1,2.677414894104004,2.7037931327616733,2.6642255380716637,2.7037931327616733,600310
1998-04-06,3,2.6708197593688965,2.703792790217123,2.6708197593688965,2.684009350433748,330735
1998-04-07,1,2.585089921951294,2.63784662726119,2.585089921951294,2.63784662726119,1165336
1998-04-08,1,2.611469030380249,2.637847510216485,2.6048744695970765,2.6048744695970765,1172863
1998-04-09,1,2.591684341430664,2.6114684931170355,2.5587113075948715,2.5587113075948715,829425
1998-04-13,4,2.4729807376861572,2.538926783385572,2.453197065998384,2.538926783385572,1350227
1998-04-14,1,2.519144058227539,2.519144058227539,2.440008631632268,2.459792310753455,1475370
1998-04-15,1,2.545522689819336,2.5587115733385337,2.519144212670376,2.538927893004455,1158749
1998-04-16,1,2.466387987136841,2.499361037304465,2.440009736365633,2.499361037304465,1011494
1998-04-17,1,2.400440454483032,2.4202246041636646,2.3872513369672412,2.413629808702296,1130521
1998-04-20,3,2.387251615524292,2.4004407345790586,2.347684021656492,2.3938459383481745,1067950
1998-04-21,1,2.479576349258423,2.492765469325097,2.413630275518016,2.413630275518016,1178979
1998-04-22,1,2.6180636882781982,2.6246580120062317,2.4993601802888,2.5323334558536996,2119904
1998-04-23,1,2.5653064250946045,2.5916846661049857,2.5587116281384823,2.5719012220507262,2294916
1998-04-24,1,2.6180636882781982,2.6246580120062317,2.585090649416832,2.585090649416832,1254253
1998-04-27,3,2.499359607696533,2.5521170258767065,2.4795759309341863,2.5521170258767065,882117
1998-04-28,1,2.578495740890503,2.5850905377407067,2.558711587043414,2.558711587043414,1609452
1998-04-29,1,2.5719006061553955,2.5719006061553955,2.519143663361332,2.552116930135224,819075
1998-04-30,1,2.591684341430664,2.6114684931170355,2.585090255411199,2.6114684931170355,1226025
1998-05-01,1,2.558710813522339,2.5784949613885035,2.5389271390630768,2.571900403235416,359433
1998-05-04,3,2.591684341430664,2.618063289246992,2.54552242544545,2.54552242544545,926811
1998-05-05,1,2.545522689819336,2.545522689819336,2.5257385360782143,2.5257385360782143,715103
1998-05-06,1,2.552117109298706,2.585090141683898,2.5257381626428823,2.558711195028074,850596
1998-05-07,1,2.5389275550842285,2.5521171469585133,2.525738199913434,2.5521171469585133,399423
1998-05-08,1,2.5389275550842285,2.545522351021371,2.5191438773832715,2.5323329958505765,371665
1998-05-11,3,2.5653064250946045,2.6048742600172297,2.5587116281384823,2.5587116281384823,1157808
1998-05-12,1,2.532332420349121,2.5653054457273763,2.532332420349121,2.5653054457273763,1122994
1998-05-13,1,2.532332420349121,2.552116566960885,2.532332420349121,2.552116566960885,746624
1998-05-14,1,2.5389275550842285,2.545522351021371,2.5323329958505765,2.5389275550842285,2121315
1998-05-15,1,2.499359607696533,2.532332875707402,2.492765048775751,2.532332875707402,1482427
1998-05-18,3,2.433413505554199,2.446602859884999,2.426818710037062,2.446602859884999,828484
1998-05-19,1,2.4070353507995605,2.413630147185772,2.4070353507995605,2.413630147185772,895761
1998-05-20,1,2.387251615524292,2.4268189726885914,2.3806570559969087,2.4136300903373256,2110024
1998-05-21,1,2.3740622997283936,2.387251655708676,2.3740622997283936,2.387251655708676,780027
1998-05-22,1,2.3938467502593994,2.3938467502593994,2.374063064967298,2.3806578634349127,1144635
1998-05-26,4,2.1102771759033203,2.1894128244559172,2.1102771759033203,2.1366556465196984,3804160
1998-05-27,1,2.0113582611083984,2.057520647821693,1.9915745839771148,1.9915745839771148,4008340
1998-05-28,1,2.0113582611083984,2.057520647821693,2.004763465361154,2.0509260887779317,1392569
1998-05-29,1,1.9915742874145508,2.0179525196616495,1.9915742874145508,2.004763166834652,708987
1998-06-01,3,1.872871994972229,1.8860614744108917,1.8530883083973264,1.8530883083973264,1521946
1998-06-02,1,1.8201146125793457,1.8464929703041528,1.8201146125793457,1.8267092907743645,1113114
1998-06-03,1,1.8860608339309692,1.9124391920915815,1.8464930008106557,1.8464930008106557,1964181
1998-06-04,1,1.859682321548462,1.859682321548462,1.7937361357363977,1.8398981699254724,2058744
1998-06-05,1,1.9190336465835571,1.9256284424701524,1.8794659364296824,1.8860606139645335,1428324
1998-06-08,3,1.8992494344711304,1.9124389074678736,1.8926552305555904,1.9124389074678736,485047
1998-06-09,1,1.846493124961853,1.886060960742558,1.813520086280287,1.886060960742558,837423
1998-06-10,1,1.7409790754318235,1.767357553444534,1.721195512801703,1.767357553444534,2057332
1998-06-11,1,1.7080062627792358,1.7541687829288108,1.681627899632785,1.7409793054761349,2420059
1998-06-12,1,1.7277898788452148,1.7277898788452148,1.675032695662432,1.7211952013594312,1160160
1998-06-15,3,1.721195101737976,1.7277897788420649,1.6618435995598588,1.6618435995598588,809666
1998-06-16,1,1.8201146125793457,1.8333034955623593,1.7277900646631306,1.7277900646631306,1420326
1998-06-17,1,1.965195894241333,2.004763727076314,1.89924970343596,1.89924970343596,2269041
1998-06-18,1,1.9454123973846436,1.9651960789581693,1.9388177185083668,1.9651960789581693,558439
1998-06-19,1,1.9849804639816284,1.998169349855592,1.9256290573274084,1.938817943201372,1015729
1998-06-22,3,1.8992494344711304,1.905844230145372,1.8596821989983032,1.8794658759105871,652061
1998-06-23,1,1.9256287813186648,1.938817665302208,1.8530877890774051,1.8530877890774051,1544528
1998-06-24,1,1.9058445692062376,1.9256287230451992,1.846493054503445,1.9256287230451992,1180861
1998-06-25,1,1.9058445692062376,1.978385440900497,1.9058445692062376,1.9190339261977043,1187918
1998-06-26,1,1.9454123973846436,1.9520071946126885,1.9124393580585644,1.919034036934841,884940
1998-06-29,3,1.833303451538086,1.839898247926496,1.8201145688717852,1.833303451538086,1479134
1998-06-30,1,1.7805466651916504,1.8069250212139305,1.7739519874222691,1.8069250212139305,1034547
1998-07-01,1,1.833303451538086,1.839898247926496,1.806925094446719,1.806925094446719,2183416
1998-07-02,1,1.800330638885498,1.8201147937920432,1.800330638885498,1.8201147937920432,608308
1998-07-06,4,1.7541682720184326,1.7739519498523393,1.7475735943887178,1.7739519498523393,894349
1998-07-07,1,1.846493124961853,1.846493124961853,1.7475738905653888,1.7541685693127615,1214264
1998-07-08,1,1.912438988685608,1.9256284622424835,1.8333033308618063,1.846492804418682,1397744
1998-07-09,1,1.952006697654724,1.952006697654724,1.8926551946372696,1.9190335483714531,1223202
1998-07-10,1,1.853087067604065,1.8860602115394147,1.8464923914763072,1.8860602115394147,2306678
1998-07-13,3,1.7673574686050415,1.8201146588014572,1.754168466935335,1.8201146588014572,2275157
1998-07-14,1,1.7937358617782593,1.8135195369726864,1.7607627147323577,1.7607627147323577,2037573
1998-07-15,1,1.859682321548462,1.86627652589855,1.7937361357363977,1.813519813952395,3286651
1998-07-16,1,2.08389949798584,2.08389949798584,1.9124392748811545,1.925628750411828,6345598
1998-07-17,1,2.050925970077514,2.08389900009144,2.044331174711954,2.08389900009144,1444790
1998-07-20,3,2.0575203895568848,2.0773040642048746,2.050925831340888,2.050925831340888,934809
1998-07-21,1,2.0113582611083984,2.0179528201521597,2.004763465361154,2.0113582611083984,747565
1998-07-22,1,1.9915742874145508,2.004763166834652,1.9783848162358295,2.004763166834652,2061096
1998-07-23,1,1.9256287813186648,1.9717908220751872,1.9256287813186648,1.9717908220751872,1383630
1998-07-24,1,1.9849804639816284,2.00476414784792,1.9651963067082097,1.9651963067082097,445058
1998-07-27,3,1.9586021900177,1.984980554730497,1.9388180318397936,1.984980554730497,1040663
1998-07-28,1,1.9388171434402464,1.9586012925527136,1.9322224665200016,1.9586012925527136,676996
1998-07-29,1,1.9586021900177,1.9717911948464175,1.9388180318397936,1.9388180318397936,1097119
1998-07-30,1,1.978386163711548,1.998169733019706,1.9586024760515852,1.9586024760515852,1337054
1998-07-31,1,1.9388171434402464,1.971790291338004,1.9388171434402464,1.965195496066026,604074
1998-08-03,3,1.839898467063904,1.9256288183441683,1.8069253096569255,1.9256288183441683,1775055
1998-08-04,1,1.853087067604065,1.8992490903880543,1.853087067604065,1.8992490903880543,1380337
1998-08-05,1,1.866276502609253,1.9124390096292572,1.8464928246401369,1.859682298341454,684993
1998-08-06,1,1.9388171434402464,1.9520066156324691,1.859682085562908,1.859682085562908,1489014
1998-08-07,1,1.97179114818573,2.0047641920602888,1.952007463883136,2.0047641920602888,851067
1998-08-10,3,1.872871994972229,1.9651965757658951,1.872871994972229,1.9651965757658951,1239669
1998-08-11,1,1.800330638885498,1.859682630198063,1.7937364334409769,1.859682630198063,1431147
1998-08-12,1,1.912438988685608,1.912438988685608,1.8201144490636576,1.8201144490636576,1200620
1998-08-13,1,1.892655372619629,1.9124390510168892,1.8860606948021263,1.9058443731993864,641711
1998-08-14,1,1.97179114818573,1.97179114818573,1.9388179859593868,1.9388179859593868,1967945
1998-08-17,3,1.97179114818573,1.97179114818573,1.9190343016567928,1.932223306173404,1356343
1998-08-18,1,1.97179114818573,1.97179114818573,1.8992501439470608,1.8992501439470608,1937835
1998-08-19,1,1.9586021900177,1.991575353024324,1.9520075100756604,1.9717911948464175,793670
1998-08-20,1,1.8992494344711304,1.905844230145372,1.8992494344711304,1.8992494344711304,685464
1998-08-21,1,1.833303451538086,1.853087603999809,1.833303451538086,1.8464929259631524,585726
1998-08-24,3,1.7673574686050415,1.780546825330025,1.7673574686050415,1.7739521469675332,724983
1998-08-25,1,1.846493124961853,1.846493124961853,1.7937364050934663,1.7937364050934663,705223
1998-08-26,1,1.7594441175460815,1.8072546744785525,1.7211953169448515,1.7594441175460815,1463625
1998-08-27,1,1.7020715475082395,1.7498825972308787,1.6829470802784643,1.7498825972308787,1047671
1998-08-28,1,1.7020715475082395,1.7020715475082395,1.596887096096275,1.6829470802784643,975317
1998-08-31,3,1.625572681427002,1.7211948336054546,1.625572681427002,1.6925081524464034,416278
1998-09-01,1,1.5873243808746338,1.6351355344427905,1.5777622685127657,1.6351355344427905,1879903
1998-09-02,1,1.5777623653411863,1.625573403491778,1.5777623653411863,1.5873244782898883,2026558
1998-09-03,1,1.5395132303237915,1.568199438087437,1.5299510032669523,1.568199438087437,1403276
1998-09-04,1,1.549075961112976,1.5873242900194289,1.549075961112976,1.549075961112976,1047996
1998-09-08,4,1.721195101737976,1.7594438975568294,1.692508416110034,1.7116328731953288,2580406
1998-09-09,1,1.6829463243484497,1.7116330123078956,1.663821865708819,1.7020707829880803,757931
1998-09-10,1,1.6446977853775024,1.66382212868813,1.6351355545463062,1.6446977853775024,516211
1998-09-11,1,1.7690062522888184,1.816816806653866,1.6638218491682657,1.6829463076177744,1990867
1998-09-14,3,1.816817045211792,1.835941506172446,1.7690064845689588,1.7690064845689588,2340632
1998-09-15,1,1.8263795375823977,1.8550662331368537,1.7976929603797187,1.8168173057309125,1809172
1998-09-16,1,1.816817045211792,1.8550659671331,1.7976927026028982,1.8263792756921189,614197
1998-09-17,1,1.8263795375823977,1.8263795375823977,1.7594445063808868,1.7881312019353428,408491
1998-09-18,1,1.8359413146972656,1.855065773663379,1.788130759040722,1.7976925151167866,756309
1998-09-21,3,1.8359413146972656,1.8455035441803225,1.7594440705915515,1.7690063000746084,861757
1998-09-22,1,1.8359413146972656,1.8741902326294928,1.826379085214209,1.864628003146436,373450
1998-09-23,1,1.922001838684082,1.9411263033914208,1.8550663305601804,1.8550663305601804,1207953
1998-09-24,1,1.874190330505371,1.9220013620657437,1.8550658705405203,1.9220013620657437,459755
1998-09-25,1,1.922001838684082,1.9315640710377513,1.8646285629138497,1.8837529092694048,887390
1998-09-28,3,1.9698126316070557,1.9889372122341775,1.9100486574086344,1.912439363132764,1308535
1998-09-29,1,1.950688123703003,1.9984991570204849,1.9411258933691549,1.9889370450383952,734570
1998-09-30,1,1.874190330505371,1.941125822030594,1.874190330505371,1.9220013620657437,3648842
1998-10-01,1,1.6925084590911863,1.8359411807629449,1.6925084590911863,1.8359411807629449,1345847
1998-10-02,1,1.5777623653411863,1.7020711355437863,1.529951682245907,1.692508904243314,7057262
1998-10-05,3,1.529951572418213,1.606448825571778,1.529951572418213,1.5777622520813992,1775104
1998-10-06,1,1.6446977853775024,1.6829465903505223,1.5873244003903255,1.5968866312215215,824769
1998-10-07,1,1.6733843088150024,1.6925087698979149,1.635135505000939,1.635135505000939,1192379
1998-10-08,1,1.6925084590911863,1.7403194846668453,1.682946230305707,1.682946230305707,712832
1998-10-09,1,1.845503807067871,1.845503807067871,1.8072548836871771,1.8359415762226976,1846484
1998-10-12,3,1.9411258697509768,1.9506880999684784,1.893314718663467,1.893314718663467,999652
1998-10-13,1,1.874190330505371,1.9220013620657437,1.8550658705405203,1.9220013620657437,521078
1998-10-14,1,1.845503807067871,1.91243930463232,1.7785687829104817,1.8359415762226976,1791975
1998-10-15,1,1.912438988685608,1.931563447216476,1.83594127291388,1.855065731444748,718672
1998-10-16,1,1.950688123703003,1.9698124660189404,1.912439202367611,1.912439202367611,1687176
1998-10-19,3,1.902876853942871,1.931563543164144,1.8741902830733492,1.9124390836832952,408491
1998-10-20,1,1.922001838684082,1.9602506497469756,1.9028773739767435,1.922001838684082,1165774
1998-10-21,1,1.874190330505371,1.9506880520130192,1.8359414105756695,1.9315635920481689,1415605
1998-10-22,1,1.816817045211792,1.864628197613427,1.816817045211792,1.8550659671331,1044751
1998-10-23,1,1.7403196096420288,1.8359413126048785,1.7403196096420288,1.7976925130679906,1511969
1998-10-26,3,1.8550658226013184,1.8837523934555125,1.7594441170069228,1.7594441170069228,1240074
1998-10-27,1,1.8646275997161863,1.8933141636069928,1.8550653723020103,1.8741898271303628,1082064
1998-10-28,1,1.8837522268295288,1.8837522268295288,1.855065658512785,1.855065658512785,494797
1998-10-29,1,1.9889370203018188,1.9889370203018188,1.8837524879376792,1.893314718152601,2697859
1998-10-30,1,2.2853643894195557,2.2853643894195557,2.0463094864598617,2.0463094864598617,6619894
1998-11-02,3,2.3618624210357666,2.371424770402573,2.180180860212385,2.275802696955712,2396114
1998-11-03,1,2.2758026123046875,2.3618623331836543,2.2566786243930146,2.333175759557332,2725438
1998-11-04,1,2.2758026123046875,2.3236136472497333,2.2662407367006137,2.2853647246122866,1565504
1998-11-05,1,2.237553596496582,2.2853641459283236,2.1993046835442582,2.2853641459283236,2696886
1998-11-06,1,2.151494264602661,2.218429762705438,2.113245340914351,2.180180839017128,1804305
1998-11-09,3,2.113245010375977,2.161056039156346,2.09412055152313,2.141931580303499,819254
1998-11-10,1,2.01762318611145,2.065433735795052,2.01762318611145,2.0558716258583316,1825719
1998-11-11,1,2.036747694015503,2.1036831909277596,2.008061356814786,2.008061356814786,4605341
1998-11-12,1,2.1419312953948975,2.1514936419011343,2.0271852676512236,2.0271852676512236,2330574
1998-11-13,1,2.2471160888671875,2.29492664643682,2.1801805981591857,2.199305057890544,1615795
1998-11-16,3,2.5244197845458984,2.5244197845458984,2.2758027222101225,2.285364834979505,3845463
1998-11-17,1,2.486170768737793,2.514856863826393,2.4287976317466606,2.514856863826393,2208254
1998-11-18,1,2.467046022415161,2.48617047807751,2.4479215667528123,2.48617047807751,1737467
1998-11-19,1,2.6965389251708984,2.7730360418210513,2.53398116165645,2.53398116165645,3586546
1998-11-20,1,2.5148568153381348,2.5435436199840815,2.467046263273151,2.486170720802623,11671363
1998-11-23,3,2.4957337379455566,2.533981953162515,2.447922462934306,2.533981953162515,3563186
1998-11-24,1,2.4383599758148193,2.4957333550028844,2.4096734045725396,2.486171006786454,5037193
1998-11-25,1,2.3618624210357666,2.419235807126004,2.256678708332701,2.4001113450959246,4066094
1998-11-27,2,2.380985975265503,2.40967277572495,2.371423866247983,2.371423866247983,506477
1998-11-30,3,2.294926643371582,2.342737910987872,2.285364531870427,2.333175562783212,1336438
1998-12-01,1,2.3331761360168457,2.3331761360168457,2.2375545241051946,2.294927207207909,2410066
1998-12-02,1,2.371424436569214,2.4096733552449434,2.314051058555619,2.3331755178934843,2912974
1998-12-03,1,2.400111675262451,2.4861716478847065,2.2949272379792984,2.2949272379792984,6401210
1998-12-04,1,2.600916862487793,2.600916862487793,2.48617082271764,2.5244192659375364,4416507
1998-12-07,3,2.5148568153381348,2.6009167558690183,2.4479218057436793,2.5913546454560215,1930843
1998-12-08,1,2.4383599758148193,2.514857104621723,2.4001110563561094,2.4766088952735297,921458
1998-12-09,1,2.2758026123046875,2.390549143513502,2.2662407367006137,2.30448918593101,2228694
1998-12-10,1,2.1610560417175293,2.275802321563612,2.1514939306315206,2.275802321563612,2005144
1998-12-11,1,2.13236927986145,2.18018030439591,2.084558255326991,2.1419313900869525,2552178
1998-12-14,3,2.04630970954895,2.1228075519437715,2.04630970954895,2.103683091345066,1868872
1998-12-15,1,2.227992057800293,2.237554407857516,2.0558723605093414,2.065434473863013,4787037
1998-12-16,1,2.13236927986145,2.18018030439591,2.122807169635948,2.18018030439591,1990219
1998-12-17,1,2.2471160888671875,2.2471160888671875,2.0845585362058987,2.1132451074511835,2753990
1998-12-18,1,2.400111675262451,2.409674025944683,2.3044895886615304,2.3331761673010933,3291615
1998-12-21,3,2.3618624210357666,2.371424770402573,2.333175846342415,2.371424770402573,1670304
1998-12-22,1,2.352299690246582,2.4001107144064635,2.3236131230913477,2.4001107144064635,649563
1998-12-23,1,2.32361364364624,2.361862329520845,2.3140512946499454,2.361862329520845,450671
1998-12-24,1,2.3140511512756348,2.3427379597836127,2.3044890395753153,2.3427379597836127,160282
1998-12-28,4,2.237553596496582,2.314050712290834,2.21842914002042,2.314050712290834,343600
1998-12-29,1,2.1993050575256348,2.2375539769820056,2.1610561380692643,2.2375539769820056,1201788
1998-12-30,1,2.1993050575256348,2.21842951725382,2.1801805977974493,2.1993050575256348,443208
1998-12-31,1,2.170618772506714,2.227991922553089,2.1610564230299603,2.1801808852799307,718023
1999-01-04,4,2.1993050575256348,2.275802423031365,2.1993050575256348,2.21842951725382,1972049
1999-01-05,1,2.1801815032958984,2.1801815032958984,2.074997049456196,2.1801815032958984,4110544
1999-01-06,1,2.400111675262451,2.4574850692451435,2.218430089446408,2.218430089446408,8977398
1999-01-07,1,2.457484245300293,2.486170814321828,2.3905487597810517,2.4192353288025874,2373402
1999-01-08,1,2.7825989723205566,2.9547186452364116,2.658290569512819,2.6774150302153625,14079482
1999-01-11,3,2.7156641483306885,2.773036824483579,2.686977336847174,2.7634747117914307,7098468
1999-01-12,1,2.74435043334961,2.753912071625127,2.7156638615984887,2.734788084963563,8473840
1999-01-13,1,2.8112854957580566,2.8112854957580566,2.5626684577957923,2.6104794903625583,7953412
1999-01-14,1,3.0312163829803467,3.0312163829803467,2.8495348126913083,2.8590969258527696,7397293
1999-01-15,1,3.442390203475952,3.451952313666863,3.0312154413077415,3.0312154413077415,8724970
1999-01-19,4,3.4041430950164795,3.4041430950164795,3.174650198369972,3.212899132829522,5921014
1999-01-20,1,3.346768617630005,3.499763596182736,3.279833122191573,3.461515384127478,6156894
1999-01-21,1,3.2128982543945312,3.3085200909923493,3.1364006430941567,3.2511467049894183,4765947
1999-01-22,1,3.050339698791504,3.0981507200244502,3.02165289668897,3.0981507200244502,3429509
1999-01-25,3,2.935593843460083,2.9642804105161105,2.9069070397005845,2.926031496639093,2226099
1999-01-26,1,3.1650872230529785,3.184211685086035,2.983405662201311,2.983405662201311,3154694
1999-01-27,1,3.0885889530181885,3.222459921999604,3.079026605688954,3.2033354640446183,2071008
1999-01-28,1,3.098151206970215,3.145962235717765,3.0407778304510584,3.0885890959021025,2934388
1999-01-29,1,3.059903144836426,3.088589959468554,3.0120921027209597,3.088589959468554,2887342
1999-02-01,3,2.9451565742492676,2.9738431473507947,2.868658967077355,2.964281035218126,4225726
1999-02-02,1,2.8973445892333984,2.9164690439253667,2.830409116163231,2.906906698227661,3845787
1999-02-03,1,3.184211492538452,3.222460414291673,2.9260320991665303,2.9260320991665303,5719526
1999-02-04,1,3.0025289058685303,3.117275412893529,3.0025289058685303,3.1077130658977516,1935710
1999-02-05,1,2.935593843460083,3.0216530712212233,2.9164693865215745,2.9738425206336294,2779622
1999-02-08,3,3.0025289058685303,3.1077130658977516,2.983404921987402,3.059902041029292,1578158
1999-02-09,1,2.8112854957580566,2.964280941993816,2.773036575023238,2.964280941993816,2355557
1999-02-10,1,2.8017237186431885,2.820848182911094,2.715664457900081,2.792161604861017,1849729
1999-02-11,1,3.079025983810425,3.079025983810425,2.801722227933055,2.801722227933055,3959347
1999-02-12,1,2.906907081604004,2.9738425635019317,2.8973449713486463,2.9642804532465736,3693617
1999-02-16,4,2.8973445892333984,2.9451556076115972,2.8973445892333984,2.906906698227661,407518
1999-02-17,1,2.8973445892333984,2.9164690439253667,2.868658025547168,2.906906698227661,1163178
1999-02-18,1,2.859095811843872,2.9547178530148033,2.859095811843872,2.897344722993626,1021066
1999-02-19,1,2.9260318279266357,2.964280746134224,2.897345257622693,2.897345257622693,2560938
1999-02-22,3,3.079025983810425,3.1363993460875412,3.0216526215333084,3.0216526215333084,1931816
1999-02-23,1,3.079025983810425,3.0885883292083287,3.0216526215333084,3.0599015297180525,2734523
1999-02-24,1,3.203335762023926,3.3276439218324794,3.1268379230880345,3.1268379230880345,4004771
1999-02-25,1,3.126838207244873,3.2224605146045797,3.079027171916783,3.174649242572963,3649167
1999-02-26,1,2.983405113220215,3.1459621821264423,2.945156196192346,3.1459621821264423,6250986
1999-03-01,3,2.964280605316162,3.002529048299764,2.9069072307302997,2.964280605316162,2850354
1999-03-02,1,2.8686583042144775,2.935593783786893,2.8495338476647207,2.935593783786893,1355581
1999-03-03,1,2.8495349884033203,2.89734603056591,2.820848173742918,2.89734603056591,1485364
1999-03-04,1,2.9260318279266357,3.0025291909348177,2.8686586873187503,2.94515628703043,3444759
1999-03-05,1,3.021653413772583,3.040777872879146,2.98340520566995,3.0025291913695176,1167071
1999-03-08,3,3.079025983810425,3.107712546597265,3.0216526215333084,3.0216526215333084,1174209
1999-03-09,1,3.0120913982391357,3.193773410466705,3.0120913982391357,3.088589237095063,1790029
1999-03-10,1,3.251145362854004,3.251145362854004,3.0694638773087055,3.0790259860100044,3098563
1999-03-11,1,3.337207078933716,3.385018121505482,3.2893960363619494,3.3276447283972246,3502837
1999-03-12,1,3.3658926486968994,3.38501710733653,3.289395050841869,3.327643731417638,1039884
1999-03-15,3,3.566699504852295,3.5953863181520247,3.528450814958571,3.5953863181520247,2503834
1999-03-16,1,3.652759075164795,3.6718835363891857,3.5188880832975844,3.5666991180067993,3347746
1999-03-17,1,3.958749055862427,3.977873280486329,3.671883556172168,3.671883556172168,5259446
1999-03-18,1,3.930063009262085,3.9778733347707633,3.8440030504659983,3.958749109885881,3207905
1999-03-19,1,3.996997356414795,4.092619411465555,3.968310787240264,3.968310787240264,2439267
1999-03-22,3,3.824877977371216,3.9587484769768224,3.7961914079266585,3.949186366063133,879603
1999-03-23,1,3.5762624740600586,3.748381963438514,3.5762624740600586,3.748381963438514,1168045
1999-03-24,1,3.604947328567505,3.6623207009108527,3.5666984136719395,3.5953852181953523,2149527
1999-03-25,1,3.671883583068848,3.7579430679138466,3.652759121601333,3.700570156918357,2067115
1999-03-26,1,3.5762624740600586,3.662322455452877,3.566700122403306,3.662322455452877,1888015
1999-03-29,3,3.5762624740600586,3.595386940669973,3.5380135408402302,3.557138007450144,956823
1999-03-30,1,3.490201473236084,3.5762614294921873,3.490201473236084,3.5475746196044717,1035017
1999-03-31,1,3.614509344100952,3.624071690925682,3.499762839128491,3.509325185953221,1654730
1999-04-01,1,3.834439992904663,3.8440023402839825,3.6718829278980447,3.6718829278980447,2664115
1999-04-05,4,3.9205000400543217,3.9587484837747566,3.81531587300916,3.834440094869377,1081415
1999-04-06,1,3.9491872787475586,4.025684893846668,3.910938826253322,3.9491872787475586,1892881
1999-04-07,1,3.901376247406006,3.9683112679841495,3.8726894380527033,3.9683112679841495,974668
1999-04-08,1,3.958749055862427,4.044809250187613,3.958749055862427,4.016122203141184,1564856
1999-04-09,1,4.130868434906006,4.130868434906006,3.9587485420043897,3.996997459694414,2262762
1999-04-12,3,4.0830583572387695,4.149993864316684,3.958749693638964,3.958749693638964,3250409
1999-04-13,1,3.9396252632141113,4.083057901816882,3.9396252632141113,4.073496025734511,3723143
1999-04-14,1,3.882251739501953,3.9396248841034502,3.8248783581969414,3.9396248841034502,5186443
1999-04-15,1,3.882251739501953,3.9969977920014337,3.74838075316044,3.891813851367698,6332749
1999-04-16,1,3.910938501358032,4.025684559419023,3.853565117272248,3.882251927666903,4246816
1999-04-19,3,3.691007614135742,3.977872845773024,3.681445502868766,3.977872845773024,7368416
1999-04-20,1,3.7579426765441895,3.8153160549716025,3.7005697715237806,3.805753706881949,5729584
1999-04-21,1,3.863128185272217,3.968312150579807,3.824879255429848,3.824879255429848,3106675
1999-04-22,1,3.930063009262085,3.9683114590318502,3.882251973642821,3.958749109885881,1227420
1999-04-23,1,4.236052989959717,4.245615339140685,3.968311473556123,3.968311473556123,2540822
1999-04-26,3,4.2647385597229,4.331674041411838,4.2169272984849675,4.322111694482862,1891584
1999-04-27,1,4.121306896209717,4.245615548050817,4.0734960947664085,4.245615548050817,2639132
1999-04-28,1,3.9396252632141113,4.1117449502852175,3.9396252632141113,4.1117449502852175,1622933
1999-04-29,1,3.671883583068848,3.824878564698385,3.662321470686854,3.7866296417633554,7252260
1999-04-30,1,3.671883583068848,3.700570156918357,3.6049480862843097,3.671883583068848,3157290
1999-05-03,3,3.652759075164795,3.662321424128753,3.5953859281951472,3.662321424128753,965584
1999-05-04,1,3.7579426765441895,3.786629247406145,3.69100766013763,3.76750478793034,5423621
1999-05-05,1,3.9396252632141113,3.9396252632141113,3.748381113867651,3.75794322665356,6918070
1999-05-06,1,3.7866289615631104,3.901375709755995,3.7770668508987786,3.901375709755995,2996359
1999-05-07,1,3.547574043273926,3.729255801727243,3.547574043273926,3.729255801727243,3852601
1999-05-10,3,3.4710772037506104,3.5475748153642046,3.4710772037506104,3.5475748153642046,3225750
1999-05-11,1,3.3658926486968994,3.4328281355838604,3.2511461335626075,3.327643731417638,9290498
1999-05-12,1,3.442390203475952,3.4615146605612472,3.346767918049478,3.385016832220068,5775008
1999-05-13,1,3.566699504852295,3.6623218213454782,3.499764001658841,3.499764001658841,2981110
1999-05-14,1,3.614509344100952,3.633633801046941,3.499762839128491,3.557136209966457,3331199
1999-05-17,3,3.5093252658843994,3.5762607483682,3.4997629188418697,3.5762607483682,1857191
1999-05-18,1,3.671883583068848,3.671883583068848,3.5284504771177776,3.5571370509672864,2595006
1999-05-19,1,3.5953850746154785,3.710131104609418,3.557136161247364,3.710131104609418,3602445
1999-05-20,1,3.6623213291168217,3.74838081063512,3.6145100589444543,3.6336345196726976,2957100
1999-05-21,1,3.681445598602295,3.748380615915228,3.662321138867524,3.719693807961319,1886068
1999-05-24,3,3.7101316452026367,3.729256104673267,3.681445547755447,3.681445547755447,1382186
1999-05-25,1,3.671883583068848,3.76750518029584,3.652759121601333,3.700570156918357,2809472
1999-05-26,1,3.748380661010742,3.757942772641413,3.7101317410810406,3.7101317410810406,1260839
1999-05-27,1,4.025684833526611,4.044809532894259,3.7292567273988975,3.73881884037918,4805206
1999-05-28,1,4.0065598487854,4.025684071124132,3.977872805166811,3.9969975009125376,812764
1999-06-01,4,3.987436056137085,4.006560756214283,3.968311829466988,4.006560756214283,514913
1999-06-02,1,4.169116973876953,4.178679320782571,4.083056798540285,4.083056798540285,3630997
1999-06-03,1,4.341237545013428,4.360361770559861,4.169118094874303,4.2073665459671705,3072931
1999-06-04,1,4.427296161651611,4.455982732560172,4.360361145136306,4.360361145136306,1669655
1999-06-07,3,4.752411842346191,4.752411842346191,4.5707300466476255,4.608978970322867,1812741
1999-06-08,1,4.809782981872559,4.991464701673733,4.781096419451682,4.857594234845264,1739738
1999-06-09,1,5.115775108337402,5.15402355617266,4.886282527697722,4.886282527697722,1904562
1999-06-10,1,4.924530029296875,4.9819031634326905,4.828907981268201,4.9723408166077405,4168622
1999-06-11,1,4.781097412109375,4.8958436856166525,4.781097412109375,4.828908201601752,1503858
1999-06-14,3,4.886280536651611,4.895842408010668,4.76197147491547,4.76197147491547,942547
1999-06-15,1,5.010590553283691,5.048839473457359,4.943655061331528,4.943655061331528,827041
1999-06-16,1,5.220958709716797,5.268769503098298,5.1444608722179925,5.154023220257094,2193004
1999-06-17,1,5.2592082023620605,5.335705574801417,5.220959279438856,5.316581350043341,2300075
1999-06-18,1,5.278331756591797,5.297456452327437,5.201833920463224,5.268769408723977,935409
1999-06-21,3,5.297457218170166,5.316581443263563,5.24008359607585,5.278332519669707,2043754
1999-06-22,1,5.154024124145508,5.3070193525676945,5.144461774429407,5.287895126542579,948063
1999-06-23,1,5.067963600158691,5.106212519602681,5.029714680714702,5.058401725352952,980833
1999-06-24,1,5.2592082023620605,5.278332427120136,5.125337682241424,5.154023782675011,1540846
1999-06-25,1,5.010590553283691,5.048839473457359,4.991466329900367,5.010590553283691,1179401
1999-06-28,3,5.010590553283691,5.058401821852531,5.010590553283691,5.010590553283691,794919
1999-06-29,1,5.278331756591797,5.278331756591797,5.106212335412998,5.125337031148638,1168694
1999-06-30,1,5.201833724975586,5.240082641602458,5.0584013527905105,5.144460586738766,1669980
1999-07-01,1,5.297457218170166,5.3070190940133335,5.2018346724819935,5.220959370982453,1526894
1999-07-02,1,5.240083694458008,5.297457317629509,5.20183477014603,5.297457317629509,647940
1999-07-06,4,5.182711124420166,5.268770858693262,5.134900318737487,5.268770858693262,2057057
1999-07-07,1,5.010590553283691,5.163585287164322,4.991466329900367,5.144461063780998,2145958
1999-07-08,1,4.924530029296875,5.001027383675649,4.895843462228967,4.991465510257641,1781593
1999-07-09,1,4.934092044830322,5.010589874819386,4.819346246660637,4.962778612724483,1666086
1999-07-12,3,4.809782981872559,4.914966886280151,4.809782981872559,4.895842669135189,1964911
1999-07-13,1,4.608979225158691,4.742849755313298,4.599416875359402,4.742849755313298,4178680
1999-07-14,1,4.886280536651611,4.895842408010668,4.628101015227112,4.637663359993009,3148530
1999-07-15,1,4.981903553009033,5.087087956087897,4.876719623337148,4.8958438450755875,8948196
1999-07-16,1,4.857596397399902,4.895844848717665,4.714163048033522,4.742849623225383,5070612
1999-07-19,3,4.857596397399902,4.934093300035429,4.781098547950223,4.934093300035429,3625157
1999-07-20,1,4.809782981872559,4.981902356397819,4.809782981872559,4.914966886280151,4214370
1999-07-21,1,4.934092044830322,4.962778612724483,4.819346246660637,4.819346246660637,739762
1999-07-22,1,4.637664794921875,4.8958439228221255,4.637664794921875,4.876719700779992,1772832
1999-07-23,1,4.618541240692139,4.723724713836247,4.589854193370488,4.68547626422149,2355881
1999-07-26,3,4.637664794921875,4.704599808772838,4.561166959939365,4.60897822515518,1786784
1999-07-27,1,4.752411842346191,4.761973718209704,4.59941662105229,4.675913994995709,2122597
1999-07-28,1,4.886280536651611,4.905404279369725,4.828906941463069,4.838469286228966,2377945
1999-07-29,1,4.599417686462402,4.857597389316253,4.589855334976801,4.857597389316253,2139793
1999-07-30,1,4.752411842346191,4.761973718209704,4.6663516457251335,4.6663516457251335,2194626
1999-08-02,3,4.647228240966797,4.675914344106144,4.608979314435836,4.628103540997767,881874
1999-08-03,1,4.494232177734375,4.656789747518921,4.465545603467345,4.647227871701285,3131982
1999-08-04,1,4.283862590789795,4.465544333966737,4.274300717690484,4.465544333966737,2902591
1999-08-05,1,4.274302005767822,4.302988580524416,4.188241808090972,4.293426231136529,2187813
1999-08-06,1,4.37948751449585,4.3986117446054855,4.226491779990019,4.245616483506841,802706
1999-08-09,3,4.666352272033691,4.666352272033691,4.475108574803262,4.503795153058183,1824421
1999-08-10,1,4.895845890045166,4.972343282358469,4.7428506320113835,4.867159308751781,1746551
1999-08-11,1,5.182711124420166,5.297457910191419,4.991467428282327,4.991467428282327,3236133
1999-08-12,1,5.555636882781982,5.7277563441954475,5.4313282250698895,5.699069767293203,4358429
1999-08-13,1,5.373952388763428,5.699066922504645,5.278330355684983,5.699066922504645,1961017
1999-08-16,3,5.621996879577637,5.7160884061360235,5.527904406205334,5.692565287792948,2577981
1999-08-17,1,5.5867133140563965,5.621998236792676,5.504382616683532,5.5984751127708465,1306269
1999-08-18,1,5.386767864227295,5.57495190682232,5.36324474055115,5.56319058168778,1850987
1999-08-19,1,5.327959060668945,5.45733597429054,5.280913297594057,5.445574178466601,2309711
1999-08-20,1,5.386767864227295,5.457337235255729,5.339721616875006,5.398529189361835,3144330
1999-08-23,3,5.41029167175293,5.457337925051766,5.386768545103512,5.41029167175293,3971563
1999-08-24,1,5.351481914520264,5.457335704671237,5.339720119277415,5.386766353434944,3762117
1999-08-25,1,5.445574760437012,5.586712538152075,5.433813436763092,5.55142809372331,5155963
1999-08-26,1,5.445574760437012,5.574951214478156,5.433813436763092,5.445574760437012,2690090
1999-08-27,1,5.41029167175293,5.527906358185771,5.398529871724658,5.504383231536352,1490655
1999-08-30,3,5.3985276222229,5.445573855918135,5.351481861934594,5.4338125341977905,1011620
1999-08-31,1,5.445574760437012,5.480859204865777,5.363244074498553,5.410290316008245,2193118
1999-09-01,1,5.574952602386475,5.669044162016343,5.574952602386475,5.669044162016343,2833063
1999-09-02,1,5.457337379455566,5.5514289298322055,5.445575580603179,5.539667604386895,1591949
1999-09-03,1,5.868988513946533,5.868988513946533,5.657281849287298,5.692565819990167,2184413
1999-09-07,4,5.951319694519043,5.998365939519593,5.810181906331473,5.82194323087809,2576135
1999-09-08,1,6.092458724975586,6.2100738880519755,5.998367162603041,6.010128489547824,3422097
1999-09-09,1,6.115979194641113,6.163025428791102,6.0218871997480665,6.115979194641113,1914823
1999-09-10,1,6.339450359344482,6.339450359344482,6.2100734059597915,6.280642308964458,1422862
1999-09-13,3,6.010128974914551,6.339451363442469,5.9277982594307765,6.327689562140686,1716456
1999-09-14,1,6.127740859985352,6.163025298146413,5.833703559705224,5.904271962620425,2372228
1999-09-15,1,5.927796363830566,6.163026633757793,5.927796363830566,6.139503512083666,2961263
1999-09-16,1,5.90427303314209,6.104218850183451,5.786658375749122,6.104218850183451,2103166
1999-09-17,1,6.057172775268555,6.057172775268555,5.974842560167438,5.974842560167438,879463
1999-09-20,3,5.739612579345703,6.257118910969555,5.6455210354945065,6.033649955750067,3300755
1999-09-21,1,5.821943759918213,5.868989535786772,5.610236584991982,5.716089935751555,3313153
1999-09-22,1,5.621996879577637,5.810180879508327,5.5514275245484095,5.786657761165252,3906408
1999-09-23,1,5.504382133483887,5.72785108196353,5.504382133483887,5.680804838049807,3267518
1999-09-24,1,5.457337379455566,5.5514289298322055,5.327960432521763,5.5514289298322055,2232685
1999-09-27,3,5.610235214233398,5.739611658020021,5.551427653710939,5.5749507726013166,3368285
1999-09-28,1,5.551427364349365,5.669042005856791,5.469097162634862,5.621996717342154,3192603
1999-09-29,1,5.833703994750977,5.951318639589931,5.739611521428681,5.739611521428681,2941742
1999-09-30,1,5.551427364349365,5.810180711842367,5.551427364349365,5.786657594178105,4417098
1999-10-01,1,5.751372337341309,5.7631336577991465,5.527903461387369,5.539665255252085,2867619
1999-10-04,3,5.916032314300537,5.927793633015886,5.727848374414102,5.727848374414102,2104485
1999-10-05,1,6.045410633087158,6.045410633087158,5.810180870252023,5.833703988557624,2958889
1999-10-06,1,6.092458724975586,6.127743652624214,6.010128489547824,6.0218898164926085,3078120
1999-10-07,1,5.90427303314209,6.115980173900645,5.810181496590519,6.115980173900645,3147232
1999-10-08,1,5.692567825317383,5.833706598289991,5.669044696488615,5.833706598289991,3517851
1999-10-11,3,5.939556121826172,5.974840555517762,5.833702820751402,5.833702820751402,1586410
1999-10-12,1,5.90427303314209,6.115980173900645,5.8925117094248955,6.092457053059248,2952030
1999-10-13,1,5.842525959014893,5.998365874606303,5.842525959014893,5.8689889389584025,2270934
1999-10-14,1,5.986606121063232,6.045413710055385,5.939560333913829,5.974844792627681,1436843
1999-10-15,1,5.833703994750977,5.892511080466975,5.786657758089828,5.833703994750977,1637584
1999-10-18,3,5.6808061599731445,5.833706251569077,5.657283505949593,5.833706251569077,3230061
1999-10-19,1,5.692567825317383,5.880751909133189,5.692567825317383,5.833706598289991,2312876
1999-10-20,1,5.880749225616455,5.904272343711101,5.680803905329348,5.7043270234239944,1432886
1999-10-21,1,5.868988513946533,5.892511634488783,5.704327616964793,5.810181422701414,1151162
1999-10-22,1,5.927796363830566,6.010127052986501,5.786658580599851,5.857227472215208,1456627
1999-10-25,3,6.092458724975586,6.092458724975586,6.033651143437392,6.057174270734097,1756815
1999-10-26,1,6.2100725173950195,6.268880085953493,6.092457380278071,6.092457380278071,1529959
1999-10-27,1,6.092458724975586,6.233597015348681,6.057174270734097,6.221835214996759,790567
1999-10-28,1,6.2688798904418945,6.280641214423968,6.045411420933368,6.080695866286606,1311808
1999-10-29,1,6.515870571136475,6.562916333900087,6.315925250928958,6.315925250928958,3267254
1999-11-01,3,6.410017967224121,6.633486920436965,6.304164626286754,6.468825536658339,3106873
1999-11-02,1,6.633484363555908,6.68053011692524,6.562915023391622,6.586438136779718,2467983
1999-11-03,1,6.668771266937256,6.668771266937256,6.562917454187755,6.5864405762884255,1577968
1999-11-04,1,6.586440563201904,6.727578348711436,6.539394792501071,6.668771253687153,1109484
1999-11-05,1,6.680532455444336,6.798147590149108,6.609963563984281,6.633486685606641,2345322
1999-11-08,3,6.798147678375244,6.845193922230528,6.621724974028477,6.633486771695813,2602514
1999-11-09,1,6.798147678375244,6.939285463127034,6.798147678375244,6.868716570751139,2168585
1999-11-10,1,7.174516201019287,7.245085097973174,6.774624995935496,6.7863863209587905,3012173
1999-11-11,1,7.127469539642334,7.386222935771578,7.103946417556578,7.386222935771578,2782152
1999-11-12,1,6.868715763092041,7.1745148919728505,6.774623759852329,7.150991772811179,2960207
1999-11-15,3,6.939284324645996,7.009853678851089,6.92752300231529,6.96280744271436,1794537
1999-11-16,1,7.1509904861450195,7.1509904861450195,6.962806513525233,7.021614064144777,1495667
1999-11-17,1,6.951047420501709,7.103946533026816,6.892239377627916,7.092185208496282,2151176
1999-11-18,1,7.021615028381348,7.045138146540833,6.951046147309846,6.962807469686112,1858901
1999-11-19,1,6.986332893371582,7.127470702090792,6.939286641527104,7.021617345551385,1609095
1999-11-22,3,7.009854316711426,7.045138760321197,6.8687160688653455,6.986331196502579,2259328
1999-11-23,1,7.009854316711426,7.045138760321197,6.8334316252555745,6.9392849560848875,1329746
1999-11-24,1,7.009854316711426,7.033377436920271,6.821670301854649,7.033377436920271,1599071
1999-11-26,2,6.845193386077881,6.845193386077881,6.751100905737148,6.774624025822331,1055408
1999-11-29,3,6.821669101715088,6.892237503112502,6.8099073069764255,6.880476655187664,1140611
1999-11-30,1,6.7393388748168945,6.868715311591337,6.7393388748168945,6.821669549767423,675820
1999-12-01,1,6.809910774230957,6.8451957030052935,6.739341863496589,6.76286451813661,1494612
1999-12-02,1,7.350937843322754,7.350937843322754,6.939284899924015,6.9510466966367455,3680607
1999-12-03,1,7.656734466552734,7.715542014201215,7.480311823607292,7.574404278570354,3041717
1999-12-06,3,7.527358055114746,7.5391198486948525,7.292127864395013,7.362697205655052,2548965
1999-12-07,1,7.456791877746582,7.50383812521484,7.386223453358328,7.480315001480712,1042219
1999-12-08,1,7.186278343200684,7.362701079053647,7.1745170168399985,7.362701079053647,1454516
1999-12-09,1,7.268607139587402,7.292130261072004,7.198038721947638,7.245084491509822,1764729
1999-12-10,1,7.245083332061768,7.339175329535387,7.068660659271126,7.268605976374963,1252720
1999-12-13,3,7.139230251312256,7.315652456599089,7.056899573240425,7.245083574484356,1382239
1999-12-14,1,6.927523136138916,7.150991578587885,6.927523136138916,7.150991578587885,1881850
1999-12-15,1,6.880479335784912,7.045140265614978,6.880479335784912,6.915763313526608,1861538
1999-12-16,1,7.056899070739746,7.056899070739746,6.915760843153349,6.915760843153349,4116118
1999-12-17,1,7.162752628326416,7.292129065163472,7.162752628326416,7.24508330331679,1043010
1999-12-20,3,7.339175701141357,7.374460142804661,7.186276138329063,7.186276138329063,974162
1999-12-21,1,7.633212089538574,7.6684965268518,7.445028108263429,7.456789429565534,1903217
1999-12-22,1,7.515599727630615,7.644976194681041,7.480314806246813,7.644976194681041,616204
1999-12-23,1,7.703785419464111,7.703785419464111,7.550885796472237,7.574408924641869,752054
1999-12-27,4,8.091912269592285,8.13895851336793,8.021344324149906,8.13895851336793,808504
1999-12-28,1,8.280097961425781,8.327144214653435,8.021345935709311,8.044868588916012,1002651
1999-12-29,1,8.38594913482666,8.60941805667272,8.291857605027337,8.291857605027337,798480
1999-12-30,1,8.350664138793945,8.468278299869105,8.338902817367813,8.456516978442973,474287
1999-12-31,1,8.468279838562012,8.515326079628712,8.338904332553092,8.362426979679439,428125
2000-01-03,3,8.915216445922852,8.938740039030103,8.668225819401503,8.891693799629572,2062807
2000-01-04,1,8.974026679992676,9.26806458026213,8.891696446642928,8.915219099938785,2557142
2000-01-05,1,9.03283405303955,9.115164275872734,8.974025533683394,9.056356703330708,2295467
2000-01-06,1,8.656463623046875,8.832886312188508,8.468279610658596,8.821124988941863,1539456
2000-01-07,1,8.985787391662598,9.032833636891596,8.8446486559756,8.962263795641054,1511230
2000-01-10,3,9.35039234161377,9.35039234161377,9.150447001016536,9.279823453568511,1102626
2000-01-11,1,9.221016883850098,9.33863106666144,9.197493289836624,9.33863106666144,2573761
2000-01-12,1,9.373916625976562,9.432724194814975,9.32687038154302,9.432724194814975,1407826
2000-01-13,1,9.56209945678711,9.57386077971585,9.409200365085574,9.409200365085574,1751803
2000-01-14,1,10.385408401489258,10.42069333078532,9.691479664390783,9.691479664390783,4445851
2000-01-18,4,10.126654624938965,10.208984857833254,9.950231885753276,9.950231885753276,2009786
2000-01-19,1,10.056084632873535,10.185461104944766,10.044322360746396,10.126653531565648,1653939
2000-01-20,1,9.90318202972412,10.279550024334528,9.90318202972412,10.26778870203056,3375671
2000-01-21,1,10.279550552368164,10.53830344360254,10.25602790655193,10.397165675077234,2109234
2000-01-24,3,11.23223114013672,11.526268926752351,10.585348956396208,10.608872547413792,3403896
2000-01-25,1,12.326054573059082,12.373100821390354,11.22047294475204,11.23223427013132,3588546
2000-01-26,1,11.902639389038086,13.549249442730623,11.808547845851066,12.65537552179057,7180257
2000-01-27,1,11.079337120056152,11.37337409416948,10.86762943826252,11.361612766695238,5966841
2000-01-28,1,10.220742225646973,10.844101761237228,10.173695990723548,10.820579117182458,2885028
2000-01-31,3,9.762042999267578,10.020795843569562,9.57385902642852,10.020795843569562,5711760
2000-02-01,1,10.93819522857666,10.949956551676602,9.844375137630614,9.879660053744407,3431066
2000-02-02,1,10.902913093566896,11.385135038180954,10.632398806009842,10.949959344781142,2395969
2000-02-03,1,12.914122581481934,12.984691443512434,11.549788724055851,11.57331230927512,5274930
2000-02-04,1,12.596566200256348,13.266971074311424,12.467189754609652,13.008219129831984,2517311
2000-02-07,3,12.525999069213867,12.596567963369983,12.326053711302515,12.596567963369983,1274351
2000-02-08,1,12.04377555847168,12.12610576604642,11.749737750256244,11.785022665967675,2094989
2000-02-09,1,11.479225158691406,11.843831903094737,11.17342598425036,11.832070578465096,2509925
2000-02-10,1,12.1731538772583,12.208438798397436,10.938196786414183,11.19694971872084,3035123
2000-02-11,1,11.573318481445312,12.043778128154184,11.455703333064555,11.855594080107805,1776599
2000-02-14,3,11.66740608215332,12.04377405082968,11.338084346264964,11.38513057905297,1560295
2000-02-15,1,11.643887519836426,11.714456420342808,11.502749718823662,11.667410171067162,1512286
2000-02-16,1,11.679169654846191,11.902637628622967,11.585077178761486,11.655646062418043,1560558
2000-02-17,1,11.785018920898438,11.796780240126726,11.620358558075091,11.679166101030187,1383030
2000-02-18,1,11.243993759155272,11.338086240450746,11.126379577756929,11.29103999980301,2233741
2000-02-22,4,10.632397651672363,10.9852430772502,10.550066484282404,10.773535443177856,2169113
2000-02-23,1,10.35011863708496,10.620633777144132,10.35011863708496,10.538302629519483,10828683
2000-02-24,1,10.538305282592772,10.585351529249012,10.244268371323043,10.444213736094412,3039079
2000-02-25,1,10.97347640991211,11.102852824769531,10.632393392600832,10.655916032824464,6144633
2000-02-28,3,10.7970552444458,11.10285336961418,10.785292976943056,11.020523177977598,2190743
2000-02-29,1,11.255754470825195,11.279277114484849,11.008762925143392,11.079331802936212,3062293
2000-03-01,1,11.573318481445312,11.643887381110934,11.243995687253529,11.455703333064555,2967330
2000-03-02,1,11.385135650634766,11.620365972545809,11.243996889399584,11.526273465055686,2227410
2000-03-03,1,12.231958389282228,12.231958389282228,11.455699786469788,11.52626866428784,6426884
2000-03-06,3,11.573318481445312,11.90264032882294,11.243995687253529,11.867355405583048,1922209
2000-03-07,1,10.902913093566896,11.620365347437978,10.879390441366876,11.596841748423753,997903
2000-03-08,1,11.267520904541016,11.57332014492182,10.844106498874188,11.00876791963748,1222385
2000-03-09,1,11.091093063354492,11.526268596345531,10.961716630315037,11.385130841541372,1904272
2000-03-10,1,10.467735290527344,11.24399401845334,10.25602862295135,11.126379834342687,7170233
2000-03-13,3,10.35011863708496,10.35011863708496,9.65619022415852,9.92670536421769,3268573
2000-03-14,1,9.973751068115234,10.444211542226398,9.926705778155252,10.067843541663034,2343212
2000-03-15,1,9.55034065246582,9.973754070446422,9.503294401529908,9.926708766324712,3456389
2000-03-16,1,10.35011863708496,10.444211106709162,9.714997780970176,9.973750652215912,3658713
2000-03-17,1,11.196949005126951,11.43217832607806,10.44421290572971,10.561828039612283,4302351
2000-03-20,3,9.691476821899414,10.326597788434244,9.456246553756428,10.114891115193982,12210394
2000-03-21,1,10.52653980255127,10.63239357904122,10.067841682451055,10.373640744789114,9370209
2000-03-22,1,10.585350036621094,10.855864259824864,10.444212263368168,10.479496233274409,4180746
2000-03-23,1,10.926430702209473,11.09109107096364,10.750008066989704,10.797054292411048,4402590
2000-03-24,1,10.702963829040527,10.985240287171834,10.702963829040527,10.985240287171834,2924333
2000-03-27,3,11.314559936523438,11.502743891476928,11.208706165982822,11.2439901249539,2431580
2000-03-28,1,11.243993759155272,11.42041645147379,11.208709788779968,11.361608887367616,1304422
2000-03-29,1,10.785293579101562,11.243991739277686,10.597109597130098,11.220469096586436,2030098
2000-03-30,1,10.467735290527344,10.844103330760678,10.350120159602676,10.632396663184684,1887389
2000-03-31,1,10.726489067077637,10.797058908789255,10.361882321095342,10.726489067077637,2042759
2000-04-03,3,10.256028175354004,10.938195336857286,10.232505528921262,10.914671743610564,3255120
2000-04-04,1,9.78557014465332,10.632398885591272,9.479770929693183,10.608876233215192,7899338
2000-04-05,1,10.150174140930176,10.620634633350663,9.785567448667088,9.785567448667088,2829897
2000-04-06,1,10.561824798583984,10.65591630872846,10.208979505211262,10.232503092857694,3536844
2000-04-07,1,10.338359832763672,10.773535480421756,10.256029611903204,10.655920338155884,5655310
2000-04-10,3,10.079608917236328,10.60887716343396,9.99727867988686,10.58535356218104,2267769
2000-04-11,1,9.891422271728516,10.091367622958638,9.785568460624429,9.903183595892513,2960207
2000-04-12,1,8.938740730285645,9.750284398744146,8.844648244208173,9.750284398744146,12369721
2000-04-13,1,8.468279838562012,9.197493261246866,8.256573173982863,9.079878131987114,8636620
2000-04-14,1,7.492074966430664,8.397710037774079,7.374459849952368,7.727305199387256,7031482
2000-04-17,3,8.327139854431152,8.609416279178417,7.527358229003489,7.527358229003489,6777983
2000-04-18,1,9.221016883850098,9.268062178249032,8.562372347310944,8.632941235723353,5738403
2000-04-19,1,8.73879337310791,9.221015123130538,8.703508462232229,9.221015123130538,3183107
2000-04-20,1,8.762316703796387,8.997546936600022,8.656462909671971,8.891693142475606,1494084
2000-04-24,4,8.40947437286377,8.785842501707581,8.2800978877496,8.656466016593411,2207098
2000-04-25,1,9.40920066833496,9.738522455023189,8.85640995154266,9.221016654968262,5241693
2000-04-26,1,9.126922607421877,9.40919905240081,9.056353732880597,9.40919905240081,2808267
2000-04-27,1,9.51505184173584,9.526813162963096,8.750554600198447,8.750554600198447,2373020
2000-04-28,1,9.844372749328612,9.926703884682132,9.691473692495627,9.832611429082036,2070457
2000-05-01,3,9.609142303466797,10.020795128925805,9.562097023722451,9.914942302687315,2111344
2000-05-02,1,9.221016883850098,9.58562264951187,9.221016883850098,9.58562264951187,1697463
2000-05-03,1,8.750557899475098,9.17397225099552,8.585896499768774,9.17397225099552,3723077
2000-05-04,1,8.656463623046875,8.891693875235719,8.491803203965867,8.750556102648005,2139305
2000-05-05,1,9.03283405303955,9.221018095811209,8.762318840620578,8.762318840620578,1948060
2000-05-08,3,8.962264060974121,9.009310307595952,8.797603618018888,9.009310307595952,2059378
2000-05-09,1,8.797600746154785,9.032830955661934,8.750554514890595,8.962261135358743,1132961
2000-05-10,1,8.138959884643555,8.632943160480416,8.103675905977619,8.609420508036457,3201572
2000-05-11,1,8.303622245788574,8.409475140756834,8.127199491755706,8.280098643828929,2622561
2000-05-12,1,8.256572723388672,8.562371853412541,8.233050077546048,8.30361896188787,2926707
2000-05-15,3,8.671518325805664,8.671518325805664,8.234931067858907,8.460751867456075,2156657
2000-05-16,1,9.78557014465332,9.78557014465332,9.168326808378746,9.318874055939784,3985231
2000-05-17,1,9.303817749023438,9.6350218469209,9.153270517871327,9.6350218469209,2549039
2000-05-18,1,9.108104705810549,9.258651891030556,8.942502233980242,9.243596604420262,1715022
2000-05-19,1,8.98766803741455,9.062941645411753,8.761847213422948,9.032832959664086,1802607
2000-05-22,3,8.671518325805664,9.153268607495155,8.55108075538329,9.153268607495155,2722561
2000-05-23,1,8.355368614196777,8.626353383569477,8.189767073695103,8.551080730734643,3303096
2000-05-24,1,7.948892116546631,8.265040863624273,7.527359664764829,8.189767262242555,4368751
2000-05-25,1,7.963944911956787,8.295148883098348,7.963944911956787,8.129546424120692,2234557
2000-05-26,1,7.85856294631958,7.979000514868995,7.632742150234215,7.979000514868995,1817857
2000-05-30,4,8.807013511657715,8.807013511657715,8.430645372406776,8.520974293915561,2242388
2000-05-31,1,8.505915641784668,8.852174003816167,8.460751672269932,8.852174003816167,2163458
2000-06-01,1,8.822067260742188,8.957560145876037,8.490863166825967,8.505917511034573,4799052
2000-06-02,1,9.00272274017334,9.273708497247164,8.79195719744421,9.032833320752715,11749815
2000-06-05,3,9.047887802124023,9.062942145829094,8.82206696566355,9.017778167899811,4367721
2000-06-06,1,8.731735229492188,8.972611278306127,8.671516927399026,8.972611278306127,3029006
2000-06-07,1,9.03283405303955,9.03283405303955,8.716684293094687,8.716684293094687,2730804
2000-06-08,1,9.168323516845703,9.258652401041752,8.942502726576391,9.032831610772442,5290560
2000-06-09,1,9.815674781799316,9.890948367223016,9.39414289278935,9.39414289278935,7268131
2000-06-12,3,9.21348762512207,9.875895665339817,9.13821402722523,9.875895665339817,4369781
2000-06-13,1,9.09305191040039,9.333928040832916,8.942504683935343,9.228543846130483,2745024
2000-06-14,1,9.183380126953123,9.364036027737058,9.183380126953123,9.348981684943068,2479177
2000-06-15,1,8.837120056152344,8.957558575969468,8.79195608462789,8.91239365763108,2525340
2000-06-16,1,8.686572074890137,8.882284178650464,8.67151773466881,8.822064924137463,1501520
2000-06-19,3,9.27370834350586,9.303817029957976,8.686573808664939,8.701628151890997,3017259
2000-06-20,1,9.258654594421388,9.49952978237988,9.062942439039247,9.22854401240895,3632005
2000-06-21,1,9.03283405303955,9.213489976649036,8.927449852910465,9.198435631952956,1719143
2000-06-22,1,8.912393569946289,9.12316003073869,8.822065627786076,9.093050401080644,2129454
2000-06-23,1,8.867231369018555,9.032833891789837,8.716684137488723,9.032833891789837,5211218
2000-06-26,3,8.927450180053711,8.942505472115618,8.791958232381543,8.867231852248581,3649316
2000-06-27,1,9.03283405303955,9.168325995746663,8.942505144420677,8.972614780626968,3036013
2000-06-28,1,9.153270721435549,9.379091573185857,9.077997104185444,9.093052395723944,2108434
2000-06-29,1,8.972614288330078,9.168325492711766,8.92744936309162,9.153270202027588,1781999
2000-06-30,1,9.28876495361328,9.604914759841808,9.243600966098995,9.273710606713276,2279483
2000-07-03,3,9.3339262008667,9.424254140214044,9.258652602472614,9.39414451149363,933968
2000-07-05,2,8.822067260742188,9.1382160636357,8.822067260742188,9.062942448964474,3300211
2000-07-06,1,9.00272274017334,9.017778030463028,8.88228609874017,8.88228609874017,2220749
2000-07-07,1,8.837120056152344,9.002721600679987,8.746792113103437,9.002721600679987,2330179
2000-07-10,3,8.430644035339355,8.641410538618839,8.400535346425816,8.566136922706754,4183276
2000-07-11,1,8.822067260742188,8.822067260742188,8.430643896363344,8.55108243728859,2486802
2000-07-12,1,8.656463623046875,8.746792517081637,8.536026044481172,8.641409280781405,2177472
2000-07-13,1,8.505915641784668,8.65646283804305,8.505915641784668,8.65646283804305,2023116
2000-07-14,1,8.731735229492188,8.791954478399113,8.566133715218786,8.566133715218786,2328530
2000-07-17,3,8.79195785522461,8.837121835844556,8.731738583188596,8.822067491242617,2625290
2000-07-18,1,8.53602409362793,8.581188056916389,8.460750505875911,8.53602409362793,2165313
2000-07-19,1,8.520970344543457,8.581188650824553,8.460751091448534,8.475806378129178,4139587
2000-07-20,1,8.174712181091309,8.41558730499425,8.099438586519907,8.41558730499425,3076817
2000-07-21,1,7.692960262298584,7.9488906491122355,7.677905450120097,7.9488906491122355,2812001
2000-07-24,3,7.316592693328857,7.617687058433976,7.30153788039222,7.587577905967605,4604304
2000-07-25,1,7.437032222747803,7.557469811374242,7.316594634121364,7.467141856607928,3485274
2000-07-26,1,7.467140197753906,7.527358978689291,7.301538195126405,7.527358978689291,2573151
2000-07-27,1,6.7144060134887695,7.346705080644567,6.639132393919022,7.346705080644567,6442357
2000-07-28,1,6.804732799530029,7.1058267103520425,6.699349575687124,7.1058267103520425,5364543
2000-07-31,3,7.316592693328857,7.316592693328857,6.925169924010822,7.1359358849030246,4064573
2000-08-01,1,7.13593864440918,7.376814324322586,7.12088429905785,7.226267083552593,2854660
2000-08-02,1,7.181102752685547,7.286486012427752,7.135938769028656,7.150993588049984,2073194
2000-08-03,1,7.0456085205078125,7.181100427609302,6.7445141311971035,7.075717675394718,3187896
2000-08-04,1,7.211211681365967,7.331649274875038,7.060664452776104,7.256375660580106,2822717
2000-08-07,3,7.1961565017700195,7.226265659948137,7.105827607014689,7.211210844155581,2129660
2000-08-08,1,7.211211681365967,7.346704565822482,7.166047702151827,7.256375660580106,1848976
2000-08-09,1,7.226268291473389,7.46714401165084,7.226268291473389,7.46714401165084,3829432
2000-08-10,1,7.060664176940918,7.34670427881272,7.015500199491175,7.28648501100369,3771317
2000-08-11,1,7.527358055114746,7.527358055114746,6.985388146379817,7.105825693473416,2170465
2000-08-14,3,7.662852764129639,7.67790710614828,7.406921848708023,7.482195452429153,2374281
2000-08-15,1,7.647798538208008,7.692962990761949,7.557470106507175,7.632743720690028,3233440
2000-08-16,1,8.189767837524414,8.189767837524414,7.768235829539496,7.813400277585237,4448093
2000-08-17,1,8.551079750061035,8.551079750061035,8.219875760227634,8.370422942259744,3210771
2000-08-18,1,8.79195785522461,8.79195785522461,8.611300985930693,8.671520257966707,4030981
2000-08-21,3,8.761844635009766,8.761844635009766,8.5811878396169,8.671516710720201,3119064
2000-08-22,1,8.430644035339355,8.957560293538064,8.430644035339355,8.731738498987694,2613955
2000-08-23,1,8.641410827636719,8.671520464371413,8.325262008957797,8.520973227512089,2120799
2000-08-24,1,9.03283405303955,9.03283405303955,8.731738637790768,8.837121891105722,3623143
2000-08-25,1,8.611300468444824,9.002722872714472,8.596246124747557,8.987668529017204,2501228
2000-08-28,3,8.79195785522461,8.88228676327863,8.611300985930693,8.626355330532634,3195315
2000-08-29,1,8.731735229492188,8.76184485394565,8.656461641765413,8.76184485394565,1661440
2000-08-30,1,8.280097961425781,8.626356453680241,8.280097961425781,8.626356453680241,1777259
2000-08-31,1,8.430644035339355,8.536027286979097,8.370425710698157,8.400535346425816,1996119
2000-09-01,1,7.843508243560791,8.400533037577294,7.813399089515557,8.189766592226015,4723007
2000-09-05,4,7.843508243560791,8.054273742098212,7.843508243560791,7.843508243560791,3627059
2000-09-06,1,7.452086925506592,7.692962572476112,7.376813315416555,7.55746969558843,4609456
2000-09-07,1,7.482194900512695,7.512305002549881,7.226264950783453,7.452085745289403,3166876
2000-09-08,1,7.13593864440918,7.572525547960743,7.13593864440918,7.572525547960743,2056089
2000-09-11,3,7.1961565017700195,7.3316484236820365,7.181101212570471,7.226265659948137,1732745
2000-09-12,1,6.895062446594238,7.256375204407495,6.8649528134062905,7.24132086122054,2722561
2000-09-13,1,6.880008697509766,6.98539148320485,6.759570619477694,6.77462543840759,2423535
2000-09-14,1,6.8649492263793945,7.211207460081184,6.8348396089241215,6.985386749386946,2827869
2000-09-15,1,6.578914165496826,6.940227450195239,6.518695363614939,6.925172631372995,5172886
2000-09-18,3,6.172435283660889,6.654186556502159,5.991778437993663,6.6090221083818514,10746192
2000-09-19,1,6.413311958312988,6.443422070897245,6.082108294399962,6.142327572754251,7793024
2000-09-20,1,6.428367614746094,6.428367614746094,6.0821086382611105,6.383203153426936,4664480
2000-09-21,1,5.419698715209961,6.473528547538315,5.419698715209961,6.383200140936766,3060331
2000-09-22,1,6.172435283660889,6.187490099700991,5.796067723100336,6.021888070073867,3014374
2000-09-25,3,6.097160816192627,6.353091232526246,6.08210600227766,6.247708008528418,3773171
2000-09-26,1,5.690683364868164,6.232653366943638,5.540136168369807,6.1423254277701815,7117484
2000-09-27,1,5.540136814117432,6.021888088426948,5.299261650369675,6.021888088426948,6307167
2000-09-28,1,5.299260139465332,5.660573255477785,5.254096177491351,5.314314477852081,8011472
2000-09-29,1,4.922893524169922,5.299261552320848,4.907838708362486,5.178823972675349,5657387
2000-10-02,3,4.682017803192139,5.118604612933939,4.651908645551972,4.998167035559299,5987326
2000-10-03,1,4.772345542907715,4.983111509984457,4.682017136044277,4.983111509984457,10720637
2000-10-04,1,4.937949180603027,4.937949180603027,4.6669638701582175,4.757292306973154,10432740
2000-10-05,1,5.2540974617004395,5.329371065660064,4.937948230388617,5.058385807361224,12118085
2000-10-06,1,5.479918003082275,5.886395160355734,5.464862714945122,5.570246418056475,7063697
2000-10-09,3,5.163768291473389,5.434753535215453,4.937947965132104,5.419699193957803,3098456
2000-10-10,1,4.968058109283447,5.163769318632676,4.953003765031239,5.163769318632676,2928644
2000-10-11,1,4.8325653076171875,4.9680577088145546,4.6970729064198204,4.78740133168707,4421096
2000-10-12,1,4.546525955200195,4.907839715063739,4.546525955200195,4.877730550679837,5001425
2000-10-13,1,5.058385848999023,5.088495006786525,4.6368538527181,4.697072641700091,8488760
2000-10-16,3,4.621799468994141,5.0583863216681495,4.591689834986127,4.907839098442144,5354651
2000-10-17,1,4.4561967849731445,4.5916891716204296,4.335759213154883,4.5465247271333595,8855175
2000-10-18,1,4.170157432556152,4.350814273901634,3.884117828264963,4.245431037548938,6549314
2000-10-19,1,5.118605613708496,5.299262488498936,4.4260886982949925,4.546525825810156,13299765
2000-10-20,1,5.494974136352539,5.600356917936973,4.937949171523836,4.9680583348020715,8650123
2000-10-23,3,5.404646396636963,5.525084012094575,5.3293727686241725,5.51002919181059,4800907
2000-10-24,1,5.570246696472168,5.735848246560619,5.510027434541477,5.660574642554238,4757217
2000-10-25,1,5.223987579345703,5.494972824603187,5.193877949848107,5.389589121361601,4090127
2000-10-26,1,5.570246696472168,5.645520300478549,5.269151807039662,5.284206622522335,3391300
2000-10-27,1,5.223987579345703,5.434753565607995,5.208932764596905,5.419699224266157,3289083
2000-10-30,3,5.0734405517578125,5.0734405517578125,4.862674558305001,5.028276579377559,3558433
2000-10-31,1,5.464863300323486,5.464863300323486,5.07344091585233,5.118604891473767,2532965
2000-11-01,1,5.148714065551758,5.299261268756317,5.118604435548058,5.178823695555457,3091243
2000-11-02,1,5.675629615783691,5.781012380277412,5.54013674608077,5.660574799882589,3166670
2000-11-03,1,5.765957832336426,5.901450708336078,5.630465429743793,5.82617709873939,3716293
2000-11-06,3,5.9014506340026855,5.976724242651243,5.765957759709672,5.871341474587471,3375844
2000-11-07,1,6.0369415283203125,6.127269930837789,5.976722751110961,6.021886715666251,3470436
2000-11-08,1,5.886394500732422,6.202543681011289,5.856284874646089,6.14232490224553,6720569
2000-11-09,1,5.660574436187744,5.750902852383711,5.585300834925599,5.735848037449889,4869532
2000-11-10,1,5.133660793304443,5.479919748775962,5.0583871690811275,5.464864455842766,6890175
2000-11-13,3,5.178824424743652,5.299262014902352,4.87772997593987,4.93794877101922,4183482
2000-11-14,1,5.600355625152588,5.675629226082652,5.344425666034549,5.344425666034549,2482474
2000-11-15,1,5.540136814117432,5.660574869398312,5.419699705650556,5.510027655352463,2754916
2000-11-16,1,4.89278507232666,5.14871558254327,4.81751144854614,5.07344195876275,4617699
2000-11-17,1,4.89278507232666,5.028277973857281,4.7874022830781975,4.862675906858717,2285871
2000-11-20,3,4.380922317504883,4.772345058584848,4.335758355360101,4.5766339247483,4168232
2000-11-21,1,4.576635360717773,4.666963313348722,4.486306934679807,4.516416094421118,3637363
2000-11-22,1,4.441143035888672,4.516416654690295,4.335760253610646,4.456197854330412,1972831
2000-11-24,2,4.89278507232666,4.937949530639236,4.742237824765621,4.937949530639236,1870820
2000-11-27,3,4.697073936462402,4.953004451942601,4.5615815055522875,4.892785172954,2371808
2000-11-28,1,4.411033630371094,4.621799656769119,4.411033630371094,4.606744839153464,3275275
2000-11-29,1,4.380922317504883,4.456195903350766,4.275539581364769,4.395977129355433,6010819
2000-11-30,1,4.049720287322998,4.245431491886046,4.034665470031908,4.2153218573038655,4882722
2000-12-01,1,4.2604851722717285,4.411032358195209,4.215320732450536,4.395977544921478,3360594
2000-12-04,3,4.155102252960205,4.24543066572172,4.1249930976443325,4.215321036998899,1777671
2000-12-05,1,4.546525955200195,4.561581247502782,4.245431944325727,4.245431944325727,3725154
2000-12-06,1,4.365867614746094,4.44114120247287,4.1551016637924985,4.395977239199556,2409521
2000-12-07,1,4.335759162902832,4.350813977557368,4.2454307483825735,4.335759162902832,3104226
2000-12-08,1,4.772345542907715,4.8024551696644995,4.411032388860881,4.501360795724319,4754950
2000-12-11,3,4.8325653076171875,4.847620124062898,4.6970729064198204,4.77234651524136,3559257
2000-12-12,1,4.651908874511719,4.817510433200754,4.651908874511719,4.817510433200754,2584485
2000-12-13,1,4.50136137008667,4.697072548757273,4.50136137008667,4.697072548757273,1415789
2000-12-14,1,4.486307144165039,4.486307144165039,4.350814735484867,4.4110335311863835,3509385
2000-12-15,1,4.486307144165039,4.486307144165039,4.395978713909245,4.486307144165039,3449827
2000-12-18,3,4.275539875030518,4.471251022309499,4.275539875030518,4.456196209424907,2673719
2000-12-19,1,4.3508148193359375,4.4411427779255375,4.140048320208074,4.200267590477206,3400574
2000-12-20,1,4.124992847442627,4.155102000932227,4.034664440159987,4.155102000932227,4990091
2000-12-21,1,4.004555702209473,4.109938460468662,3.9895004137920576,4.004555702209473,3488983
2000-12-22,1,4.124992847442627,4.140047187483967,4.004555286670387,4.004555286670387,2733277
2000-12-26,4,4.079830646514893,4.109939813037655,4.034666186620063,4.094884993072712,2609834
2000-12-27,1,4.140048980712891,4.170158620651159,4.004557021212058,4.0196113677740675,3708667
2000-12-28,1,4.170157432556152,4.3658686161746,4.0948838275633666,4.215321406189028,2554397
2000-12-29,1,4.155102252960205,4.215321036998899,4.049719499244228,4.1249930976443325,2611276
2001-01-02,4,4.245430946350098,4.3658685223885625,4.185212158330866,4.3658685223885625,2782737
2001-01-03,1,4.651908874511719,4.757291641549559,4.0647743540432915,4.140047961959038,6085215
2001-01-04,1,4.651908874511719,4.727182482427465,4.606744425718066,4.651908874511719,6000309
2001-01-05,1,4.847620487213135,4.968058080987144,4.817510852066108,4.817510852066108,5165880
2001-01-08,3,4.787400245666504,4.817509398320658,4.697071840890231,4.817509398320658,3272802
2001-01-09,1,5.058385848999023,5.148714269175503,4.847619850858562,4.847619850858562,2632091
2001-01-10,1,5.299260139465332,5.299260139465332,4.98311098542686,5.058384570988074,6104381
2001-01-11,1,5.299260139465332,5.329369763052564,5.028275420807709,5.148712968342904,5024095
2001-01-12,1,5.389588356018066,5.44980760646188,5.299260427166134,5.389588356018066,3190781
2001-01-16,4,5.2540974617004395,5.43475382715935,5.208933015280474,5.43475382715935,4018204
2001-01-17,1,5.675629615783691,5.675629615783691,5.494973245191458,5.600356009685178,4698690
2001-01-18,1,6.082108497619629,6.187491764853662,5.645522028813288,5.645522028813288,5319411
2001-01-19,1,6.0369415283203125,6.41330900423049,5.991777090358127,6.142324743491851,5659242
2001-01-22,3,5.781015396118164,6.0068363322199945,5.76596057236326,5.961672334362526,2203644
2001-01-23,1,6.006834030151367,6.036943666121911,5.720794855466516,5.796068471985812,2292054
2001-01-24,1,5.961670875549316,6.1272729495161595,5.961670875549316,6.051999322568242,1495337
2001-01-25,1,5.81112003326416,6.021885963888116,5.735846452797973,5.991776342338907,2416322
2001-01-26,1,5.374533653259277,5.494971672593106,5.299260068703207,5.47991686100052,6741383
2001-01-29,3,5.246267318725586,5.37633962788278,5.101741899564064,5.37633962788278,6380326
2001-01-30,1,5.556997776031494,5.646122319114037,5.332983964620037,5.332983964620037,6575486
2001-01-31,1,5.814736843109131,6.012255084872768,5.73524799665852,5.74488325222591,3775851
2001-02-01,1,5.744881629943848,5.829187843667571,5.605173540814923,5.660574942813116,3349465
2001-02-02,1,5.571451663970947,5.805100286468821,5.571451663970947,5.687071864423296,2991911
2001-02-05,3,5.296853542327881,5.352255428103534,5.239043434648574,5.299262711045729,3880335
2001-02-06,1,4.95721960067749,5.154737829418004,4.95721960067749,4.96685438220248,7650415
2001-02-07,1,4.82955265045166,4.894589281921472,4.788603432330338,4.853640537206988,4502293
2001-02-08,1,5.075247287750244,5.166780057143172,5.0029845501554595,5.046342476756529,3500730
2001-02-09,1,4.945174217224121,5.055977013092882,4.945174217224121,5.055977013092882,1624345
2001-02-12,3,5.1234235763549805,5.154738037798419,4.937949763837143,4.937949763837143,2033214
2001-02-13,1,5.239043235778809,5.395612685698228,5.226999759682216,5.29926250989009,3050439
2001-02-14,1,5.412471771240234,5.414880465456285,5.058384726750077,5.106559557884848,6172800
2001-02-15,1,5.605173587799072,5.691888970516554,5.484736003353637,5.540136932409208,3260437
2001-02-16,1,5.366706371307373,5.400429044751564,5.299261497825979,5.323348918825978,2901647
2001-02-20,4,5.084883689880371,5.402839523132746,5.05838709428853,5.366707672760115,2767693
2001-02-21,1,5.00298547744751,5.202912390288617,4.988532832568389,5.070430837945354,2998918
2001-02-22,1,4.97407865524292,5.058385329891478,4.827144976695898,4.96685257173316,3160075
2001-02-23,1,4.853642463684082,4.865685938435128,4.685029083099184,4.841598515526011,3137200
2001-02-26,3,4.877729892730713,4.93794868678279,4.7669270844395175,4.93794868678279,1761596
2001-02-27,1,4.665759086608887,4.858459418204121,4.665759086608887,4.858459418204121,2114410
2001-02-28,1,4.535687446594238,4.697073822707844,4.533278277831061,4.665759836264709,2020643
2001-03-01,1,4.316489219665527,4.362255838201122,4.13101499768894,4.335759250257628,4545776
2001-03-02,1,4.480285167694092,4.740430871083177,4.249044752862489,4.26349739714123,3508767
2001-03-05,3,4.581451892852783,4.697072067173702,4.579043198396963,4.579043198396963,1854540
2001-03-06,1,5.169188499450684,5.200502477120744,4.8223274706197,4.841597974883563,7236806
2001-03-07,1,5.019845485687256,5.130648278016756,5.019845485687256,5.130648278016756,5045321
2001-03-08,1,4.781380653381348,4.937950131823646,4.778972431130393,4.841599938463013,2332240
2001-03-09,1,4.470648288726807,4.660939849957465,4.470648288726807,4.660939849957465,2597675
2001-03-12,3,4.340576171875,4.588677848192258,4.340576171875,4.456196342970019,2748321
2001-03-13,1,4.774152755737305,4.783788008122635,4.528459737498694,4.528459737498694,2246303
2001-03-14,1,4.7091169357299805,4.745248306461987,4.408022495234605,4.408022495234605,5715709
2001-03-15,1,4.824736595153809,4.937948084591917,4.822327427087344,4.8777292978836195,4300538
2001-03-16,1,4.7669267654418945,4.841598197623506,4.721160617578905,4.793422881561468,2518333
2001-03-19,3,4.711525917053223,4.740430731351626,4.569409120414331,4.709117221978944,3709698
2001-03-20,1,4.552547931671143,4.689846381599415,4.550138763360859,4.672985043869535,2932765
2001-03-21,1,4.516416072845459,4.672985028291967,4.480284702602878,4.5525479164950555,3135757
2001-03-22,1,4.793423175811768,4.817510598617925,4.530868799662871,4.540503579422524,4317642
2001-03-23,1,5.046342372894287,5.05597715189156,4.853642058878956,4.937948268733043,3615930
2001-03-26,3,4.911451816558838,5.034298080798765,4.901816564814769,5.034298080798765,2012605
2001-03-27,1,4.880136966705322,4.9042248573874705,4.706706710191197,4.781378129810643,2801078
2001-03-28,1,4.713933944702148,4.841598565640883,4.713933944702148,4.841598565640883,2789332
2001-03-29,1,4.7332048416137695,4.85364291415128,4.697073467193223,4.713934333409546,3577599
2001-03-30,1,4.697073936462402,4.733205314492715,4.624811180401776,4.733205314492715,2439815
2001-04-02,3,4.227365016937256,4.564590778336011,4.227365016937256,4.564590778336011,4307544
2001-04-03,1,4.051526069641113,4.258679011180958,4.051526069641113,4.234591591952684,3499493
2001-04-04,1,3.996124744415283,4.212912941508918,3.988898187134651,4.094883591056912,3775232
2001-04-05,1,4.432109355926514,4.432109355926514,4.246635135928979,4.275540418212188,4467052
2001-04-06,1,4.2129130363464355,4.323715358605135,4.1743725012650525,4.323715358605135,2211888
2001-04-09,3,4.128607273101807,4.287585417895505,4.051527132622587,4.26349751894044,1796012
2001-04-10,1,4.38152551651001,4.38152551651001,4.237000519777456,4.251452688065825,4819660
2001-04-11,1,4.7717437744140625,4.836780902099222,4.697072814187337,4.757291605380699,7760051
2001-04-12,1,4.882546424865723,4.889772508455955,4.593495980152255,4.648896901157927,5181542
2001-04-16,4,4.6296281814575195,4.805466701181478,4.612766843293311,4.805466701181478,3018908
2001-04-17,1,4.562182903289795,4.668168323936147,4.4658327360690375,4.480284906096874,3583369
2001-04-18,1,5.354661464691162,5.4895516489665335,4.778969369054343,4.793421533742986,13422590
2001-04-19,1,5.246267318725586,5.299259530571785,5.145099335949795,5.299259530571785,5596181
2001-04-20,1,5.034299373626709,5.195686212880731,4.954810538304656,5.174007009241012,5445328
2001-04-23,3,4.853642463684082,4.9620361034786225,4.798240586201168,4.9620361034786225,4475090
2001-04-24,1,4.86568546295166,5.010210933097128,4.844006737111235,4.86568546295166,3334833
2001-04-25,1,4.911451816558838,4.933130067817344,4.7934224680805135,4.829553833658599,4793694
2001-04-26,1,4.923496246337891,4.995758991537976,4.877730093528261,4.925904941390288,3468993
2001-04-27,1,5.251086235046387,5.251086235046387,4.913860444038711,4.9740792338457265,11742809
2001-04-30,3,5.838823318481445,5.901451285924952,5.4558313220084464,5.479919220289979,13056999
2001-05-01,1,5.971304893493652,5.973713115053733,5.636487771738853,5.793056731857229,15228700
2001-05-02,1,5.915902137756348,6.017070151804733,5.793055872220829,5.877362550594483,8730495
2001-05-03,1,5.660574436187744,5.901450054908001,5.636487016337808,5.756924588994454,7867832
2001-05-04,1,5.540136814117432,5.6340787528763,5.313713819341499,5.32334907206305,5668310
2001-05-07,3,5.479918003082275,5.679844863331373,5.479918003082275,5.542545483207806,2738429
2001-05-08,1,5.487144947052002,5.54495504701609,5.383568222070282,5.528093708684019,3581102
2001-05-09,1,5.347437381744385,5.453422812246231,5.32816781991541,5.381160061759252,5023064
2001-05-10,1,5.347437381744385,5.511232917954398,5.323349956051086,5.467875457025043,4777001
2001-05-11,1,5.178824424743652,5.349845556597347,5.152327832991955,5.349845556597347,5642961
2001-05-14,3,4.916267395019531,5.04634065444426,4.894589149657844,5.04634065444426,11792062
2001-05-15,1,4.848822593688965,4.937946636997802,4.8199177928416965,4.937946636997802,7476069
2001-05-16,1,4.906634330749512,4.957218341124421,4.745247993954833,4.805466309999693,10381425
2001-05-17,1,5.1234235763549805,5.14992017343405,4.935541068358524,4.937949763837143,8503186
2001-05-18,1,4.998168468475342,5.106562129824909,4.974080567369108,5.106562129824909,4265710
2001-05-21,3,5.082474231719971,5.082474231719971,4.757292330954072,4.781379756423785,9289392
2001-05-22,1,5.154736042022705,5.2968518606805715,5.106560257474177,5.106560257474177,11670267
2001-05-23,1,5.094518184661865,5.214955785500333,5.094518184661865,5.214955785500333,6363839
2001-05-24,1,5.130647659301758,5.1402824365649025,5.031888351913116,5.096924992066948,5375054
2001-05-25,1,5.022253513336182,5.166778957774136,5.0102100419042825,5.094516235555159,4681585
2001-05-29,4,4.942765712738037,4.981305775966104,4.90181695473409,4.96444443912795,3514125
2001-05-30,1,4.704298496246338,4.788604220132271,4.69707193966812,4.745247247697545,5321678
2001-05-31,1,4.783788204193115,4.822327795093082,4.721160718046038,4.721160718046038,4378437
2001-06-01,1,4.791015625,4.841599651039074,4.721162034839912,4.793424320515126,3976575
2001-06-04,3,4.721158504486084,4.822325534100005,4.699479314246776,4.812691232650905,4274571
2001-06-05,1,5.053566932678223,5.106559147991515,4.7934213505298064,4.7934213505298064,7064315
2001-06-06,1,4.9499921798706055,5.031889702212,4.93794870505983,5.024663617325534,12601968
2001-06-07,1,5.371525287628174,5.431744088641009,4.9620366832895595,4.9620366832895595,13007539
2001-06-08,1,5.337800979614258,5.417289791644482,5.2149542464164185,5.318530950230963,6320356
2001-06-11,3,5.198093891143799,5.3642981034245505,5.183641721437928,5.337801985556761,4704460
2001-06-12,1,5.142692565917969,5.214954829124555,5.036707155763791,5.1186046714421165,5315290
2001-06-13,1,5.133057117462158,5.210137240665131,5.063203551688822,5.154736316344095,2329355
2001-06-14,1,5.034299373626709,5.118605599354444,4.9740800999273835,5.118605599354444,4400488
2001-06-15,1,5.111378192901611,5.1234216658036305,4.962035341660937,5.03429807270087,6554466
2001-06-18,3,4.863276481628418,5.258312844986985,4.863276481628418,5.010211125539457,4431194
2001-06-19,1,4.803058624267578,4.990941097883215,4.786197285595589,4.937948860236443,6066462
2001-06-20,1,4.605539321899414,4.730794274344991,4.554955317984702,4.697072078475447,11151557
2001-06-21,1,4.516416072845459,4.588678813330621,4.499554735171786,4.588678813330621,5513335
2001-06-22,1,4.624811172485352,4.660942550453818,4.405614209264274,4.552548889955537,4234591
2001-06-25,3,4.70670747756958,4.757291488160976,4.677802666808063,4.757291488160976,5361864
2001-06-26,1,4.619992256164551,4.6537149275876635,4.539058128793258,4.603130920452995,4991769
2001-06-27,1,4.717787265777588,4.754882484821626,4.68406459759587,4.70429848254905,4986175
2001-06-28,1,4.889774799346924,4.936986275750601,4.738023659007043,4.738023659007043,12659966
2001-06-29,1,5.122457981109619,5.233742693977798,4.940356326206868,4.9572176606840745,6481159
2001-07-02,3,5.108969211578369,5.159553215148667,5.061757285549987,5.125830546101802,2611070
2001-07-03,1,5.132575988769531,5.152809879317783,5.0651311071631655,5.108970493240474,2447823
2001-07-05,2,4.910006523132324,5.024663331942391,4.893145185947873,5.00780199475794,5451775
2001-07-06,1,4.724532604217529,4.910006360280831,4.700926638260842,4.910006360280831,4156250
2001-07-09,3,4.808838844299316,4.81895555165692,4.700926667942231,4.738021892796095,6517960
2001-07-10,1,4.76837158203125,4.926867769931826,4.76837158203125,4.91675106248815,6158934
2001-07-11,1,4.781861782073975,4.8391899600073005,4.633482745819677,4.711044816029842,4358800
2001-07-12,1,5.071876049041748,5.095481546021499,4.90663520314812,4.923496542937699,6180278
2001-07-13,1,4.994312763214111,5.078618968203381,4.940356678403308,4.957218014082554,5373022
2001-07-16,3,4.795351028442383,5.001059209102247,4.795351028442383,4.9943145776987645,4409143
2001-07-17,1,4.943727970123291,4.963961380358489,4.744764524787566,4.79197644654554,6661629
2001-07-18,1,4.744765758514404,4.899889873071083,4.744765758514404,4.771743803645086,4002424
2001-07-19,1,4.95721960067749,4.95721960067749,4.886401684114682,4.886401684114682,4410910
2001-07-20,1,4.741394519805908,4.839189526722501,4.7042997640636735,4.839189526722501,4079558
2001-07-23,3,4.518825054168701,4.741394039481938,4.518825054168701,4.741394039481938,4460811
2001-07-24,1,4.43789005279541,4.542430143390182,4.4345179750627866,4.5323134367853575,3598501
2001-07-25,1,4.593014717102051,4.599759346807277,4.46824119788692,4.518825210565599,4754038
2001-07-26,1,4.85605001449585,4.8864001347648705,4.663831639311461,4.721160275473337,10751049
2001-07-27,1,5.125831604003906,5.311305848634104,5.061758330228238,5.193276482610417,8593509
2001-07-30,3,5.1629252433776855,5.233742658336929,5.12583049714321,5.12583049714321,6025275
2001-07-31,1,5.496777057647705,5.5541052014112555,5.125829214704042,5.125829214704042,10831569
2001-08-01,1,5.749699115753174,5.7969105772911815,5.635042303383427,5.648531089505565,11052666
2001-08-02,1,5.729466438293457,5.901451929928074,5.682254966769796,5.901451929928074,13317076
2001-08-03,1,5.547363758087158,5.564225096468111,5.412473524446574,5.564225096468111,6254763
2001-08-06,3,5.368635654449463,5.547365323639393,5.311307466500952,5.543992770967194,7077180
2001-08-07,1,5.270838737487793,5.338284091993252,5.173043257499104,5.334911540223754,5669634
2001-08-08,1,5.200021743774414,5.429335400370621,5.16967161572804,5.277583813324589,6439501
2001-08-09,1,5.223626136779785,5.260720884323598,5.08536337949073,5.1764142095358965,6951323
2001-08-10,1,5.365261554718018,5.564224571386367,5.210137445614737,5.328166803143273,4574893
2001-08-13,3,5.375377655029297,5.496778603435297,5.321421572758422,5.41921703105025,4079705
2001-08-14,1,5.446193695068359,5.5304998747714516,5.3989822533709,5.4225877375162215,4220725
2001-08-15,1,5.30118989944458,5.4630581993620915,5.297817347316866,5.449568937665419,3507972
2001-08-16,1,5.395611763000488,5.4158456515153315,5.176414854642175,5.226998865818786,4367043
2001-08-17,1,5.031406879425049,5.23711448606533,5.0078009177622,5.176413779937219,6668695
2001-08-20,3,5.014546871185303,5.058386255341741,4.9774521169160915,5.058386255341741,3750708
2001-08-21,1,4.687437534332275,4.974078817252698,4.636853527895578,4.974078817252698,17759045
2001-08-22,1,4.181598663330078,4.8223275556783864,4.181598663330078,4.721160483653997,24537552
2001-08-23,1,4.134387969970703,4.427774426735865,4.0972932122315,4.333351493110086,23277650
2001-08-24,1,4.046708583831787,4.195088065842759,3.992752968036068,4.134387347137952,19982385
2001-08-27,3,4.131015300750732,4.198460176067531,4.083803367281271,4.154620794078461,16305277
2001-08-28,1,4.343468189239502,4.3940522078642505,4.097293200020873,4.114154539562456,19172037
2001-08-29,1,4.232184410095215,4.451381400820137,4.201834276028922,4.410914081991238,12699121
2001-08-30,1,4.2220659255981445,4.282766641645417,4.134387166130637,4.198459960077822,6468500
2001-08-31,1,4.377189636230469,4.380561713826785,4.218693467878777,4.218693467878777,5541716
2001-09-04,4,4.29962682723999,4.555918407843809,4.265904163638226,4.400794344638433,6661923
2001-09-05,1,4.225437164306641,4.383933315450066,4.147875600756913,4.367071982485286,5945933
2001-09-06,1,4.282767295837402,4.2895119260744465,4.097293041464511,4.131015719242681,4673518
2001-09-07,1,4.363701343536377,4.3974240205809725,4.2524166039706195,4.2524166039706195,4095897
2001-09-10,3,4.272650241851807,4.377190345151947,4.232182937107329,4.363701085768117,2759303
2001-09-17,7,3.5577306747436523,3.878095318656751,3.453191300798619,3.7094826845442506,7450190
2001-09-18,1,3.3216731548309326,3.49028578785115,3.2879504862048123,3.4397020216154313,6579343
2001-09-19,1,3.223876714706421,3.3655119951348604,3.0653808127516946,3.33853395919774,8791348
2001-09-20,1,3.0451486110687256,3.1227104359530458,3.011425934429924,3.0181705644390915,5653442
2001-09-21,1,3.1867830753326416,3.2002723346644455,2.8293240940344595,2.8664188470864067,8776039
2001-09-24,3,3.463308334350586,3.463308334350586,3.321673490532248,3.321673490532248,8594392
2001-09-25,1,3.1294546127319336,3.385746255298966,3.035031463203257,3.372256997234244,9280501
2001-09-26,1,3.1530606746673584,3.2272506606314013,3.115965918388862,3.1699220135952295,3457482
2001-09-27,1,2.9945645332336426,3.068754514962645,2.9372363628770266,3.051893176997282,6145097
2001-09-28,1,3.20027232170105,3.20027232170105,3.04177636563643,3.102477085569648,5647554
2001-10-01,3,3.092360019683838,3.1024767262665733,3.0384034622309932,3.1024767262665733,2467106
2001-10-02,1,2.984448194503784,2.997937455908372,2.9439813571041844,2.984448194503784,3178387
2001-10-03,1,3.23736834526062,3.3014411684580267,2.8495586165260725,2.883281304548032,8595717
2001-10-04,1,3.1227097511291504,3.291322623938584,3.1092204940690693,3.203643873268847,10657723
2001-10-05,1,3.132827043533325,3.2272504404045623,3.0451485131579044,3.2205058106122557,7778304
2001-10-08,3,3.2508559226989746,3.3520234608536024,3.0923599866815383,3.1328265758771363,6647939
2001-10-09,1,3.217132568359375,3.3924900390673605,3.217132568359375,3.372256157011699,6148924
2001-10-10,1,3.3722569942474365,3.3823741744905,3.1732939885212468,3.1901553243837326,6646026
2001-10-11,1,3.776927709579468,3.793789044719406,3.524008629294285,3.5408699644342234,9768476
2001-10-12,1,3.675759792327881,3.760065985909207,3.5745917919420145,3.675759792327881,4486719
2001-10-15,3,3.5577306747436523,3.69599342764365,3.544241891249976,3.679132093221361,3792955
2001-10-16,1,3.9151904582977295,3.9253071652859255,3.712855135016387,3.7870451086081087,7058780
2001-10-17,1,3.9792630672454834,4.10740864008252,3.878095297955253,4.0635692654999716,9237371
2001-10-18,1,3.807279348373413,3.962402774813078,3.776928747418889,3.962402774813078,7250584
2001-10-19,1,3.820766925811768,3.8612339864261527,3.7297160986052664,3.773555473446716,3810325
2001-10-22,3,4.090548038482666,4.090548038482666,3.8140234314392742,3.85449002565646,4048204
2001-10-23,1,4.144503593444824,4.178226263795269,4.019730565280684,4.080430803823148,7596657
2001-10-24,1,4.350210666656494,4.37718870188918,4.21532001708623,4.232181348282514,6551375
2001-10-25,1,4.468240737915039,4.485102073738851,4.0939197453961755,4.215321173964832,8835656
2001-10-26,1,4.687437534332275,4.744765222828015,4.562664030513986,4.569408185979982,12764038
2001-10-29,3,4.488473892211914,4.667203946936501,4.485101814604764,4.623364571008875,6238865
2001-10-30,1,4.235556125640869,4.383935650727034,4.228811967587921,4.367074308780393,5443090
2001-10-31,1,4.353585243225098,4.485103418025615,4.282767800902288,4.282767800902288,6050888
2001-11-01,1,4.4749860763549805,4.525569618438567,4.26590585771936,4.383934753790447,8697728
2001-11-02,1,4.535687446594238,4.56603757616926,4.42440269133828,4.478358792854167,4187310
2001-11-05,3,4.8122100830078125,4.856049456182932,4.657086474900632,4.670575731296164,7393959
2001-11-06,1,4.788605690002441,4.80883958122536,4.636854582976452,4.785233611502152,8308673
2001-11-07,1,4.889774799346924,5.068504467239952,4.738023659007043,4.738023659007043,9245172
2001-11-08,1,4.990940093994141,5.216881608026761,4.97407875871368,4.990940093994141,11271556
2001-11-09,1,4.886398792266846,4.97407752460873,4.815581391022002,4.906632673627394,6693278
2001-11-12,3,4.872910976409912,4.940356314154196,4.741393325259636,4.886399759914614,4669102
2001-11-13,1,5.173043251037598,5.176415329395842,4.990941078144544,4.990941078144544,10705858
2001-11-14,1,5.125831604003906,5.415845954892275,5.11234234423839,5.3787507272406145,10725731
2001-11-15,1,5.264094829559326,5.429335686723569,5.193277386975666,5.294445432613528,8883644
2001-11-16,1,5.479918003082275,5.48666263203926,5.35177194652741,5.395611324637369,5748682
2001-11-19,3,5.452940940856934,5.611436672691295,5.412473633247769,5.564225208319807,5144712
2001-11-20,1,5.132575988769531,5.328167423627017,5.129203910381679,5.270838777184207,8715687
2001-11-21,1,5.345028877258301,5.368634373294699,5.196649377083979,5.210138164332341,10276323
2001-11-23,2,5.2944440841674805,5.37200613805408,5.129203269088549,5.196648615669416,1934824
2001-11-26,3,5.59794807434082,5.63167075576851,5.5203864751456555,5.581086733626975,9572403
2001-11-27,1,5.517012596130371,5.645158660055351,5.436078937619628,5.463056981592205,6829587
2001-11-28,1,5.166298866271973,5.4124738535123,5.156182157309736,5.395612514106218,8177369
2001-11-29,1,5.429335117340088,5.469802426032779,5.159554637412338,5.186532685405113,20882231
2001-11-30,1,5.372004985809326,5.4259610621381515,5.247231026716171,5.378749140295265,7774329
2001-12-03,3,5.496777057647705,5.543988498006323,5.39560955019158,5.530499717935348,6985326
2001-12-04,1,5.911567687988281,5.925056948198171,5.665392713117629,5.732838067352999,11133775
2001-12-05,1,6.434264183044434,6.57252690310708,6.306118639957873,6.40728614905743,15103520
2001-12-06,1,6.353332042694092,6.4747334698220715,6.353332042694092,6.441010798574638,7503772
2001-12-07,1,6.316238880157471,6.521946563665427,6.3027496189075665,6.3904283968107105,8670054
2001-12-10,3,6.059946060180664,6.26228113857422,5.999245347299817,6.120646773061512,6880371
2001-12-11,1,6.208326816558838,6.353333289893175,6.107158782956618,6.107158782956618,5127784
2001-12-12,1,6.390427112579346,6.4308944147896,6.211697987488913,6.306120903634539,6048385
2001-12-13,1,6.036340713500977,6.1543700736148566,6.002618039182725,6.063318758274177,5523316
2001-12-14,1,6.211700439453125,6.228561309172045,6.073437615182061,6.093671510977669,4268712
2001-12-17,3,6.208326816558838,6.238676469188222,6.070064026665291,6.070064026665291,7767853
2001-12-18,1,6.164487838745117,6.258910301538966,6.05320308908542,6.20832722819808,4225729
2001-12-19,1,5.9014506340026855,6.053202198740128,5.88458929643108,6.0194795235969165,9435063
2001-12-20,1,5.73621129989624,5.918313508928657,5.658649221600555,5.918313508928657,11824594
2001-12-21,1,5.463057041168213,5.70923151757495,5.375378278949433,5.614808125937727,13805345
2001-12-24,3,5.395611763000488,5.452940403682046,5.348400303279851,5.429334437118229,3144089
2001-12-26,2,5.510268211364746,5.597946976519085,5.429334549261674,5.446195886668817,5606338
2001-12-27,1,5.6519036293029785,5.6923709377885885,5.5473639897453415,5.614808872678618,4027448
2001-12-28,1,5.715976715087891,5.877844996776188,5.64515928267338,5.665392699532657,6086658
2001-12-31,3,5.79016637802124,5.914939907611165,5.74969954323913,5.74969954323913,3947518
2002-01-02,2,5.894705295562744,5.901449924461872,5.823887875639296,5.901449924461872,5303837
2002-01-03,1,6.26565408706665,6.289260054636214,5.891333997995402,5.89807815438069,14104459
2002-01-04,1,6.464616775512695,6.508456153536946,6.322981934727726,6.322981934727726,14525163
2002-01-07,3,6.356705665588379,6.609624795771779,6.356705665588379,6.592763457305281,7267660
2002-01-08,1,6.572530269622803,6.57590282147789,6.282515900659154,6.366822595930528,9179373
2002-01-09,1,6.575901031494141,6.791725355189418,6.407287686848549,6.643345895945452,10260867
2002-01-10,1,6.27239990234375,6.525319543397451,6.27239990234375,6.525319543397451,7135620
2002-01-11,1,6.252163887023926,6.370192751366646,6.198208281108056,6.204951962561309,6041172
2002-01-14,3,6.140880107879639,6.306120435573287,6.140880107879639,6.252164352235734,4193787
2002-01-15,1,6.117276191711426,6.3061225466110695,6.070064721338291,6.18809363397468,6579049
2002-01-16,1,5.854238033294678,5.968895305097731,5.834004619873884,5.9520339694447495,9998700
2002-01-17,1,6.100412845611572,6.144252222764653,5.914938630488068,5.98575604947328,7762553
2002-01-18,1,5.9318013191223145,6.063319480586823,5.887961931967478,5.968896549335682,7827764
2002-01-22,4,5.958776950836182,6.120645646528071,5.931798913788678,6.07343372663979,8587621
2002-01-23,1,6.097038269042969,6.154366880319495,5.968892741212447,5.968892741212447,4538681
2002-01-24,1,6.154369831085205,6.319609697874709,6.137508494590547,6.2386755667445355,6620707
2002-01-25,1,6.15774393081665,6.171233193804151,5.985758431465273,5.985758431465273,8778689
2002-01-28,3,6.1746039390563965,6.201581985796667,6.117275293853924,6.157742600667848,3009988
2002-01-29,1,6.002617359161377,6.201580831054791,5.968895162070429,6.086924035406115,5255408
2002-01-30,1,5.958776950836182,6.053200317205878,5.766558614400291,6.005988870724463,10015628
2002-01-31,1,5.722720146179199,5.989128481502205,5.685624925166488,5.968895068882137,14361621
2002-02-01,1,5.73958158493042,5.827260346310279,5.6485307455771006,5.66539208225838,37969004
2002-02-04,3,5.675508499145508,5.803654556684049,5.66876387013675,5.766559807246328,9408567
2002-02-05,1,5.69911527633667,5.780049415757396,5.59794724700549,5.6485312616710806,8435561
2002-02-06,1,5.820514678955078,5.847492715958363,5.715974608039774,5.783419463844554,7305491
2002-02-07,1,5.601319789886475,5.8711002541980175,5.601319789886475,5.867728175921759,5231855
2002-02-08,1,5.604691505432129,5.6620201462674675,5.4293344516820925,5.631669550117289,11151439
2002-02-11,3,5.800281047821045,5.800281047821045,5.648529523917226,5.682252189986272,4858993
2002-02-12,1,5.8272600173950195,5.850865982097788,5.69911443393876,5.766559776856977,8019568
2002-02-13,1,5.952033996582031,5.985756194634784,5.857610611176223,5.898077438202312,6663395
2002-02-14,1,6.188092231750488,6.238675769471202,6.070063345859492,6.083552604856348,11861689
2002-02-15,1,5.962151050567627,6.120647236933357,5.884588996374547,6.080179934143538,6674141
2002-02-19,4,5.614809513092041,5.817145131783958,5.604692803168511,5.749700241158059,5205506
2002-02-20,1,5.645159721374512,5.648531799977431,5.34502910328111,5.618181672329922,9315682
2002-02-21,1,5.398984432220459,5.56759685967298,5.382123094793805,5.564224781550452,7034050
2002-02-22,1,5.4563140869140625,5.503525560523757,5.3618911396946745,5.395613350326092,6710059
2002-02-25,3,5.61143684387207,5.655276231199747,5.459685737577804,5.459685737577804,5469881
2002-02-26,1,5.476546287536621,5.547363239344569,5.395611681513556,5.537246058536442,4827786
2002-02-27,1,5.5844573974609375,5.66539152147571,5.449567190769651,5.66539152147571,8054749
2002-02-28,1,5.479918003082275,5.631669077469187,5.469801296350278,5.611435664005193,5689654
2002-03-01,1,5.871099472045898,5.901450066117013,5.479918087611143,5.479918087611143,7147101
2002-03-04,3,6.444383144378662,6.447755222033163,6.002617301291846,6.066690563982914,12734744
2002-03-05,1,6.575901031494141,6.6264845614808925,6.3465869774575205,6.356704156861797,10776957
2002-03-06,1,6.616368293762207,6.744514349500069,6.424149446858894,6.508456124766297,6946023
2002-03-07,1,6.629858493804932,6.7681208024527395,6.50845704972786,6.700675923948719,9141542
2002-03-08,1,6.778238296508789,6.838938547939182,6.677070263977375,6.7006762329161145,8544049
2002-03-11,3,6.849055290222168,6.940106134929519,6.69393117299548,6.828821400970633,5927238
2002-03-12,1,6.643345832824707,6.670323873030289,6.552295006306734,6.6602071671290615,6191466
2002-03-13,1,6.383684158325195,6.609625257424582,6.370194897247017,6.5590417118990905,6234007
2002-03-14,1,6.3128662109375,6.420778397212513,6.29600487265615,6.339844257506253,6462170
2002-03-15,1,6.441012859344482,6.48485225131095,6.201582953059999,6.302750052356292,6946023
2002-03-18,3,6.488221645355225,6.639973167247385,6.4072870584996515,6.62648391163583,4737698
2002-03-19,1,6.559041500091553,6.592763704883884,6.474734804593084,6.575902839191246,3008368
2002-03-20,1,6.491596221923828,6.626486462939901,6.461245621815798,6.562413657633149,4364541
2002-03-21,1,6.7276530265808105,6.7276530265808105,6.471361388029674,6.474733465789535,4642164
2002-03-22,1,6.599505424499512,6.744512782120107,6.586016643213204,6.7242789000803755,3318082
2002-03-25,3,6.552296161651611,6.720909061019188,6.538806902466844,6.6669529710941235,3807528
2002-03-26,1,6.663580417633057,6.778237700448824,6.542179452040898,6.575902126585889,3940305
2002-03-27,1,6.690557956695557,6.717535997701363,6.592762025466705,6.626484695075697,5280432
2002-03-28,1,6.997435092926025,7.07836971771532,6.862545314029469,6.879406654743314,9659988
2002-04-01,4,6.946849822998047,6.983944098079998,6.8625431460624045,6.91312715222379,5675817
2002-04-02,1,6.76137638092041,6.946850617997597,6.754631751312311,6.862543931413873,5799172
2002-04-03,1,6.663580417633057,6.788354408130921,6.589390912359682,6.72765368863134,5480627
2002-04-04,1,6.687187194824219,6.737771212771285,6.555669032206082,6.565785741114084,4154925
2002-04-05,1,6.663580417633057,6.737770396313436,6.646719553767566,6.734398318221738,5495053
2002-04-08,3,6.602880954742432,6.623114372506614,6.441012192407786,6.4747348709527985,5320766
2002-04-09,1,6.461245536804199,6.72765441024047,6.441012119269768,6.626486375754203,7244549
2002-04-10,1,6.322982311248779,6.66695272698174,6.19146464275137,6.457872531122395,10786820
2002-04-11,1,6.2015814781188965,6.322982441808396,6.103786007515329,6.319609890362551,8963280
2002-04-12,1,6.407288551330566,6.407288551330566,6.272398330821406,6.373566351258519,4524697
2002-04-15,3,6.47473669052124,6.5084593785432,6.407291314477321,6.457875346510261,2716614
2002-04-16,1,6.811962127685547,6.811962127685547,6.643349173266137,6.744517229962078,7733260
2002-04-17,1,6.946849822998047,7.014294217732658,6.886149110285775,6.963710684978224,8404796
2002-04-18,1,6.76137638092041,6.896266606047362,6.643347019703197,6.892894527946816,6575369
2002-04-19,1,6.6197404861450195,6.889520894013199,6.616367935167336,6.872659559345571,7998518
2002-04-22,3,6.521945476531982,6.569157409629882,6.42752255715018,6.565784858176033,5132200
2002-04-23,1,6.53206205368042,6.6231128865988795,6.491594753823907,6.542178760292809,3862729
2002-04-24,1,6.441012859344482,6.683815791284025,6.420779439485224,6.5421809054549955,5963155
2002-04-25,1,6.238675594329834,6.356704950314333,6.177975350769044,6.339843613745118,9919652
2002-04-26,1,6.053201198577881,6.366820984095354,5.985755859435358,6.3398429431197325,10522297
2002-04-29,3,5.975639820098877,6.140880635394001,5.945289698141971,6.036340537419678,8117457
2002-04-30,1,5.968896865844727,6.12402053164414,5.904823584246736,5.9183128456590754,6899066
2002-05-01,1,6.137508392333984,6.1678585134745205,5.8744721154881105,5.9688955036036235,7828058
2002-05-02,1,5.823888778686523,6.0700637477172315,5.759815977727128,5.952034854012343,6676938
2002-05-03,1,5.547363758087158,5.844122272096446,5.537246576332959,5.823888855402117,14141996
2002-05-06,3,5.446193695068359,5.61817860464303,5.40235433013257,5.412471033824396,7094698
2002-05-07,1,5.624924659729004,5.645158547359743,5.4293341998876805,5.58108527997287,9238695
2002-05-08,1,6.184719562530518,6.188091640253909,5.834004543019786,5.834004543019786,11205021
2002-05-09,1,5.938546657562256,6.238677299677048,5.9351745786894465,6.019480811173706,10359050
2002-05-10,1,6.022852897644043,6.093670335752905,5.8171447405414805,6.070064365247592,6269483
2002-05-13,3,6.070064544677734,6.1307652753377875,6.016108444848151,6.0532032043051025,7211134
2002-05-14,1,6.356705665588379,6.400545050919868,6.228559587924399,6.289260311722385,10263663
2002-05-15,1,6.188092231750488,6.434266711076623,6.188092231750488,6.302748566188772,6616732
2002-05-16,1,6.188092231750488,6.238675769471202,6.103786019944634,6.1746034461606305,4635982
2002-05-17,1,6.356705665588379,6.390427869114339,6.228559587924399,6.339844327121881,4659828
2002-05-20,3,6.13413667678833,6.238676312786645,6.107158629852146,6.238676312786645,3544037
2002-05-21,1,5.968896865844727,6.150998581061737,5.9318016336643336,6.144253950355567,5694659
2002-05-22,1,5.935174465179443,6.107159479138677,5.8576123919241745,6.022853248266772,6722718
2002-05-23,1,5.887959957122803,5.9722666246849565,5.796909134881195,5.96889454734523,5849663
2002-05-24,1,5.86435604095459,5.881217378986941,5.796910688825186,5.86772811919825,4835735
2002-05-28,4,5.8272600173950195,6.002617530256815,5.783420639179571,6.002617530256815,3700660
2002-05-29,1,5.682252883911133,5.780048343410155,5.6519022913797805,5.766559559379399,4709288
2002-05-30,1,5.631669044494629,5.766559729216667,5.618180260066599,5.648530380084884,7607697
2002-05-31,1,5.591202259063721,5.6923697999448555,5.523756916204991,5.682253093197438,7071587
2002-06-03,3,5.226999282836914,5.567597182422724,5.216882574475865,5.547363765700626,10646830
2002-06-04,1,5.1629252433776855,5.176414026823439,4.923494958201524,5.159553165867978,16332951
2002-06-05,1,5.176416397094727,5.240489686373593,5.04152613383658,5.21688371277574,9978091
2002-06-06,1,4.85942268371582,5.01791888013852,4.798722435789994,4.990940834369147,17669252
2002-06-07,1,4.839189052581787,4.8729117266458895,4.501963732161754,4.528941776731637,14755681
2002-06-10,3,4.839189052581787,4.994313163913859,4.775116255904191,4.839189052581787,6056776
2002-06-11,1,4.7717437744140625,4.950473854892841,4.7211607093902845,4.90663447264816,5702902
2002-06-12,1,4.923496246337891,4.923496246337891,4.6537157727708145,4.7211611278661065,9008471
2002-06-13,1,5.024662017822266,5.135946719453506,4.906633161806672,4.923494494581311,9914059
2002-06-14,1,4.95721960067749,5.024664491573753,4.7717448488432135,4.940358259601647,6816486
2002-06-17,3,5.007801532745361,5.098852839822535,4.957217999265774,4.957217999265774,5339019
2002-06-18,1,4.950473785400391,5.125831311917526,4.91675111131525,5.007801952619532,5375083
2002-06-19,1,4.670239448547363,4.941031084939747,4.651691836245714,4.915064711761629,5439116
2002-06-20,1,4.6591105461120605,4.866841529262664,4.644273024521572,4.803780405578657,6759652
2002-06-21,1,4.584921836853027,4.807490380056238,4.570083839291401,4.785233620417329,7610346
2002-06-24,3,4.711043834686279,4.711043834686279,4.503312375069432,4.673948609942815,8231940
2002-06-25,1,4.818619251251221,4.9373232438489945,4.71475420454239,4.896518864745287,6375589
2002-06-26,1,4.785232067108154,4.8223268122675575,4.599758341311136,4.618305477187383,5648143
2002-06-27,1,4.785232067108154,4.970706266312081,4.729590186072503,4.933611521152677,8585894
2002-06-28,1,4.822327613830566,4.896517589888075,4.7370102065301545,4.822327613830566,4720101
2002-07-01,3,4.469926834106445,4.785232428475849,4.440250846375109,4.729590543238275,6513156
2002-07-02,1,4.121235370635986,4.395737087544642,4.013660738120395,4.395737087544642,15476021
2002-07-03,1,4.507022857666016,4.573793612255824,4.158331086651788,4.173169084716977,9907100
2002-07-05,2,5.0634446144104,5.152472119425912,4.80378086086223,4.80378086086223,8912014
2002-07-08,3,5.007801532745361,5.08941026463504,4.915064423490174,5.0634438929798655,4624018
2002-07-09,1,4.788942813873291,5.007802193351096,4.78523319645978,4.970707439437047,4465040
2002-07-10,1,4.7147536277771,4.8371662767061245,4.644273732553007,4.814909517520311,5697656
2002-07-11,1,5.015219688415527,5.0486048133348795,4.599757831249243,4.636852572295253,7671101
2002-07-12,1,4.989253520965576,5.230370057473813,4.929901554203664,5.0152198880721945,7307512
2002-07-15,3,5.078282356262207,5.078282356262207,4.877970124962807,4.9150648774092875,3668141
2002-07-16,1,5.022641658782959,5.174730809747646,4.933614128666183,4.937323747164803,7544239
2002-07-17,1,4.933613300323486,5.234081459899146,4.915065684351647,5.1932770834867625,7544641
2002-07-18,1,4.562664031982422,4.881679249551505,4.473636067007513,4.859422021604301,8625104
2002-07-19,1,4.173168182373047,4.707334103591401,4.154620570450252,4.321547657534476,9025092
2002-07-22,3,4.154623031616211,4.273326587383011,4.047047860232665,4.173170654526471,6952353
2002-07-23,1,3.972856283187866,4.284452743028415,3.9135040693298304,4.1546204113545615,10309095
2002-07-24,1,4.132363796234131,4.2102629138260355,3.709483075052493,3.709483075052493,13005971
2002-07-25,1,3.368210792541504,3.542556424297734,3.097418892902589,3.345954034323505,39002925
2002-07-26,1,3.2828924655914307,3.357081965353846,3.1530601308967494,3.2828924655914307,15465450
2002-07-29,3,3.394176721572876,3.434981088540488,3.2940208493659004,3.4127243332515977,12247211
2002-07-30,1,3.375629425048828,3.5165894209116093,3.364501047926091,3.397886179294303,8550700
2002-07-31,1,3.3830478191375732,3.4090141874156026,3.2569255941891138,3.2828919624671435,10530701
2002-08-01,1,3.286602020263672,3.357082385238118,3.2643452622325957,3.2828928761965113,5663265
2002-08-02,1,3.0974185466766357,3.264344924763336,3.0454858010349333,3.253216546898254,6787487
2002-08-05,3,2.633732795715332,2.8933967658363047,2.6151856567037917,2.863720775329453,10474229
2002-08-06,1,3.045485734939575,3.056614112563141,2.8971062620091024,2.9119442566428466,10538061
2002-08-07,1,3.1345129013061523,3.20870239890636,2.9675860582987297,3.1270936675019585,8838814
2002-08-08,1,3.2643463611602783,3.282893981368168,3.0417775224051353,3.1159668197187247,7239932
2002-08-09,1,3.3830478191375732,3.4312714126588397,3.1345125122754474,3.2606347372239064,5143106
2002-08-12,3,3.2754735946655273,3.394177091488156,3.238378840672272,3.3385351972017845,3798884
2002-08-13,1,3.2977306842803955,3.3941769458429136,3.22354070607038,3.2383787017123833,6622754
2002-08-14,1,3.449819803237915,3.4535294210293137,3.2049940237399257,3.275473921334083,11278622
2002-08-15,1,3.56481409072876,3.590780469619263,3.397887200215849,3.4869144806501597,6753497
2002-08-16,1,3.690936326980591,3.7094839431603326,3.472076444369393,3.4869144426317695,7072657
2002-08-19,3,3.7131927013397217,3.779963449869859,3.601908436060849,3.672388328715358,5434165
2002-08-20,1,3.4609484672546387,3.653841743836144,3.434982087397855,3.653841743836144,7993607
2002-08-21,1,3.505460262298584,3.5536833768821356,3.431271019118565,3.486912655624303,4830502
2002-08-22,1,3.4053056240081787,3.5351372507939125,3.3941767727888363,3.5351372507939125,5818763
2002-08-23,1,3.245798110961914,3.405306477612871,3.1530609747365785,3.405306477612871,9340773
2002-08-26,3,3.2828924655914307,3.319987215472638,3.227250104066134,3.319987215472638,3674030
2002-08-27,1,3.145641803741455,3.245797689562535,3.097418906295124,3.245797689562535,4888982
2002-08-28,1,3.060323476791382,3.07887108977244,3.0195191069586564,3.060323476791382,8586162
2002-08-29,1,3.0974185466766357,3.1530601992985563,3.0269381889884768,3.030647806079164,5822243
2002-08-30,1,3.0306482315063477,3.1308038830549236,3.0306482315063477,3.060323752176607,2561450
2002-09-03,4,2.860011100769043,2.8933967077710085,2.8229163500833985,2.856301957085364,5587790
2002-09-04,1,2.9564576148986816,2.986133602638049,2.8377541373481576,2.9119441066965757,5431622
2002-09-05,1,2.785821437835694,2.8711397855309704,2.785821437835694,2.8563017914358375,3825514
2002-09-06,1,2.863719940185547,2.9267810465669144,2.8377535744163453,2.9230719038904933,3885867
2002-09-09,3,2.9267807006835938,2.9490379211460436,2.860009986109835,2.889685964455238,3339346
2002-09-10,1,3.145641803741455,3.149351421262838,2.9861341679098934,3.0232289229026255,6098581
2002-09-11,1,3.023228883743286,3.193864896521746,3.023228883743286,3.1456417629965236,3504613
2002-09-12,1,2.863719940185547,2.941619037493151,2.8563011814258537,2.9342002787334582,3928288
2002-09-13,1,2.8006598949432373,2.8711402601953795,2.7895315158838527,2.8006598949432373,3841037
2002-09-16,3,2.7153420448303223,2.8117885587537046,2.6856665221357203,2.782112562652024,4226439
2002-09-17,1,2.678246259689331,2.8711394502931857,2.6411515154862024,2.856301457930555,9532002
2002-09-18,1,2.633732795715332,2.670828020552391,2.563252910020296,2.596638044285262,5690162
2002-09-19,1,2.5780909061431885,2.633732796603564,2.559543293718404,2.581800049902554,4732011
2002-09-20,1,2.466806650161743,2.5818005436473253,2.455678269941471,2.5780913991786214,6390175
2002-09-23,3,2.392616033554077,2.4297112557902505,2.355521521428338,2.4297112557902505,8730822
2002-09-24,1,2.455678224563598,2.522448978058469,2.3740697099503953,2.3926166154688917,6802475
2002-09-25,1,2.552124261856079,2.5817997758155613,2.3740690477679616,2.4668059165293537,11116699
2002-09-26,1,2.444549560546875,2.648570941728921,2.4371303257943553,2.615185805563629,13811701
2002-09-27,1,2.3592312335968018,2.4445493487118464,2.3481028558393793,2.4111637420326035,9500555
2002-09-30,3,2.3555214405059814,2.3555214405059814,2.2590751915447536,2.3035886992478005,10646188
2002-10-01,1,2.418583393096924,2.440840152448751,2.2998796508385557,2.3555220226251805,7623862
2002-10-02,1,2.3110079765319824,2.370359479061411,2.2739127548682725,2.3184267368205553,13761251
2002-10-03,1,2.184885263442993,2.2331083888156136,2.132952521224187,2.2331083888156136,7113606
2002-10-04,1,2.144081115722656,2.2145614759107386,2.125533976425316,2.196013863206402,4819663
2002-10-07,3,2.0031216144561768,2.0661825195201926,1.9845738786870564,2.047634902102851,10397818
2002-10-08,1,2.040215253829956,2.077309999160279,1.9734446412243385,2.069891239456979,13550618
2002-10-09,1,1.984573483467102,2.095858100643247,1.9771547220218524,2.003121215542515,17430463
2002-10-10,1,2.114405632019043,2.1700480100740465,1.9697358514720769,1.9845738505138848,9267975
2002-10-11,1,2.2293992042541504,2.2739127119595146,2.114404871399101,2.1515000923628236,12341956
2002-10-14,3,2.2479465007781982,2.296170102088811,2.162628622686607,2.1737570004022952,4234869
2002-10-15,1,2.685666561126709,2.86001173888579,2.570672192914959,2.578091428751632,16384392
2002-10-16,1,2.5558345317840576,2.5966389140469333,2.5076113861129987,2.522449386336512,11511468
2002-10-17,1,2.7264699935913086,2.7858217396995544,2.6819564798895015,2.782112122422069,10244326
2002-10-18,1,2.7264699935913086,2.7635649828486506,2.6782468626120166,2.7450173698682288,6386428
2002-10-21,3,2.774693489074707,2.7895314854610724,2.615185856383573,2.6708282244806867,8315310
2002-10-22,1,2.5780909061431885,2.633732796603564,2.503900929851039,2.5113201641837484,9655652
2002-10-23,1,2.878558874130249,2.882268491428795,2.630023746564295,2.6337328904558346,10162027
2002-10-24,1,2.8451740741729736,2.9230732061864217,2.785822084025359,2.9045255909135266,9289788
2002-10-25,1,2.975005865097046,3.000972241599008,2.845173982587235,2.856302362029927,6843290
2002-10-28,3,2.9898428916931152,3.060322763089015,2.971295283037572,3.0417756278403645,7482281
2002-10-29,1,2.8451740741729736,2.9824247229269747,2.804369699298254,2.967586725390071,4765064
2002-10-30,1,2.9490392208099365,2.9675863603945816,2.811788115529944,2.8637208638181564,5882596
2002-10-31,1,2.900815963745117,3.0083910904825766,2.8748495864917345,2.975005951188396,4065052
2002-11-01,1,3.000972032546997,3.004681649905159,2.7969501789532876,2.837754549672029,6671197
2002-11-04,3,3.2828924655914307,3.3756295769979348,3.0417761179566103,3.097418479481907,15701107
2002-11-05,1,3.1308038234710693,3.1790269578736483,3.0751616906903583,3.153060581901946,10464996
2002-11-06,1,3.45352840423584,3.4869132976044503,3.282892190362399,3.282892190362399,16713321
2002-11-07,1,3.2828924655914307,3.3645011993742693,3.279182848581219,3.342243970719969,9337294
2002-11-08,1,3.2198305130004883,3.308858470931489,3.1901550004304045,3.2457968823786345,5547376
2002-11-11,3,2.9045250415802,3.049194898444749,2.893396663884,3.049194898444749,6435540
2002-11-12,1,3.0417768955230713,3.086290417396681,2.9564585229201685,2.9675869033885713,4933276
2002-11-13,1,2.9119443893432617,3.0046815049750655,2.8637207862342495,3.0046815049750655,7271246
2002-11-14,1,3.1159656047821045,3.1233848393353245,2.930491605353153,3.041776336395426,9378377
2002-11-15,1,3.167898654937744,3.186446269681439,2.982424637832511,3.115965901743856,8803887
2002-11-18,3,3.1085472106933594,3.2346692326133715,3.1085472106933594,3.208702857402233,10527222
2002-11-19,1,2.9675869941711426,3.0751621310017216,2.9527489952903276,3.049195751312072,10154935
2002-11-20,1,3.086289644241333,3.093708878299714,2.9527481652601852,2.9527481652601852,10553718
2002-11-21,1,3.2643463611602783,3.383049899632084,3.2235419754286716,3.256927597121435,24130298
2002-11-22,1,3.3311150074005127,3.420142486143482,3.301439023350561,3.3756289834754405,16084635
2002-11-25,3,3.286602020263672,3.420143515264186,3.2643452622325957,3.3348256272070413,16521022
2002-11-26,1,3.1530606746673584,3.301440173188394,3.1345135332316354,3.2272506606314013,11955751
2002-11-27,1,3.3719193935394287,3.3867573856806734,3.2161211861666947,3.2161211861666947,12530642
2002-11-29,2,3.431272029876709,3.5202992899397607,3.379338810571996,3.46836678074552,7278071
2002-12-02,3,3.501751661300659,3.5981983918306693,3.4498191523511386,3.561103641136659,11634851
2002-12-03,1,3.3904671669006348,3.4794944139659685,3.3607911811754008,3.4683662743741905,9781309
2002-12-04,1,3.3311150074005127,3.3385342401164437,3.1827355605576395,3.245796671608623,13286458
2002-12-05,1,3.2161216735839844,3.431271882128651,3.2012836791939767,3.431271882128651,7593351
2002-12-06,1,3.2643463611602783,3.2977319828530423,3.134514439926614,3.1716092069352055,3953713
2002-12-09,3,3.1345129013061523,3.2643447588099934,3.1233845240068168,3.2643447588099934,5634359
2002-12-10,1,3.171607732772827,3.223540477127968,3.108546847531778,3.1345129830058647,6232803
2002-12-11,1,3.1159656047821045,3.167898353026631,3.0603234759644695,3.1530603573271945,5480065
2002-12-12,1,2.9972610473632812,3.097417356477379,2.967585068854897,3.097417356477379,7773339
2002-12-13,1,2.856301784515381,2.971295646715357,2.834044556723132,2.9675860298488232,9922757
2002-12-16,3,2.9453277587890625,2.9453277587890625,2.8785570566092895,2.93048977237059,6664372
2002-12-17,1,2.8859782218933105,2.986134595461716,2.8785594591953667,2.94533021710527,4704176
2002-12-18,1,2.7264699935913086,2.8859776189356237,2.704213236740405,2.8859776189356237,12773258
2002-12-19,1,2.7227606773376465,2.7672739515177316,2.67082793236883,2.6745370760044795,5796817
2002-12-20,1,2.7598562240600586,2.8303366072210903,2.7264708416952477,2.7264708416952477,4821135
2002-12-23,3,2.7635648250579834,2.7746932028480407,2.7190510771942664,2.7301794549843237,3328372
2002-12-24,1,2.7375991344451904,2.7598556569423196,2.726470281437809,2.7450176596728646,754477
2002-12-26,2,2.7524359226226807,2.8006595233578517,2.7301794041603733,2.763564773612544,1617617
2002-12-27,1,2.6893749237060547,2.756145423083716,2.6856657802732316,2.733888905562461,3161097
2002-12-30,3,2.592928647994995,2.6522806340645104,2.5818002689587183,2.6337330200660296,4800661
2002-12-31,1,2.6151864528656006,2.667119215359396,2.592929216506022,2.622605216047371,3080270
2003-01-02,2,2.7005035877227783,2.715341583251318,2.611476087958538,2.6522804573102725,6774506
2003-01-03,1,2.7635648250579834,2.7858215806380975,2.7042130823385313,2.7042130823385313,5766574
2003-01-06,3,2.837754249572754,2.8748489990104757,2.7598551337314494,2.7746931281879306,7918400
2003-01-07,1,2.8488831520080566,2.8971067612292045,2.8192071576268964,2.8674307668480443,7438789
2003-01-08,1,2.7264699935913086,2.8229164922533947,2.719051232443342,2.81920687497591,5619907
2003-01-09,1,2.8748490810394287,2.8748490810394287,2.7709835902873965,2.7746932073591055,5988180
2003-01-10,1,2.9675869941711426,3.012100990813587,2.804369953296389,2.8785594742933585,12429073
2003-01-13,3,3.078871965408325,3.1419328733238348,3.045486820636038,3.1270948734004387,8989496
2003-01-14,1,3.0677425861358643,3.10112748334725,3.0232286008423768,3.0974185763315227,6153849
2003-01-15,1,3.1753175258636475,3.1901555212746895,3.012100286452677,3.078871029098869,8745140
2003-01-16,1,3.00468111038208,3.179026230508443,2.989843117020768,3.1085465905043357,7566587
2003-01-17,1,2.815497875213623,2.930491756038466,2.8043694962185772,2.930491756038466,8409386
2003-01-21,4,2.8006598949432373,2.9156537764329173,2.793240659965627,2.8488830286695803,4390904
2003-01-22,1,2.819206953048706,2.8674305587704665,2.7375989212365743,2.7635650593805465,4535697
2003-01-23,1,3.0417768955230713,3.0454865134815687,2.9490397604102636,2.9861345197739686,8294301
2003-01-24,1,2.8711395263671875,3.0417757329482904,2.848882300530063,3.0417757329482904,3681256
2003-01-27,3,2.778403043746948,2.874849307968649,2.7709838090178853,2.804369418484639,7480809
2003-01-28,1,2.6522812843322754,2.967587249058239,2.6114769022571083,2.6708289028781316,15055425
2003-01-29,1,2.6708273887634277,2.6819557642193126,2.559542687390823,2.6151850380771253,10043061
2003-01-30,1,2.5409960746765137,2.700503956640022,2.5261580771209475,2.700503956640022,5942681
2003-01-31,1,2.48535418510437,2.5298677045341975,2.448258954370095,2.48535418510437,7499677
2003-02-03,3,2.552124261856079,2.589219009360636,2.4890626703507,2.4890626703507,4204492
2003-02-04,1,2.5224483013153076,2.55583343240237,2.4964819304452774,2.55583343240237,3803969
2003-02-05,1,2.641152858734131,2.663409621894061,2.5484157143582387,2.5780917141762374,8189787
2003-02-06,1,2.5187387466430664,2.5632527292642973,2.48535361473236,2.5039007524359893,6627304
2003-02-07,1,2.477933645248413,2.540994746850981,2.45567689724911,2.5187379988516785,4853252
2003-02-10,3,2.4000356197357178,2.466806366794328,2.370359863656065,2.4482587529530933,5088775
2003-02-11,1,2.4000356197357178,2.4334207565615102,2.3889072407937872,2.4000356197357178,8853267
2003-02-12,1,2.4148731231689453,2.455677486564473,2.3889067531360575,2.4037447464986976,4328008
2003-02-13,1,2.3740689754486084,2.4111634851197157,2.359230982217396,2.392615875228969,5423861
2003-02-14,1,2.5409960746765137,2.570672069787646,2.4000358080092283,2.4000358080092283,8277305
2003-02-18,4,2.6226043701171875,2.655989977184346,2.5595432464877543,2.5595432464877543,8318923
2003-02-19,1,2.5892186164855957,2.6263133583615823,2.56696139263451,2.6114753669298145,3594674
2003-02-20,1,2.7487285137176514,2.763566279679857,2.700504886701935,2.707924124738457,10634679
2003-02-21,1,2.7709832191467285,2.7969495883568465,2.678246355327349,2.745016849936611,5122498
2003-02-24,3,2.696794033050537,2.8303352623524467,2.696794033050537,2.782111665879608,5506963
2003-02-25,1,2.6708273887634277,2.6856653805069,2.581799438302593,2.5966374300460657,5296196
2003-02-26,1,2.6188957691192627,2.700504048335282,2.6003481531932575,2.659699672023733,2519564
2003-02-27,1,2.592928647994995,2.659699395619685,2.5706718899224414,2.6226046410297528,5437109
2003-02-28,1,2.6300241947174072,2.6559905734178573,2.592928962224976,2.607766960540531,2967995
2003-03-03,3,2.696794033050537,2.7413073027442483,2.674536806445025,2.7005031763123513,6173253
2003-03-04,1,2.5892186164855957,2.6522797250154597,2.578090241263486,2.633732117374033,4899420
2003-03-05,1,2.5113210678100586,2.5818009788890235,2.4927734487114495,2.578091833795029,6532827
2003-03-06,1,2.5372860431671143,2.5372860431671143,2.4482580889628234,2.5113196748759203,6312693
2003-03-07,1,2.5817999839782715,2.6040572130010893,2.4816441103000098,2.507610482987483,5760819
2003-03-10,3,2.544705390930176,2.5892193783230266,2.54099577362902,2.5595433867277926,3669881
2003-03-11,1,2.6003477573394775,2.626314131638748,2.5595433872396227,2.5595433872396227,3405185
2003-03-12,1,2.6596992015838623,2.6782468142292197,2.6226044497001424,2.6226044497001424,5703946
2003-03-13,1,2.863719940185547,2.863719940185547,2.7153407410334567,2.7264691158764216,10761942
2003-03-14,1,2.856301784515381,2.934200898270876,2.8525921676488477,2.8637205448414966,6179944
2003-03-17,3,2.919363498687744,2.9342014957684186,2.7375990996153363,2.7450176247486264,8454751
2003-03-18,1,3.045485734939575,3.056614112563141,2.9490390065237224,3.004681368048521,11964717
2003-03-19,1,3.038067102432251,3.0566147177484533,2.975005967808464,3.0529051000038003,6167231
2003-03-20,1,3.08258056640625,3.1159654634570515,3.0232285863004207,3.038066581326878,8216953
2003-03-21,1,3.1493513584136963,3.1567701199013785,3.0862899921402978,3.1270941271366,8681843
2003-03-24,3,2.9490392208099365,3.0417763389541737,2.9490392208099365,2.9675863603945816,5893569
2003-03-25,1,3.000972032546997,3.034357168549415,2.930491669776986,2.930491669776986,7968181
2003-03-26,1,2.8117878437042236,2.8896869586057528,2.8006594663478563,2.8006594663478563,16098285
2003-03-27,1,2.837754249572754,2.8563018609950968,2.752435899799727,2.785821505678551,6359396
2003-03-28,1,2.7450172901153564,2.8563020179506493,2.7190511534448816,2.808078414965427,8037098
2003-03-31,3,2.5372860431671143,2.5966375392297447,2.518738434356163,2.5966375392297447,13036616
2003-04-01,1,2.5595431327819824,2.5966378818921556,2.5484147553896266,2.5780907440405487,6138460
2003-04-02,1,2.767274856567383,2.778403711334991,2.5224492831190033,2.7264707126777683,10754315
2003-04-03,1,2.782111883163452,2.911944216046958,2.7153413816494307,2.782111883163452,6561197
2003-04-04,1,2.778403043746948,2.822916558493267,2.763565047695837,2.822916558493267,4622412
2003-04-07,3,2.8748490810394287,2.952748199103453,2.8563019424948384,2.893396692990996,11147478
2003-04-08,1,2.826625108718872,2.882267454552069,2.804368359748328,2.8340438672401085,6419883
2003-04-09,1,2.7969491481781006,2.841463119850024,2.756144792497214,2.7635640244792876,4277424
2003-04-10,1,2.767274856567383,2.8117888554164305,2.7264707126777683,2.767274856567383,5368860
2003-04-11,1,2.7375991344451904,2.834045169882542,2.7375991344451904,2.800660031081558,2922898
2003-04-14,3,2.8043694496154785,2.8043694496154785,2.715341709024037,2.7561458435622916,3989176
2003-04-15,1,2.7413077354431152,2.826626091849562,2.7301795937907745,2.8006597178835997,7717938
2003-04-16,1,2.860011100769043,2.8859774735896924,2.811787972218403,2.856301957085364,11480422
2003-04-17,1,2.900815963745117,2.9453299562110846,2.8303360674328273,2.848883209238352,8085809
2003-04-21,4,2.9527482986450195,2.9712959112218544,2.9119444031085697,2.967586294025089,5418775
2003-04-22,1,3.0343570709228516,3.045485922639281,2.8748492105380077,2.9527483321110246,14139694
2003-04-23,1,3.060323476791382,3.060323476791382,2.975005593255322,3.0380667199397147,6224506
2003-04-24,1,2.8711395263671875,2.9379102570647415,2.860010676745171,2.930491023983397,8249739
2003-04-25,1,2.8117878437042236,2.8303354549028077,2.7116322107934385,2.7821118551492723,8574252
2003-04-28,3,2.852592706680298,2.885977844566766,2.7524363462068138,2.7821123399328123,9172294
2003-04-29,1,3.1901559829711914,3.193865127305514,2.9861343450044973,2.9861343450044973,26193134
2003-04-30,1,3.1048364639282227,3.119674218149377,2.674536384039385,2.674536384039385,23862792
2003-05-01,1,3.156770706176758,3.1790274681803545,3.0751621843243084,3.1085478007368166,10441042
2003-05-02,1,3.286602020263672,3.3199876307173146,3.1456417637218084,3.167898521752885,11817515
2003-05-05,3,3.268054723739624,3.323697089568824,3.193864744831689,3.2866018634113536,6334907
2003-05-06,1,3.227250814437866,3.2680551903110096,3.167898822837995,3.2680551903110096,11487247
2003-05-07,1,3.167898654937744,3.204993884425134,3.1308038988574025,3.1716082725678927,7076137
2003-05-08,1,3.0529043674468994,3.1678979925708552,3.0380663734357873,3.0974183494802348,7952524
2003-05-09,1,3.2383787631988525,3.2643451377136263,3.119675269216029,3.171608018245576,11476809
2003-05-12,3,3.3014400005340576,3.305149617990022,3.171608123645571,3.1827365026064376,8373254
2003-05-13,1,3.3274073600769043,3.33482659718326,3.2272514463984265,3.3014409770189905,9598377
2003-05-14,1,3.349663496017456,3.3645014919416023,3.2346691459570756,3.323697121501953,13936555
2003-05-15,1,3.412724256515503,3.412724256515503,3.3199871470210547,3.3274059074815487,10181832
2003-05-16,1,3.3199870586395264,3.412724165665215,3.28289231051064,3.412724165665215,6259701
2003-05-19,3,3.1530606746673584,3.249507419717089,3.1382231508816005,3.208703045788628,7477195
2003-05-20,1,3.1419320106506348,3.1975743767339853,3.1048374944342414,3.1827363808846245,7852561
2003-05-21,1,3.123385190963745,3.141932332620812,3.078871435557611,3.078871435557611,7242475
2003-05-22,1,3.2383787631988525,3.249507141789897,3.1345132651397583,3.153060404989162,7810140
2003-05-23,1,3.204993724822998,3.2680548543599683,3.1790268761121014,3.264345236914551,5463337
2003-05-27,4,3.3830478191375732,3.4015954279391214,3.2087020006678473,3.2235399930277064,9041953
2003-05-28,1,3.512880325317383,3.5425563176527044,3.357082312370979,3.357082312370979,12564498
2003-05-29,1,3.5981979370117188,3.646421059477741,3.520298828378796,3.531427204839654,10365434
2003-05-30,1,3.761415481567383,3.7762534750218193,3.6427120073388246,3.690935131010544,19148713
2003-06-02,3,3.7762539386749263,3.9320519422617153,3.7762539386749263,3.876409578327474,14051774
2003-06-03,1,3.538846254348755,3.664968969178344,3.47578513363744,3.47578513363744,17480110
2003-06-04,1,3.7502870559692383,3.779962569084564,3.54997485705443,3.561103233648543,13585278
2003-06-05,1,3.920924425125122,3.932052805674177,3.709484011175345,3.750288388793275,12547503
2003-06-06,1,3.9468894004821777,4.162039355898426,3.935761023890973,4.043335883247366,17860159
2003-06-09,3,3.8022208213806152,3.913504854045592,3.768835209185127,3.913504854045592,11761444
2003-06-10,1,3.854153633117676,3.883829629914704,3.74657873648731,3.8652820135647894,6271878
2003-06-11,1,3.779963731765747,3.7948017295909007,3.657551078170602,3.709483833855105,12232357
2003-06-12,1,3.846732854843139,3.913503584160764,3.831895572504361,3.894956448654529,8607440
2003-06-13,1,3.7094826698303223,3.8504426581223106,3.702063436542343,3.8504426581223106,6208447
2003-06-16,3,3.768834352493286,3.79109158003335,3.672387628904864,3.6983544732694296,6366623
2003-06-17,1,3.932052373886109,3.943180753213129,3.746578359387168,3.7688351180412103,8663510
2003-06-18,1,3.9543087482452393,3.987694593092299,3.8022203599149376,3.839315111869011,9066844
2003-06-19,1,3.95059871673584,4.032206726631198,3.894956364604059,3.954307859712906,6816793
2003-06-20,1,3.8986666202545166,3.983985217697404,3.8838290972978657,3.969146984630217,5172413
2003-06-23,3,3.757707118988037,3.876410396130388,3.731740740128219,3.861572397723765,7463278
2003-06-24,1,3.698355913162231,3.7762550563638153,3.690936676624673,3.7317410573598546,6363679
2003-06-25,1,3.7169015407562256,3.802219885675388,3.7094827806535298,3.7206111575110423,6365285
2003-06-26,1,3.7169015407562256,3.761415521593215,3.690935170286383,3.7057731638987126,7810943
2003-06-27,1,3.694644927978515,3.735449293617227,3.67238770000752,3.7169016825425567,5124907
2003-06-30,3,3.73915958404541,3.7799639622003367,3.7280312033499032,3.765126436877727,5367121
2003-07-01,1,3.85786247253418,3.85786247253418,3.7391587460045854,3.7391587460045854,6211124
2003-07-02,1,4.058175086975098,4.061884231340578,3.920924200165081,3.958018957669345,11385009
2003-07-03,1,4.017371654510498,4.0581755611479275,3.991405273882795,4.035918325319095,5881124
2003-07-07,4,4.4268975257873535,4.434909940164028,4.358791766882096,4.374816595635444,18337932
2003-07-08,1,4.194534778594971,4.314721917086701,4.178509953037929,4.286678235658399,25415897
2003-07-09,1,4.254628658294678,4.282672340209094,4.17851002546884,4.23860383245986,39266149
2003-07-10,1,4.006242752075195,4.0943797953211805,4.006242752075195,4.086367379881283,24926215
2003-07-11,1,4.05031156539917,4.102392506212897,4.042299149382224,4.070342842145111,7818808
2003-07-14,3,4.158478736877441,4.278665876886202,4.158478736877441,4.198540801275718,13606030
2003-07-15,1,4.142454624176025,4.174504281211488,4.066335978606234,4.166491866952621,11370492
2003-07-16,1,4.174503803253174,4.2065534566191225,4.098385166398558,4.2065534566191225,9288846
2003-07-17,1,3.974191188812256,4.038291436111716,3.934129126008776,4.006241312461985,8975608
2003-07-18,1,3.950154066085815,4.006241429049863,3.898072909518703,4.002234985949448,8649112
2003-07-21,3,3.841984748840332,3.9381346351407753,3.801922690720889,3.926116254408388,12761972
2003-07-22,1,3.958165884017944,3.958165884017944,3.870028646420838,3.94614702992994,8593230
2003-07-23,1,4.034284591674805,4.058321826964939,3.950153558048987,3.9862096476876374,7295051
2003-07-24,1,3.950154066085815,4.206553169117484,3.9261168277042064,4.206553169117484,17728307
2003-07-25,1,3.946148872375488,3.9501553167443832,3.84599297063132,3.926118070752342,7486612
2003-07-28,3,3.9781975746154785,4.046303790512889,3.7097796273590102,3.946147451426421,9321682
2003-07-29,1,3.874036312103271,3.946148275882631,3.605617598656526,3.605617598656526,8486050
2003-07-30,1,3.797916173934937,3.845991355844729,3.777885380721965,3.845991355844729,9137679
2003-07-31,1,4.006242752075195,4.046305302681797,3.793911849289455,3.946148926165292,15780482
2003-08-01,1,4.046305179595947,4.050311150490479,4.002236185906387,4.046305179595947,7183411
2003-08-04,3,4.058321952819824,4.082359662262304,3.994222183318067,4.062328395529208,7798487
2003-08-05,1,3.9701852798461914,4.030279085079251,3.9501540114351714,3.9621723937562208,9790300
2003-08-06,1,4.006242752075195,4.006242752075195,3.926118124269107,3.9701866458921,8345663
2003-08-07,1,4.006242752075195,4.010249196498702,3.966180201468593,4.002236307651688,8988619
2003-08-08,1,3.781891107559204,4.002234316142188,3.733816402138209,3.998227873712284,12824917
2003-08-11,3,3.813941717147827,3.841984922394791,3.789903771079957,3.805928831755081,6352611
2003-08-12,1,3.878042697906494,3.886055112884386,3.797917601313398,3.8459928012913824,6619632
2003-08-13,1,4.010248184204102,4.050310251290843,3.9301231032166246,3.946147930051321,8333892
2003-08-14,1,4.070343017578125,4.126430878928455,3.998230323503227,4.026274490881978,8762983
2003-08-15,1,4.10639762878418,4.186522709969997,4.046304291301815,4.186522709969997,5087764
2003-08-18,3,4.290684700012207,4.294690669717839,4.086366042816177,4.086366042816177,10127948
2003-08-19,1,4.362796783447266,4.370809669478986,4.274659771167835,4.2906845964173765,11548794
2003-08-20,1,4.386835098266602,4.386835098266602,4.266647472138848,4.326741285202725,7049219
2003-08-21,1,4.571122169494629,4.607178746178455,4.418885341593587,4.426897756387633,11941209
2003-08-22,1,4.591154098510742,4.795472340779632,4.587148127658525,4.711341271997908,17250520
2003-08-25,3,4.587147235870361,4.663265401335312,4.511028123591402,4.591153205943778,6080634
2003-08-26,1,4.591154098510742,4.603172957881588,4.478979340135108,4.595160542770056,10082474
2003-08-27,1,4.727365970611572,4.767428041042017,4.57512820934774,4.591153510926954,10115309
2003-08-28,1,4.687302589416504,4.787458941233458,4.655252935560678,4.775440084334024,6703269
2003-08-29,1,4.7193522453308105,4.751402369392608,4.70733386303872,4.727365131401474,4077051
2003-09-02,4,4.851558685302734,4.851558685302734,4.719352680639557,4.719352680639557,6775384
2003-09-03,1,4.711338996887207,4.847551408227411,4.707333027969477,4.847551408227411,5746456
2003-09-04,1,4.76742696762085,4.811495471875509,4.7033271959576375,4.715346051084155,7172879
2003-09-05,1,4.923672199249268,5.027834548222603,4.795472603623835,4.807490990246322,8757903
2003-09-08,3,5.1760640144348145,5.180069984052831,5.007801455304351,5.067895260237155,6580725
2003-09-09,1,4.999790191650391,5.144015072588903,4.951715704744612,5.140008628643225,9345100
2003-09-10,1,4.715345859527588,4.915657578661783,4.430902631332462,4.430902631332462,11042880
2003-09-11,1,4.879601955413818,4.927676431756556,4.695314569138837,4.707333898334955,8915265
2003-09-12,1,4.827521800994873,4.863577900669003,4.739384300252643,4.819509387001403,6267363
2003-09-15,3,4.527052879333496,4.699321406935198,4.511027580747257,4.687302077940308,21677114
2003-09-16,1,4.687302589416504,4.735378017014241,4.519040486452419,4.587147184413547,18842978
2003-09-17,1,4.67127799987793,4.739384227893145,4.651246728496571,4.687302827620208,6478501
2003-09-18,1,4.695314407348633,4.727365003953309,4.559102448923864,4.671277170005534,8324475
2003-09-19,1,4.639228820800781,4.695315723658378,4.58714788858662,4.695315723658378,6770675
2003-09-22,3,4.486989974975586,4.5510897438425255,4.4629522657711655,4.547083301172819,5682520
2003-09-23,1,4.523046493530273,4.567115000034057,4.507021668148344,4.519040050481314,4681967
2003-09-24,1,4.386835098266602,4.555096733350024,4.370810270812374,4.523047078441569,6491388
2003-09-25,1,4.342766761779785,4.4509350733745,4.3107166286737115,4.406866554584848,5599006
2003-09-26,1,4.346771717071533,4.41487793813194,4.31071562162984,4.342765747248554,5563445
2003-09-29,3,4.418883323669434,4.446926999345731,4.330745854369559,4.414876881398451,6533764
2003-09-30,1,4.338758945465088,4.3668030989432625,4.110403061996314,4.110403061996314,9584489
2003-10-01,1,4.40686559677124,4.4469281360946376,4.346771787786143,4.35077870448826,6996682
2003-10-02,1,4.555096626281738,4.559103069754631,4.466959130541141,4.4869908744985985,7972949
2003-10-03,1,4.795472621917725,5.007803291746188,4.707335577116684,5.007803291746188,11973921
2003-10-06,3,4.799478054046631,4.8435470449055416,4.783453224683611,4.8435470449055416,4891495
2003-10-07,1,4.711338996887207,4.747395084181123,4.50702085328377,4.50702085328377,6220278
2003-10-08,1,4.591154098510742,4.6312166474754966,4.507023029729017,4.507023029729017,8941286
2003-10-09,1,4.547082901000977,4.6913077233140825,4.519039225001778,4.6472392248601615,9095055
2003-10-10,1,4.7033257484436035,4.74338827093091,4.563106919738029,4.567113361349474,8193876
2003-10-13,3,4.751402854919434,4.887614830935387,4.70733434406236,4.72736561447203,6217924
2003-10-14,1,4.65925931930542,4.687303005622891,4.591153562110878,4.6472409347458195,6003068
2003-10-15,1,4.575129508972168,4.7674293952917015,4.563110647725405,4.739385701320701,8396960
2003-10-16,1,4.619197368621826,4.679290713204608,4.5871477110862235,4.599166095958548,8647749
2003-10-17,1,4.450933933258057,4.603171671460566,4.434909107513357,4.587146845715865,7882001
2003-10-20,3,4.474972248077393,4.531059139805527,4.438915678998839,4.486990631029933,8919478
2003-10-21,1,4.442923545837402,4.4509359623624745,4.374817768670703,4.446929990803528,10945985
2003-10-22,1,4.290684700012207,4.362796888783182,4.242609749695903,4.35879091907755,8332529
2003-10-23,1,4.206552982330322,4.31071529083934,4.182515745016059,4.21456539476841,8298950
2003-10-24,1,4.202546119689941,4.206552088354168,4.1424528024718414,4.198539677618877,7851520
2003-10-27,3,4.182517051696777,4.310716637571521,4.174504636755492,4.23860490309995,10153349
2003-10-28,1,4.631216526031494,4.651247326581509,4.45894747531903,4.462953919473283,17848497
2003-10-29,1,4.65925931930542,4.667271733480835,4.575128260353009,4.619197248428349,14081587
2003-10-30,1,4.547082901000977,4.763419897767202,4.543076932090729,4.723357841630395,10996043
2003-10-31,1,4.430902481079102,4.5350647797957455,4.390839949248032,4.52705236811091,8360903
2003-11-03,3,4.595160007476807,4.607178392040526,4.507022504702964,4.527053776851885,10820590
2003-11-04,1,4.575129508972168,4.615192064189933,4.507023733190573,4.571123064087524,9054166
2003-11-05,1,4.663264751434326,4.663264751434326,4.5751272678114905,4.5751272678114905,8465110
2003-11-06,1,4.559103488922119,4.67929064986794,4.555097045080871,4.667271791751244,9490939
2003-11-07,1,4.575129508972168,4.703329590987581,4.41487976150828,4.41487976150828,6241962
2003-11-10,3,4.314722061157227,4.446928059934636,4.294690791838592,4.446928059934636,22944811
2003-11-11,1,4.254628658294678,4.342765673793146,4.198540821058879,4.2065532339762886,33142023
2003-11-12,1,4.40686559677124,4.474972292346602,4.310715691757879,4.314722135053012,18950530
2003-11-13,1,4.3988542556762695,4.446929219899776,4.374817010268066,4.410873115083921,9327877
2003-11-14,1,4.358791828155518,4.43891644645566,4.330747667332349,4.398853900602059,7894392
2003-11-17,3,4.266646385192871,4.358790303098171,4.182515352380384,4.358790303098171,13086734
2003-11-18,1,4.278666019439697,4.378822367289739,4.270653606293091,4.346771767889349,6933489
2003-11-19,1,4.286678791046143,4.322734889924441,4.246616721963044,4.278666377229523,7660702
2003-11-20,1,4.214566707611084,4.294691803764904,4.20655429267712,4.2345979816495385,7548690
2003-11-21,1,4.286678791046143,4.302703618679382,4.2345973911275845,4.242610278351224,4992603
2003-11-24,3,4.362796783447266,4.603171529225144,4.274659771167835,4.603171529225144,7166559
2003-11-25,1,4.378820896148682,4.434907769331571,4.366802043763223,4.374814454217922,10683796
2003-11-26,1,4.374815940856934,4.426896863213893,4.330746958270448,4.40686559356676,8826919
2003-11-28,2,4.3547821044921875,4.358788545423002,4.286675922515257,4.286675922515257,2243964
2003-12-01,3,4.438915252685547,4.4509336344838415,4.366803068268048,4.406865129940585,9545954
2003-12-02,1,4.527052879333496,4.587146683866261,4.470965517799027,4.495002755567965,13989399
2003-12-03,1,4.486989974975586,4.607177100776961,4.4549398538386615,4.579133422309743,8877721
2003-12-04,1,4.462953090667725,4.551090585029714,4.414878136780003,4.547084141619489,7697007
2003-12-05,1,4.322735786437988,4.390842028114677,4.310716926516898,4.346773032873051,4911568
2003-12-08,3,4.230593204498291,4.338761546735872,4.210561924808246,4.28668059826753,7338295
2003-12-09,1,4.054317951202393,4.22658607658158,4.022268287600284,4.206554800126692,17812192
2003-12-10,1,3.946148872375488,4.042298803157871,3.9020801146496367,4.006242697466255,19013723
2003-12-11,1,4.146461009979248,4.146461009979248,4.0222678664150475,4.026273837242261,14730738
2003-12-12,1,4.046305179595947,4.166492354352625,4.026273904901984,4.146461079658662,8072075
2003-12-15,3,3.990217447280884,4.186523755865426,3.966180200964249,4.146461205263917,9213263
2003-12-16,1,3.9261159896850586,4.026271838340866,3.866022433150888,4.026271838340866,14622690
2003-12-17,1,3.785897731781006,3.99021565386223,3.7658664654833864,3.8620163543492,16801479
2003-12-18,1,3.9181039333343506,3.946147137962611,3.829966456620882,3.845991280239004,11842331
2003-12-19,1,3.9661786556243896,3.974191067941396,3.886053822343923,3.926116594039355,13948758
2003-12-22,3,4.0022358894348145,4.046304879859899,3.978198645626914,3.986211060229547,8682443
2003-12-23,1,3.986210823059082,4.046304639113988,3.9381358648965654,4.046304639113988,5199405
2003-12-24,1,3.958165884017944,4.002234384464775,3.926116237659118,3.986209561285362,2566247
2003-12-26,2,3.954160928726196,4.006242333758053,3.946148514122926,4.006242333758053,1123469
2003-12-29,3,4.014254570007324,4.026273428081763,3.970186054943776,3.998229268105724,5302991
2003-12-30,1,4.054317951202393,4.102392446605554,4.038293119401338,4.0503115065485575,6053994
2003-12-31,1,4.102391719818115,4.118417495594299,4.058323203468906,4.0743485058380315,4991860
2004-01-02,2,4.278666019439697,4.310715672026126,4.166491288573236,4.198540941159664,10085323
2004-01-05,3,4.370809555053711,4.386834379883733,4.310715278423788,4.326740576660747,8401173
2004-01-06,1,4.374815940856934,4.374815940856934,4.290684892383164,4.366803527679477,7615352
2004-01-07,1,4.330748081207275,4.346772911717331,4.206554461236585,4.34276694079337,10438088
2004-01-08,1,4.486989974975586,4.486989974975586,4.374815261106715,4.4469274419061575,10189530
2004-01-09,1,4.547082901000977,4.587145903951518,4.486989580092333,4.527052109636006,10287045
2004-01-12,3,4.478977680206299,4.587146427641902,4.4709652680642025,4.587146427641902,7368776
2004-01-13,1,4.302704334259033,4.458947613185375,4.290685948238845,4.446929227165186,14175880
2004-01-14,1,4.362796783447266,4.418884145227612,4.326740689932321,4.346771484790774,7003497
2004-01-15,1,4.40686559677124,4.450934105982788,4.326740991531428,4.362797087559692,7373237
2004-01-16,1,4.5430779457092285,4.551090358724261,4.410871947443757,4.454940455729924,12189768
2004-01-20,4,4.65925931930542,4.671278177272062,4.607178390461707,4.6472409347458195,11065803
2004-01-21,1,4.599164962768555,4.675283590771294,4.57512725213246,4.675283590771294,8123373
2004-01-22,1,4.5430779457092285,4.627208992477531,4.466958838548986,4.607177723236463,7740003
2004-01-23,1,4.40686559677124,4.559102867474565,4.40686559677124,4.543078041107999,5412525
2004-01-26,3,4.587147235870361,4.595159649424198,4.418884657611774,4.418884657611774,6734866
2004-01-27,1,4.519041061401367,4.643234669411107,4.507022676379856,4.631216284389596,7357749
2004-01-28,1,4.486989974975586,4.6472396338463895,4.478977563043082,4.587146307649156,9500356
2004-01-29,1,4.390841960906982,4.571122489928313,4.298698474205611,4.51904155341262,16148239
2004-01-30,1,4.478977680206299,4.478977680206299,4.390840199829396,4.4188838790301945,9213015
2004-02-02,3,4.374815940856934,4.474972289092598,4.366803527679477,4.466958929101176,5696026
2004-02-03,1,4.286678791046143,4.35879146220976,4.282672820841343,4.326741333536261,6550615
2004-02-04,1,4.134441375732422,4.246616099537721,4.134441375732422,4.242609656513124,8244430
2004-02-05,1,4.266646385192871,4.278665239425196,4.182515352380384,4.20655258743814,5122210
2004-02-06,1,4.430902481079102,4.466958096957412,4.294690062216223,4.306708916446923,7061981
2004-02-09,3,4.382829189300537,4.503016356681254,4.358791945187223,4.4869915272723775,4830284
2004-02-10,1,4.418883323669434,4.446926999345731,4.374814825722927,4.39484609026412,3198299
2004-02-11,1,4.3988542556762695,4.430904389627639,4.346772847181181,4.406866670812337,5220469
2004-02-12,1,4.362796783447266,4.446927826117785,4.358790813838355,4.39885287696221,3237826
2004-02-13,1,4.258634090423584,4.406864894199845,4.242609266611801,4.386834101138571,6562139
2004-02-17,4,4.322735786437988,4.3347546463590785,4.270654849125127,4.326742230880725,4597586
2004-02-18,1,4.262641906738281,4.362797797948038,4.246617077762414,4.338760081077178,6457933
2004-02-19,1,4.218572616577148,4.338759772152814,4.206553758997474,4.3267413879801655,6404157
2004-02-20,1,4.170497417449951,4.250622016282674,4.170497417449951,4.214565449730657,5979650
2004-02-23,3,4.126429557800293,4.230591410568434,4.086366542001208,4.210560139372401,11395025
2004-02-24,1,4.170497417449951,4.178509829992529,4.090372345210284,4.118416499219723,5851158
2004-02-25,1,4.238605499267578,4.274661608278264,4.154473947033106,4.186524084713245,5107341
2004-02-26,1,4.202546119689941,4.250621057508524,4.1584776239424235,4.18652129821936,5210928
2004-02-27,1,4.1624860763549805,4.2225799028378015,4.14646124532241,4.20655459839811,5929467
2004-03-01,3,4.362796783447266,4.370809669478986,4.226584348605309,4.2345967612300806,8818122
2004-03-02,1,4.486989974975586,4.5350649199775175,4.402858939573933,4.426896175371444,12933336
2004-03-03,1,4.40686559677124,4.474972292346602,4.374815944038108,4.4469281360946376,8043824
2004-03-04,1,4.515034198760986,4.527053054814814,4.406865441090473,4.406865441090473,6349390
2004-03-05,1,4.486989974975586,4.5350649199775175,4.398852496904226,4.4469274419061575,7724143
2004-03-08,3,4.318727493286133,4.495002451980726,4.286677845092146,4.4709652158352355,8883173
2004-03-09,1,4.274660587310791,4.3587916460441,4.238604486911807,4.3267415160188705,8472668
2004-03-10,1,4.166491985321045,4.242610633053338,4.134442327375065,4.214566472240016,7770360
2004-03-11,1,4.070343017578125,4.158480544377592,4.042299323606546,4.126430878928455,17031328
2004-03-12,1,4.222580909729004,4.262643470270628,4.098387256094309,4.098387256094309,8875863
2004-03-15,3,4.10639762878418,4.126429372487632,4.062329118176179,4.070341531613361,10049019
2004-03-16,1,4.094378471374512,4.1825159595277235,4.066335263106402,4.146459865003625,4202817
2004-03-17,1,4.1184163093566895,4.186522049532331,4.054316065157262,4.166490782395876,9110172
2004-03-18,1,4.158478736877441,4.194534831539373,4.094378487026269,4.158478736877441,7052441
2004-03-19,1,4.0783538818359375,4.146460105106834,4.042297785223989,4.146460105106834,9878398
2004-03-22,3,3.725805521011353,3.845992688984315,3.709780691523511,3.765867831434494,19851957
2004-03-23,1,3.9661786556243896,3.986209923120372,3.825960256559441,3.8540039363724303,21177767
2004-03-24,1,4.10639762878418,4.134441785924814,3.97419162355318,3.9781980669752697,13472458
2004-03-25,1,4.1184163093566895,4.166490782395876,4.082359744466915,4.106396980986508,14776336
2004-03-26,1,3.99822998046875,4.078355084031473,3.962173873228377,4.078355084031473,12936806
2004-03-29,3,4.1624860763549805,4.290686144836909,4.14646124532241,4.226585873892384,11293917
2004-03-30,1,4.194534778594971,4.202547191373491,4.098384878438803,4.106397291217323,6203798
2004-03-31,1,4.182517051696777,4.198541881579349,4.122423702933592,4.198541881579349,4668585
2004-04-01,1,4.134441375732422,4.238603686895479,4.118416550447937,4.238603686895479,8456188
2004-04-02,1,4.218572616577148,4.2466167753987305,4.146460417913154,4.226585030494589,8163147
2004-04-05,3,4.334753513336182,4.334753513336182,4.258634876077116,4.258634876077116,5702965
2004-04-06,1,4.310714244842529,4.378820917557506,4.286677013360912,4.326739539237098,5934176
2004-04-07,1,4.258634090423584,4.346771094795298,4.194534321769544,4.346771094795298,5401374
2004-04-08,1,4.198540687561035,4.306709442024116,4.1825158622357455,4.306709442024116,3978668
2004-04-12,4,4.270653247833252,4.286678072781413,4.214565413700806,4.226584269115397,2955193
2004-04-13,1,4.250622272491455,4.28667836780983,4.234596973033421,4.27465998497502,5714240
2004-04-14,1,4.306711196899414,4.346773276536916,4.238605424812089,4.286679920377091,8080377
2004-04-15,1,4.194534778594971,4.2746598531940965,4.138447415738366,4.246616171765794,6511461
2004-04-16,1,4.138448715209961,4.17450482073839,4.09838616533077,4.134442744266306,4995577
2004-04-19,3,4.138448715209961,4.166492405443973,4.062330059802341,4.066336504153103,5085905
2004-04-20,1,4.10639762878418,4.270653761170906,4.10239118536209,4.238604107422177,6717395
2004-04-21,1,4.218572616577148,4.234597444412031,4.162485245748036,4.16649168941027,7330117
2004-04-22,1,4.330748081207275,4.350779829455503,4.218573320822679,4.274661174422082,9601465
2004-04-23,1,4.507022857666016,4.5190412431709435,4.374816829855187,4.39885407427212,10743024
2004-04-26,3,4.382829189300537,4.511028771385692,4.374816774596098,4.4869915272723775,5898367
2004-04-27,1,4.274660587310791,4.406866130971386,4.270654143529997,4.394847746443085,5490711
2004-04-28,1,4.10639762878418,4.24661652085936,4.086366358487726,4.24661652085936,10570421
2004-04-29,1,3.990217447280884,4.086367379361656,3.92211167934686,4.078354963922778,10805102
2004-04-30,1,3.817948341369629,3.9741915854127026,3.8059294846257026,3.946147901948202,12065117
2004-05-03,3,3.845991849899292,3.958166578655028,3.829967023907608,3.9461477224577783,8593230
2004-05-04,1,3.958165884017944,3.986209561285362,3.886053469600252,3.9140971468676695,6642183
2004-05-05,1,3.866022825241089,3.906084884722372,3.7858977594647096,3.8259600556494457,11484362
2004-05-06,1,3.785897731781006,3.858009675023463,3.781891289158721,3.854003705808081,15055623
2004-05-07,1,3.833972215652466,3.910090597072807,3.797915891081317,3.797915891081317,10973368
2004-05-10,3,3.749841690063477,3.7818913378265817,3.6817354784565146,3.765866513945029,11057501
2004-05-11,1,3.9261159896850586,3.9261159896850586,3.793909786584397,3.87002840198928,10452709
2004-05-12,1,3.882049798965454,3.950155811208575,3.785899856147419,3.922112117337246,10892085
2004-05-13,1,3.8700287342071538,3.91009079306444,3.8299664386464176,3.866022765024874,6698685
2004-05-14,1,3.773880004882813,3.8219552003831017,3.753848732600239,3.7979172475776735,6826186
2004-05-17,3,3.597604274749756,3.681735548543276,3.5455231227363666,3.5615484203298915,10994928
2004-05-18,1,3.669717073440552,3.681735929527671,3.629655008828431,3.633660978586159,8551473
2004-05-19,1,3.753849744796753,3.8700309660002272,3.737824675308954,3.80192495326015,12926150
2004-05-20,1,3.725805521011353,3.7858991049978337,3.721799076935855,3.7578554166905738,5249215
2004-05-21,1,3.765867233276367,3.8059295373361426,3.749842406333857,3.765867233276367,6039125
2004-05-24,3,3.765867233276367,3.8059295373361426,3.749842406333857,3.765867233276367,6817140
2004-05-25,1,3.829968214035034,3.833974185074288,3.717793450422022,3.765868180039342,10111096
2004-05-26,1,3.942140817642212,3.942140817642212,3.849996906527854,3.854003348778989,9015135
2004-05-27,1,4.0222673416137695,4.062329411694312,3.946148224943161,3.946148224943161,9024180
2004-05-28,1,4.066335678100586,4.066335678100586,3.9822041510822737,4.022267166230003,5143027
2004-06-01,4,3.9822051525115967,4.002236428419343,3.966180321148252,3.998229983874941,7302610
2004-06-02,1,3.894067287445069,3.9581673134213418,3.8540049783254857,3.882048902423782,5533087
2004-06-03,1,3.725805521011353,3.7858991049978337,3.725805521011353,3.7578554166905738,9522660
2004-06-04,1,3.7418301105499263,3.817948514327911,3.729811016558022,3.7738797654429663,9446209
2004-06-07,3,3.882049798965454,3.882049798965454,3.7899058276106543,3.833974590852852,9788441
2004-06-08,1,3.8700287342071538,3.9060848238821606,3.837978850417875,3.886053557750068,6960873
2004-06-09,1,3.701767444610596,3.8459923162446423,3.697761474330417,3.8459923162446423,15014362
2004-06-10,1,3.6376681327819824,3.7057741293417874,3.617636623153527,3.7017676853939783,12397189
2004-06-14,4,3.4968202114105225,3.89408128347226,3.4691045732061188,3.621541660669924,14728466
2004-06-15,1,3.579967498779297,3.5845866513543085,3.5245357526090952,3.543012602317899,11874030
2004-06-16,1,3.4413881301879883,3.556871261848556,3.4136724946090338,3.547632477246797,10834729
2004-06-17,1,3.4090518951416016,3.4552448474020965,3.372097485451464,3.450625935229977,12722252
2004-06-18,1,3.4182913303375244,3.4875807719691023,3.3212855374723107,3.349001649297195,6952839
2004-06-21,3,3.3490006923675537,3.478341233746435,3.3490006923675537,3.4598641503544143,6291238
2004-06-22,1,3.510676622390747,3.510676622390747,3.376716676226482,3.418290716797416,8751236
2004-06-23,1,3.649256229400635,3.653875141361814,3.5291539844273836,3.5661081530211605,9398815
2004-06-24,1,3.5984444618225098,3.7046890443428744,3.584586764252264,3.672353778255592,9003616
2004-06-25,1,3.681591749191284,3.690830532009592,3.60306353168804,3.626160009916352,6405255
2004-06-28,3,3.616921186447144,3.741642350749804,3.5892050795470185,3.695449397869918,4332413
2004-06-29,1,3.760120153427124,3.7693586967072794,3.6353987418057696,3.6446370456772,7845516
2004-06-30,1,3.8386480808258057,3.857124926586305,3.750881088341605,3.7555002399295527,6469817
2004-07-01,1,3.672353029251098,3.810932131368181,3.635398617980458,3.8063129795897983,9648478
2004-07-02,1,3.6076817512512207,3.649255784370972,3.584585278992396,3.6400170039405086,3699507
2004-07-06,4,3.4644830226898193,3.589204402887941,3.3674772653492826,3.584585252116009,8804603
2004-07-07,1,3.621539831161499,3.6353980023761063,3.478341122697322,3.478341122697322,8493965
2004-07-08,1,3.579967498779297,3.6169219164231783,3.543012602317899,3.6169219164231783,3438106
2004-07-09,1,3.626159906387329,3.676972252802385,3.612301732555527,3.630779058255875,4621422
2004-07-12,3,3.5060575008392334,3.5383925179846267,3.464483462750438,3.5337731272172728,6125919
2004-07-13,1,3.524536609649658,3.552252250065448,3.492201336718012,3.5014401229320913,2898021
2004-07-14,1,3.307426929473877,3.432148081576928,3.2843302158844314,3.427528930385988,14233923
2004-07-15,1,3.279711961746216,3.3490013981823323,3.2658535477597774,3.3490013981823323,10831251
2004-07-16,1,3.238137722015381,3.376716825959051,3.238137722015381,3.372097674119785,7277389
2004-07-19,3,3.210421562194824,3.2658532986424045,3.1411318916353492,3.2612341468775834,8238541
2004-07-20,1,3.279711961746216,3.284330874454649,3.173467393102888,3.173467393102888,7692914
2004-07-21,1,3.2242798805236816,3.3628592278664815,3.1965637716463955,3.3490012931322015,9727931
2004-07-22,1,3.3305246829986572,3.3397632283379974,3.2288997266308037,3.251996209683543,9583807
2004-07-23,1,3.104177474975586,3.298188297826776,3.0533646548930253,3.298188297826776,17502689
2004-07-26,3,3.0672237873077393,3.127274684890059,3.0487464591392355,3.1226550535869917,8584504
2004-07-27,1,3.1642274856567383,3.173466265425581,3.09493807384231,3.1272733242159627,10499309
2004-07-28,1,3.1272737979888916,3.2797112931821495,3.0579841362686313,3.2104211526445185,8708194
2004-07-29,1,3.238137722015381,3.2519954169419,3.1780863540177187,3.228898939519408,10918095
2004-07-30,1,3.288950204849243,3.3120471637307203,3.2519957888651216,3.288950204849243,6318302
2004-08-02,3,3.2843310832977295,3.288950235708618,3.224280186686183,3.275092539067203,5329651
2004-08-03,1,3.279711961746216,3.3443817672476968,3.2519956125908074,3.312046984201323,8941771
2004-08-04,1,3.288950204849243,3.3028086195868767,3.2519957888651216,3.256615420050164,5209548
2004-08-05,1,3.288950204849243,3.385955995698964,3.288950204849243,3.367478428593782,9191977
2004-08-06,1,3.178086519241333,3.288949999686859,3.1503708885386836,3.2750923040399007,9039484
2004-08-09,3,3.1873254776000977,3.2427572208729907,3.1873254776000977,3.2104219574942214,5182049
2004-08-10,1,3.288950204849243,3.298188988401834,3.228899308801139,3.256615420050164,5402039
2004-08-11,1,3.205802202224731,3.2797114985663174,3.150370469377242,3.2150409839717797,9320341
2004-08-12,1,3.159609079360962,3.191944334900415,3.118035042576701,3.1873247048693236,7786279
2004-08-13,1,3.173466682434082,3.2150407180396017,3.1596089897771495,3.2011827859739888,5808325
2004-08-16,3,3.2242798805236816,3.224279880523682,3.1642285107968333,3.1642285107968333,3626358
2004-08-17,1,3.2242798805236816,3.284330771433077,3.2150413371704043,3.2473765980199665,3274744
2004-08-18,1,3.3859565258026123,3.3998142244835585,3.261235082995035,3.2797126529930556,8857318
2004-08-19,1,3.4136710166931152,3.4506254208747755,3.367477353092195,3.4229090790690213,8865361
2004-08-20,1,3.4506263732910156,3.455245286049511,3.3720979135432225,3.3859558488623933,4889997
2004-08-23,3,3.487581253051758,3.510677736781584,3.4552459843029735,3.4552459843029735,4477189
2004-08-24,1,3.4367690086364746,3.529155179635133,3.3998141093012135,3.515297242014895,6911645
2004-08-25,1,3.547631025314331,3.552250176315965,3.4460063515569206,3.459864043970498,6580790
2004-08-26,1,3.556871175765991,3.598444508423887,3.5430127597899763,3.5892059634544915,5536055
2004-08-27,1,3.552250862121582,3.579966970525701,3.501438754841652,3.579966970525701,4048404
2004-08-30,3,3.5152971744537354,3.5522515942612096,3.4922006920001607,3.5522515942612096,5559097
2004-08-31,1,3.487581253051758,3.4968200380707164,3.4090530168433215,3.492200884970022,5318564
2004-09-01,1,3.459864377975464,3.543011737527108,3.427529120799097,3.487580004886879,5420625
2004-09-02,1,3.510676622390747,3.5291541865633476,3.3813363066783415,3.395194000990374,5899408
2004-09-03,1,3.2612345218658447,3.3767171598044277,3.261234521865845,3.3397627443931306,11455679
2004-09-07,4,3.2843310832977295,3.362859547187828,3.2704733866563145,3.362859547187828,5013143
2004-09-08,1,3.2612345218658447,3.293569784981195,3.238138042159877,3.238138042159877,2830416
2004-09-09,1,3.3859565258026123,3.4136726413908587,3.307428289763733,3.3212859884446786,7204023
2004-09-10,1,3.524536609649658,3.584587522997094,3.4229111583388643,3.4506275169811027,12598127
2004-09-13,3,3.5199148654937744,3.663113571817188,3.5060571733036867,3.5845853725604373,13004305
2004-09-14,1,3.501438856124878,3.538393029976052,3.4598648120204825,3.4968192252803867,7448251
2004-09-15,1,3.427530288696289,3.4783426477940766,3.409052958384011,3.4783426477940766,4493058
2004-09-16,1,3.427530288696289,3.4968199781063545,3.422910656857243,3.441388226578302,3033559
2004-09-17,1,3.482961893081665,3.4922006775518883,3.4090528143637284,3.4136724460076113,2785309
2004-09-20,3,3.529154062271118,3.552250537856023,3.4552447658185415,3.4552447658185415,5866583
2004-09-21,1,3.579967498779297,3.5938254353218473,3.538393449742888,3.561490170252977,4382846
2004-09-22,1,3.4413881301879883,3.529155147452053,3.4182916475011393,3.519916362850294,5697134
2004-09-23,1,3.4968202114105225,3.5106779108083255,3.4136728179797178,3.4413884561841215,4801305
2004-09-24,1,3.3674774169921875,3.4598640277211095,3.335142881315259,3.413671081469661,7919751
2004-09-27,3,3.307426929473877,3.3259042524636966,3.2566145905127315,3.2612337417036716,4921517
2004-09-28,1,3.279711961746216,3.3166661363184904,3.2473766998823743,3.3028084405582545,4219701
2004-09-29,1,3.3212852478027344,3.3397625742715524,3.2843308342738293,3.2981887692732603,4756199
2004-09-30,1,3.298189163208008,3.349001757214116,3.265853897877645,3.30742794725026,3785699
2004-10-01,1,3.4644830226898193,3.492199124364733,3.339761642491698,3.339761642491698,10986026
2004-10-04,3,3.529154062271118,3.5799666437300903,3.519915280510196,3.552250537856023,5934950
2004-10-05,1,3.4737226963043213,3.5060579570660444,3.455245130830507,3.48758039159223,4750873
2004-10-06,1,3.4506263732910156,3.4829613960965893,3.395194392605595,3.4783420045206204,7392819
2004-10-07,1,3.381335496902466,3.4506251489124073,3.3767158675569338,3.4182898981715506,8621785
2004-10-08,1,3.25661563873291,3.3490018046013477,3.2288995256227397,3.321285691491177,12959742
2004-10-11,3,3.298189163208008,3.298189163208008,3.238138263977167,3.2566155926529117,4159595
2004-10-12,1,3.1873254776000977,3.2335184373883448,3.127274581993627,3.2335184373883448,10344968
2004-10-13,1,3.196563959121704,3.312047074558643,3.1965639591217045,3.27971205122139,7746064
2004-10-14,1,3.182705879211426,3.224279680839542,3.1503706203644315,3.2104215075547917,5798217
2004-10-15,1,3.201183795928955,3.238138213293268,3.182706467542421,3.219660884906734,10406378
2004-10-18,3,3.215041399002075,3.224279942533028,3.1688482025298454,3.1688482025298454,6630571
2004-10-19,1,3.3166663646698,3.32590514835769,3.2704734038653536,3.2797121875532436,10526264
2004-10-20,1,3.3028080463409424,3.3351433043453045,3.2658531579533348,3.2981884159576973,6508185
2004-10-21,1,3.390575885772705,3.395194799084185,3.2935700875160707,3.335144137859637,7398905
2004-10-22,1,3.25199556350708,3.3674781952329806,3.247376650868362,3.3674781952329806,7056747
2004-10-25,3,3.293570041656494,3.3120473705064937,3.2519959918918033,3.256615623365256,4913365
2004-10-26,1,3.2658543586730957,3.2889508432200034,3.23351908878039,3.238138720862082,7384123
2004-10-27,1,3.4136710166931152,3.4182901675854036,3.2335174284510884,3.238137058160718,12773880
2004-10-28,1,3.4367690086364746,3.4506269462567123,3.385956411089752,3.413672525739004,6868929
2004-10-29,1,3.4968202114105225,3.552251966636923,3.4691045732061188,3.4737237265357876,8098004
2004-11-01,3,3.5152971744537354,3.519916327299187,3.4644845778835904,3.487581060337165,4533382
2004-11-02,1,3.621539831161499,3.67235240738903,3.561488952941583,3.570727494342645,11993807
2004-11-03,1,3.6954495906829834,3.7970742838480502,3.6538755478679903,3.741642545973024,17349435
2004-11-04,1,3.773977041244507,3.797073514208035,3.704687622353922,3.7185453146051,8343645
2004-11-05,1,3.824791669845581,3.866365247730562,3.8155531235832303,3.83402997669913,8001704
2004-11-08,3,3.746261596679687,3.820170409464712,3.709306711469805,3.778596373086194,6469600
2004-11-09,1,3.7324039936065674,3.737023624296408,3.70006873345618,3.7231652110443303,4140248
2004-11-10,1,3.681591749191284,3.732404097057062,3.658495270962972,3.7093073794200224,5276066
2004-11-11,1,3.686210155487061,3.732403342007729,3.6076819538697382,3.626159276359741,3816350
2004-11-12,1,3.7878363132476807,3.792455944647207,3.649257187020976,3.704688933275161,4540013
2004-11-15,3,3.764739751815796,3.7878362324595103,3.750881815547816,3.76935914370804,3783199
2004-11-16,1,3.741642713546753,3.755500648636153,3.6954497561879074,3.6954497561879074,8369405
2004-11-17,1,3.97260856628418,3.9726085662841792,3.810932492894125,3.857125451512364,20307128
2004-11-18,1,4.051136493682861,4.051136493682861,3.926415322931123,3.9495118005653382,7128048
2004-11-19,1,3.8986990451812744,4.05575546932306,3.8802221990490184,4.0511363176421735,8440272
2004-11-22,3,3.8016934394836426,3.815551852783519,3.746262180371356,3.764739266742118,7778454
2004-11-23,1,3.778597116470337,3.8155520089505583,3.7601202687520567,3.80631322597832,5806695
2004-11-24,1,3.820170402526855,3.8525054182833234,3.815551251366609,3.820170402526856,4088185
2004-11-26,2,3.764739751815796,3.82941004126345,3.760120599332304,3.797074776835246,3203116
2004-11-29,3,3.760120153427124,3.8294095871413742,3.75550052267396,3.7878357832675897,4848586
2004-11-30,1,3.681591749191284,3.7647393581036823,3.649256727553393,3.732404097057062,7324887
2004-12-01,1,3.778597116470337,3.778597116470337,3.695449745581317,3.704688528553555,8095504
2004-12-02,1,3.83402943611145,3.866364702583698,3.787836471903975,3.815552585600736,7002728
2004-12-03,1,3.824791669845581,3.921797004122272,3.810933491338852,3.8848425796640655,7269672
2004-12-06,3,3.866363763809204,3.8848410886510583,3.797074094913138,3.8432672873134193,3000517
2004-12-07,1,3.820170402526855,3.9033182357242016,3.8063124702287454,3.889459824608722,4569577
2004-12-08,1,3.741642713546753,3.810932388993753,3.71854623486733,3.8016936059949975,5964840
2004-12-09,1,3.663114070892334,3.723164956396051,3.640017594883882,3.704688110761476,7768345
2004-12-10,1,3.635398149490357,3.6631137748151152,3.635398149490357,3.6492560818570783,4689354
2004-12-13,3,3.718545913696289,3.732403847588779,3.672352960327133,3.672352960327133,4830760
2004-12-14,1,3.746261596679687,3.7508807478483233,3.713926341455811,3.718545492624447,6483186
2004-12-15,1,3.7693591117858887,3.824790856388365,3.741643000075899,3.806313528384622,6541770
2004-12-16,1,3.7878363132476807,3.82479097035631,3.769359224102125,3.797074857820459,4757829
2004-12-17,1,3.7878363132476807,3.82479097035631,3.7462627429658,3.82479097035631,5024447
2004-12-20,3,3.746261596679687,3.797073695986792,3.741641966693681,3.787835154240835,7465859
2004-12-21,1,3.7878363132476807,3.8063136418019954,3.769359224102125,3.787836313247681,4928039
2004-12-22,1,3.824791669845581,3.857126462059409,3.810933491338852,3.829410823272356,4624031
2004-12-23,1,3.847886800765991,3.857124864384202,3.834028388590808,3.843267170435128,2838894
2004-12-27,4,3.83402943611145,3.838649067704474,3.806313801232226,3.824791130560477,2146099
2004-12-28,1,3.8386480808258057,3.8663637085796143,3.834028450420444,3.843267232413754,2190662
2004-12-29,1,3.9033186435699463,3.931034271653403,3.861744602922988,3.861744602922988,4238722
2004-12-30,1,3.912557363510132,3.9310349308148664,3.884841730779279,3.8940805144316464,3413324
2004-12-31,1,3.9217960834503174,3.9402734110461255,3.903319234672,3.9310348669525945,1991867
2005-01-03,3,3.880223274230957,3.972609206352697,3.8663648577133847,3.944893091543886,4851846
2005-01-04,1,3.7324039936065674,3.880222359923873,3.70468836414602,3.880222359923873,8654718
2005-01-05,1,3.658494710922241,3.690829967018994,3.621540064123468,3.686210336908283,11110477
2005-01-06,1,3.626159906387329,3.6862107959481976,3.593824885672621,3.676972252802385,8670044
2005-01-07,1,3.6446373462677,3.6584955214439687,3.5753476674300773,3.626160258183497,5708438
2005-01-10,3,3.6538760662078857,3.6908309623815394,3.649257153077597,3.6584956975644434,4604358
2005-01-11,1,3.6030642986297607,3.6538764179025858,3.589206121452473,3.640018719542856,6002773
2005-01-12,1,3.630779027938843,3.644636962246209,3.5476316615033605,3.603063398732828,3547449
2005-01-13,1,3.556871175765991,3.6400185593080887,3.556871175765991,3.612302445582365,3996124
2005-01-14,1,3.6538760662078857,3.681592178485937,3.5799674709043594,3.5799674709043594,6406233
2005-01-18,4,3.746261596679687,3.760119529002965,3.713926341455811,3.73702305493373,6485142
2005-01-19,1,3.6538760662078857,3.709307811946476,3.653876066207886,3.709307811946476,3832001
2005-01-20,1,3.649256229400635,3.686210397994411,3.621540124137911,3.635398296473621,13829594
2005-01-21,1,3.616921186447144,3.640017662887087,3.5938247100072007,3.603063252701436,8200500
2005-01-24,3,3.547631025314331,3.626159225837544,3.547631025314331,3.6169206844256,7218370
2005-01-25,1,3.6076817512512207,3.626159072703481,3.584585278992396,3.584585278992396,6307542
2005-01-26,1,3.718545913696289,3.7647391064741584,3.695449437011711,3.695449437011711,10905052
2005-01-27,1,3.773977041244507,3.806312294920385,3.760119348993329,3.7878349729043586,10708104
2005-01-28,1,3.792454481124878,3.870982678211063,3.7878348515080833,3.870982678211063,7687153
2005-01-31,3,4.041898250579834,4.060375818207387,3.940273543898323,3.963370264024011,14972912
2005-02-01,1,4.092710018157959,4.106567471237203,3.986465474602901,4.0188007288311915,10825055
2005-02-02,1,4.157379627227783,4.16661840822741,4.064993732500962,4.069613362409457,8868622
2005-02-03,1,4.032660007476807,4.134284715718053,4.014182918383176,4.134284715718053,7404231
2005-02-04,1,4.171239852905273,4.171239852905273,4.064995501046906,4.064995501046906,6489164
2005-02-07,3,4.148141860961914,4.180476876679655,4.125045147553602,4.171238095552857,3901563
2005-02-08,1,4.1850972175598145,4.203574785066152,4.11580753645481,4.129665472675811,4455451
2005-02-09,1,4.125047206878662,4.175859331399295,4.125047206878662,4.171240177938585,3231702
2005-02-10,1,4.152760982513428,4.152760982513428,4.10656802951737,4.134283897078489,2659445
2005-02-11,1,4.2497663497924805,4.282101364077552,4.129664115734956,4.148141677169866,5832128
2005-02-14,3,4.212811470031738,4.240527813783532,4.194334865165292,4.212811470031738,4680658
2005-02-15,1,4.231288909912109,4.282101487091811,4.208192675680995,4.208192675680995,8457336
2005-02-16,1,4.222052097320557,4.249768453190972,4.194336699085309,4.235910035846972,5891799
2005-02-17,1,4.088090419769287,4.171238011788648,4.041896993880291,4.157379600968063,13506021
2005-02-18,1,4.143521785736084,4.152760087052787,4.088090062566603,4.097328363883305,4164377
2005-02-22,4,4.092710018157959,4.1527604179534165,4.078851607444005,4.1111866222636175,7784105
2005-02-23,1,4.111187934875488,4.2636257132254665,3.972608811072906,4.157380896340098,5743002
2005-02-24,1,4.198955059051514,4.203574690232631,4.078852788239869,4.092711202965726,5238459
2005-02-25,1,4.356011390686035,4.360631021744427,4.249767537422704,4.272863777444742,6708176
2005-02-28,3,4.212811470031738,4.346771643487223,4.185096083914694,4.319056257370178,12404984
2005-03-01,1,4.254386901855469,4.25900653314427,4.194336004458597,4.20819394068999,5558445
2005-03-02,1,4.1850972175598145,4.226671026222817,4.180478065091982,4.2220513949374805,8643415
2005-03-03,1,4.111187934875488,4.194336031619798,4.088091693551938,4.185097247799874,10632999
2005-03-04,1,4.064994812011719,4.111187771642253,4.051136876240809,4.111187771642253,10612782
2005-03-07,3,4.198955059051514,4.203574690232631,4.060375699967883,4.064994852331506,9533374
2005-03-08,1,4.083470821380615,4.180476334776665,4.06499326152221,4.180476334776665,7629330
2005-03-09,1,4.088090419769287,4.194334724733146,4.088090419769287,4.157379600968063,10415617
2005-03-10,1,4.051136493682861,4.078852362607408,3.995704755833768,4.064994428145135,6815453
2005-03-11,1,4.03727912902832,4.148142607225095,4.032659498225152,4.069614150563228,7996161
2005-03-14,3,3.963369846343994,4.023420737761304,3.940273128652356,4.004943650898468,6251348
2005-03-15,1,3.92641544342041,3.972608400106356,3.9033189650774376,3.963369856650913,5787456
2005-03-16,1,3.954131364822388,4.000324324908271,3.949512212459048,3.958750996003222,3703420
2005-03-17,1,3.967989683151245,3.9864672531352423,3.912557930834388,3.912557930834388,4159378
2005-03-18,1,3.931034564971924,3.963369825928419,3.898699304015429,3.958750673940868,4794458
2005-03-21,3,3.9033186435699463,3.958750378554279,3.8940798614667513,3.931034271653403,3291265
2005-03-22,1,3.824791669845581,3.935655422037803,3.8247916698455815,3.88946173309084,7630743
2005-03-23,1,3.829408884048462,3.870982919697833,3.815551191376913,3.815551191376913,5639854
2005-03-24,1,3.8709840774536137,3.89869971049474,3.838648813125836,3.843267965594981,4130249
2005-03-28,4,3.9033186435699463,3.931034271653403,3.880222167129378,3.9033186435699463,3132250
2005-03-29,1,3.810931921005249,3.903318542603913,3.7924550755029225,3.866363654555744,5182701
2005-03-30,1,3.866363763809204,3.894079870776341,3.801693246567069,3.801693246567069,6253088
2005-03-31,1,3.9171762466430664,3.954130655968736,3.875602446373424,3.903318552628556,9939117
2005-04-01,1,3.954131364822388,4.074233635626676,3.949512212459048,4.074233635626676,5600726
2005-04-04,3,3.894080877304077,3.9587514112620146,3.884842092790788,3.9264161442830456,4512296
2005-04-05,1,3.9033186435699463,3.926415120010515,3.8940798614667513,3.912556707447013,3774938
2005-04-06,1,3.884840965270996,3.954130631966467,3.884840965270996,3.907937680441955,4287198
2005-04-07,1,3.912557363510132,3.954131411128285,3.834029138917508,3.8709840341182273,5967666
2005-04-08,1,3.9864661693573,4.0372789941815315,3.963369691973979,3.991085800006171,6044293
2005-04-11,3,3.97260856628418,4.00032419780988,3.9402733037244206,3.991086132785458,3072144
2005-04-12,1,3.9772274494171143,3.981847080138627,3.903318864273541,3.972608297513048,2567167
2005-04-13,1,3.935654163360596,3.981847119308,3.917176597927673,3.9726083365915383,4794784
2005-04-14,1,3.8432672023773193,3.880222090653036,3.7878354684855062,3.880222090653036,6769369
2005-04-15,1,3.783216953277588,3.834029065346833,3.7785973221313,3.8201713689516943,4807609
2005-04-18,3,3.746261596679687,3.7832160030722,3.718545492624447,3.73702305493373,8817863
2005-04-19,1,3.778597116470337,3.7878358994425754,3.7508814857798183,3.769358812315563,3810915
2005-04-20,1,3.727784395217895,3.806312601138429,3.709306832306674,3.7924549077723984,7220870
2005-04-21,1,3.806314468383789,3.8201724079567345,3.746263556506898,3.7508827100920055,8861231
2005-04-22,1,3.741642713546753,3.792455541222441,3.7324041699567303,3.792455541222441,6861756
2005-04-25,3,3.7693591117858887,3.806313528384622,3.746262631337774,3.760120567488393,4181333
2005-04-26,1,3.958750963211059,3.977227811920115,3.829409909933989,3.838648693401634,15873197
2005-04-27,1,3.954131364822388,4.004943956089105,3.9217961012352727,3.949512212459048,7473033
2005-04-28,1,3.931034564971924,3.995704847476187,3.898699304015429,3.963369825928419,4673050
2005-04-29,1,3.9772274494171143,3.9910858627642063,3.884841299022382,3.9402730371409658,6172874
2005-05-02,3,4.023421287536621,4.051137161026804,3.9818477167101074,4.018802134894098,3920041
2005-05-03,1,3.995703935623169,4.051135662093619,3.9772266136634618,4.041896881409429,4239809
2005-05-04,1,4.106567859649658,4.120425792856985,4.028039890686403,4.037278672430421,8059310
2005-05-05,1,4.1943359375,4.231290114315443,4.143523345856895,4.152761650652008,7946707
2005-05-06,1,4.166619300842285,4.24514775911886,4.157380517863434,4.194335649778839,5254328
2005-05-09,3,4.180477619171143,4.185096771146261,4.143522966917829,4.17585798837857,4367846
2005-05-10,1,4.069613933563232,4.111187256852795,4.06037515126698,4.111187256852795,9069482
2005-05-11,1,4.041898250579834,4.088091690831209,4.023421161769789,4.069614602021163,6120267
2005-05-12,1,4.028040409088135,4.106568388157803,4.014182474097315,4.101948757282555,6970881
2005-05-13,1,4.166619300842285,4.180477714719294,4.069614234242937,4.078852538404323,9936291
2005-05-16,3,4.134283542633057,4.14814195404291,4.092710223673014,4.134283542633057,3798850
2005-05-17,1,4.129663944244385,4.134283095002621,4.055754659208635,4.088090150968273,5842889
2005-05-18,1,4.171239852905273,4.198955729145059,4.148143608583832,4.171239852905273,7370320
2005-05-19,1,4.286722183227539,4.29134133597516,4.212812866360404,4.212812866360404,6912514
2005-05-20,1,4.29595947265625,4.305198253754166,4.231288962605574,4.29595947265625,6429927
2005-05-23,3,4.2359089851379395,4.259006182042864,4.198954810778965,4.217431897958453,6368517
2005-05-24,1,4.286722183227539,4.2959609675403145,4.2266712822383345,4.259006787924281,3354305
2005-05-25,1,4.222052097320557,4.249768453190972,4.180478760558893,4.249768453190972,2564776
2005-05-26,1,4.245147228240967,4.268243464573593,4.226670143411385,4.254386010064461,6865451
2005-05-27,1,4.254386901855469,4.263625685615567,4.235909334335274,4.25900653314427,4582293
2005-05-31,4,4.254386901855469,4.263625685615567,4.212812614343782,4.212812614343782,6448731
2005-06-01,1,4.29595947265625,4.314437034852081,4.212811400409743,4.212811400409743,6642092
2005-06-02,1,4.383729457855225,4.388348612410164,4.300581802959986,4.314440224260247,8161045
2005-06-03,1,4.40220308303833,4.462254438980872,4.180476657002828,4.388345151485027,7876601
2005-06-06,3,4.466874122619629,4.471493752899904,4.392965305126641,4.416062020075812,6758717
2005-06-07,1,4.425302505493164,4.466875842298935,4.406824934893283,4.429921658734342,5403995
2005-06-08,1,4.4391608238220215,4.4945925827289015,4.420683251641311,4.45763743836748,4594141
2005-06-09,1,4.503829002380371,4.5084481540807815,4.3929655310311295,4.448397266705751,9513919
2005-06-10,1,4.4807329177856445,4.499210006008985,4.45763619839335,4.485352548954599,4920104
2005-06-13,3,4.521378040313721,4.646971613019236,4.476163917709981,4.541473150810616,5232269
2005-06-14,1,4.516353130340576,4.546495042131902,4.496257530594216,4.546495042131902,5858638
2005-06-15,1,4.501281261444092,4.561566570590392,4.461091551289278,4.551518771094649,6761082
2005-06-16,1,4.581661224365234,4.6017563276186895,4.526400310346637,4.536447614002003,7603694
2005-06-17,1,4.611804962158203,4.6921848937816355,4.611804962158203,4.631900069049765,6083887
2005-06-20,3,4.641948223114014,4.657019432052134,4.621853112548885,4.631900915802901,6243818
2005-06-21,1,4.6268768310546875,4.712281180716372,4.591710509173854,4.621853425030952,4040294
2005-06-22,1,4.727351188659668,4.792659913848747,4.697208280466944,4.792659913848747,6579206
2005-06-23,1,4.737398147583008,4.807730768316932,4.73237424726122,4.777587862328981,8674143
2005-06-24,1,4.7072553634643555,4.747445570959293,4.672089055891969,4.73739777111419,10768148
2005-06-27,3,4.646970748901367,4.69720826783034,4.631900038759768,4.672089756337259,10720945
2005-06-28,1,4.646970748901367,4.672089756337259,4.631900038759768,4.662041954985778,9391916
2005-06-29,1,4.586685657501221,4.616828067914982,4.536448141497357,4.611804663474543,5696016
2005-06-30,1,4.581661224365234,4.6218514308721454,4.546494917657369,4.581661224365234,7681227
2005-07-01,1,4.611804962158203,4.662041985472886,4.576638649083673,4.596733755975235,4474022
2005-07-05,4,4.506307125091553,4.511330531085962,4.440998383677813,4.47114080341601,12847454
2005-07-06,1,4.506307125091553,4.506307125091553,4.4761642094104195,4.496259321216863,6531693
2005-07-07,1,4.4158782958984375,4.440997303532749,4.360616875857205,4.4058309904104025,7414779
2005-07-08,1,4.471139430999756,4.476162835452231,4.410854610027787,4.435973120118513,7606696
2005-07-11,3,4.611804962158203,4.621852267632577,4.5917093593238265,4.611804962158203,7865380
2005-07-12,1,4.722327709197998,4.722327709197998,4.611805355775552,4.611805355775552,7041711
2005-07-13,1,4.662041187286377,4.717302597791181,4.596732968970124,4.717302597791181,6588833
2005-07-14,1,4.712279796600342,4.727351002130627,4.687160790088005,4.702231995618289,5762577
2005-07-15,1,4.7022318840026855,4.717303089175229,4.626875362197185,4.717303089175229,5874476
2005-07-18,3,4.631898880004883,4.717302194470393,4.621851081167043,4.672088587528178,3489180
2005-07-19,1,4.67209005355835,4.687161260601535,4.6218525314334515,4.646971044524479,6792758
2005-07-20,1,4.712279796600342,4.737398307169886,4.61180476243658,4.67208958455772,11185313
2005-07-21,1,4.682136535644531,4.752469153430834,4.672089231364812,4.697207740035489,6549498
2005-07-22,1,4.6268768310546875,4.702233376783027,4.621853425030952,4.687162166825946,7901507
2005-07-25,3,4.526401042938232,4.641947285418191,4.5163537376567255,4.636923384806035,6845240
2005-07-26,1,4.3656415939331055,4.466116144039282,4.300332367652671,4.466116144039282,21855122
2005-07-27,1,4.315403461456299,4.335498569326107,4.250094732836553,4.320427362409461,16221836
2005-07-28,1,4.355593204498291,4.375687814244461,4.330474694344186,4.335498098809336,11429298
2005-07-29,1,4.315403461456299,4.34554637123243,4.300332254539653,4.320427362409461,8418254
2005-08-01,3,4.330474376678467,4.340521184871775,4.305354876481456,4.31540267656026,6068567
2005-08-02,1,4.4661149978637695,4.491234000900957,4.405830184082877,4.405830184082877,12339816
2005-08-03,1,4.486209869384766,4.496257172515047,4.446020160920944,4.466114767181506,5430604
2005-08-04,1,4.345545768737793,4.425925693129792,4.335497968224562,4.420901296930406,8482640
2005-08-05,1,4.300333499908447,4.360618345033414,4.295310093443354,4.310381304724596,29986743
2005-08-08,3,4.275213718414307,4.315403437992564,4.265165916562615,4.315403437992564,7549452
2005-08-09,1,4.310379505157471,4.3455458154462265,4.285260499547169,4.3304746104571565,8217124
2005-08-10,1,4.345545768737793,4.385735482962407,4.31540286314087,4.320426763397485,10801376
2005-08-11,1,4.340520858764648,4.380711064174845,4.315402352340309,4.350568658088553,7786605
2005-08-12,1,4.320428371429443,4.345547386118865,4.285262048430025,4.315404469302968,6325802
2005-08-15,3,4.280236721038818,4.310379627817508,4.270189416074448,4.310379627817508,5895800
2005-08-16,1,4.204880237579346,4.285260156398777,4.194832933705443,4.280236256490457,10677883
2005-08-17,1,4.250095367431641,4.270190478301912,4.199857838227417,4.204881739930713,7161168
2005-08-18,1,4.139572620391846,4.219952813315138,4.129525065280003,4.214929407716389,9864358
2005-08-19,1,4.204880237579346,4.20990364154493,4.164690030198263,4.169713930106582,10527683
2005-08-22,3,4.235023498535156,4.2551186062750235,4.194833778998256,4.214928886738123,12679242
2005-08-23,1,4.204880237579346,4.235022645143791,4.189808537854388,4.224974845327152,7247810
2005-08-24,1,4.124500751495361,4.164690467150344,4.1194766030885495,4.149619261786877,8784283
2005-08-25,1,4.134548187255859,4.139571591606169,4.114453082026303,4.134548187255859,7277622
2005-08-26,1,4.16971492767334,4.17976223395097,4.129524710677109,4.16971492767334,8376227
2005-08-29,3,4.139572620391846,4.154643829073885,4.044121466757962,4.059192675440001,7646964
2005-08-30,1,4.104406356811523,4.139572426095231,4.084310999559594,4.119477316814738,5760092
2005-08-31,1,4.134548187255859,4.169714249450502,4.079286771860274,4.1445952439278635,13722155
2005-09-01,1,4.134548187255859,4.235022969489478,4.124500634641081,4.184785454386975,13132223
2005-09-02,1,4.149620056152344,4.164691264400905,4.139572501329488,4.154643709578051,4548449
2005-09-06,4,4.149620056152344,4.159667610975198,4.124501541052368,4.149620056152344,12251621
2005-09-07,1,4.06421422958374,4.1496182851428145,4.059190826273405,4.1496182851428145,14678013
2005-09-08,1,4.134548187255859,4.154642796542642,4.079286771860274,4.114453082026303,17119207
2005-09-09,1,4.199857234954834,4.219952342938621,4.109429496999216,4.11947705099111,16613640
2005-09-12,3,4.2199530601501465,4.2551193811128325,4.19483454285847,4.209905256479136,9554227
2005-09-13,1,4.265166759490967,4.305356487011952,4.2249765360270475,4.235024339864494,12603262
2005-09-14,1,4.250095367431641,4.290285589172184,4.230000256561368,4.270190478301912,11489544
2005-09-15,1,4.255117893218994,4.270189097512612,4.209903784395387,4.2500939931402035,11414703
2005-09-16,1,4.144595623016357,4.235023356849011,4.144595623016357,4.235023356849011,13658804
2005-09-19,3,4.174739360809326,4.179763263156631,4.139573284235632,4.144596938611449,9570272
2005-09-20,1,4.149620056152344,4.224976097395152,4.124501541052368,4.204881483692325,6112664
2005-09-21,1,4.089334964752197,4.174738307449766,4.044121094892144,4.174738307449766,9610126
2005-09-22,1,3.988859891891479,4.034073764257112,3.928575059365889,4.034073764257112,17636679
2005-09-23,1,4.008955478668213,4.019003282580641,3.95369429295014,3.98383646483008,6492564
2005-09-26,3,4.0190019607543945,4.039096570084376,3.9637405452400087,4.0190019607543945,6994716
2005-09-27,1,3.9587161540985103,3.993882462182696,3.928573993981365,3.9838349101627326,9107664
2005-09-28,1,3.918527364730835,3.9989073038763743,3.8934086027514248,3.933598324352765,10973418
2005-09-29,1,4.044120788574219,4.059191994728875,3.948669155004316,3.968764261858128,14155159
2005-09-30,1,4.129523754119873,4.144594958016673,4.07928649045433,4.104405246272786,14248322
2005-10-03,3,4.16469144821167,4.174738755506527,4.109430018232698,4.129525128765315,11111404
2005-10-04,1,4.2199530601501465,4.305356415696183,4.199857948751051,4.270190590676423,13794305
2005-10-05,1,4.184785842895508,4.245070668238144,4.174738041376522,4.235023362661978,12303689
2005-10-06,1,4.16469144821167,4.255119197636997,4.149620239297933,4.194834361982049,14277513
2005-10-07,1,4.22999906539917,4.250094170610686,4.189808854976137,4.209903960187654,16609396
2005-10-10,3,4.149620056152344,4.229999998792301,4.144596154755195,4.209904889146591,13977320
2005-10-11,1,4.0843119621276855,4.1697160727116325,4.064216848111286,4.1697160727116325,10931598
2005-10-12,1,4.039096832275391,4.059191938852585,4.003930519751,4.019002221641002,9609919
2005-10-13,1,4.039096832275391,4.06421534353978,3.9687642072266103,4.049144385563988,10765560
2005-10-14,1,3.983835220336914,4.049144189565827,3.968764015119239,4.0340729843481515,10607389
2005-10-17,3,3.988859891891479,3.9938835452781327,3.9335984647811024,3.96876478240199,6833543
2005-10-18,1,3.973788261413574,4.019002126152311,3.953693155313824,4.019002126152311,5274296
2005-10-19,1,3.9285738468170166,3.933597250681763,3.767813764433792,3.893407540050161,16667261
2005-10-20,1,3.838146924972534,3.918527106798577,3.802980858893267,3.903455900197261,9036445
2005-10-21,1,3.918527364730835,3.933598324352765,3.8431708308211743,3.8934086027514248,7167482
2005-10-24,3,3.9989070892333984,4.008954643080142,3.928574708249028,3.968764427693168,7251122
2005-10-25,1,3.953693628311157,4.094358395952145,3.928574866667104,3.9687645877318767,6195683
2005-10-26,1,3.8883848190307617,3.9486696512252513,3.878337264341201,3.9335984431766287,7862585
2005-10-27,1,3.8883848190307617,3.938622592478566,3.823076333477211,3.938622592478566,13144231
2005-10-28,1,4.013978481292725,4.044121144224263,3.908479780960912,3.963741205683018,12298410
2005-10-31,3,4.059192180633545,4.064215585619952,4.02904951897234,4.039097072859408,8290309
2005-11-01,1,4.044120788574219,4.064215399485218,3.9938830214396894,4.044120788574219,8836040
2005-11-02,1,4.2199530601501465,4.245071577441822,4.054169259007726,4.054169259007726,13071771
2005-11-03,1,4.285260200500488,4.325449912352449,4.189808580973761,4.194832976876524,17353876
2005-11-04,1,4.305355072021484,4.325450177149023,4.260141457441603,4.290284363104295,7647792
2005-11-07,3,4.320428371429443,4.340522988049435,4.224976710741185,4.315404469302968,8808712
2005-11-08,1,4.335498332977295,4.355593439751622,4.285260814012883,4.310379821466494,7398321
2005-11-09,1,4.461093425750732,4.4711407335254325,4.345547154598512,4.37568907792261,18770478
2005-11-10,1,4.456067085266113,4.461091480877402,4.395782273014041,4.446020277814383,11579809
2005-11-11,1,4.440995693206787,4.511327798005913,4.425924492468215,4.511327798005913,9271321
2005-11-14,3,4.4158782958984375,4.4510446090207845,4.410854891125828,4.4510446090207845,6123533
2005-11-15,1,4.456067085266113,4.491233887003437,4.405830072351194,4.456067085266113,9634348
2005-11-16,1,4.410854339599609,4.446020648324817,4.385735335106139,4.430948948063082,9203312
2005-11-17,1,4.526401042938232,4.526401042938233,4.395783098621806,4.395783098621806,9154349
2005-11-18,1,4.581661224365234,4.591708528020599,4.511328610949502,4.526400310346637,6445051
2005-11-21,3,4.606780529022217,4.621851733463335,4.586685424453141,4.606780529022217,4618218
2005-11-22,1,4.752470970153809,4.762518774217249,4.561568644263784,4.6067822747204294,16022362
2005-11-23,1,4.76251745223999,4.832849581446589,4.71730333839091,4.722327239028099,14969511
2005-11-25,2,4.717303276062012,4.797683205480942,4.712279871434005,4.762517389313685,4235006
2005-11-28,3,4.667065620422363,4.762517248736227,4.646970514675087,4.722327037241675,8389477
2005-11-29,1,4.67209005355835,4.777588502860645,4.667066152563007,4.67209005355835,10420959
2005-11-30,1,4.812753677368164,4.837873176391808,4.717302556734666,4.717302556734666,12606057
2005-12-01,1,4.913229942321777,5.008681583075789,4.832850004799597,4.862992915320408,10153372
2005-12-02,1,4.873039722442627,4.928300644861531,4.847920715571743,4.9132294391161215,5891867
2005-12-05,3,4.948396682739258,4.983563001413115,4.8931352539742115,4.923278167082441,10777361
2005-12-06,1,4.99360990524292,5.048871324057177,4.983562104035162,4.983562104035162,11216885
2005-12-07,1,4.973514556884766,5.0287759730114,4.958443351748917,5.018728172292314,7894779
2005-12-08,1,4.928300857543945,5.023752492641189,4.893134543972774,4.998633980629108,11881245
2005-12-09,1,4.9182538986206055,4.923277303304888,4.862992479551046,4.913229502050711,9273184
2005-12-12,3,4.938350200653076,4.983563833954354,4.898160469699599,4.933326794248252,5353692
2005-12-13,1,4.938350200653076,4.983563833954354,4.862994145150947,4.898160469699599,8205220
2005-12-14,1,4.657018661499023,4.727351288868243,4.616828447018663,4.722327388072491,13520922
2005-12-15,1,4.883087635040283,4.908206645035761,4.842897913367526,4.847921318612332,6530140
2005-12-16,1,4.873039722442627,4.938348445987005,4.857968516697217,4.933325041367068,6723506
2005-12-19,3,4.817778587341309,4.933325331421002,4.817778587341309,4.893134620498903,9029613
2005-12-20,1,4.868015766143799,4.87806356715423,4.807730943852386,4.868015766143799,9298545
2005-12-21,1,4.9684906005859375,5.018728115787414,4.918253581327236,4.943372090956586,8559241
2005-12-22,1,4.948396682739258,4.988586902921636,4.888111848408584,4.888111848408584,2533737
2005-12-23,1,5.068965435028076,5.104131740463257,5.003656227832236,5.003656227832236,5767545
2005-12-27,4,4.963467121124268,5.10413286993502,4.958443716338138,5.073989961504164,3473756
2005-12-28,1,4.963467121124268,4.988586128826177,4.893134494690299,4.963467121124268,4085116
2005-12-29,1,4.9684906005859375,5.003656910821248,4.958443295922752,4.983561805552103,3140645
2005-12-30,1,4.97853946685791,5.043847705062132,4.89815952451862,4.968491664101198,3254719
2006-01-03,4,5.073989391326904,5.174464418958274,5.058918186776475,5.174464418958274,8110090
2006-01-04,1,5.114179611206055,5.134274220019178,5.084037202043608,5.09910791068207,4159957
2006-01-05,1,5.199583530426025,5.244797145004167,5.169440624764494,5.2096308350180225,5631423
2006-01-06,1,5.425652980804443,5.455794896722625,5.320153547405374,5.425652980804443,13516368
2006-01-09,3,5.490962505340576,5.546223937425293,5.4658439881748375,5.516081022506314,11633533
2006-01-10,1,5.3302001953125,5.410580611618509,5.300058283111863,5.390485507542007,11263260
2006-01-11,1,5.415605068206787,5.445747479448024,5.2849871262567625,5.310106132919659,12073990
2006-01-12,1,5.244798183441162,5.345273233025639,5.204607965230223,5.32517812392017,9373904
2006-01-13,1,5.219679832458496,5.2347505448309155,5.134275492100298,5.224703237935008,7864552
2006-01-17,4,5.079014301300049,5.1794898546616945,5.068967489878246,5.159394248046458,10413816
2006-01-18,1,4.998632431030273,5.028774834477617,4.923275926469247,4.938347128192919,12198725
2006-01-19,1,5.129251480102539,5.164417793994215,5.07399005885236,5.07399005885236,11090804
2006-01-20,1,4.958443641662598,5.139298609809921,4.953420236952122,5.124227403792878,9733722
2006-01-23,3,4.933325290679932,5.008681323215211,4.913229687413424,4.983562315074901,9528866
2006-01-24,1,5.043846607208252,5.048871003435869,4.988585687846065,4.993609588130909,11078900
2006-01-25,1,4.933325290679932,5.1091563638908,4.933325290679932,5.094085157383744,13457985
2006-01-26,1,5.264892578125,5.274939883342927,5.048871300425751,5.07398981144197,23527200
2006-01-27,1,5.435698986053467,5.516078904439602,5.34527176384759,5.375414171249549,14564043
2006-01-30,3,5.445745944976807,5.460817146350748,5.355318240790499,5.435698146765741,7760830
2006-01-31,1,5.425652980804443,5.495985109832479,5.295035036168819,5.495985109832479,11103019
2006-02-01,1,5.370391845703125,5.4256532676652105,5.310106522850986,5.400533763214946,8685426
2006-02-02,1,5.22470235824585,5.370391507335415,5.17446484033909,5.345272500410634,13446081
2006-02-03,1,5.164417266845703,5.20963088183012,5.0639417403090405,5.0639417403090405,8476533
2006-02-06,3,5.290011405944824,5.295035306826055,5.189536363977183,5.22470267826014,7841158
2006-02-07,1,5.229725360870361,5.2900101736303915,5.2096302579694465,5.2900101736303915,9449263
2006-02-08,1,5.249821186065674,5.269916293629721,5.154370045064992,5.199584161069804,7137670
2006-02-09,1,5.209630489349365,5.300058208448371,5.189535385555948,5.249820200993461,11174651
2006-02-10,1,5.14934778213501,5.209632622254074,5.053896124022569,5.209632622254074,14689503
2006-02-13,3,4.988586902618408,5.124228275797074,4.983563001110193,5.124228275797074,8673522
2006-02-14,1,5.053895473480225,5.084038385602673,4.978539433031297,5.0388242653904385,15694737
2006-02-15,1,5.028775691986084,5.325176869665166,4.988585483241266,5.325176869665166,8653647
2006-02-16,1,5.104132652282715,5.124227262455982,5.048871234449244,5.073989745137225,6930433
2006-02-17,1,5.013707160949707,5.264894859678639,4.988588143105306,5.164419780187067,5024204
2006-02-21,4,5.068965435028076,5.104131740463257,5.0086801274494634,5.089060041611574,11939213
2006-02-22,1,4.973514556884766,5.048871078506792,4.903181935622283,5.048871078506792,14884732
2006-02-23,1,4.9684906005859375,4.998633506461043,4.908205780721276,4.923276985687441,11315328
2006-02-24,1,4.9684906005859375,4.988585705855083,4.933324786293401,4.9684906005859375,7028047
2006-02-27,3,5.0338006019592285,5.058919115507018,4.973515276747402,5.003657691381889,6198996
2006-02-28,1,4.888111591339111,5.0438475704840435,4.873040383549049,5.038824165182601,10232665
2006-03-01,1,5.048872947692871,5.058920256188876,4.918255457529981,4.918255457529981,9441189
2006-03-02,1,4.998632431030273,5.068965036369187,4.983560733363935,5.048869935423402,11993765
2006-03-03,1,4.923276901245117,5.018728029707946,4.923276901245117,4.993609520509419,9379184
2006-03-06,3,4.868015766143799,4.9735147010965655,4.827826049930455,4.913229382862358,7871384
2006-03-07,1,4.7474446296691895,4.868014236362831,4.672088129543026,4.837872330632059,12821471
2006-03-08,1,4.717303276062012,4.762517389313685,4.6771135593239475,4.72232717663282,10961410
2006-03-09,1,4.722327709197998,4.878064180971184,4.707256501728703,4.767541331605882,11219059
2006-03-10,1,4.842897891998291,4.86299300071743,4.792660368171871,4.822802783279151,9888374
2006-03-13,3,4.827826023101807,4.953420063434706,4.812754321669914,4.87303963956911,8505828
2006-03-14,1,4.913229942321777,4.918254339341905,4.7775885807781,4.792660284009932,6493082
2006-03-15,1,4.998632431030273,5.003655834309719,4.908204724745575,4.958442229138704,8493820
2006-03-16,1,4.822803497314453,4.95844488132232,4.8177795954051446,4.95844488132232,10034330
2006-03-17,1,4.812753677368164,4.93834770088731,4.782611766367966,4.812753677368164,9064602
2006-03-20,3,4.76251745223999,4.862992489326911,4.747446246271233,4.862992489326911,9261591
2006-03-21,1,4.767540454864502,4.847920378566648,4.762517050593769,4.777587759348733,6121463
2006-03-22,1,4.7725653648376465,4.807731681886948,4.717303938625478,4.717303938625478,7390557
2006-03-23,1,4.7725653648376465,4.802708276553384,4.747446850341214,4.7725653648376465,5181443
2006-03-24,1,4.837873458862305,4.857968067369041,4.777587649571081,4.782612045611896,4345249
2006-03-27,3,4.837873458862305,4.8981582762680205,4.822801758568122,4.87303927172047,5650263
2006-03-28,1,4.802707672119141,4.888111007413056,4.767540863552811,4.847920794145372,8174787
2006-03-29,1,4.958443641662598,4.988586053696683,4.847920802947205,4.847920802947205,8620005
2006-03-30,1,5.048872947692871,5.073991466904366,4.978540300391941,4.998635413326916,8562864
2006-03-31,1,5.053895473480225,5.159393930108724,5.0438476707917825,5.084038385602673,6663364
2006-04-03,3,5.184512615203857,5.2196789271545985,5.109156090754328,5.114179991302376,8495787
2006-04-04,1,5.204607009887695,5.204607009887696,5.134274388900039,5.154369494316909,6918943
2006-04-05,1,5.264892578125,5.274939883342927,5.184512648553177,5.204607258989031,5892384
2006-04-06,1,5.300060272216797,5.31513148194469,5.244798839252565,5.295036370326521,7662698
2006-04-07,1,5.239772796630859,5.375414124707994,5.214653793384891,5.325176614158786,8137211
2006-04-10,3,5.259868144989014,5.300058353677112,5.219678432243665,5.274939349261363,8222403
2006-04-11,1,5.129251480102539,5.274940140551747,5.114180273569367,5.2397738266600715,8791011
2006-04-12,1,5.219679832458496,5.274940764300316,5.184513514408491,5.199584722723795,6073536
2006-04-13,1,5.300060272216797,5.370392914908922,5.244798839252565,5.249822245199909,5548197
2006-04-17,4,5.375415325164795,5.445747954829164,5.320153902436671,5.36034411822855,8641743
2006-04-18,1,5.480913162231445,5.485937558573424,5.370391320991425,5.400533235558243,6574341
2006-04-19,1,5.450771808624268,5.526127842653449,5.44072400679182,5.480913726293105,7236837
2006-04-20,1,5.465843200683594,5.52612802995017,5.465843200683595,5.495985615316882,8326747
2006-04-21,1,5.425652980804443,5.526127521693468,5.395510073000649,5.511056315762973,9598118
2006-04-24,3,5.365367412567139,5.405557627529963,5.2900113794403785,5.400533726673903,11281582
2006-04-25,1,5.254846096038818,5.3804396626787945,5.239774391936857,5.355320651785071,12735450
2006-04-26,1,5.3302001953125,5.465842023843205,5.310105587178742,5.440723019761891,16496771
2006-04-27,1,5.365367412567139,5.405557627529963,5.2297265529389705,5.274940172815027,17839154
2006-04-28,1,5.264892578125,5.390486125091697,5.2447974717463435,5.350296408277186,10329141
2006-05-01,3,5.264892578125,5.320153500737802,5.2548452729070725,5.300058890301948,7403807
2006-05-02,1,5.2849860191345215,5.320152323530104,5.25484411015034,5.25484411015034,5403276
2006-05-03,1,5.390487194061279,5.400534501271655,5.28498823660929,5.30508334697294,7876042
2006-05-04,1,5.5010085105896,5.541198720047438,5.405556887112924,5.415604687448764,10442386
2006-05-05,1,5.656744956970215,5.671816161543629,5.506032415293308,5.531150924268077,13744929
2006-05-08,3,5.606505393981934,5.712004292712557,5.601481991144255,5.671814590298004,9517376
2006-05-09,1,5.385461807250977,5.526127045060161,5.37039109856315,5.490960735607865,14001646
2006-05-10,1,5.259868144989014,5.370390970909911,5.254844740860064,5.370390970909911,9411894
2006-05-11,1,5.209630489349365,5.355319123951846,5.169440281762531,5.3101055123737115,12718888
2006-05-12,1,5.104132652282715,5.214654496064067,5.048871234449244,5.154369673658676,14489305
2006-05-15,3,5.043846607208252,5.084037313544227,4.988585687846065,5.048871003435869,14268922
2006-05-16,1,5.013707160949707,5.0940871253543625,4.998635948620273,5.043849089665559,10866591
2006-05-17,1,4.963467121124268,5.099108473263258,4.923277403121154,5.068966556718036,10393424
2006-05-18,1,4.9182538986206055,5.0840376598864765,4.9182538986206055,4.9986338289399965,8555825
2006-05-19,1,4.948396682739258,5.013705914521346,4.8931352539742115,4.9333259700994825,9277739
2006-05-22,3,4.752470970153809,4.953421596050219,4.646972003145356,4.953421596050219,13004486
2006-05-23,1,4.782613277435303,4.923278052926241,4.782613277435302,4.822803000742907,9333326
2006-05-24,1,4.752470970153809,4.82280361482611,4.672091017361011,4.797684600610455,11626598
2006-05-25,1,4.76251745223999,4.817778375477832,4.702232132422153,4.747446246271233,8362459
2006-05-26,1,4.7022318840026855,4.762517200635642,4.672089473657597,4.747445995463098,7796957
2006-05-30,4,4.667065620422363,4.742421647046164,4.662041719999848,4.702231931494399,8867302
2006-05-31,1,4.757494926452637,4.762518828541663,4.672091070653948,4.71730470162633,8621143
2006-06-01,1,4.862991809844971,4.8830864177003885,4.767540190789417,4.772564090724639,6816670
2006-06-02,1,4.9182538986206055,4.953420211124615,4.878063685489507,4.923277303304888,7646446
2006-06-05,3,4.662041187286377,4.8228015189523346,4.6469699836837455,4.8228015189523346,8219402
2006-06-06,1,4.677114009857178,4.722327631521352,4.601757477807373,4.712280325354707,9671613
2006-06-07,1,4.591709613800049,4.712280261831541,4.586686208755868,4.667066144834021,7395319
2006-06-08,1,4.526401042938232,4.541472248831897,4.345546076271463,4.47616302870228,17503351
2006-06-09,1,4.410854339599609,4.6469702045588175,4.410854339599609,4.616827795920855,13432417
2006-06-12,3,4.330474376678467,4.466115214257594,4.325449980696316,4.42090110578847,10423857
2006-06-13,1,4.255117893218994,4.345545614923457,4.245070093061414,4.320426610472258,8022620
2006-06-14,1,4.471139430999756,4.501281841485741,4.400806809237269,4.486210636242749,9503298
2006-06-15,1,4.581661224365234,4.606780227417735,4.43597259367745,4.471138900385316,16352161
2006-06-16,1,4.566590785980225,4.621852205199835,4.486210855442577,4.616828304559105,6680858
2006-06-19,3,4.531424522399902,4.616828354502146,4.526401117647638,4.576638636769968,6464305
2006-06-20,1,4.580484867095947,4.602116244566229,4.493958320583896,4.580484867095947,6917314
2006-06-21,1,4.683233737945557,4.758944588750045,4.537221175994662,4.580484445266453,8159695
2006-06-22,1,4.688640594482422,4.753535214806046,4.639969240503289,4.7373114301463355,5960956
2006-06-23,1,4.710272789001465,4.73190416013634,4.548035950543974,4.67241763035778,6636819
2006-06-26,3,4.715682506561279,4.748129577946494,4.661603535937045,4.694051125637804,4930932
2006-06-27,1,4.645378589630127,4.731904600537972,4.634562384740708,4.715680811519202,6432603
2006-06-28,1,4.623747825622559,4.7048657447723095,4.553444557840893,4.7048657447723095,6221050
2006-06-29,1,4.894141674041748,4.92658925353751,4.6832334439500585,4.688642064953194,14031006
2006-06-30,1,4.964444637298584,5.013116013779616,4.845471543630619,4.921181364309487,10107486
2006-07-03,3,5.007706165313721,5.029337535112922,4.9644429074000405,4.986074277199242,3021231
2006-07-05,2,4.845470905303955,4.926589337103937,4.845470905303955,4.910365547080862,8626116
2006-07-06,1,4.856285572052002,4.931996411558758,4.845470404242184,4.845470404242184,8720787
2006-07-07,1,4.7373127937316895,4.867102071737409,4.731904691183381,4.818431222064106,8200498
2006-07-10,3,4.802208423614502,4.872510661356352,4.785984630937354,4.840063594317531,6662547
2006-07-11,1,4.845470905303955,4.845470905303955,4.731904893457826,4.796800053550123,5653929
2006-07-12,1,4.796799659729004,4.845470507486921,4.7697596663669595,4.845470507486921,7836487
2006-07-13,1,4.634563446044922,4.753537580550465,4.596708275209284,4.726497580450179,7814679
2006-07-14,1,4.596707820892334,4.618339196856048,4.526405071537127,4.596707820892334,8178087
2006-07-17,3,4.45610237121582,4.526404594851927,4.407431521265382,4.488549431744323,7534183
2006-07-18,1,4.499365329742432,4.510180497531572,4.385799329857106,4.461509650903766,8209141
2006-07-19,1,4.634563446044922,4.6561953424620555,4.456103280917561,4.488550348070046,13070226
2006-07-20,1,4.575075149536133,4.694049252075069,4.558851879476585,4.677825463700183,9726088
2006-07-21,1,4.326314449310303,4.466919726575494,4.310090653828334,4.4615116219763165,21058167
2006-07-24,3,4.542628765106201,4.553444452855771,4.35335241538478,4.358760518417273,12091657
2006-07-25,1,4.542628765106201,4.569668243637833,4.4561027447942285,4.542628765106201,6043869
2006-07-26,1,4.569666862487793,4.591298231449002,4.466917082449165,4.5426273921286535,7207558
2006-07-27,1,4.52640438079834,4.742720180686933,4.526404380798339,4.677825544383425,11620915
2006-07-28,1,4.694049835205078,4.710273625595405,4.515589695857695,4.5264048650307105,13363786
2006-07-31,3,4.688640594482422,4.721087645486625,4.607521671183868,4.694048177158846,7251979
2006-08-01,1,4.656194686889648,4.704865539923466,4.639970896439908,4.6778260619457,10012111
2006-08-02,1,4.672418117523193,4.721088966808939,4.667010015017949,4.694049490913444,6365670
2006-08-03,1,4.677825927734375,4.726496779371779,4.650786450532397,4.672418343283213,7004347
2006-08-04,1,4.623747825622559,4.726497120770186,4.607523516151011,4.7048657447723095,5528806
2006-08-07,3,4.553443908691406,4.634562334592153,4.553443908691406,4.634562334592153,6863245
2006-08-08,1,4.602116107940674,4.645379379912319,4.558852835969028,4.634563173182823,11064648
2006-08-09,1,4.569666862487793,4.69945611288556,4.569666862487793,4.661600958045816,10744656
2006-08-10,1,4.758944511413574,4.802207779982305,4.65619470208882,4.667010389652151,16353661
2006-08-11,1,4.677825927734375,4.818431416510813,4.672418343283213,4.813023313744262,7338208
2006-08-14,3,4.796799659729004,4.856285675527183,4.764351564031481,4.775167768702437,10440844
2006-08-15,1,5.007706165313721,5.0185223685286,4.802206597275475,4.8400617535817165,12447226
2006-08-16,1,5.121272563934326,5.13208824970274,5.002298983851137,5.007706567577684,17967189
2006-08-17,1,5.186168193817139,5.2402471513703315,5.1158654453349035,5.12127354841639,13342179
2006-08-18,1,5.126680850982666,5.164536533838459,5.067194311937861,5.164536533838459,7259718
2006-08-21,3,5.018524169921875,5.132089679604803,5.002300377591324,5.126681576056132,7301626
2006-08-22,1,5.0617876052856445,5.083419504071903,5.002301049833382,5.040156224814918,5998041
2006-08-23,1,4.915772914886475,5.056378397802198,4.899549125578449,5.056378397802198,7068567
2006-08-24,1,4.872509479522705,4.921180327433496,4.856285690780659,4.921180327433496,6915304
2006-08-25,1,4.83465576171875,4.910366625685176,4.829248176066829,4.883327142479061,4488732
2006-08-28,3,4.861694812774658,4.888733772379129,4.764352070284631,4.823839129034513,5222884
2006-08-29,1,4.872509479522705,4.888733268264752,4.834654318001496,4.86710189548559,5181177
2006-08-30,1,4.986073970794678,4.9968901733448785,4.899547978599796,4.926587966660051,7921812
2006-08-31,1,5.03474760055542,5.056378976565178,4.964444332735143,5.023931394235115,8785408
2006-09-01,1,5.050970077514648,5.1104566113257945,5.013114916304765,5.072601450115911,5640160
2006-09-05,4,5.072601318359375,5.0942326903987825,5.002299100073638,5.050969946319968,4702093
2006-09-06,1,4.910364627838135,5.045561470546579,4.877917053866321,5.040153887094806,10289893
2006-09-07,1,4.894141674041748,4.948220627657764,4.8346546177379786,4.9103654637896295,8675864
2006-09-08,1,4.845470905303955,4.942812608811621,4.807615222478319,4.942812608811621,8549937
2006-09-11,3,4.872509479522705,5.083417696538613,4.791391054127821,5.083417696538613,6423960
2006-09-12,1,5.03474760055542,5.040155185400146,4.877918310380687,4.883326413540839,13760158
2006-09-13,1,5.126680850982666,5.169944118306865,5.040154834649661,5.078009999190063,13299567
2006-09-14,1,5.1374969482421875,5.186168322234489,5.067194716334582,5.099642298996116,10715913
2006-09-15,1,5.142902374267578,5.234836452864133,5.13749427386742,5.1807575221232,8992036
2006-09-18,3,5.364629745483398,5.380853539098178,5.180760948375072,5.191577156328595,17932617
2006-09-19,1,5.22943115234375,5.326772855494812,5.115865140913659,5.326772855494812,14983545
2006-09-20,1,5.332180976867676,5.348405286780425,5.229431678925896,5.245654952207764,10237734
2006-09-21,1,5.2132086753845215,5.353813681079757,5.196984881334739,5.353813681079757,9025503
2006-09-22,1,5.1374969482421875,5.218615386580592,5.126681260126819,5.148313154672986,9467602
2006-09-25,3,5.294325351715088,5.332179994609749,5.137496086251713,5.196983138378397,13291828
2006-09-26,1,5.256470203399658,5.294325364702526,5.19157556712112,5.294325364702526,9343284
2006-09-27,1,5.175352573394775,5.261878595617906,5.169944470242831,5.20239153420822,8758676
2006-09-28,1,5.22402286529541,5.22402286529541,5.14831253922312,5.180759599690371,10567072
2006-09-29,1,5.1915764808654785,5.261878713523499,5.164537001130721,5.261878713523499,10841940
2006-10-02,3,5.22943115234375,5.294325793882921,5.164536510804578,5.191575987972182,10834402
2006-10-03,1,5.115865230560303,5.191576078945527,5.105049543166813,5.191576078945527,13788097
2006-10-04,1,5.175352573394775,5.186168261383239,5.05637896889083,5.0834184480197,13735335
2006-10-05,1,5.3267741203308105,5.3267741203308105,5.2023923921624675,5.229432394066075,10083064
2006-10-06,1,5.251061916351318,5.310548448215907,5.22402244232687,5.261877602298031,8134470
2006-10-09,3,5.256470203399658,5.288917262381253,5.2294307284239885,5.251062101078386,6082561
2006-10-10,1,5.299732685089111,5.380851624296447,5.267285109406177,5.326772158719783,14386273
2006-10-11,1,5.305141925811768,5.348405196569729,5.240247278832542,5.299733822598736,11604534
2006-10-12,1,5.4565629959106445,5.461971099520044,5.321366107145821,5.326773692439752,17075453
2006-10-13,1,5.570127964019775,5.618798813970215,5.461970058960693,5.47819384838263,10550389
2006-10-16,3,5.586352825164795,5.678286440123727,5.56472092901375,5.672878854822568,10148992
2006-10-17,1,5.418707370758057,5.532272872183807,5.3700365156206535,5.532272872183807,11168967
2006-10-18,1,5.2889180183410645,5.451154891384051,5.272694745689102,5.413299724670438,13023493
2006-10-19,1,5.251061916351318,5.2889170763224795,5.218614340195849,5.2835089741914585,7679104
2006-10-20,1,5.267284870147705,5.305140546163365,5.224022128956031,5.299732444356757,7103842
2006-10-23,3,5.348404407501221,5.375443364630935,5.267285462850655,5.299733040710882,8895255
2006-10-24,1,5.364629745483398,5.434931987288269,5.342997847891858,5.386261124759435,9652522
2006-10-25,1,5.391667366027832,5.413299258225538,5.3159570391242985,5.3646284078326065,11359314
2006-10-26,1,5.397075653076172,5.543088727559665,5.353812385517813,5.386259965765431,8323008
2006-10-27,1,5.245655059814453,5.402484357384965,5.245655059814453,5.397076253969776,8388232
2006-10-30,3,5.22943115234375,5.272694419474993,5.148312720840939,5.2456544239920015,12410644
2006-10-31,1,5.245655059814453,5.315957812634651,5.218615579369412,5.2726950585749455,7805332
2006-11-01,1,5.115865230560303,5.288917783802334,5.105049543166813,5.278102096408844,10841136
2006-11-02,1,5.1374969482421875,5.169944530903722,5.061786613119182,5.137496948242187,13923873
2006-11-03,1,5.164535999298096,5.164535999298096,5.083417575829424,5.126680320360446,9557047
2006-11-06,3,5.164535999298096,5.207799262144455,5.110456532003645,5.110456532003645,11255799
2006-11-07,1,5.196983337402344,5.240246602577168,5.142904385512654,5.148312488027769,15684834
2006-11-08,1,5.207799911499023,5.218615080664974,5.126680959600386,5.196983705702271,7665738
2006-11-09,1,5.126680850982666,5.245654447387668,5.110457060946668,5.240246862919262,10808272
2006-11-10,1,5.126680850982666,5.169944118306865,5.105049476478262,5.159127912739272,8938269
2006-11-13,3,5.180761337280273,5.191577546045738,5.110458571882467,5.153721851997697,7590363
2006-11-14,1,5.332180976867676,5.337589598487366,5.169944615840912,5.180760304133971,9058366
2006-11-15,1,5.353811740875244,5.402483105386241,5.299732792517689,5.391666901062465,10885356
2006-11-16,1,5.413300037384033,5.424115725881944,5.299734012367333,5.353812973172342,8776565
2006-11-17,1,5.397075653076172,5.4078913403869135,5.342996698207071,5.386259965765431,7566846
2006-11-20,3,5.413300037384033,5.424115725881944,5.332181077861068,5.332181077861068,12745209
2006-11-21,1,5.4511542320251465,5.456561816149905,5.375443389440307,5.4403380271449135,7821513
2006-11-22,1,5.575536251068115,5.591760042535027,5.42411557955144,5.434931267757569,11876989
2006-11-24,2,5.667469024658203,5.705323661718646,5.505231681891108,5.521455467999345,8016885
2006-11-27,3,5.553905010223389,5.743181372554792,5.537681736675912,5.6782862051030945,13331827
2006-11-28,1,5.553905010223389,5.5755363871636545,5.499826049557273,5.516049841420197,9365695
2006-11-29,1,5.662062644958496,5.7107345408546015,5.591760407867805,5.629615578220209,11818800
2006-11-30,1,5.813480377197266,5.840520360824211,5.683691151026763,5.710731134653709,17083794
2006-12-01,1,5.743181228637695,5.872970523657832,5.683694166069461,5.813483461089598,13913622
2006-12-04,3,5.991943836212158,6.029799002207664,5.764812321923719,5.8080755909109,17645388
2006-12-05,1,6.046022891998291,6.100101849540098,5.927049289069401,5.927049289069401,11921209
2006-12-06,1,5.964905261993408,6.073062673381812,5.954089572686116,6.046023709271328,13284190
2006-12-07,1,5.9486799240112305,6.056837297887443,5.91082424709195,5.943271303760222,7563429
2006-12-08,1,5.905417442321777,5.937864503269408,5.79725953586559,5.872969863058771,11731164
2006-12-11,3,5.878377914428711,6.002759620398514,5.851338435666381,5.9054179115064604,12532551
2006-12-12,1,5.781035900115967,5.835114336468165,5.683693678051229,5.835114336468165,12412654
2006-12-13,1,5.716140270233154,5.829705744417853,5.705324066516734,5.802666271757406,10313913
2006-12-14,1,5.791851997375488,5.791851997375488,5.694509768420165,5.705325456456217,8357982
2006-12-15,1,5.808077335357666,5.856748203639332,5.759406467076001,5.829708717190503,7953670
2006-12-18,3,5.856746673583984,5.948681318144838,5.770220132226273,5.845930985493128,7873471
2006-12-19,1,5.743181228637695,5.7539969168368,5.672878477870356,5.7539969168368,11242734
2006-12-20,1,5.721547603607178,5.824297906213407,5.69991623375075,5.764810861635312,8017990
2006-12-21,1,5.818892478942871,5.829708168841954,5.705326439213706,5.705326439213706,10309189
2006-12-22,1,5.813480377197266,5.867559307820835,5.78103332981222,5.818888477585687,4552650
2006-12-26,4,5.905417442321777,5.921640713637904,5.82970659681322,5.84052280211114,4484008
2006-12-27,1,5.95408821105957,5.959495795318824,5.91082494540869,5.91082494540869,5479662
2006-12-28,1,5.943273544311523,5.96490544189401,5.878378888195073,5.921642165044542,6184870
2006-12-29,1,5.910824298858643,6.024389775665156,5.894600511224765,6.013574608329656,4470843
2007-01-03,5,5.93245792388916,6.046023433916832,5.89460223556447,6.008167745592142,12438784
2007-01-04,1,5.93245792388916,5.970313093898384,5.835115169610358,5.937865509138783,17678653
2007-01-05,1,5.781035900115967,5.894601393928669,5.721548842655463,5.894601393928669,12691240
2007-01-08,3,5.813480377197266,5.8513355249707315,5.78103332981222,5.78103332981222,5477350
2007-01-09,1,5.743181228637695,5.867562420400561,5.721549333924048,5.867562420400561,7396096
2007-01-10,1,5.775629997253418,5.786445169357379,5.635024466853249,5.672879642479281,11091582
2007-01-11,1,5.9000115394592285,5.921642921489455,5.802669283692066,5.8080773883574075,17608203
2007-01-12,1,6.083878517150879,6.181220233410353,6.018983866872745,6.056839036342035,33519865
2007-01-16,4,6.116324424743652,6.164995791970834,6.083877364907557,6.137956316283075,14243463
2007-01-17,1,6.213667392730713,6.213667392730713,6.067654310012436,6.13795705897025,19711668
2007-01-18,1,6.083878517150879,6.219075921195102,6.062247139829987,6.208260232534656,20908723
2007-01-19,1,6.105509281158447,6.137956341125868,6.046022227078464,6.08387738953147,12316677
2007-01-22,3,5.981128692626953,6.083878512292324,5.970313003975144,6.083878512292324,11010579
2007-01-23,1,6.083878517150879,6.127141790108122,5.927049735785765,5.986536282575948,17382380
2007-01-24,1,6.208259582519531,6.208259582519531,6.078470295552416,6.164996314092025,12059698
2007-01-25,1,5.818892478942871,6.078471628098449,5.8134843748355705,6.046024040085683,47390574
2007-01-26,1,5.910824298858643,5.921639984509456,5.79725882205213,5.835113462672321,13772620
2007-01-29,3,5.824298858642578,5.921640557229762,5.8188907561364624,5.910824870532893,7460115
2007-01-30,1,5.9000115394592285,5.90541964412457,5.824301184037863,5.824301184037863,6525867
2007-01-31,1,5.9000115394592285,5.932459130820139,5.8080773883574075,5.872972052763659,9210423
2007-02-01,1,5.95408821105957,5.970312000468071,5.840522721830802,5.900009258574813,8544711
2007-02-02,1,5.916232585906982,6.008166175972323,5.894600695613375,5.997351008298514,7043643
2007-02-05,3,5.867563724517822,5.910827005245322,5.862156138374105,5.862156138374105,8542199
2007-02-06,1,5.93245792388916,5.970313093898384,5.89460223556447,5.94868171626896,9055954
2007-02-07,1,6.035208702087402,6.110919054111018,5.921642655736432,5.932458864581703,13428508
2007-02-08,1,6.013576030731201,6.040614992096151,5.981128447788564,6.040614992096151,7503732
2007-02-09,1,5.921640396118164,6.035206399133878,5.910824709715561,6.01357502632867,9731515
2007-02-12,3,5.775629997253418,5.9054193189185415,5.759406202466392,5.8621560389249865,11556394
2007-02-13,1,5.802667617797852,5.808075720910575,5.683694014156725,5.737772972022275,13869804
2007-02-14,1,6.029797554016113,6.062245127542337,5.856745037945252,5.862153139638052,12912843
2007-02-15,1,6.040613651275635,6.07846932907779,6.035206067529129,6.035206067529129,11425242
2007-02-16,1,6.073060989379883,6.078469610007002,6.002758769218878,6.078469610007002,4949826
2007-02-20,4,6.137956619262695,6.1866279888923765,6.046022501049368,6.0784700808024885,8291049
2007-02-21,1,6.208259582519531,6.213667167125842,6.089285983080441,6.137956836114259,7740409
2007-02-22,1,6.2461137771606445,6.2731537714946874,6.181219138378894,6.208259132712937,10243161
2007-02-23,1,6.159588813781738,6.294786735212798,6.137957436609423,6.294786735212798,6074823
2007-02-26,3,6.159588813781738,6.1649969172325445,6.105510370850951,6.1649969172325445,8577776
2007-02-27,1,5.916232585906982,6.067653226385579,5.910824483754748,6.062245642548674,16183816
2007-02-28,1,6.002758979797363,6.078469823241445,5.9486805463592525,5.975719503920626,9975529
2007-03-01,1,5.910824298858643,5.948679976109461,5.753995561133562,5.8459296666384475,15206554
2007-03-02,1,5.7539963722229,5.921640819230131,5.7539963722229,5.910825132054727,9541369
2007-03-05,3,5.46737813949585,5.656654490529772,5.299733682426484,5.353812639864747,19155400
2007-03-06,1,5.73777437210083,5.759406271514719,5.61880073942886,5.624208843861219,16901789
2007-03-07,1,5.678286075592041,5.764812618010497,5.65124711419114,5.737773138294159,12763902
2007-03-08,1,5.82970666885376,5.856746145801947,5.781035817673176,5.82970666885376,7744027
2007-03-09,1,5.813480377197266,5.818888477585687,5.645836003253296,5.78103332981222,22430796
2007-03-12,3,6.013576030731201,6.035207407149335,5.813483466443998,5.84052346443982,15808047
2007-03-13,1,5.9270477294921875,6.078468874429059,5.916232044492829,5.970310987804906,18061458
2007-03-14,1,5.981128692626953,6.029799550717821,5.8351150817234325,5.981128692626953,9948997
2007-03-15,1,6.029797554016113,6.056837025849537,5.954087240208638,5.981126712042063,11060427
2007-03-16,1,5.959496974945068,6.046023523373943,5.954089389615435,6.029799730754095,8237683
2007-03-19,3,5.970311164855957,6.062245267549759,5.954087377718157,5.964903063038258,9695034
2007-03-20,1,6.116324424743652,6.127140629671043,5.986535148768552,5.997351353695944,9877341
2007-03-21,1,6.2461137771606445,6.283969458239085,6.078469855149435,6.127140704656906,9281376
2007-03-22,1,6.132547855377197,6.283969014041282,6.094692695290008,6.283969014041282,14519034
2007-03-23,1,6.148773670196533,6.202852636236103,6.062247635522521,6.062247635522521,7086657
2007-03-26,3,6.181220531463623,6.186629153527832,6.073062603012961,6.16499725684841,9676743
2007-03-27,1,6.013576030731201,6.154181014079945,6.013576030731201,6.154181014079945,6576820
2007-03-28,1,5.851337432861328,6.013574795946409,5.840522265188407,6.013574795946409,13758952
2007-03-29,1,5.840521335601807,5.9865338506766035,5.759402926127865,5.91623164378472,22769179
2007-03-30,1,5.813480377197266,5.856743625359153,5.78103332981222,5.818888477585687,9627900
2007-04-02,3,5.82970666885376,5.894601309866332,5.775628233272769,5.845930458685749,6349188
2007-04-03,1,5.894602298736572,5.894602298736571,5.808076268976118,5.867562817252279,16976259
2007-04-04,1,5.82970666885376,5.937864576646508,5.802667191905573,5.894601309866332,12961585
2007-04-05,1,5.93245792388916,5.975720679148007,5.845931376740535,5.889194650314847,12080301
2007-04-09,4,5.878377914428711,6.002759620398514,5.862154641823649,6.002759620398514,8725913
2007-04-10,1,5.845930099487305,5.910824736512478,5.802666835365405,5.835113894720315,11179921
2007-04-11,1,5.824298858642578,5.9000091838360245,5.802666966933477,5.894601081329908,7455894
2007-04-12,1,5.840521335601807,5.872968388402234,5.786441877637264,5.83511271599553,8070753
2007-04-13,1,5.786442756652832,5.851337390427046,5.743180013013573,5.791850858765402,8323108
2007-04-16,3,5.824298858642578,5.862154021239301,5.770219388527506,5.851337816227069,13586394
2007-04-17,1,5.7648115158081055,5.84052235552759,5.732364457341473,5.84052235552759,10811790
2007-04-18,1,5.77022123336792,5.8297083066928,5.759406061528616,5.77022123336792,10639633
2007-04-19,1,5.705325126647949,5.7269570197850035,5.662061858689237,5.6891018546894045,14985253
2007-04-20,1,5.6890997886657715,5.8783755454073745,5.640428435519179,5.872967962823449,16506421
2007-04-23,3,5.721547603607178,5.764810861635312,5.69991623375075,5.759403278328845,10061055
2007-04-24,1,5.8351149559021,5.867562539473323,5.662062386258281,5.813483579064914,27024651
2007-04-25,1,5.921640396118164,5.937864184879745,5.835113868266635,5.845930072984589,27902016
2007-04-26,1,5.964905261993408,5.981129055112089,5.867563021596807,5.867563021596807,18366676
2007-04-27,1,5.781035900115967,5.894601393928669,5.753996422782173,5.889193809451145,16408132
2007-04-30,3,5.699917793273926,5.770220023699961,5.699917793273926,5.764812438913955,13280874
2007-05-01,1,5.781035900115967,5.797259690179322,5.683693678051229,5.705325052592108,8039598
2007-05-02,1,5.743181228637695,5.786443981434116,5.7161417489822135,5.7756288115504475,11618503
2007-05-03,1,5.791851997375488,5.818891476623333,5.726957350843749,5.726957350843749,9798348
2007-05-04,1,5.786442756652832,5.900008754494201,5.786442756652832,5.894600652381631,9569610
2007-05-07,3,5.786442756652832,5.818890332697602,5.759403801035958,5.786442756652832,5307907
2007-05-08,1,5.678286075592041,5.759405033056492,5.662062284099151,5.75399692978705,7262230
2007-05-09,1,5.6945109367370605,5.6945109367370605,5.61880058663612,5.635024381176475,12284517
2007-05-10,1,5.63502311706543,5.7053253471100955,5.613391223092487,5.7053253471100955,14074924
2007-05-11,1,5.629613399505615,5.656652870480721,5.586350660597662,5.586350660597662,10183162
2007-05-14,3,5.532271862030029,5.640429758866881,5.516048592156767,5.597166496469074,11532174
2007-05-15,1,5.55931282043457,5.618799363040885,5.505233344304997,5.575536093126479,8597574
2007-05-16,1,5.678286075592041,5.694509867084931,5.559312986818679,5.564720571772684,12650538
2007-05-17,1,5.775629997253418,5.856747934557464,5.6512482616402755,5.6512482616402755,26391802
2007-05-18,1,5.6945109367370605,5.818892670459062,5.689103350767299,5.786445081378354,50246784
2007-05-21,3,5.683694362640381,5.775629011300933,5.667471088938358,5.726957635248502,24418384
2007-05-22,1,5.7648115158081055,5.802666676510179,5.662061201542092,5.710733085030385,19368561
2007-05-23,1,5.6945109367370605,5.8351159466838824,5.683695246482003,5.79185318566365,15541018
2007-05-24,1,5.63502311706543,5.759404822884744,5.5863522626782895,5.7269572410830385,30232209
2007-05-25,1,5.662062644958496,5.678286437485375,5.580944718955043,5.624207992921563,16438785
2007-05-29,4,5.748587131500244,5.7810347049185955,5.705323873047537,5.726955761431532,16839177
2007-05-30,1,5.7648115158081055,5.791850990354634,5.6782849899330765,5.7539958296525615,13727998
2007-05-31,1,5.9000115394592285,5.921642921489455,5.7702216923311545,5.818893079372521,18564159
2007-06-01,1,5.991943836212158,6.0135757298634545,5.872970235233968,5.937864879557035,17743878
2007-06-04,3,5.943273544311523,6.002760614768981,5.927050269019039,5.948682166601526,12507627
2007-06-05,1,5.856746673583984,5.9865359673051195,5.79726012992656,5.959496487920264,31429365
2007-06-06,1,5.82970666885376,5.894601309866332,5.775628233272769,5.862154248517737,9908596
2007-06-07,1,5.791851997375488,5.889194226330813,5.786443894199748,5.862154747082968,20211253
2007-06-08,1,5.965104103088379,5.97639086064048,5.824018281461399,5.869165852560089,17631921
2007-06-11,3,5.903027534484863,5.953818226040058,5.891740774238199,5.93124470554673,14579635
2007-06-12,1,5.795801162719727,5.863522249455244,5.773227106547695,5.863522249455244,11875683
2007-06-13,1,5.857880115509033,5.863523766234516,5.784515901420333,5.795802661980869,15673578
2007-06-14,1,5.982035160064697,6.010252327457091,5.869166490495123,5.891740008052901,22370395
2007-06-15,1,6.106188774108887,6.140050125164629,5.993320668967711,5.993320668967711,20602500
2007-06-18,3,6.02154016494751,6.1061916898932465,5.998966641318176,6.094905468969067,12754254
2007-06-19,1,6.038468360900879,6.0553987678515915,5.965104165598274,6.032825252510834,9767595
2007-06-20,1,6.094903469085693,6.156980909142516,6.055399004360984,6.151337259641754,20268237
2007-06-21,1,6.337569713592529,6.348857011868984,6.12311970058431,6.12311970058431,22318537
2007-06-22,1,6.1964850425720215,6.326284117467172,6.1682678758943945,6.286779651406231,16197685
2007-06-25,3,6.20212984085083,6.33192895110362,6.20212984085083,6.314998538307087,13686291
2007-06-26,1,6.213416576385498,6.303711201577573,6.168268993344247,6.303711201577573,11499109
2007-06-27,1,6.28678035736084,6.298067658011626,6.1569818087806905,6.179555328301484,7901410
2007-06-28,1,6.303709506988525,6.337569779499185,6.219058014376451,6.219058014376451,9823774
2007-06-29,1,6.281136989593506,6.399648773539073,6.2190590021288985,6.3037105081858895,13889502
2007-07-02,3,6.365789413452148,6.382719284392154,6.3149981779607955,6.32064182886776,12859678
2007-07-03,1,6.4278669357299805,6.4447973477362535,6.360145828595337,6.38836354253276,5946082
2007-07-05,2,6.4278669357299805,6.456084649667403,6.37707624060161,6.433510586695554,20753752
2007-07-06,1,6.4786577224731445,6.50687489356334,6.382718908054151,6.394006209202559,18436725
2007-07-09,3,6.6197404861450195,6.664887506090886,6.48429780363694,6.591523328233773,20947717
2007-07-10,1,6.461727619171143,6.568953198951272,6.4560845092187815,6.535092375675349,17535140
2007-07-11,1,6.433510780334473,6.473014715611152,6.394006845057794,6.427867129199033,15924526
2007-07-12,1,6.597167491912842,6.602811140755066,6.461725328601919,6.478655734238346,10888672
2007-07-13,1,6.5802388191223145,6.636673699735432,6.568952600246236,6.625386399078574,10991785
2007-07-16,3,6.591524600982666,6.642315278673951,6.439152027018546,6.602811358148478,12971535
2007-07-17,1,6.6253862380981445,6.653603407273902,6.529447971078647,6.529447971078647,12932842
2007-07-18,1,6.410939693450928,6.54638196325897,6.30935772064956,6.422226459119819,17524085
2007-07-19,1,6.337569713592529,6.394004582303974,6.292422684047815,6.360143769255163,20027740
2007-07-20,1,6.151336669921875,6.3206396480301565,6.061042072798281,6.2980661339718225,21393736
2007-07-23,3,6.21906042098999,6.235990834242088,6.173913373505051,6.230347723751716,13816036
2007-07-24,1,6.151336669921875,6.3432137029787485,6.02718180171078,6.156980318881589,15984726
2007-07-25,1,6.151336669921875,6.224701401946849,6.072328829827447,6.185197481899635,13326903
2007-07-26,1,5.767584800720215,6.010252557771977,5.6998637045614435,6.010252557771977,28733955
2007-07-27,1,5.699863910675049,5.8240193482707925,5.603925642573356,5.8240193482707925,25589209
2007-07-30,3,5.801445960998535,5.857879760379965,5.711150800207457,5.801445960998535,19054699
2007-07-31,1,5.728081226348877,5.891741153579228,5.705507704402148,5.852237219727229,17469413
2007-08-01,1,5.609567642211914,5.6321416978756185,5.428977901353664,5.586994127438487,18272005
2007-08-02,1,5.699863910675049,5.767585009282692,5.423335865989512,5.699863910675049,14925456
2007-08-03,1,5.474127292633057,5.835306894487625,5.457197421366792,5.835306894487625,18280749
2007-08-06,3,5.6547160148620605,5.666003314740337,5.428978671542182,5.575708161056244,16319592
2007-08-07,1,5.581352233886719,5.626499273259141,5.491057073361087,5.524917893780797,12688426
2007-08-08,1,5.795801162719727,5.835305084907921,5.677288855264856,5.699862911436887,12370947
2007-08-09,1,5.51927375793457,5.722437039911256,5.4176923873914005,5.7167939309312725,26989777
2007-08-10,1,5.586994171142578,5.64342849940788,5.389474563104304,5.64342849940788,18508281
2007-08-13,3,5.6603593826293945,5.756297640579701,5.586994641529633,5.756297640579701,13358560
2007-08-14,1,5.417693138122559,5.7167947231090155,5.417693138122559,5.688577551627997,16883799
2007-08-15,1,5.186310768127441,5.428977947102668,5.158093603977738,5.38947456636142,30594913
2007-08-16,1,5.1411638259887695,5.214528021318515,4.943643673568063,5.090372605117843,22003068
2007-08-17,1,5.474127292633057,5.502345006821227,5.276607620439507,5.299181142721497,16835961
2007-08-20,3,5.485412120819092,5.586993466166711,5.4176910436239405,5.5644194131748534,8833146
2007-08-21,1,5.4571967124938965,5.564421199850447,5.389475613554231,5.564421199850447,11068065
2007-08-22,1,5.575708389282227,5.626499077252033,5.502344182412591,5.513630400972131,16875156
2007-08-23,1,5.615211486816406,5.643428108102285,5.479768783836879,5.643428108102285,10086180
2007-08-24,1,5.6660027503967285,5.677288967370172,5.553134089978702,5.564420306952146,7980303
2007-08-27,3,5.485412120819092,5.643427787311039,5.45155131177641,5.643427787311039,10061256
2007-08-28,1,5.3048248291015625,5.491057741395628,5.2822507657786275,5.491057741395628,8762294
2007-08-29,1,5.491056442260742,5.502343741696965,5.3443274993834935,5.372544666193387,8693954
2007-08-30,1,5.378188610076904,5.519274466032365,5.366901849778551,5.423336192160734,7645437
2007-08-31,1,5.598282814025879,5.603925923673525,5.513630760407088,5.5587783420403065,10421448
2007-09-04,4,5.711149215698242,5.750653134750419,5.558776647416852,5.570063945051969,12640488
2007-09-05,1,5.626498699188232,5.666003165944057,5.592638423113675,5.598282072904604,14275221
2007-09-06,1,5.711149215698242,5.750653134750419,5.620854620849018,5.694218810135811,12682899
2007-09-07,1,5.485412120819092,5.620854275209393,5.406403746682906,5.620854275209393,16333360
2007-09-10,3,5.491056442260742,5.61521240893654,5.434622649531287,5.524917258788747,12108340
2007-09-11,1,5.530559062957764,5.575706627381351,5.462837986767485,5.547489467227884,12389037
2007-09-12,1,5.558778762817383,5.6660043449241195,5.474127243681226,5.524918479697191,13083592
2007-09-13,1,5.6660027503967285,5.7111497818517005,5.513629626120154,5.530560033360917,13220976
2007-09-14,1,5.632141590118408,5.671645510661234,5.603924426746351,5.626497941087891,11346148
2007-09-17,3,5.5418477058410645,5.609568805090387,5.502344317243546,5.558778115875992,8778374
2007-09-18,1,5.773228168487549,5.784515469094917,5.502344312608817,5.54184770117306,13417152
2007-09-19,1,5.705508708953857,5.750656301686764,5.643431242225336,5.750656301686764,16512652
2007-09-20,1,5.688576698303223,5.72808008338237,5.637786013612503,5.6885766983032235,11045854
2007-09-21,1,5.784514904022217,5.807088421251039,5.69421975332626,5.699863403078633,9372328
2007-09-24,3,5.795801162719727,5.869165898720824,5.7675839981724035,5.812731569626178,11343736
2007-09-25,1,5.711149215698242,5.76758354031285,5.67728840457338,5.7562967835679775,15781716
2007-09-26,1,5.677289009094238,5.80708807770696,5.643428735254161,5.750653747083194,13897843
2007-09-27,1,5.801445960998535,5.840949350120338,5.733724860850424,5.773228249972227,11353987
2007-09-28,1,5.711149215698242,5.807087459365025,5.705505566880683,5.790157053802594,7843623
2007-10-01,3,5.8860979080200195,5.948175908984478,5.74501203391033,5.756299336551493,10708174
2007-10-02,1,5.936885356903076,5.953815218275191,5.874807395571522,5.897381445551241,10962942
2007-10-03,1,5.857880115509033,5.942531631048698,5.807089422541406,5.874810526795052,8875959
2007-10-04,1,5.874807834625244,5.953815663233563,5.8465912165995695,5.874807834625244,11784630
2007-10-05,1,6.032824993133545,6.1118328343195945,5.908669041426514,5.9312430966870044,11529561
2007-10-08,3,5.9876790046691895,6.100547688106073,5.959462374700378,5.9876790046691895,10397529
2007-10-09,1,6.038468360900879,6.049755659461547,5.925599702416514,6.015894845560122,14241051
2007-10-10,1,6.083617210388184,6.106190730470701,5.925600947139357,6.038469629332747,15874779
2007-10-11,1,5.761941432952881,6.015895961657543,5.699863983803753,5.982035682364489,22792797
2007-10-12,1,5.6660027503967285,5.784514519301477,5.6264982865381805,5.784514519301477,16922592
2007-10-15,3,5.643428802490234,5.8014450382974525,5.620855286327907,5.716793541353262,11790660
2007-10-16,1,5.626498699188232,5.694219792227686,5.586994773322746,5.688576683327095,10599433
2007-10-17,1,5.745008945465088,5.795800157374145,5.632140847744304,5.722435434098969,12266527
2007-10-18,1,5.699863910675049,5.767585009282692,5.632142812067405,5.728080539278716,13324792
2007-10-19,1,5.496698379516602,5.7055052612264365,5.474124867236161,5.643427832010116,15072789
2007-10-22,3,5.479769229888916,5.541846667195327,5.417691792582505,5.491055987500055,9349615
2007-10-23,1,5.6547160148620605,5.666003314740337,5.541847343202122,5.564420861177968,16278387
2007-10-24,1,5.513630390167236,5.609568656639071,5.366901435825128,5.609568656639071,16157284
2007-10-25,1,5.51927375793457,5.609568369627427,5.474126181642969,5.609568369627427,21184194
2007-10-26,1,5.59263801574707,5.626498289355252,5.558777201248589,5.603924773616464,22524562
2007-10-29,3,5.931244850158691,5.94817526138668,5.722437887387961,5.7393682986159495,29765688
2007-10-30,1,5.869166374206543,5.89173989131706,5.733724189762771,5.812732040539916,15677296
2007-10-31,1,6.010252475738525,6.055399511967923,5.880453394353119,5.897383803384321,21427404
2007-11-01,1,5.925601482391357,6.061044237792038,5.722438160626014,5.722438160626014,23194495
2007-11-02,1,5.863523483276367,5.953818104293706,5.795802382290762,5.857879832823232,17370822
2007-11-05,3,5.756298065185547,5.891740258060188,5.699863728006052,5.745010765037355,11784328
2007-11-06,1,5.8860979080200195,5.908671431521376,5.756299336551493,5.756299336551493,9938746
2007-11-07,1,5.733724594116211,5.88609665669328,5.722437293874617,5.88609665669328,9930505
2007-11-08,1,5.586994171142578,5.77887121177877,5.507986327927268,5.705505935965543,17854026
2007-11-09,1,5.536203384399414,5.637785281479586,5.507986220815492,5.530559735326522,13851814
2007-11-12,3,5.412049293518066,5.6095689459162426,5.412049293518066,5.524917975397254,13630815
2007-11-13,1,5.637785911560059,5.6377859115600595,5.479769669652105,5.479769669652105,20986008
2007-11-14,1,5.553134441375732,5.6772893266236055,5.536204033063629,5.615212424890002,8140500
2007-11-15,1,5.4459099769592285,5.59263949062748,5.389476172729642,5.5869958397593,14969676
2007-11-16,1,5.502344131469727,5.5079872406972505,5.383831265226544,5.468483312543103,9207910
2007-11-19,3,5.378188610076904,5.502344596030042,5.378188610076904,5.462840123650181,11246854
2007-11-20,1,5.451551914215088,5.598281381761165,5.3781871804420485,5.406404344132428,11248563
2007-11-21,1,5.231459140777588,5.378188092311215,5.169381153777354,5.361257683048391,15221428
2007-11-23,2,5.355613708496094,5.412048036326274,5.316109246302746,5.3612568167449455,7668451
2007-11-26,3,5.355613708496094,5.479769121544435,5.349970059356965,5.3612568167449455,12451347
2007-11-27,1,5.321754455566406,5.383831362644271,5.25403335737815,5.383831362644271,13308310
2007-11-28,1,5.502344131469727,5.553134818969292,5.304823949808618,5.304823949808618,14599836
2007-11-29,1,5.502344131469727,5.541847518733505,5.412048974925644,5.474126421770627,12514260
2007-11-30,1,5.598282814025879,5.677290135325792,5.564421451687952,5.603925923673525,16528431
2007-12-03,3,5.513630390167236,5.626499066225953,5.496699980580353,5.620855956957241,12347128
2007-12-04,1,5.474127292633057,5.564421922651471,5.445910119335341,5.485414594664507,8705913
2007-12-05,1,5.649074077606201,5.666004490045155,5.564422015411434,5.575709317631047,16700386
2007-12-06,1,5.790157794952393,5.801445094032303,5.632142098517417,5.632142098517417,10510993
2007-12-07,1,5.812731742858887,5.857878774767857,5.767584170059612,5.812731742858887,10311199
2007-12-10,3,5.716794967651367,5.7788729639212315,5.666004273169073,5.682934144069542,9017061
2007-12-11,1,5.6039252281188965,5.8240189175386705,5.586994819496527,5.728080115642024,13668804
2007-12-12,1,5.643428802490234,5.750653815596753,5.558777305546044,5.699863133786361,9967791
2007-12-13,1,5.564420700073242,5.58135164940046,5.457196222347227,5.55877759118784,12614458
2007-12-14,1,5.4459099769592285,5.575709078913383,5.428979565245132,5.575709078913383,8700386
2007-12-17,3,5.3048248291015625,5.485414631232739,5.293537526994865,5.485414631232739,13084899
2007-12-18,1,5.4346232414245605,5.48541393085793,5.333040780777041,5.355614841217731,10374213
2007-12-19,1,5.462841033935547,5.496701320472822,5.3894768093261955,5.3894768093261955,10411900
2007-12-20,1,5.4571967124938965,5.5192741611509275,5.417692783186624,5.502344292083801,7812669
2007-12-21,1,5.536203384399414,5.541846492582036,5.462838650903163,5.502343112632869,8782795
2007-12-24,3,5.5418477058410645,5.57570852591092,5.502344317243546,5.553135006457941,1896435
2007-12-26,2,5.609567642211914,5.609567642211915,5.5079862848412136,5.54749020613985,4822693
2007-12-27,1,5.530559062957764,5.660358107841749,5.513628658687643,5.649071351958403,4903495
2007-12-28,1,5.586994171142578,5.598281469507862,5.491055921269622,5.553133898717565,9009121
2007-12-31,3,5.62085485458374,5.660358775278627,5.592637691103068,5.615211746421767,6737922
2008-01-02,2,5.400763034820557,5.586995944495499,5.355615449700089,5.553135661322987,13048015
2008-01-03,1,5.327396392822266,5.440265045267397,5.304822878689344,5.361256664021649,10655211
2008-01-04,1,5.039582252502441,5.338683784313701,5.0226518444456865,5.304823509090516,20526421
2008-01-07,3,4.93800163269043,5.079087501802535,4.870280523694712,5.079087501802535,18029800
2008-01-08,1,4.9436445236206055,5.062156310916787,4.909783703884336,4.943644523620606,18814906
2008-01-09,1,5.112947940826416,5.158095528488787,4.9718620674380585,4.983149370021513,20390545
2008-01-10,1,5.124234199523926,5.129877308775582,5.011365523806338,5.05086945212942,15793173
2008-01-11,1,5.017007827758789,5.067798507322947,4.983147555012779,5.067798507322947,14975706
2008-01-14,3,5.107304096221924,5.1298776163627995,5.0395829949088915,5.101660445741502,14863648
2008-01-15,1,4.949286937713623,5.135519797430211,4.9436438291439035,5.107303172800997,17130527
2008-01-16,1,4.785627365112305,4.926713185960366,4.672758708433856,4.909782779280542,16620690
2008-01-17,1,4.734836101531982,4.949286090038781,4.712262589338703,4.825131232085529,19108266
2008-01-18,1,4.875922203063965,4.988790311820975,4.779983959041845,4.796913823776736,16507024
2008-01-22,4,4.509100437164307,4.672759531369361,4.266432674390544,4.413162170269668,20373762
2008-01-23,1,4.830776691436768,4.87028062745166,4.345441886331016,4.447023281543459,25966687
2008-01-24,1,4.904139995574951,5.0226523223585335,4.819488488126785,4.887209585907243,17356652
2008-01-25,1,4.909782409667969,5.10730254398577,4.904138760902792,4.92106916630808,19866237
2008-01-28,3,4.909782409667969,4.937999571713369,4.785627004846255,4.858991734342344,11690461
2008-01-29,1,5.022651672363281,5.062155595882038,4.9436438253257675,5.0452251884053405,11860708
2008-01-30,1,5.017007827758789,5.169380407341549,4.954929849722342,5.028295126231078,18682246
2008-01-31,1,5.220171928405762,5.287893018687867,4.960574325509306,5.1693807050264455,22262458
2008-02-01,1,5.502344131469727,5.524917650160563,5.316110168263666,5.333040577726978,23160225
2008-02-04,3,5.513630390167236,5.5474912093410005,5.423335773854487,5.541847559181915,12035277
2008-02-05,1,5.1580939292907715,5.445908697235613,5.1580939292907715,5.445908697235613,20530240
2008-02-06,1,5.1411638259887695,5.293535865930682,5.135519635816059,5.158093692055456,11811363
2008-02-07,1,5.220171928405762,5.287893018687867,5.0452252826942,5.135519889440235,17001987
2008-02-08,1,5.214527130126953,5.265317801427183,5.124232543272077,5.135518758127464,9359263
2008-02-11,3,5.3161091804504395,5.333039586767826,5.180667011691881,5.220171473395873,11406046
2008-02-12,1,5.383830547332764,5.440265418315422,5.31610945939999,5.333039866605757,10723249
2008-02-13,1,5.479769229888916,5.485412879139629,5.366900571996947,5.417691792582505,10441749
2008-02-14,1,5.474127292633057,5.575709224682922,5.451553770351067,5.451553770351067,19969752
2008-02-15,1,5.479769229888916,5.5531339656967535,5.395117736469939,5.412048143331792,12235272
2008-02-19,4,5.536203384399414,5.603924468822772,5.513629328998115,5.519272978071006,19628856
2008-02-20,1,5.513630390167236,5.530560799754118,5.4176926645857755,5.496699980580353,12835357
2008-02-21,1,5.417693138122559,5.609569146946893,5.389475966641541,5.558778454637229,18506070
2008-02-22,1,5.462841033935547,5.491058209828529,5.344329219719322,5.434624398933069,13163188
2008-02-25,3,5.570065498352051,5.586995367745397,5.428979106581136,5.507987507608465,13565389
2008-02-26,1,5.716794967651367,5.7506552503427475,5.553135582416915,5.603926276899208,15799002
2008-02-27,1,5.778872489929199,5.812732769843309,5.64907339803245,5.64907339803245,14249995
2008-02-28,1,5.6603593826293945,5.761940749347175,5.649072624204122,5.72807993318103,13183590
2008-02-29,1,5.496698379516602,5.632141075869896,5.485412164266598,5.592637158934016,9337254
2008-03-03,3,5.4346232414245605,5.5474913800664485,5.361257950660111,5.5474913800664485,14820132
2008-03-04,1,5.6547160148620605,5.677289532837907,5.502343957189566,5.570065052007458,28308739
2008-03-05,1,5.812731742858887,5.863522424201631,5.750653762648596,5.756297412082369,20783500
2008-03-06,1,5.739367961883545,5.903027332074445,5.7224375516488735,5.812732712306857,19604032
2008-03-07,1,5.682934284210205,5.824020151129568,5.603926415091545,5.716795108627035,22971988
2008-03-10,3,5.609567642211914,5.699862783086178,5.558776963526564,5.643428455262332,21618655
2008-03-11,1,5.936885356903076,5.936885356903076,5.711148102446718,5.711148102446718,23805234
2008-03-12,1,5.801445960998535,5.931244510911417,5.801445960998535,5.869167061146646,12600489
2008-03-13,1,5.750654220581055,5.790158147092308,5.553134588024789,5.728080161938662,20892744
2008-03-14,1,5.575708389282227,5.756298163151995,5.519274051142276,5.739367753531935,15435694
2008-03-17,3,5.474127292633057,5.558778812526201,5.372545901473647,5.378189011598916,16274467
2008-03-18,1,5.728081226348877,5.728081226348877,5.5305615570888795,5.632143487630055,16088442
2008-03-19,1,5.524916648864746,5.761940174833208,5.513629350674587,5.699862739238689,13728300
2008-03-20,1,5.824018955230713,5.874809640536187,5.62649878210222,5.688576767155885,17885784
2008-03-24,4,6.2642059326171875,6.3037098565151695,6.123120103774169,6.168267677181998,22853398
2008-03-25,1,6.179553985595703,6.26420547674102,6.140050605462881,6.26420547674102,18325974
2008-03-26,1,6.055400371551514,6.179555820587333,6.010253328913349,6.179555820587333,25658554
2008-03-27,1,5.824018955230713,6.03282588721705,5.756297861193299,6.03282588721705,36010758
2008-03-28,1,5.739367961883545,5.846593532776199,5.688577272069925,5.8409493415107825,24311955
2008-03-31,3,5.795801162719727,5.852235491814372,5.7337237252497895,5.7337237252497895,22791088
2008-04-01,1,5.982035160064697,6.010252327457091,5.812732155710336,5.812732155710336,21019072
2008-04-02,1,5.9086713790893555,6.0384704902965645,5.891741507058812,6.010253856615498,20032966
2008-04-03,1,6.015894412994385,6.03846792671202,5.840947788566833,5.840947788566833,15121129
2008-04-04,1,5.8860979080200195,6.004610258628354,5.8691680358392455,5.970749432485834,17943169
2008-04-07,3,5.919957160949707,6.00460866291961,5.869166476123901,5.891739993626405,17137059
2008-04-08,1,5.835306167602539,5.931244436685962,5.8240194078675,5.869166987698048,15330772
2008-04-09,1,5.750654220581055,5.852236132245954,5.728080161938662,5.824018964610723,12972942
2008-04-10,1,5.931244850158691,5.998965954180221,5.818376163159331,5.818376163159331,23585641
2008-04-11,1,5.801445960998535,5.903027340775504,5.778872441245963,5.869167061146646,16218187
2008-04-14,3,5.756298065185547,5.852236330212615,5.756298065185547,5.852236330212615,17896236
2008-04-15,1,5.846593379974365,5.863523248876176,5.790158500370266,5.863523248876176,17423082
2008-04-16,1,6.18519926071167,6.18519926071167,5.993322713362951,6.004609473638096,16780485
2008-04-17,1,6.162624835968018,6.1908420029610065,6.07232968523432,6.128764019220297,13880959
2008-04-18,1,6.2472758293151855,6.314996922280818,6.173911627455115,6.230345961741531,13342983
2008-04-21,3,6.2472758293151855,6.275493537348732,6.173911627455115,6.241632720420746,8824101
2008-04-22,1,6.072329998016357,6.241633008694986,6.038469179524487,6.241633008694986,17868397
2008-04-23,1,6.015894412994385,6.0666850893041895,5.948173330951228,6.03846792671202,15706542
2008-04-24,1,6.055400371551514,6.106191064964666,5.908670860306179,5.9763925060442915,12141706
2008-04-25,1,6.055400371551514,6.0666871322110545,5.914315051971599,6.038469960116985,11204343
2008-04-28,3,6.156984806060791,6.207776061043839,6.094907326713493,6.094907326713493,12064623
2008-04-29,1,6.111834526062012,6.173912519098579,6.077974245134224,6.123121286371274,14542651
2008-04-30,1,6.343214511871338,6.388362086635525,6.190841920321243,6.190841920321243,18892191
2008-05-01,1,6.388362407684326,6.4165790348283585,6.292423603655126,6.3488579397239,14288587
2008-05-02,1,6.371431350708008,6.4109352737605105,6.292422963712702,6.394004866483638,12926712
2008-05-05,3,6.28678035736084,6.348858347378607,6.2359896679938585,6.348858347378607,6700938
2008-05-06,1,6.484299659729004,6.501230067500011,6.247275573605835,6.264205981376843,18080251
2008-05-07,1,6.28678035736084,6.433509856917168,6.264206837840046,6.433509856917168,13523179
2008-05-08,1,6.230344295501709,6.326282529952881,6.19648348762944,6.309352126016746,14612097
2008-05-09,1,6.18519926071167,6.252920363252959,6.123121267862747,6.2021291306791815,11230774
2008-05-12,3,6.343214511871338,6.388362086635525,6.1964850291103115,6.207772328469105,9832015
2008-05-13,1,6.439154148101807,6.484301191636671,6.331928567480396,6.377076151905703,15564837
2008-05-14,1,6.377075672149658,6.456084074172649,6.360145261652561,6.444796773247648,11391273
2008-05-15,1,6.461727619171143,6.484301140761465,6.343215819486291,6.4109369251476975,10019448
2008-05-16,1,6.5745954513549805,6.602812620107635,6.45043947613101,6.45043947613101,10786966
2008-05-19,3,6.523804664611816,6.71003754283108,6.5181604737007195,6.523804664611816,17348813
2008-05-20,1,6.354501724243164,6.51816054506158,6.314997255446234,6.433509580056294,14300848
2008-05-21,1,6.292422771453857,6.410935077880639,6.25856249882498,6.337569801625695,9239869
2008-05-22,1,6.32064151763916,6.382718970106858,6.258564065171463,6.258564065171463,8947414
2008-05-23,1,6.145694732666016,6.275493815455048,6.083616745843759,6.275493815455048,12688929
2008-05-27,4,6.365789413452148,6.399649696222605,6.173912855081558,6.202129486945049,14581444
2008-05-28,1,6.512517929077148,6.574595921124747,6.377075725742906,6.427866416770645,19339818
2008-05-29,1,6.518162250518799,6.529449553637134,6.354503386879542,6.461728439379662,16754556
2008-05-30,1,6.461727619171143,6.484301140761465,6.399649623462097,6.473014379966304,17579158
2008-06-02,3,6.461727619171143,6.535092375675349,6.360145690233813,6.360145690233813,12112863
2008-06-03,1,6.3940043449401855,6.4617254276335325,6.360143533148385,6.399647452978649,15754380
2008-06-04,1,6.535092353820801,6.5520227654021435,6.354502559030829,6.360145668964318,16026232
2008-06-05,1,6.71567964553833,6.755183563910579,6.495585458795392,6.495585458795392,20573355
2008-06-06,1,6.546379566192627,6.659248263334125,6.535092804656572,6.608457025086166,17935531
2008-06-09,3,6.343214511871338,6.478656695273572,6.28113652895929,6.461726287125711,14669884
2008-06-10,1,6.173911094665527,6.258562588789987,6.123119873656676,6.258562588789987,13132435
2008-06-11,1,6.162624835968018,6.365788113783337,6.151337536458554,6.2416326871922525,21154245
2008-06-12,1,6.230344295501709,6.33756874472338,6.185196731968747,6.230344295501709,15511773
2008-06-13,1,6.337569713592529,6.410934988828379,6.230345247978695,6.230345247978695,12335370
2008-06-16,3,6.360141277313232,6.394002077095177,6.264203065784474,6.269846171821422,8660387
2008-06-17,1,6.298068523406982,6.399649916098885,6.286781221205247,6.354502870853801,11704531
2008-06-18,1,6.241632461547852,6.314996660365129,6.207772186914566,6.314996660365129,15679507
2008-06-19,1,6.281136989593506,6.343214977058113,6.1682683148508515,6.247276170814563,17065202
2008-06-20,1,6.094903469085693,6.196484832976914,6.044112246249772,6.17391131675449,17803374
2008-06-23,3,6.14005184173584,6.1851988800579525,6.077973852707363,6.08926007139751,11627146
2008-06-24,1,6.168268203735352,6.235989299182939,6.0441127719330465,6.0441127719330465,14775208
2008-06-25,1,6.4278669357299805,6.506875344795772,6.292424721460695,6.292424721460695,25579561
2008-06-26,1,6.077973365783691,6.3206405704406246,6.0723297160003655,6.224702310356449,16710738
2008-06-27,1,6.134406566619873,6.179554137854493,6.015894800630567,6.0328252074548345,17133341
2008-06-30,3,6.156984806060791,6.241636356808551,6.128767622478205,6.196488754898282,14468080
2008-07-01,1,6.156984806060791,6.190845642716157,6.015898888147858,6.094907326713493,20061207
2008-07-02,1,5.982035160064697,6.111833697357434,5.970747860395465,6.111833697357434,30594411
2008-07-03,1,5.784514904022217,5.891739922194622,5.654715827730655,5.891739922194622,25748502
2008-07-07,4,5.733724594116211,5.931244234988544,5.649073087646482,5.790158390872327,20116984
2008-07-08,1,5.745008945465088,5.75629624203834,5.6772878704765395,5.716792326702537,23366250
2008-07-09,1,5.609567642211914,5.807087789595373,5.609567642211915,5.784514274821945,16505718
2008-07-10,1,5.728081226348877,5.728081226348877,5.615213616615232,5.671647421482055,15561520
2008-07-11,1,5.812731742858887,5.857878774767857,5.649072399963107,5.801444984881644,26063971
2008-07-14,3,5.671648025512695,5.824020667106924,5.649074501161886,5.807090253398565,15522928
2008-07-15,1,5.524916648864746,5.654715169148865,5.417691643180404,5.524916648864746,25935733
2008-07-16,1,5.862643718719482,5.904265412287874,5.499945273730493,5.64264643205908,30900031
2008-07-17,1,6.159936904907227,6.249124673387147,5.8864257726550395,5.8983180070060675,30299946
2008-07-18,1,6.088588714599609,6.159939299042196,6.01723756027783,6.094534264206963,16296477
2008-07-21,3,6.171830177307129,6.29074800374728,6.094534046024368,6.136155171302586,11093190
2008-07-22,1,5.898319244384766,5.975615364608192,5.779401434959076,5.975615364608192,20066332
2008-07-23,1,6.02912712097168,6.088586585406444,5.856696554711539,5.933993231609841,21472729
2008-07-24,1,5.87453556060791,6.041020614015533,5.862643323316635,5.999398923254294,16162611
2008-07-25,1,5.957777500152588,6.005344737267415,5.868589714146026,5.9518319516876605,8647925
2008-07-28,3,5.8091301918029785,5.987506902083779,5.791292406799083,5.987506902083779,8733953
2008-07-29,1,5.850752353668213,5.880481807787998,5.684267296621591,5.731834537189072,19184847
2008-07-30,1,5.826966762542725,5.933992880384168,5.8091289812559905,5.886425653579198,15831664
2008-07-31,1,5.648591995239258,5.755618149190776,5.624808658751876,5.737780361885664,24250248
2008-08-01,1,5.672374725341797,5.767509200879616,5.60697084193284,5.7080508660173415,8369740
2008-08-04,3,5.583186626434326,5.672374408688484,5.565348842031871,5.648591076071249,11438608
2008-08-05,1,5.821021556854248,5.86264209916668,5.618860973543197,5.672373750663744,17648604
2008-08-06,1,6.094533443450928,6.136154564614019,5.856697814085704,5.856697814085704,21347104
2008-08-07,1,6.148046493530273,6.148046493530273,5.9518325468639555,5.975615882860134,19253689
2008-08-08,1,6.2491278648376465,6.302641237109821,6.035075515507469,6.136156139839601,24252760
2008-08-11,3,6.344261169433594,6.40372065601685,6.177776658565613,6.177776658565613,13967088
2008-08-12,1,6.320476531982422,6.3739898879477535,6.255072078974688,6.3264226503827095,19161631
2008-08-13,1,6.18372106552124,6.243179395878286,6.035073245051962,6.0469654810024185,37985080
2008-08-14,1,6.237235069274902,6.266964525215131,6.1539922507147695,6.243180618535453,10728877
2008-08-15,1,6.2848005294799805,6.302638311958583,6.124261626930549,6.2966921945060506,11626141
2008-08-18,3,6.153989315032959,6.284799314672054,6.124260443153668,6.284799314672054,12901687
2008-08-19,1,6.064802646636963,6.112369875951339,6.035072629671362,6.076694311495809,13844478
2008-08-20,1,6.076695442199707,6.142100465911903,5.993453202819724,6.0826409907959365,19264443
2008-08-21,1,6.064802646636963,6.088586546233645,5.969668757887197,6.088586546233645,12625915
2008-08-22,1,6.088588714599609,6.124263721881307,6.046967017952174,6.076696475626518,10325169
2008-08-25,3,6.005344867706299,6.100478774123223,6.005344867706299,6.035073750434823,15508657
2008-08-26,1,5.981559753417969,6.070748093194965,5.951830876704617,5.951830876704617,22751592
2008-08-27,1,6.02912712097168,6.076694350592096,5.999397673693794,6.017235456036324,13500667
2008-08-28,1,5.981559753417969,6.0588564285338276,5.928046977503363,6.023181434550417,16594057
2008-08-29,1,5.773455619812012,5.922102889402468,5.737780047158655,5.922102889402468,16868322
2008-09-02,4,5.565350532531738,5.660485031656318,5.488054393107152,5.624809452014793,25228716
2008-09-03,1,5.392919063568115,5.577241343655664,5.375081276494058,5.577241343655664,19849152
2008-09-04,1,5.143191337585449,5.327514172622537,5.1253535519561995,5.327514172622537,25150326
2008-09-05,1,5.369135856628418,5.4048108617561175,5.1431918779696915,5.172921333849019,25811917
2008-09-08,3,5.559404373168945,5.65453829198708,5.4345404279886305,5.6188627162558,29865987
2008-09-09,1,5.220487117767334,5.493998293201765,5.220487117767334,5.493998293201765,33925082
2008-09-10,1,5.3453521728515625,5.446431632424121,5.262109359866146,5.386972724525589,17696944
2008-09-11,1,5.23237943649292,5.250217221237983,5.065894395337448,5.202649985210838,19982314
2008-09-12,1,5.404810428619385,5.440486000767232,5.101570344879123,5.23237982628938,22379541
2008-09-15,3,5.23237943649292,5.32751390854721,5.143191082646674,5.208596103418882,19761315
2008-09-16,1,5.363189220428467,5.410755889346099,5.083733045960523,5.113461929094491,26173918
2008-09-17,1,5.268054962158203,5.410756114610334,5.202650504733946,5.250217745511032,20720085
2008-09-18,1,5.571295261383057,5.648591381508241,5.268054619781328,5.321567975882327,20862292
2008-09-19,1,5.933993816375732,5.96372326658331,5.708050450701389,5.767508781237494,25998043
2008-09-22,3,5.719941139221191,5.939939510979361,5.660482812923182,5.832913383884929,21722472
2008-09-23,1,5.535621166229248,5.7794023732004565,5.523728927452795,5.731835127732187,27571170
2008-09-24,1,5.606970310211182,5.719941420675743,5.511835843695179,5.719941420675743,19481322
2008-09-25,1,5.684267044067383,5.713996496866277,5.601024234303021,5.6485914727570705,23884930
2008-09-26,1,5.499943733215332,5.642644851573832,5.493997615834149,5.595077622161336,21763878
2008-09-29,3,5.1729207038879395,5.499944678735394,5.119407917773628,5.410755752079728,19568757
2008-09-30,1,5.571295261383057,5.571295261383057,5.262109071245054,5.268054619781328,15443433
2008-10-01,1,5.541566371917725,5.5891336144347346,5.386972976207227,5.482106891362101,18988972
2008-10-02,1,5.220487117767334,5.535619980243701,5.119407668856821,5.535619980243701,18267081
2008-10-03,1,5.0242719650268555,5.404808614078216,4.988596974735183,5.244269733068389,21325497
2008-10-06,3,5.018328666687012,5.119408705953515,4.762655223921733,4.917248627420509,20410545
2008-10-07,1,4.756709098815918,5.137246180046259,4.756709098815918,4.929139994913681,20980279
2008-10-08,1,4.869681358337402,5.024274191189711,4.608062367430926,4.709142406195738,28668228
2008-10-09,1,4.483199119567871,5.11346270759279,4.340497666391661,5.000490996895401,18323964
2008-10-10,1,4.905355453491211,5.024273258161386,4.310767000019408,4.399955353522039,22488684
2008-10-13,3,5.1729207038879395,5.452377441145401,4.780492275998447,5.14319125162908,22205676
2008-10-14,1,4.96481466293335,5.434539168688803,4.857787960539899,5.357242485768447,24434062
2008-10-15,1,4.4891438484191895,4.893464511008479,4.4594146812548,4.851842822159706,24521296
2008-10-16,1,4.465360164642334,4.590223511763198,4.27509180006837,4.501035162442992,35250375
2008-10-17,1,4.602116107940674,4.756708926511799,4.340497141202388,4.423739384288446,29068821
2008-10-20,3,4.72103214263916,4.732923805753869,4.471304652775189,4.602114371734256,13216554
2008-10-21,1,4.399955749511719,4.619953309035657,4.394009915731001,4.572386353850351,13010428
2008-10-22,1,4.090769290924072,4.340496858750233,4.037256505262326,4.340496858750233,20331351
2008-10-23,1,4.1264448165893555,4.221578713486063,3.995634782302947,4.1264448165893555,21685488
2008-10-24,1,3.841042280197144,4.132390374396404,3.692394461802597,3.7756372628987047,23395596
2008-10-27,3,3.781583070755005,3.995634765269362,3.751853621249202,3.775637237841748,26257032
2008-10-28,1,4.578332424163818,4.584277972572085,3.924284487235427,3.924284487235427,32131357
2008-10-29,1,4.364280700683594,4.643736879999569,4.28103788887543,4.459414894987907,30808777
2008-10-30,1,4.7031965255737305,4.744817935491787,4.405901961614397,4.405901961614397,23678905
2008-10-31,1,4.911302089691162,5.042111574649543,4.602116163852972,4.822113726781476,18197937
2008-11-03,3,4.786437511444092,4.935084763015441,4.726979180694602,4.905355312701171,22831992
2008-11-04,1,4.9826531410217285,5.0242742670380185,4.851843643593742,4.982653141021729,15415494
2008-11-05,1,4.61400842666626,4.899411053821844,4.61400842666626,4.851843806826112,15972264
2008-11-06,1,4.382117748260498,4.60211586687131,4.292929960985365,4.60211586687131,18868372
2008-11-07,1,4.6259002685546875,4.649683891475017,4.346443482824694,4.44157768956642,13673226
2008-11-10,3,4.554549217224121,4.631845627606484,4.465360854132465,4.518873644035807,12221503
2008-11-11,1,4.399955749511719,4.625899712695494,4.382117963230004,4.453468538477744,10574308
2008-11-12,1,4.221579074859619,4.57833250098874,4.197795741069312,4.4177932882669095,14037438
2008-11-13,1,4.459415435791016,4.4950904424245195,3.930231041814752,4.179958652705591,19518105
2008-11-14,1,4.138336658477783,4.352388662686463,4.055094418186305,4.3048214240002896,17405997
2008-11-17,3,3.9956347942352295,4.102661212147318,3.9183383959235023,4.061039811573755,16757370
2008-11-18,1,3.864826440811157,4.001581482868997,3.716178875479001,3.9956356486412106,18269995
2008-11-19,1,3.644828319549561,3.852934513508483,3.644828319549561,3.787529481741156,13980153
2008-11-20,1,3.4783432483673096,3.757799384701403,3.466451012881582,3.626990208209139,15991258
2008-11-21,1,3.870771884918213,3.8767177185467414,3.5140187328714383,3.632936260260662,23789656
2008-11-24,3,3.983743906021118,4.084823933600645,3.674557704651169,3.674557704651169,19936687
2008-11-25,1,3.954012870788574,4.049147033472806,3.8350950961984194,4.043201201731191,12749028
2008-11-26,1,4.275091648101807,4.3107666446343265,3.823204084597237,3.924284096257907,12516270
2008-11-28,2,4.251307487487793,4.370225267119178,4.078876934973864,4.078876934973864,7196805
2008-12-01,3,3.9064462184906006,4.084823191411882,3.89455483820712,3.989689014809501,15163942
2008-12-02,1,3.7696924209594727,3.9659066696189456,3.6686120944322345,3.9183394236132343,16604811
2008-12-03,1,3.8886098861694336,3.930230723874896,3.585369504919676,3.7340164936260254,16485417
2008-12-04,1,3.8172590732574463,3.894555479820134,3.7399620968156593,3.799421287544761,14749983
2008-12-05,1,3.9956347942352295,4.007527030026989,3.7340158646392063,3.7340158646392063,8758173
2008-12-08,3,4.1264448165893555,4.221578713486063,4.013472566058279,4.078877583201483,17578555
2008-12-09,1,4.239416122436523,4.435630897955322,4.001580799371869,4.102661388676899,19956687
2008-12-10,1,4.459415435791016,4.501036276863436,4.316713984559049,4.405902071021989,16896060
2008-12-11,1,4.340497016906738,4.554549022171849,4.292930062925354,4.506981783250913,14385168
2008-12-12,1,4.602116107940674,4.637791395683208,4.1204990110675705,4.251308779376274,22912191
2008-12-15,3,4.560494422912598,4.6080613723788515,4.405901053563582,4.5961694213076445,14127385
2008-12-16,1,4.988598346710205,5.00643556182221,4.39995543115803,4.447522667841223,24760788
2008-12-17,1,4.869681358337402,4.929140271714253,4.792384656971661,4.822114113660087,18086784
2008-12-18,1,4.673466682434082,4.964815085289179,4.572386089312151,4.964815085289179,11752068
2008-12-19,1,4.6318464279174805,4.774547605569023,4.578333628767959,4.673467842182191,11231176
2008-12-22,3,4.477252006530762,4.643736771436267,4.459414790733765,4.590223984287081,12053367
2008-12-23,1,4.477252006530762,4.572386198610986,4.382117814450537,4.501035625785705,12864703
2008-12-24,1,4.459415435791016,4.542657687815038,4.429685408777658,4.459415435791016,2914098
2008-12-26,2,4.495090007781982,4.518873628177539,4.376172190743764,4.376172190743764,2546368
2008-12-29,3,4.560494422912598,4.572385804104755,4.477251620232725,4.560494422912598,5938444
2008-12-30,1,4.726977825164795,4.75670698201427,4.560493122110515,4.560493122110515,5825985
2008-12-31,1,4.6972503662109375,4.79833039698607,4.614007837075177,4.625899789774322,4491847
2009-01-02,2,4.887517929077148,4.929139618831335,4.619953139260859,4.619953139260859,9887190
2009-01-05,3,4.792383670806885,4.929139257408253,4.715086985347064,4.804275337059384,13504888
2009-01-06,1,4.99454402923584,5.036165718625693,4.72697952670121,4.804275647273011,17119773
2009-01-07,1,4.584279537200928,4.738872396765033,4.548603955058834,4.709143219879348,21746692
2009-01-08,1,4.483199119567871,4.506982457647577,4.352389335431514,4.45941549654857,16472251
2009-01-09,1,4.45346736907959,4.518872378312025,4.30482042383533,4.423738207982326,18048091
2009-01-12,3,4.364280700683594,4.59616992531719,4.316713461061659,4.358334297086628,22283161
2009-01-13,1,4.560494422912598,4.649682773718788,4.441576621837678,4.51292718850682,15884929
2009-01-14,1,4.382117748260498,4.477251938903761,4.3286049619196,4.465360556865228,9963369
2009-01-15,1,4.382117748260498,4.471306105414722,4.215632985869674,4.358334129364796,26572702
2009-01-16,1,4.429685115814209,4.5604951744566256,4.334550916264596,4.465360974907012,14799529
2009-01-20,4,4.156174182891846,4.281037535478018,4.150228349664818,4.215632800101652,16203012
2009-01-21,1,4.251307487487793,4.28698247944984,4.096714146015414,4.209686093653124,23507050
2009-01-22,1,4.429685115814209,4.590224344685031,3.9837441431132623,4.0194191473873495,54993700
2009-01-23,1,4.590222358703613,4.691302348566172,4.257252946810543,4.292928505528574,28746618
2009-01-26,3,4.548602104187012,4.679411853954406,4.3107667913016545,4.679411853954406,16830836
2009-01-27,1,4.6972503662109375,4.756708989948408,4.524819189120062,4.53076559287898,20461398
2009-01-28,1,4.828059196472168,4.875625861058802,4.744816963566508,4.7567083447736405,26320950
2009-01-29,1,4.566438674926758,4.768599221301445,4.542655349413919,4.768599221301445,19988847
2009-01-30,1,4.483199119567871,4.667521129443973,4.483199119567871,4.554549703686179,11847241
2009-02-02,3,4.465360164642334,4.501035162442992,4.34049653258195,4.459414331675558,17830408
2009-02-03,1,4.637791156768799,4.66157449074559,4.441576941823,4.441576941823,24875760
2009-02-04,1,4.715086460113525,4.7864370195595285,4.518872564106767,4.554548128769264,32597175
2009-02-05,1,4.822112560272217,4.869679789626299,4.542656156340091,4.608060882997332,27358914
2009-02-06,1,5.166975021362305,5.2561633856626715,4.822113801970862,4.875626592599428,41974227
2009-02-09,3,5.048056602478027,5.1610288590957865,4.958868248775145,5.1610288590957865,22059649
2009-02-10,1,4.828059196472168,5.054002562895832,4.768600580799349,4.964814781856368,21824077
2009-02-11,1,4.941031455993652,5.04211148484855,4.887518097273447,4.935085337287258,20736366
2009-02-12,1,4.988598346710205,4.994543895121181,4.780492184865425,4.816167184968513,22272106
2009-02-13,1,4.929139614105225,5.012381853775588,4.905355710000051,4.935085162722195,11413081
2009-02-17,4,4.590222358703613,4.810220117787747,4.542655421978653,4.810220117787747,20418585
2009-02-18,1,4.738870620727539,4.7567084051133275,4.590223652250592,4.709141454983772,18514411
2009-02-19,1,4.536709785461426,4.84589588474839,4.518872005335868,4.786436427703555,19675990
2009-02-20,1,4.459415435791016,4.512928230680862,4.316713984559049,4.489144607985602,19996786
2009-02-23,3,4.364280700683594,4.631845497503419,4.352388748308332,4.5545490892922205,19382631
2009-02-24,1,4.542656898498535,4.584278017278603,4.310767116156412,4.39995547206188,24624912
2009-02-25,1,4.536709785461426,4.637789779667694,4.429683389647537,4.429683389647537,36980784
2009-02-26,1,4.566438674926758,4.78049059911842,4.524817285400401,4.5545472971097825,24838474
2009-02-27,1,4.483199119567871,4.566441087786438,4.435631873529269,4.49509050366813,23082036
2009-03-02,3,4.429685115814209,4.655629374006239,4.376172324463507,4.376172324463507,23513382
2009-03-03,1,4.6259002685546875,4.703196686871268,4.459415477991565,4.459415477991565,29913021
2009-03-04,1,4.780493259429932,4.905356642676281,4.762655470429252,4.762655470429252,24024223
2009-03-05,1,4.810220718383789,4.905354603711967,4.685357102098765,4.792382936797578,27629058
2009-03-06,1,4.905355453491211,5.030218806467453,4.762654315838629,4.911301571676346,29391526
2009-03-09,3,4.602116107940674,4.982652605507552,4.596169989200618,4.875626457340392,32092765
2009-03-10,1,4.96481466293335,4.99454354264837,4.715086830440039,4.75670823083543,28818576
2009-03-11,1,5.149137020111084,5.202650378390435,4.946977533945837,4.976706417595549,22053820
2009-03-12,1,5.268054962158203,5.309676654012607,5.036166016832837,5.172921050483159,22754808
2009-03-13,1,5.244271755218506,5.404810698130892,5.155083960159749,5.345352358051434,31841415
2009-03-16,3,5.190758228302002,5.351297148454425,5.161028777537514,5.285892128820928,19030479
2009-03-17,1,5.339404582977295,5.351296818452973,5.131299010338303,5.149136223793771,19631469
2009-03-18,1,5.39886474609375,5.482106415991871,5.161029124011301,5.202650243899909,28117588
2009-03-19,1,5.220487117767334,5.3512971572493155,5.137245453320642,5.297784373736913,25133040
2009-03-20,1,5.065895080566406,5.268055148677744,5.036166195142171,5.202650688937792,17253137
2009-03-23,3,5.517782688140869,5.523728236906634,5.2323798208899355,5.2323798208899355,27297508
2009-03-24,1,5.416701793670654,5.517781805307175,5.392917892775637,5.458322338009141,19207861
2009-03-25,1,5.357243537902832,5.577241394129468,5.2680551716045345,5.39291911237381,19927039
2009-03-26,1,5.541566371917725,5.541566371917725,5.262109605714115,5.392919095226533,22208791
2009-03-27,1,5.499943733215332,5.535619297744452,5.4107548218925325,5.529672610484279,13612926
2009-03-30,3,5.285892009735107,5.458322592332827,5.208595895392089,5.369134811927733,15611569
2009-03-31,1,5.321569442749023,5.434541164748355,5.3096777725195015,5.35724445343759,18072915
2009-04-01,1,5.577239990234375,5.648590551336919,5.220486614842651,5.303729411028123,26935708
2009-04-02,1,6.088588714599609,6.148047060069105,5.702105764833139,5.725889672900129,44326932
2009-04-03,1,6.118314743041992,6.118314743041992,5.862641412553987,6.017234748164109,27183742
2009-04-06,3,5.826966762542725,5.945884544615671,5.71994064470128,5.880480106402926,22603153
2009-04-07,1,5.612916946411133,5.850752588933032,5.583187491095895,5.850752588933032,28840585
2009-04-08,1,5.702104091644287,5.725887992732282,5.535619633423447,5.624807410396597,22060252
2009-04-09,1,5.838860988616943,5.945887153416895,5.749673182809393,5.910211575190508,22287081
2009-04-13,4,5.933993816375732,5.957777148590175,5.678321000493812,5.8864265820678,15473583
2009-04-14,1,5.803184509277344,5.939940097974714,5.72588839251189,5.910210077069224,22855207
2009-04-15,1,5.702104091644287,5.749671323941253,5.601023509308603,5.708050209386042,17045202
2009-04-16,1,5.702104091644287,5.791291868617439,5.541565181286177,5.678320760435318,23473383
2009-04-17,1,5.708052635192871,5.743727647167485,5.494000283828124,5.654539262412052,17250323
2009-04-20,3,5.470215320587158,5.690213157111786,5.416702533552202,5.690213157111786,22582551
2009-04-21,1,5.458323001861572,5.624808048858868,5.3572429779314925,5.446431334907285,24674760
2009-04-22,1,5.505889415740967,5.630753324775991,5.345351081059943,5.458322185161958,24398284
2009-04-23,1,5.4523773193359375,5.6307540289040485,5.404810082808626,5.541565674119993,21661368
2009-04-24,1,5.392919063568115,5.577241343655664,5.35724348942,5.488053548043662,22254820
2009-04-27,3,5.434539318084717,5.5712949039526105,5.315621516439428,5.3750804172620725,15537099
2009-04-28,1,5.511836051940918,5.553457168909541,5.381026582948507,5.386972131155991,13509913
2009-04-29,1,5.993453502655029,6.124262986744351,5.737780083370053,5.797239561460607,42830286
2009-04-30,1,6.2848005294799805,6.385880537020068,6.148044956982688,6.213449969444566,32915257
2009-05-01,1,6.409666061401367,6.409666061401367,6.17777651942986,6.338315476939303,19583229
2009-05-04,3,7.039929389953613,7.135063871240633,6.516691452512378,6.53452866910946,47961414
2009-05-05,1,6.635610580444336,6.754528420612898,6.516692740275774,6.724798390691521,39620919
2009-05-06,1,6.570204734802246,6.599934191199146,6.4215580226969164,6.4215580226969164,27142437
2009-05-07,1,6.177776336669922,6.552367036483872,6.094534085573305,6.5166920302478255,31463334
2009-05-08,1,6.207507133483887,6.3323711069623005,6.094535401197167,6.255074388612773,18521748
2009-05-11,3,6.165882110595703,6.249124327167216,5.826966557584634,5.826966557584634,20052262
2009-05-12,1,6.0350728034973145,6.195612278292169,5.916156151483731,6.1599372826880945,22283262
2009-05-13,1,5.951831817626953,6.070749052916872,5.5296733813254155,5.981560699040131,15019323
2009-05-14,1,6.124263286590576,6.165884410400539,5.928048765910295,5.957778221471575,16468131
2009-05-15,1,5.957777500152588,6.201558664312567,5.9458858333436515,6.130208093579868,14695411
2009-05-18,3,6.2729105949401855,6.290748383960159,6.046967166951213,6.046967166951213,12072261
2009-05-19,1,6.326422214508057,6.427502231195184,6.148045513338168,6.278855550099325,16991133
2009-05-20,1,6.255069732666016,6.504796923859687,6.21344862911355,6.504796923859687,15213690
2009-05-21,1,6.1896653175354,6.421555321827092,5.945884219541276,6.1658819903726805,12958972
2009-05-22,1,6.261017799377441,6.397773397426588,5.975615505910305,6.171829440199185,11159620
2009-05-26,4,6.397772789001465,6.4453400233487335,6.195612755374382,6.195612755374382,13163590
2009-05-27,1,6.492908000946045,6.677229701678471,6.4453407611537035,6.546420789537983,22310698
2009-05-28,1,6.623716354370117,6.653445805497735,6.266963510717765,6.546420237341562,16257081
2009-05-29,1,6.50479793548584,6.718849602707355,6.433446809866372,6.475068489770716,17311125
2009-06-01,3,6.831822872161865,6.903174014530159,6.385881651634605,6.5761500348988315,20875759
2009-06-02,1,6.469123363494873,6.772362817714305,6.451285011050318,6.706958374812604,17563681
2009-06-03,1,6.171830177307129,6.373990824182888,6.088588496629863,6.308585791689136,28823601
2009-06-04,1,6.118314743041992,6.356150293285917,6.058855855481011,6.100476962797912,24106030
2009-06-05,1,6.088588714599609,6.30264046792737,6.035074778979084,6.30264046792737,13522978
2009-06-08,3,6.070748805999756,6.100478256082809,5.95777712363577,6.041019925795748,17542878
2009-06-09,1,6.255069732666016,6.344257486061944,6.1123686433778825,6.2372319540352805,22870986
2009-06-10,1,6.207507133483887,6.41561280614908,6.153993757759152,6.3442622083954,15001132
2009-06-11,1,6.261017799377441,6.3204767054962785,6.17777555876271,6.237234464881547,20571445
2009-06-12,1,5.969669818878174,6.124262629276984,5.874535343341145,6.082640940055103,23985229
2009-06-15,3,5.624808311462402,5.8091305825569775,5.55940385522076,5.8091305825569775,30128392
2009-06-16,1,5.4226484298706055,5.713996857749016,5.4226484298706055,5.654537948395942,35483635
2009-06-17,1,5.4821062088012695,5.589132918548324,5.363188972133497,5.440485660364764,38205276
2009-06-18,1,5.529674530029297,5.60102511397685,5.4939995229951135,5.499945642440405,17642976
2009-06-19,1,5.488053321838379,5.630754472790733,5.434539962821907,5.541566110975732,21701668
2009-06-22,3,5.39886474609375,5.541565891391581,5.363189174829744,5.476160867367269,17655237
2009-06-23,1,5.4939961433410645,5.505887805037255,5.398862279892705,5.482103911766037,13640664
2009-06-24,1,5.672374725341797,5.785346986277843,5.648591391396887,5.7080508660173415,22613505
2009-06-25,1,5.719941139221191,5.749671157188708,5.5891322514865625,5.601023346867157,13455744
2009-06-26,1,5.690214157104492,5.755618622765878,5.612917452341765,5.713997495548778,8806614
2009-06-29,3,5.67832088470459,5.803184231102837,5.648590865224203,5.6961580985621705,10057939
2009-06-30,1,5.595078945159912,5.7556178837436125,5.5415661555917195,5.725888999445048,19712371
2009-07-01,1,5.612916946411133,5.708051431371551,5.583187491095895,5.636700282711664,17364390
2009-07-02,1,5.571295261383057,5.606970832117057,5.517782475161146,5.547511357600694,14592097
2009-07-06,4,5.559404373168945,5.624808835504069,5.3988654221365175,5.624808835504069,12916360
2009-07-07,1,5.470215320587158,5.708050942749804,5.45237753494914,5.648591467330045,14807871
2009-07-08,1,5.458323001861572,5.5356202617621655,5.363189096348181,5.499944691020213,19251679
2009-07-09,1,5.624808311462402,5.690213337583161,5.571295522730229,5.612916643952932,20785510
2009-07-10,1,5.755618572235107,5.785348029969058,5.6069718534445485,5.6069718534445485,18805459
2009-07-13,3,5.761562347412109,5.8031834573285925,5.565347892229876,5.731832901774769,14935204
2009-07-14,1,5.838860988616943,5.844807108281077,5.737780943481125,5.791293740941496,10728676
2009-07-15,1,6.134531021118164,6.22225691002798,6.046805132208347,6.12199909275032,19878300
2009-07-16,1,6.1721272468566895,6.203457362738106,5.96534537460433,6.078135106461473,11300900
2009-07-17,1,6.222256660461426,6.309981948268967,6.046804889678933,6.1094663217560665,16108700
2009-07-20,3,6.303717613220215,6.378910989028445,6.266120626524184,6.316249543729671,12869900
2009-07-21,1,6.184658050537109,6.378907960677174,6.084400263722965,6.328779067270102,15928000
2009-07-22,1,6.466634750366211,6.56689256082403,6.078135436050318,6.103199888664773,17207700
2009-07-23,1,6.466634750366211,6.573158823373565,6.410239582587765,6.472901012915746,23721600
2009-07-24,1,6.447835922241211,6.466634110445914,6.322513671570482,6.4227714721070654,9402600
2009-07-27,3,6.447835922241211,6.548093722777795,6.328779933499925,6.466634110445914,10433400
2009-07-28,1,6.416507720947266,6.491701100772758,6.360112536682181,6.44783844527052,9445400
2009-07-29,1,6.328779220581055,6.37890811520247,6.266117803512506,6.3726418539789025,13151600
2009-07-30,1,6.7486090660095215,6.8551325173894595,6.604488047818631,6.685947649825039,22562200
2009-07-31,1,6.5606255531311035,6.811270027977628,6.54182676932994,6.761141133008323,18821800
2009-08-03,3,6.62955379486084,6.736077864714176,6.573158628752171,6.723545339986174,12038900
2009-08-04,1,6.5606255531311035,6.623286373050952,6.510496658161799,6.604488186833354,9719100
2009-08-05,1,6.441568374633789,6.554358676517349,6.385173223692009,6.535560492064593,11247900
2009-08-06,1,6.366376876831055,6.604489473101027,6.266119067366579,6.4979654011491,13331100
2009-08-07,1,6.410238265991211,6.441568974720198,6.26611784245486,6.391440079787245,8923800
2009-08-10,3,6.397706508636475,6.441569143455892,6.303714977570988,6.397706508636475,7013500
2009-08-11,1,6.40397310256958,6.491698376763276,6.3350454184646905,6.39770684081757,13716900
2009-08-12,1,6.529294967651367,6.617020834295682,6.378908279904178,6.391440205091322,11673100
2009-08-13,1,6.861398220062256,6.88019640435416,6.5668905440994125,6.6671489213510755,22142500
2009-08-14,1,6.617021560668945,6.892730518470982,6.560626397177163,6.779940191487419,13179900
2009-08-17,3,6.485433578491211,6.535562484032981,6.366376979641738,6.466634790725278,12249000
2009-08-18,1,6.5167622566223145,6.548092965060449,6.397706281657678,6.497964070592858,10690300
2009-08-19,1,6.460369110107422,6.4791673002442325,6.360110701682486,6.454102847533921,12395400
2009-08-20,1,6.54182767868042,6.566892129649171,6.385174710729816,6.385174710729816,8083300
2009-08-21,1,6.54182767868042,6.57942465392537,6.466634325774168,6.57942465392537,10717500
2009-08-24,3,6.7548747062683105,6.7799391531389634,6.585689839287289,6.654616918785698,15636700
2009-08-25,1,6.742344379425049,6.805005212659266,6.704747401417564,6.767408832235474,10449200
2009-08-26,1,6.5982232093811035,6.786206900883723,6.548094304658228,6.786206900883723,14304100
2009-08-27,1,6.604491233825684,6.610757497983689,6.516765328365135,6.5668942464614934,7343700
2009-08-28,1,6.7548747062683105,6.83006804688027,6.6734151045428,6.742342781624759,9696200
2009-08-31,3,6.704748630523682,6.723546824181638,6.598224537155587,6.62955525830805,10937300
2009-09-01,1,6.617021560668945,7.011786509944132,6.58569084788644,6.805004642196694,20230500
2009-09-02,1,6.648351192474365,6.736077062370213,6.579424107431371,6.610754817935859,10582000
2009-09-03,1,6.71727991104126,6.736078101209574,6.598223312279991,6.711013648457258,9850800
2009-09-04,1,6.77367639541626,6.786208325435824,6.642087843499895,6.736079410189952,10076200
2009-09-08,4,6.930327415466309,6.98672198074087,6.867665990605283,6.892730441032966,13409500
2009-09-09,1,6.955393314361572,7.018054154688146,6.842602965156477,6.892731876451239,17604000
2009-09-10,1,6.974191665649414,7.018054314636061,6.823804928337673,7.018054314636061,22581000
2009-09-11,1,6.848868370056152,7.0180532750751174,6.798739465044333,7.005521347614006,14758300
2009-09-14,3,6.761143684387207,6.817538861904798,6.717281034132988,6.817538861904798,10950300
2009-09-15,1,6.836334705352783,6.8613991536802965,6.767407621848018,6.8300684438750086,8424900
2009-09-16,1,6.892731189727783,6.911529380194514,6.79873963981043,6.8801986643608295,19386500
2009-09-17,1,6.8238043785095215,6.917795932360045,6.792473661364772,6.89273147816099,19546400
2009-09-18,1,6.811271667480469,6.892731290809167,6.767409023220288,6.811271667480469,15003000
2009-09-21,3,6.7486090660095215,6.817536145745612,6.729810282604046,6.792471698788528,16159100
2009-09-22,1,6.8175368309021,6.886463917565301,6.748609744238898,6.7924723814260615,15338400
2009-09-23,1,6.7486090660095215,6.817536145745612,6.7360765437392045,6.767407251831446,16297500
2009-09-24,1,6.529294967651367,6.792471970000737,6.497964258308142,6.767407522042872,16017100
2009-09-25,1,6.548093795776367,6.598222696603499,6.510497418947836,6.523029345362802,10537400
2009-09-28,3,6.704748630523682,6.823805251386282,6.573160079750377,6.60449080090284,18422500
2009-09-29,1,6.761143684387207,6.88646596910197,6.717281034132988,6.848869582479437,18984700
2009-09-30,1,6.867667198181152,6.936594299581166,6.76740937884159,6.8927316530160425,27449600
2009-10-01,1,6.610755920410156,6.886464904145661,6.598223395084874,6.848868523337214,24258400
2009-10-02,1,6.485433578491211,6.573158864397463,6.378909504819026,6.504231768673452,17399800
2009-10-05,3,6.529294967651367,6.579423863567097,6.466633548964917,6.485432333120998,12091700
2009-10-06,1,6.49796199798584,6.623284194181718,6.4791638179522995,6.541824617258555,23505700
2009-10-07,1,6.372644424438477,6.422773339279811,6.297451052176477,6.3789106881895945,28978000
2009-10-08,1,6.21599006652832,6.3914412303784855,6.184659352159158,6.385174967987919,60267100
2009-10-09,1,6.297450542449951,6.341313189989849,6.247321631666139,6.247321631666139,28774400
2009-10-12,3,6.2097249031066895,6.366377905092564,6.184660446692301,6.322515255763329,18448300
2009-10-13,1,6.391441345214844,6.403973870221153,6.222256440715465,6.272385345573332,32475400
2009-10-14,1,6.485433578491211,6.566892601808819,6.422772147772152,6.566892601808819,29421100
2009-10-15,1,6.303717613220215,6.479168823439419,6.278653154617471,6.435306170280576,33561500
2009-10-16,1,6.159594535827637,6.259852337811559,6.0969331107958675,6.259852337811559,28068700
2009-10-19,3,6.222256660461426,6.272385567089651,6.190925944422858,6.234788588326629,24560300
2009-10-20,1,6.222256660461426,6.284917494954855,6.1721277538332,6.266119304365196,26659600
2009-10-21,1,6.391441345214844,6.523029869862666,6.21599017821231,6.247320893144398,40126400
2009-10-22,1,6.378909587860107,6.441570421811197,6.284917440557923,6.341312609422493,16077100
2009-10-23,1,6.272384166717529,6.410238330375984,6.26611790539208,6.360109434939533,21380000
2009-10-26,3,6.278650760650635,6.36010977186243,6.247320049947235,6.347577846131232,36695500
2009-10-27,1,6.184658050537109,6.347577252901868,6.109464710426501,6.322512806198331,30691100
2009-10-28,1,6.028006553649902,6.215990247762065,6.015474626087059,6.17212760491658,26203000
2009-10-29,1,6.2097249031066895,6.24105562302062,6.09693455045005,6.128265270363981,15226500
2009-10-30,1,5.977877616882324,6.172127572549079,5.883886069110993,6.153328784927863,37967500
2009-11-02,3,6.002942085266113,6.103199895841831,5.9026842746903965,6.103199895841831,32200500
2009-11-03,1,5.95907735824585,6.0029399856350985,5.858819582737005,5.9528110978806765,19438900
2009-11-04,1,6.065601348876953,6.128262159310858,5.990408017806182,5.990408017806182,22544400
2009-11-05,1,6.134531021118164,6.190926192732779,6.046805132208347,6.090668375455119,22592700
2009-11-06,1,6.134531021118164,6.2097243840764085,6.084402112479334,6.109466566798749,15232000
2009-11-09,3,6.23478889465332,6.2473214207179755,6.109466621925443,6.147063602535673,9987000
2009-11-10,1,6.278650760650635,6.378908556834632,6.253585714021033,6.3350453228164305,17089600
2009-11-11,1,6.548093795776367,6.554360057775668,6.34131193046854,6.391440831295672,35230800
2009-11-12,1,6.548093795776367,6.5919570321878345,6.47916670653497,6.4916986329499355,20016400
2009-11-13,1,6.635819435119629,6.654617622865639,6.510497187506866,6.535561637029418,19700600
2009-11-16,3,6.767408847808838,6.842602206413151,6.729811869714834,6.786207038063992,22942900
2009-11-17,1,6.698481559753418,6.729812277131203,6.598223742211489,6.667151439959363,17113900
2009-11-18,1,6.7548747062683105,6.786205414252515,6.6608831798992485,6.6671494410128,9765200
2009-11-19,1,6.529294967651367,6.660883468826052,6.435303437205268,6.604488311524962,30733700
2009-11-20,1,6.510498523712158,6.523030452253662,6.4290388966493035,6.4290388966493035,9168600
2009-11-23,3,6.585691452026367,6.660884811052076,6.560626999017798,6.585691452026368,7806400
2009-11-24,1,6.52302885055542,6.617020980664202,6.51676258903145,6.573157747580002,8482000
2009-11-25,1,6.566892147064209,6.591957195683079,6.535562031457921,6.579424671373644,5773200
2009-11-27,2,6.460369110107422,6.497965490381043,6.316248058835364,6.328780583982365,5924900
2009-11-30,3,6.510498523712158,6.579425624649772,6.4290388966493035,6.441570825190808,8545200
2009-12-01,1,6.585691452026367,6.6483522857559425,6.566892664082168,6.591957714674434,10236400
2009-12-02,1,6.805004119873047,6.805004119873047,6.535561444825532,6.535561444825532,26319200
2009-12-03,1,6.635819435119629,6.779939870478402,6.610754985597076,6.779939870478402,18637600
2009-12-04,1,6.767408847808838,6.7987395632898915,6.66715103633642,6.66715103633642,16975400
2009-12-07,3,6.8175368309021,6.848867542143051,6.754875408420198,6.805004307372275,13526100
2009-12-08,1,6.792472839355469,6.836335479499728,6.736077674836476,6.754875863814923,10102300
2009-12-09,1,6.8300700187683105,6.867666998720572,6.761142919370176,6.861400735797908,11882900
2009-12-10,1,6.848868370056152,6.873932822562061,6.72354550994292,6.786206939999536,16557000
2009-12-11,1,6.723545074462891,6.8864643039909605,6.685948696930964,6.817537213459999,10867200
2009-12-14,3,6.786207675933838,6.830070323179969,6.754876957507852,6.754876957507852,11616700
2009-12-15,1,6.767408847808838,6.836335943800202,6.717279942072628,6.7548763225829385,10312600
2009-12-16,1,6.792472839355469,6.8989969062060865,6.767408388189656,6.786206577168103,13210700
2009-12-17,1,6.767408847808838,6.861400396668306,6.711013679459679,6.786207038063992,15242300
2009-12-18,1,6.9616594314575195,7.043119066989033,6.867667866081664,6.9491275016131775,16244600
2009-12-21,3,6.986725330352783,7.08071751270654,6.955395200485453,6.986725330352783,16776100
2009-12-22,1,7.074449062347412,7.143376163380915,7.00552196131391,7.030586416015524,17628600
2009-12-23,1,6.986725330352783,7.118313907580905,6.986725330352783,7.099515710143723,8462600
2009-12-24,1,7.061915874481201,7.105778512991341,7.018052638387432,7.105778512991341,4289500
2009-12-28,4,6.992987155914307,7.080713017568923,6.980455231439957,7.080713017568923,3766700
2009-12-29,1,7.043117523193359,7.093246426750462,7.024319333755362,7.093246426750462,7957200
2009-12-30,1,7.06818151473999,7.093245964886515,7.030585138312017,7.061915850391081,5800100
2009-12-31,1,7.1684417724609375,7.206038759359702,7.049385742851882,7.0556520069323145,7414700
2010-01-04,4,7.256165027618408,7.325092114586472,7.187237940650344,7.199769866651985,8096400
2010-01-05,1,7.224833965301514,7.306293571898035,7.18097133005092,7.268697198135694,14375900
2010-01-06,1,7.199770927429199,7.274964287268494,7.130843830305771,7.243634168856566,13608400
2010-01-07,1,6.9616594314575195,7.168441353351439,6.936594974185038,7.149643159793028,27346600
2010-01-08,1,6.955393314361572,7.030586681303717,6.911530068790835,6.980457770008954,16895300
2010-01-11,3,6.9177961349487305,7.043118409614085,6.817538315216447,6.986723236618739,22214500
2010-01-12,1,6.704748630523682,6.848869708791492,6.648353451966008,6.817538987639028,20863400
2010-01-13,1,6.880199432373047,6.898998222521921,6.711014504119559,6.711014504119559,13482300
2010-01-14,1,6.811271667480469,6.898997553584539,6.805005404705097,6.898997553584539,8692400
2010-01-15,1,6.642086505889893,6.855134053988575,6.617022053314536,6.855134053988575,15426400
2010-01-19,4,6.867667198181152,6.886465389911384,6.648352770188055,6.6922160143369185,14898100
2010-01-20,1,6.767408847808838,6.836335943800202,6.711013679459679,6.830069681187251,13604800
2010-01-21,1,6.635819435119629,6.848867554853132,6.617021247373618,6.805004320000954,13943800
2010-01-22,1,6.32251501083374,6.610756547224836,6.32251501083374,6.585692091781426,21017600
2010-01-25,3,6.36011266708374,6.510500027401982,6.322516275192085,6.322516275192085,20606500
2010-01-26,1,6.266120433807373,6.378910792842725,6.234789712121573,6.366378265134881,21913300
2010-01-27,1,6.259852409362793,6.353844547984794,6.228521696488793,6.284916860145264,22963800
2010-01-28,1,6.297450542449951,6.391442100773662,6.1971927208823265,6.3789101718695855,40246500
2010-01-29,1,6.366376876831055,6.4979654011491,6.328780497073717,6.416505781563293,30073000
2010-02-01,3,6.316247463226318,6.4478359769428515,6.215989661839176,6.3538444375383145,23074400
2010-02-02,1,6.241055011749268,6.316248373627726,6.203458032018179,6.316248373627726,18259200
2010-02-03,1,6.303717613220215,6.3538465304257015,6.215991709318697,6.253588098430897,14829600
2010-02-04,1,6.065601348876953,6.297447602407699,6.015472461496438,6.278649419035875,18370700
2010-02-05,1,5.990410804748535,6.084402362919192,5.8901523857604134,6.0154752600996275,33731000
2010-02-08,3,6.021739959716797,6.10319957593569,5.90895022752296,6.078135124605543,25173000
2010-02-09,1,6.015472888946533,6.15332704024691,5.984142182711532,6.078133703833018,29316300
2010-02-10,1,6.078134536743164,6.096932724026745,5.959078553835681,6.015473713270025,17525600
2010-02-11,1,6.1971917152404785,6.2097236421109505,6.015474293741195,6.103199574585475,13726100
2010-02-12,1,6.084402561187744,6.17212845656711,6.04680557814408,6.134531473523447,13563900
2010-02-16,4,6.2097249031066895,6.215991166606232,6.090668884534287,6.109467077449134,9532800
2010-02-17,1,6.278650760650635,6.303715209696634,6.203456815929035,6.234787526632434,13959400
2010-02-18,1,6.303717613220215,6.328782071822959,6.209725445272054,6.303717613220215,5162700
2010-02-19,1,6.278650760650635,6.322513397085233,6.215989339243835,6.297448948039233,8055100
2010-02-22,3,6.266120433807373,6.3225156133250495,6.253587906099528,6.284918627785328,8422700
2010-02-23,1,6.1721272468566895,6.284916978713833,6.128264008972126,6.284916978713833,18118100
2010-02-24,1,6.153328895568848,6.241054779960831,6.109466252164705,6.172127683528078,13237600
2010-02-25,1,6.109466552734375,6.13453100699609,5.99041054438716,6.109466552734375,18311800
2010-02-26,1,6.109466552734375,6.1282647440347295,6.04053945291059,6.096934026811653,9389800
2010-03-01,3,6.23478889465332,6.266119612231224,6.197192511626824,6.209724440107745,13623900
2010-03-02,1,6.23478889465332,6.32878104738703,6.203458177075418,6.278652138295878,12070900
2010-03-03,1,6.178393363952637,6.3099818920757995,6.147063245776782,6.303716226990848,13229000
2010-03-04,1,6.184658050537109,6.209722497240645,6.109464710426501,6.121997232570043,21949000
2010-03-05,1,6.347578525543213,6.360110452615763,6.24105445630003,6.25985264570069,17723700
2010-03-08,3,6.410238265991211,6.422770788516232,6.3601093710582575,6.385173818524734,16149800
2010-03-09,1,6.422772407531738,6.479167577942972,6.366377237120504,6.38517542806301,14016900
2010-03-10,1,6.47916841506958,6.579426243161492,6.397708780348954,6.41650697372024,12284500
2010-03-11,1,6.579424858093262,6.579424858093263,6.4541025993606,6.491698978188565,18740500
2010-03-12,1,6.472899913787842,6.57315770722143,6.422771017071047,6.548093258863033,12629000
2010-03-15,3,6.353844165802002,6.422771251911933,6.30998093138331,6.416504990197319,11265700
2010-03-16,1,6.447835922241211,6.472900372375357,6.335045597845741,6.353844383634072,9673400
2010-03-17,1,6.529294967651367,6.560625676994593,6.479166071735637,6.491697996922781,12314400
2010-03-18,1,6.47916841506958,6.566893715858106,6.403975044000647,6.5543617861385135,13981900
2010-03-19,1,6.32251501083374,6.479168006750993,6.316248747576949,6.32251501083374,12898200
2010-03-22,3,6.378909587860107,6.416505968714021,6.291183703228142,6.322514418995537,9479200
2010-03-23,1,6.435304164886475,6.447836091490685,6.360110214926641,6.3914409278126305,19340200
2010-03-24,1,6.472899913787842,6.523028810504636,6.391440307227154,6.410238494100056,19698700
2010-03-25,1,6.529294967651367,6.610754572910323,6.485432333120998,6.485432333120998,19470300
2010-03-26,1,6.491699695587158,6.610756302727899,6.466635241070749,6.548094867645011,12750500
2010-03-29,3,6.604491233825684,6.604491233825684,6.51049966179097,6.573160510619499,11552600
2010-03-30,1,6.610755920410156,6.654618563881243,6.554360751613787,6.6232878481517385,12009000
2010-03-31,1,6.573159694671631,6.591958484812091,6.49796632686109,6.541828975354631,14117800
2010-04-01,1,6.642086505889893,6.698481075996678,6.58569133819942,6.610755790774776,14763900
2010-04-05,4,6.723545074462891,6.754875787461926,6.52929572951943,6.679682434814428,7253500
2010-04-06,1,6.786207675933838,6.792473939135785,6.711014310261722,6.729812502283814,11816500
2010-04-07,1,6.798741817474365,6.880200868116422,6.773677356295912,6.811273749271646,11937000
2010-04-08,1,6.654619216918945,6.748611373331191,6.6295547613924315,6.748611373331191,12801000
2010-04-09,1,6.654619216918945,6.7360788467760555,6.585692113616971,6.711014391249542,13105600
2010-04-12,3,6.635819435119629,6.698480260134203,6.635819435119629,6.685948334164734,9900000
2010-04-13,1,6.685947895050049,6.704746081561446,6.585690103544494,6.604488290055892,10261700
2010-04-14,1,7.049383640289307,7.049383640289307,6.779940341033702,6.786206603245147,30646800
2010-04-15,1,6.974191665649414,7.043118770854685,6.9428609459801915,7.011788051185462,9173500
2010-04-16,1,6.798741817474365,6.898999662188181,6.698483375176659,6.886467132807008,18171100
2010-04-19,3,6.792472839355469,6.830069217312362,6.679682510317484,6.72981141264911,14212400
2010-04-20,1,6.8300700187683105,6.905263978672832,6.786207373477109,6.817538090506706,9802900
2010-04-21,1,6.792472839355469,6.848868003874461,6.673416248130118,6.8238035527086485,15628700
2010-04-22,1,6.873931884765625,6.880197548849527,6.673415694490679,6.692214479493195,15815900
2010-04-23,1,6.867667198181152,6.880199126806727,6.76740937884159,6.880199126806727,9076800
2010-04-26,3,6.886464595794678,6.961657951628384,6.861400143850109,6.917795310121306,10142500
2010-04-27,1,6.642086505889893,6.8238039364571454,6.617022053314536,6.8238039364571454,27248500
2010-04-28,1,6.579424858093262,6.736077830905007,6.516763429935097,6.729811568572456,19735700
2010-04-29,1,6.617021560668945,6.642086011378221,6.548093873030704,6.604489036522486,13022300
2010-04-30,1,6.635819435119629,6.67341581061165,6.554359824775429,6.635819435119629,15450600
2010-05-03,3,6.679684162139893,6.704748619503907,6.598224526310894,6.685950425876847,7652600
2010-05-04,1,6.32251501083374,6.642087265925038,6.278652363203711,6.642087265925038,24852400
2010-05-05,1,6.241055011749268,6.322514636513528,6.159595386985007,6.284917656782438,20044100
2010-05-06,1,6.1219987869262695,6.3225144114648435,5.952813280534073,6.241054789600123,23946100
2010-05-07,1,6.1971917152404785,6.272385069214286,6.059336934163335,6.2034573798838855,26579400
2010-05-10,3,6.454102516174316,6.485433229849581,6.322513996805136,6.39144108882379,18143800
2010-05-11,1,6.372644424438477,6.466635990370026,6.322515509597144,6.328781773348261,18171300
2010-05-12,1,6.410238265991211,6.454101497245219,6.378908154845789,6.4353033110412525,13240200
2010-05-13,1,6.422772407531738,6.4854338407850465,6.378909762804652,6.429038670373812,21054500
2010-05-14,1,6.184658050537109,6.410238070868934,6.084400263722965,6.347577252901868,28096300
2010-05-17,3,6.247321605682373,6.278652324187884,6.0530716290152045,6.222257150394714,12911500
2010-05-18,1,6.096934795379639,6.309982982252529,6.046805880537053,6.266120331161217,15891600
2010-05-19,1,6.153328895568848,6.209724064279144,6.053071083454409,6.109466252164705,17018300
2010-05-20,1,6.034274101257324,6.115733739306027,5.984145185163325,6.065604823212028,21177100
2010-05-21,1,6.134531021118164,6.184659929756994,5.915216597635486,5.952813577906473,15401200
2010-05-24,3,6.015472888946533,6.1470613770667235,6.015472888946533,6.084399964596721,11426900
2010-05-25,1,5.996674537658691,5.9966745376586905,5.827489667963368,5.95281190432723,24248400
2010-05-26,1,5.927748680114746,6.109466109731621,5.927748680114746,6.065603467350071,19653400
2010-05-27,1,6.1971917152404785,6.2097236421109505,6.015474293741195,6.015474293741195,13802100
2010-05-28,1,6.109466552734375,6.253587015343304,6.096934026811653,6.253587015343304,13449800
2010-06-01,4,6.1721272468566895,6.25358626524876,6.0718688442517275,6.096933295507054,21414800
2010-06-02,1,6.316247463226318,6.316247463226319,6.1407963107988195,6.234787850203357,13858300
2010-06-03,1,6.2097249031066895,6.35384597567726,6.172128517276995,6.341313448678176,26076500
2010-06-04,1,6.028006553649902,6.184659532479422,6.002942100940526,6.103199911778029,22816300
2010-06-07,3,5.908949375152588,6.1407956659083665,5.883884927438006,6.1407956659083665,11634200
2010-06-08,1,5.95907735824585,5.971609281392715,5.833755138859794,5.946544837515504,14852800
2010-06-09,1,5.990410804748535,6.140797536855088,5.971612015047401,6.009208996865916,16636100
2010-06-10,1,6.134531021118164,6.190926192732779,6.078135849503548,6.1032003038229625,14853400
2010-06-11,1,6.140796661376953,6.203457492029408,6.078135233140831,6.121998471939583,11804600
2010-06-14,3,6.1721272468566895,6.272385051877997,6.140796533391617,6.147062795601363,11076100
2010-06-15,1,6.435304164886475,6.460368615678538,6.20972351017426,6.234787960966323,15912000
2010-06-16,1,6.460369110107422,6.510498015528044,6.335046248972175,6.360110701682486,10921300
2010-06-17,1,6.447835922241211,6.491698560580059,6.378908833768217,6.479166634304801,8265000
2010-06-18,1,6.391441345214844,6.485433490011107,6.37890941779222,6.416505797643778,8883200
2010-06-21,3,6.491699695587158,6.566893059136384,6.447837049579376,6.4791677671208205,15083600
2010-06-22,1,6.32251501083374,6.529296917637814,6.309982484320158,6.479168006750993,11366800
2010-06-23,1,6.36011266708374,6.410241587995196,6.27865361879053,6.353847000157714,9204200
2010-06-24,1,6.228522777557373,6.341313124447045,6.197192656829128,6.341313124447045,16327900
2010-06-25,1,6.278650760650635,6.328779658742633,6.234787526632434,6.278650760650635,7108000
2010-06-28,3,6.291184425354004,6.353845864081309,6.222257320820982,6.2974506887434885,7603500
2010-06-29,1,6.147063255310059,6.222256614699382,6.078135561015404,6.222256614699382,15553400
2010-06-30,1,6.115732669830322,6.259853129001857,6.090668216166415,6.165861577158135,15959300
2010-07-01,1,6.134531021118164,6.165861738413365,6.015475012496875,6.12199909275032,13232900
2010-07-02,1,6.1971917152404785,6.2535862825330915,6.10946583681254,6.159594739461745,12921200
2010-07-06,4,6.472812175750732,6.571482840600811,6.38729730679203,6.38729730679203,19171800
2010-07-07,1,6.578062057495117,6.61095249324917,6.459656739713683,6.479391377565844,12954000
2010-07-08,1,6.637264251708984,6.663576473003523,6.525437154373986,6.578061596963063,13385700
2010-07-09,1,6.67673397064209,6.696468612139314,6.584641486320378,6.637265942313642,5183700
2010-07-12,3,6.6241068840026855,6.689887741537068,6.6241068840026855,6.643841517662651,8052800
2010-07-13,1,6.670154571533203,6.696466792379509,6.6241077145525455,6.6635763594884185,9159500
2010-07-14,1,6.67673397064209,6.729358426635354,6.617531928149418,6.729358426635354,15869300
2010-07-15,1,6.67673397064209,6.689890398306906,6.604375500484602,6.637265942313642,9778200
2010-07-16,1,6.5254364013671875,6.676731499518782,6.512279978571692,6.63726348579783,16100800
2010-07-19,3,6.663576602935791,6.676732400173163,6.584639937512998,6.59121814979811,8440800
2010-07-20,1,6.775402545928955,6.781980757091204,6.5583265962366815,6.617529242031437,12519100
2010-07-21,1,6.643840789794922,6.77540186311773,6.62410615829699,6.7622454421191085,12529700
2010-07-22,1,6.82802677154541,6.841182566134445,6.696465688991426,6.696465688991426,13268600
2010-07-23,1,6.880651950836182,6.906964170200777,6.775403073377797,6.828027512106989,9314200
2010-07-26,3,6.953010082244873,6.953010082244873,6.808293195962487,6.887229850479997,7232800
2010-07-27,1,6.867496967315674,6.972746494173295,6.860919381595074,6.9595900680662455,10941500
2010-07-28,1,6.880651950836182,6.966166820604316,6.847761519797238,6.880651950836182,8376000
2010-07-29,1,6.696467399597168,6.913543398096265,6.696467399597168,6.8609189516318105,21033800
2010-07-30,1,6.643840789794922,6.703042802290675,6.5780599394671775,6.6701530044594834,18087100
2010-08-02,3,6.749091625213623,6.82802829232729,6.683310755619134,6.7162011904163785,13442600
2010-08-03,1,6.729355335235596,6.788557977864155,6.696465535848806,6.742511756856481,12634000
2010-08-04,1,6.722777366638184,6.7885575889762,6.6569965169674905,6.762245374574459,16752800
2010-08-05,1,6.656997203826904,6.689887632055838,6.617529191818376,6.670153626051573,14172000
2010-08-06,1,6.5517497062683105,6.6306863741350535,6.505703473512596,6.604374151512806,16262400
2010-08-09,3,6.54517126083374,6.610952128714621,6.532015463657274,6.610952128714621,10843000
2010-08-10,1,6.532015323638916,6.571483341655141,6.479390881395393,6.512280687297968,14168100
2010-08-11,1,6.400454521179199,6.499125835230019,6.387298722372179,6.479391823353025,18577100
2010-08-12,1,6.426766395568848,6.479390837455499,6.3544073174750775,6.360985529544117,17729600
2010-08-13,1,6.380719184875488,6.505702697930822,6.360985177094624,6.420187827770014,14238000
2010-08-16,3,6.426766395568848,6.485968422191707,6.334673308600792,6.3478291054060385,7452100
2010-08-17,1,6.499124526977539,6.532014958373742,6.400453232788927,6.4728123073271355,12328800
2010-08-18,1,6.426766395568848,6.505703058398825,6.393875962556482,6.499124846329785,11861300
2010-08-19,1,6.341253757476807,6.466236694210742,6.321519114308512,6.426768662540258,19439300
2010-08-20,1,6.367560386657715,6.426763009420586,6.347825760848424,6.367560386657715,9000500
2010-08-23,3,6.374138832092285,6.446497881871317,6.367561249929944,6.374138832092286,9888100
2010-08-24,1,6.27547025680542,6.360985126283136,6.222845818254947,6.321516483703886,17847400
2010-08-25,1,6.229424953460693,6.27547118718582,6.130753646050284,6.229424953460693,12023400
2010-08-26,1,6.203111171722412,6.249157393878201,6.183376538799023,6.222845177313075,12119600
2010-08-27,1,6.347829818725586,6.360986244342081,6.176800677041465,6.268893147025322,9931700
2010-08-30,3,6.196531772613525,6.374139043540195,6.176797770806696,6.321514620500247,12539800
2010-08-31,1,6.183376789093018,6.229423640445441,6.130752353832608,6.1833767890930185,16359400
2010-09-01,1,6.301783084869385,6.3412517312615355,6.196534197600787,6.229424631705437,14118900
2010-09-02,1,6.229424953460693,6.328095633538218,6.2096903155788805,6.295205197734748,20201800
2010-09-03,1,6.426766395568848,6.426766395568848,6.308361087657466,6.308361087657466,11390200
2010-09-07,4,6.2491583824157715,6.400453494765029,6.236001958385666,6.400453494765029,18467000
2010-09-08,1,6.262314319610596,6.275470115285137,6.209689254914097,6.275470115285137,11263500
2010-09-09,1,6.255734443664551,6.334671078707726,6.229422231983493,6.3083588670266675,8783500
2010-09-10,1,6.236001968383789,6.2820488252301585,6.209689747614218,6.249158392434988,9389500
2010-09-13,3,6.485968589782715,6.5122808114059225,6.413610137152106,6.426766561630133,18223400
2010-09-14,1,6.532015323638916,6.551749332647028,6.433344023932683,6.4465004481599815,8323500
2010-09-15,1,6.499124526977539,6.538592542786743,6.439921875930931,6.459655883835534,6151600
2010-09-16,1,6.5517497062683105,6.5714837164017785,6.453079028268101,6.479391250890348,12894300
2010-09-17,1,6.518860340118408,6.610953448064115,6.505704540316435,6.564906580424775,7967400
2010-09-20,3,6.6241068840026855,6.6241068840026855,6.538592020141088,6.545170231361076,12612700
2010-09-21,1,6.512281894683838,6.6438436520172095,6.499126095350271,6.6438436520172095,14590000
2010-09-22,1,6.446500301361084,6.525436962928833,6.426766292802352,6.518858750964982,33047200
2010-09-23,1,6.354407787322998,6.413610445656161,6.30178334154527,6.347829574767562,29309800
2010-09-24,1,6.564904689788818,6.584639324807834,6.393875577620236,6.453078228011696,29744500
2010-09-27,3,6.505702495574951,6.564904517076102,6.499124284075008,6.558326932908937,12822100
2010-09-28,1,6.637264251708984,6.6438424638658296,6.479390923941753,6.505703145236292,12307000
2010-09-29,1,6.7622456550598145,6.814870086046062,6.630684577594195,6.643840999007108,20805700
2010-09-30,1,6.670154571533203,6.828027896611037,6.656998147443635,6.7359348099825525,11830400
2010-10-01,1,6.742512226104736,6.755668648641249,6.656997361615673,6.716200008364467,11123000
2010-10-04,3,6.71619987487793,6.801714737667359,6.656997229305806,6.755668514370259,13630400
2010-10-05,1,6.847760200500488,6.854338410907471,6.722777339431187,6.735933132912479,13253400
2010-10-06,1,6.775402545928955,6.847760986715464,6.749090328612701,6.8148705582369615,10742000
2010-10-07,1,6.7622456550598145,6.808292502672307,6.709621224073567,6.7754020764727265,7504600
2010-10-08,1,6.814872741699219,6.828029168238992,6.709623838712813,6.77540471674579,6281600
2010-10-11,3,6.8017168045043945,6.828029029717194,6.755670567215229,6.795138591367961,5766600
2010-10-12,1,6.755668640136719,6.795136653031061,6.676731359682528,6.76224622406394,7488800
2010-10-13,1,6.860918045043945,6.887230264799329,6.781981385777795,6.7885589702170375,11061700
2010-10-14,1,6.821445941925049,6.900382561154755,6.80829015238634,6.860914565206144,12535900
2010-10-15,1,6.8017168045043945,6.893809279082725,6.749092354078796,6.887231693279225,12457200
2010-10-18,3,6.775402545928955,6.795136552082958,6.722778111296448,6.755668539774951,12978800
2010-10-19,1,6.709622859954834,6.781981940702406,6.663576628448456,6.716201072265132,12066600
2010-10-20,1,6.795135974884033,6.828026400568726,6.722777540243863,6.768823759802817,8634100
2010-10-21,1,6.847760200500488,6.89380641868402,6.781979978428683,6.834604407019197,25208900
2010-10-22,1,6.972745418548584,6.972745418548583,6.841183687104671,6.867495907926887,10628800
2010-10-25,3,7.0253705978393555,7.058260406820852,6.979323736066049,7.031948183235918,15294700
2010-10-26,1,6.985902309417725,7.031948546235109,6.953011871405482,6.979324096348691,5179200
2010-10-27,1,7.005636215209961,7.03194843975474,6.959589979089826,6.9859022036346055,11037100
2010-10-28,1,7.077994346618652,7.156931009584721,7.045103913549582,7.15035279750434,14111000
2010-10-29,1,7.176664352416992,7.19639835949376,7.038525048214061,7.064837266760678,13152000
2010-11-01,3,7.163509845733643,7.235868302923034,7.137197622452693,7.176665643707675,6265100
2010-11-02,1,7.130618572235107,7.196398809044477,7.091149928283235,7.196398809044477,9680200
2010-11-03,1,7.189821243286133,7.202977039749263,7.124040378972041,7.176664819490189,8804800
2010-11-04,1,7.406898021697998,7.406898021697998,7.216134247268218,7.235868257772572,13522900
2010-11-05,1,7.354272842407227,7.393740859481853,7.301648401419178,7.393740859481853,10642900
2010-11-08,3,7.235867023468018,7.327960102333773,7.229288811977725,7.327960102333773,8276300
2010-11-09,1,7.32796049118042,7.426631159439495,7.301648271155813,7.360850295711572,16399400
2010-11-10,1,7.400318622589111,7.400318622589111,7.314803754337037,7.374006403690995,11618500
2010-11-11,1,7.275335311889648,7.334537330429933,7.235866672196712,7.3016475292406895,10698900
2010-11-12,1,7.268758773803711,7.295070997211163,7.19639968893355,7.229290125026088,8284200
2010-11-15,3,7.275335311889648,7.354271963942773,7.275335311889648,7.327959746591731,6752600
2010-11-16,1,7.143773555755615,7.275335269069238,7.117461338559439,7.249023051873062,8229300
2010-11-17,1,7.163509845733643,7.209556079642084,7.130619409799234,7.170087431054215,10309200
2010-11-18,1,7.262181282043457,7.301649934739178,7.222712629347736,7.222712629347736,8092800
2010-11-19,1,7.288490295410156,7.288490295410156,7.202975441707169,7.242444077005731,3746400
2010-11-22,3,7.321383476257324,7.334539274753962,7.209556366037793,7.249025016193532,7839900
2010-11-23,1,7.0648393630981445,7.235869148066909,7.051683563587526,7.229290934645119,11475400
2010-11-24,1,7.235867023468018,7.242445234958309,7.124039937464162,7.156930367582844,10324000
2010-11-26,2,7.235867023468018,7.2490234464486,7.163508579073136,7.176664374720944,4490900
2010-11-29,3,7.1108856201171875,7.229290314894024,7.045104746204462,7.196399877937661,17495900
2010-11-30,1,7.071414947509766,7.104305375057752,7.045102730937922,7.064836736533623,16522500
2010-12-01,1,7.3082275390625,7.321383965771701,7.170088195280658,7.209556848075307,22671000
2010-12-02,1,7.591082572937012,7.61739479255091,7.3740066042891455,7.38058481602582,27885800
2010-12-03,1,7.873939514160156,7.893673522312752,7.597660890692586,7.630551322502117,22780100
2010-12-06,3,7.821316242218018,7.8870964883277646,7.781847592685848,7.873940690038976,7499700
2010-12-07,1,7.781848430633545,7.893675551127826,7.781848430633545,7.880519124089455,9644900
2010-12-08,1,7.834472179412842,7.86078440378984,7.795004156513802,7.814738167963323,10947000
2010-12-09,1,7.913407802581787,8.058125331120406,7.913407802581787,7.952876447576985,14510700
2010-12-10,1,7.946298599243164,7.979189033689164,7.893674155062708,7.946298599243164,10002400
2010-12-13,3,7.827892303466797,8.012078462308748,7.827892303466796,7.952875813204749,11830200
2010-12-14,1,7.834472179412842,7.9002530540217935,7.795004156513802,7.880518415239361,12702300
2010-12-15,1,7.972609519958496,8.005499949035768,7.87393886005944,7.900251077854706,11263900
2010-12-16,1,8.104170799255371,8.104170799255371,8.025234144015805,8.025234144015805,11049900
2010-12-17,1,8.347561836242676,8.3738740636703,8.189688471676934,8.216000699104558,21359100
2010-12-20,3,8.11075210571289,8.235735661368194,8.084439877259092,8.19626700502099,9499500
2010-12-21,1,8.15021800994873,8.209420033479075,8.10417115520362,8.176530229517594,10978600
2010-12-22,1,8.091012954711914,8.189683591940398,8.064700742962144,8.130480958670264,7865300
2010-12-23,1,8.04496955871582,8.104172217338077,8.025235548286028,8.091016419495842,5750600
2010-12-27,4,8.097594261169434,8.123906482981539,8.04496919021237,8.10417184612282,3890700
2010-12-28,1,8.051548957824707,8.1107516251714,8.02523673092984,8.071283598495587,5232200
2010-12-29,1,8.097594261169434,8.176530926605752,8.031813392972744,8.064703827071089,9312400
2010-12-30,1,8.156795501708984,8.169951925010405,8.110749274819595,8.123905698121016,4270200
2010-12-31,1,8.248887062072754,8.248887062072754,8.150216414833983,8.176528629253166,4216200
2011-01-03,3,8.281780242919922,8.347560487191728,8.248889807117575,8.262046232371668,7040600
2011-01-04,1,8.308094024658203,8.308094024658203,8.183110470629483,8.288360010407931,9709800
2011-01-05,1,8.130481719970703,8.255465207984441,8.051545077330132,8.222574783384369,9777300
2011-01-06,1,8.465963363647461,8.498853789964535,8.189684786316361,8.222575212633435,23936600
2011-01-07,1,8.597528457641602,8.617263099049872,8.472545532054214,8.492279546129486,20593300
2011-01-10,3,8.696197509765625,8.729087942849864,8.590948625762328,8.623838431513734,16293600
2011-01-11,1,8.827757835388184,8.893538695749026,8.755399390857479,8.867225849738466,18268900
2011-01-12,1,8.886960983276367,8.919851415303686,8.80144611093846,8.900116779687608,11785800
2011-01-13,1,8.794866561889648,8.919850059124334,8.729086335169088,8.893537842969566,12088500
2011-01-14,1,8.998790740966797,9.005368327454114,8.781714703560406,8.82776094563661,15034100
2011-01-18,4,8.913272857666016,9.090880179991258,8.893538850148275,8.99878772668661,14698500
2011-01-19,1,8.900117874145508,9.1106162886059,8.900117874145508,9.057991841824023,20552600
2011-01-20,1,8.72251033782959,8.840915026907528,8.689619902456265,8.7948687937846,24561200
2011-01-21,1,8.729086875915527,8.808023529269772,8.702774030798023,8.755399093700277,23532600
2011-01-24,3,8.847491264343262,8.873803481301431,8.669883956708802,8.768554613468753,12170300
2011-01-25,1,8.696197509765625,8.801446393768922,8.696197509765625,8.729087942849864,16607200
2011-01-26,1,8.70935344696045,8.768556101999629,8.689619437725005,8.768556101999629,19606400
2011-01-27,1,8.755399703979492,8.913273021692252,8.68304062952821,8.76197728838459,23444900
2011-01-28,1,8.623839378356934,8.873805818975919,8.610683580078513,8.873805818975919,22928500
2011-01-31,3,8.597528457641602,8.656731127200416,8.571216229763573,8.630418899322388,17718200
2011-02-01,1,8.689617156982422,8.75539800694569,8.669883152926511,8.722507581964056,17957000
2011-02-02,1,8.775135040283203,8.840915285621922,8.683041944009524,8.70935416761159,12598000
2011-02-03,1,8.788289070129395,8.82775771125747,8.722508838026291,8.814601288437188,7536700
2011-02-04,1,8.959319114685059,8.965897326324198,8.761977156840416,8.808024010981601,13293400
2011-02-07,3,8.985631942749023,9.038256384762237,8.933007500735812,8.965897933827277,15960600
2011-02-08,1,8.827757835388184,8.946163133104589,8.788289193705122,8.893538695749026,11827600
2011-02-09,1,8.610682487487793,8.827758463867081,8.610682487487793,8.72250958166292,13696400
2011-02-10,1,8.4462308883667,8.525167549423148,8.380450023819916,8.498855329070999,26351400
2011-02-11,1,8.512011528015137,8.538323749611287,8.314670179710435,8.393606844498885,11393100
2011-02-14,3,8.479121208190918,8.525167436363315,8.465964784522914,8.525167436363315,8005900
2011-02-15,1,8.433073997497559,8.465964427949466,8.38044955970762,8.393605982821494,7291100
2011-02-16,1,8.479121208190918,8.525167436363315,8.433074352685711,8.465964784522914,14544900
2011-02-17,1,8.597528457641602,8.597528457641602,8.433076876570674,8.472545532054214,16609200
2011-02-18,1,8.426496505737305,8.61068204002316,8.413340082479063,8.59752561676492,15167000
2011-02-22,4,8.163375854492188,8.380451877239121,8.150220055072987,8.380451877239121,15166500
2011-02-23,1,8.077861785888672,8.281782029999729,8.038393756275577,8.268625601906683,16723100
2011-02-24,1,7.972609519958496,8.137061038012094,7.900251077854706,8.137061038012094,29988100
2011-02-25,1,8.08443546295166,8.123904097747985,7.98576481695985,8.058123248865,15380300
2011-02-28,3,8.08443546295166,8.150216311834646,8.025232824423506,8.150216311834646,18334700
2011-03-01,1,8.012079238891602,8.262045655263098,8.005501026724048,8.248889230927988,15990200
2011-03-02,1,8.031811714172363,8.097592568619612,7.972609070636383,7.979187281547652,12591100
2011-03-03,1,8.064704895019531,8.123907558769748,8.005502231269315,8.117329345612404,15442000
2011-03-04,1,8.163375854492188,8.22257852021098,8.110751402149473,8.143641841696908,20278800
2011-03-07,3,8.025235176086426,8.17653092191895,7.939720298412886,8.163374497354013,15430100
2011-03-08,1,8.123907089233398,8.202843760560416,8.117328876456256,8.123907089233398,19209600
2011-03-09,1,8.235733985900879,8.308092442595061,8.06470422207876,8.137062678772942,25862200
2011-03-10,1,7.966033458709717,8.058126559515461,7.926565435030773,8.044970133400529,17514200
2011-03-11,1,8.031811714172363,8.064702141395989,7.919984638011672,7.926562848922941,13547700
2011-03-14,3,7.998922348022461,8.025234567825187,7.90682989237932,7.913407476830399,8602600
2011-03-15,1,7.834472179412842,7.84105039234032,7.637130182918902,7.729223281904851,14192300
2011-03-16,1,7.518723011016846,7.834469599567294,7.452942158069149,7.768689373952304,39189200
2011-03-17,1,7.637128353118896,7.716065007337246,7.597660339676103,7.597660339676103,13507100
2011-03-18,1,7.729220867156982,7.775267088597832,7.617393791658307,7.762111294185896,13015000
2011-03-21,3,7.85420560836792,7.926564690537955,7.814737588395961,7.821315800835577,15205300
2011-03-22,1,7.7752685546875,7.854205218041407,7.762112757794933,7.847627633261541,10850100
2011-03-23,1,7.919983863830566,7.93314028436706,7.709486153907944,7.814735008869255,17840300
2011-03-24,1,8.077861785888672,8.09759642802824,7.913410198723731,7.979191084522915,16177100
2011-03-25,1,8.051548957824707,8.1107516251714,8.01865851737288,8.10417341161444,10185100
2011-03-28,3,8.005496978759766,8.130479810081763,7.959450771535744,8.064699603666378,7657800
2011-03-29,1,7.933141231536865,7.952875237365069,7.900250803601369,7.939718815257776,25880800
2011-03-30,1,7.966033458709717,7.992345683606654,7.906831423191301,7.979189884824648,13372800
2011-03-31,1,8.012079238891602,8.117328124241107,7.952876584049294,8.097594115071285,13090900
2011-04-01,1,8.031811714172363,8.077857935885806,7.998921286948739,8.064702141395989,10752900
2011-04-04,3,8.012079238891602,8.064703681566353,7.992344602388939,8.038391460228977,9660700
2011-04-05,1,8.196263313293457,8.229153740879585,8.091014446884028,8.097592657867798,20534300
2011-04-06,1,8.400185585021973,8.439653606231934,8.340982925874146,8.35413872383317,12934700
2011-04-07,1,8.367292404174805,8.42649504390078,8.321245558092,8.354135983198951,8459300
2011-04-08,1,8.321246147155762,8.452807856896865,8.308090352581287,8.373870580119114,7510900
2011-04-11,3,8.229155540466309,8.275201772756837,8.169952883331133,8.248889550400412,9431600
2011-04-12,1,8.04496955871582,8.14364086553054,7.992345112681123,8.110750429925634,8548900
2011-04-13,1,8.064704895019531,8.137063357751499,8.044970255547502,8.123907558769748,11613700
2011-04-14,1,8.097594261169434,8.123906482981539,8.005501171160638,8.012079383446878,11826400
2011-04-15,1,8.031811714172363,8.091014357708344,7.979187281547652,8.071280352307257,6326500
2011-04-18,3,7.860782146453857,7.979187435815033,7.80815771281172,7.9726092247765825,11477300
2011-04-19,1,7.867361068725586,7.900251499558499,7.795002622759407,7.887095076292217,17106500
2011-04-20,1,8.189684867858887,8.189684867858887,8.07128021020428,8.143638646956134,16936700
2011-04-21,1,8.262043952941895,8.301511963149505,8.229153526213747,8.248887531317552,14928000
2011-04-25,4,8.077861785888672,8.235735786340111,8.04497134298908,8.216001144200543,11027600
2011-04-26,1,8.262043952941895,8.262043952941895,8.104170030113323,8.1304822460293,11100000
2011-04-27,1,8.742243766784668,8.781712412074674,8.32124760213357,8.439652910670748,44473500
2011-04-28,1,8.821179389953613,8.86722561458542,8.656727870745431,8.669884293401811,31618300
2011-04-29,1,8.88038444519043,8.88038444519043,8.76197911850802,8.801447769846465,15371600
2011-05-02,3,8.886960983276367,8.9264289998429,8.840914127504995,8.886960983276367,16884100
2011-05-03,1,8.854068756103516,8.919849606821213,8.801444326462432,8.880380970924058,18363000
2011-05-04,1,8.840913772583008,8.880382414897868,8.755399531010918,8.873804203289927,16035100
2011-05-05,1,8.913272857666016,9.005365310970664,8.847491996163162,8.867226003680903,17851100
2011-05-06,1,9.044833183288574,9.13692625608548,8.985630538442901,8.985630538442901,19126000
2011-05-09,3,8.992207527160645,9.077722377276451,8.946161310687767,9.077722377276451,16039800
2011-05-10,1,9.044833183288574,9.071145400183012,8.913272098816378,8.939584315710817,11120200
2011-05-11,1,8.88038444519043,9.084304660328698,8.867228018966637,8.992211558760943,12408500
2011-05-12,1,9.090879440307615,9.16981609128865,8.867225282194989,8.867225282194989,26161400
2011-05-13,1,8.939583778381348,9.10403528092013,8.906693352407052,9.090878859597332,12839300
2011-05-16,3,8.86064624786377,8.998785521298888,8.86064624786377,8.900114253226583,13765000
2011-05-17,1,8.808023452758789,8.946162751761957,8.735664383979714,8.854069676648928,21091500
2011-05-18,1,8.900117874145508,8.952742320927383,8.867227438073613,8.87380565075457,11029700
2011-05-19,1,8.847491264343262,8.906693909332327,8.788288619354196,8.9001156982596,8295100
2011-05-20,1,8.821179389953613,8.87380382591361,8.761976742665427,8.840913396605423,8234400
2011-05-23,3,8.630414962768555,8.72250803200214,8.61068095769447,8.696195816125789,14639200
2011-05-24,1,8.650147438049316,8.788286703803175,8.643569855743019,8.66988206696601,15758800
2011-05-25,1,8.66330623626709,8.722508884608992,8.597525376479915,8.623837594928231,11050400
2011-05-26,1,8.775135040283203,8.80802547661901,8.636995709539132,8.663307933141198,15105200
2011-05-27,1,8.72251033782959,8.840915026907528,8.689619902456265,8.788290581243361,10229900
2011-05-31,4,8.985631942749023,9.044834596847094,8.847492625631137,8.979053730664164,17418500
2011-06-01,1,8.998790740966797,9.071149210991262,8.946166285070278,9.031680555402373,17616700
2011-06-02,1,9.011942863464355,9.064567297884633,8.979052435118497,9.025099285735797,12586800
2011-06-03,1,8.972476959228516,9.064569427433003,8.939586523155674,8.992210969939064,9232000
2011-06-06,3,8.998790740966797,9.077727424811576,8.939588071249963,8.965900299198223,10591300
2011-06-07,1,9.13035011291504,9.24217721687674,9.0645692421142,9.07114745466086,14722000
2011-06-08,1,9.02509880065918,9.143503458074475,8.972474369067335,9.143503458074475,14932900
2011-06-09,1,8.91985034942627,9.031676801223956,8.761976420026842,9.025099217470729,14243900
2011-06-10,1,8.584370613098145,8.840914616982618,8.551480179249845,8.814602395370548,30974300
2011-06-13,3,8.544901847839355,8.61068271461852,8.52516783873874,8.584370493373422,13034200
2011-06-14,1,8.768553733825684,8.794865948144267,8.715929305188519,8.722507515601333,12413100
2011-06-15,1,8.630414962768555,8.78171067455711,8.623836751966289,8.689617605323523,18221700
2011-06-16,1,8.551481246948242,8.656730146537413,8.492278584096102,8.610683909800382,16911900
2011-06-17,1,8.367292404174805,8.623836339877128,8.334401979067852,8.617258756721881,18469400
2011-06-20,3,8.485699653625488,8.512011876298248,8.380450762934455,8.433075208279972,10737600
2011-06-21,1,8.729086875915527,8.735664459862148,8.558057146648288,8.57779115315366,13390400
2011-06-22,1,8.498855590820312,8.650150705671583,8.492277378696473,8.650150705671583,16821800
2011-06-23,1,8.4462308883667,8.47912132064009,8.222576701707016,8.3409820069581,18140700
2011-06-24,1,8.156795501708984,8.354137459900754,8.130483282438934,8.321247028979993,26052200
2011-06-27,3,8.242310523986816,8.288357379062733,8.110749425197351,8.150218068500592,27858400
2011-06-28,1,8.433073997497559,8.433073997497559,8.268622472570803,8.288357107241616,32005100
2011-06-29,1,8.466669082641602,8.569502855385757,8.404968557474636,8.54208047240057,16606000
2011-06-30,1,8.644911766052246,8.713468030755996,8.535222265567043,8.59692277304022,20957200
2011-07-01,1,8.850580215454102,8.857435972924101,8.631201206822254,8.631201206822254,17024900
2011-07-05,4,8.720322608947754,8.809445479492295,8.651766353513214,8.809445479492295,10336700
2011-07-06,1,8.590066909790039,8.665478930793618,8.500944028295528,8.65862317364766,20917400
2011-07-07,1,8.747746467590332,8.8163020808793,8.610634587211381,8.672334443031145,20138900
2011-07-08,1,8.651765823364258,8.67233243721401,8.459809235231218,8.665477335131337,13968700
2011-07-11,3,8.480377197265625,8.610633964557234,8.459810580146254,8.548933459398153,10239400
2011-07-12,1,8.391257286071777,8.452957813054851,8.308990134694744,8.43924694805928,16394900
2011-07-13,1,8.528366088867188,8.699756088395716,8.50094371509466,8.542077602653931,17094300
2011-07-14,1,8.329553604125977,8.521510871766449,8.288420370917986,8.50779935816315,17778000
2011-07-15,1,8.377544403076172,8.439244915196701,8.295277271515813,8.398111022516,11521800
2011-07-18,3,8.322699546813965,8.35012192366504,8.247287520122734,8.322699546813965,14976100
2011-07-19,1,8.377544403076172,8.418677641955828,8.226721001648325,8.288421513768856,13348100
2011-07-20,1,8.548931121826172,8.596920099916522,8.473519123340433,8.542075366727325,8756200
2011-07-21,1,8.617485046386719,8.692897030301747,8.514651354976161,8.54892947004657,8316300
2011-07-22,1,8.898569107055664,8.898569107055664,8.638056864223785,8.638056864223785,16438500
2011-07-25,3,8.740891456604004,8.788880455384703,8.638057700987916,8.720324836241002,24419600
2011-07-26,1,8.843725204467773,8.946559613794792,8.775169585384168,8.782025343432851,16114900
2011-07-27,1,8.610633850097656,8.816301326159401,8.590066579450713,8.795734709313418,19118800
2011-07-28,1,8.439245223999023,8.713469005901068,8.41867795000557,8.569501356952228,27805500
2011-07-29,1,8.473520278930664,8.52150991736647,8.384397411893744,8.439242806363362,20581700
2011-08-01,3,8.590066909790039,8.699756408921441,8.452955035875787,8.638056556010769,20125100
2011-08-02,1,8.356976509094238,8.54207803170682,8.356976509094238,8.535222274469097,12811200
2011-08-03,1,8.336410522460938,8.398111034670768,8.171876259102088,8.322699660748222,19356500
2011-08-04,1,7.938785076141357,8.322698979697165,7.931929318945487,8.240431854749705,27060800
2011-08-05,1,7.925073623657227,8.014195845343368,7.664560753879813,7.925073623657227,22109100
2011-08-08,3,7.500026702880859,7.753684498198763,7.431471089763359,7.671416716376136,18751900
2011-08-09,1,7.883941650390625,7.897653167085398,7.452038681521789,7.589150579464015,21818200
2011-08-10,1,7.589150428771973,7.808530114924577,7.575439566150546,7.760540461246866,19386900
2011-08-11,1,7.89765214920044,8.014196757079711,7.685128244430201,7.685128244430201,17011900
2011-08-12,1,7.856520175933838,7.91822070056649,7.774253027690693,7.829097793186122,9037700
2011-08-15,3,8.000486373901367,8.03476450946705,7.91821924082436,7.966208238335684,5535100
2011-08-16,1,7.89765214920044,8.007341653416942,7.815384367237044,7.877084876809082,11531700
2011-08-17,1,7.8907952308654785,7.945639974905129,7.781105742786179,7.911361846430117,10491600
2011-08-18,1,7.575439453125,7.68512896766419,7.369771286463477,7.643995072811454,21118100
2011-08-19,1,7.500026702880859,7.691983988732301,7.472604326873656,7.500026702880859,11898100
2011-08-22,3,7.705694675445557,7.753684322722856,7.568582798512557,7.685128057355857,17618100
2011-08-23,1,8.117032051086426,8.15131018837738,7.787962848414796,7.787962848414796,16565700
2011-08-24,1,8.048476219177246,8.089610116949006,7.904508557677773,8.082754358353526,14453900
2011-08-25,1,7.781106472015381,8.082752592503107,7.753684097425587,8.014196329128133,17994600
2011-08-26,1,8.096463203430176,8.130740677492572,7.8153830779917985,7.8153830779917985,9421300
2011-08-29,3,8.315844535827637,8.315844535827637,8.158165364425226,8.178732639261037,8293300
2011-08-30,1,8.206153869628906,8.267854377895448,8.151309118681093,8.24043200242154,7907200
2011-08-31,1,8.206153869628906,8.281565238731899,8.151309118681093,8.274709481413172,10145300
2011-09-01,1,8.151310920715332,8.267856205694695,8.13074364421228,8.171877543417235,9095900
2011-09-02,1,7.99362850189209,8.089607125331593,7.931928004952471,8.03476238445213,10719500
2011-09-06,4,7.89765214920044,7.918218767790779,7.753684511466024,7.808529263574276,12790800
2011-09-07,1,8.26099967956543,8.26099967956543,8.07589813103739,8.089609647432543,12396600
2011-09-08,1,8.226720809936523,8.295277078206407,8.123887061332729,8.151309437880476,16279000
2011-09-09,1,8.144454002380371,8.281565890541444,8.089609247115941,8.185587241928165,15057500
2011-09-12,3,8.185588836669922,8.219866978838628,8.021054538821554,8.062188440184237,12798200
2011-09-13,1,8.199297904968262,8.213008765457996,8.075896891555715,8.137597398261988,11612100
2011-09-14,1,8.103321075439453,8.178733113272528,7.959353412250376,8.110176834115395,18850400
2011-09-15,1,8.30213451385498,8.363835041867807,8.226723120617754,8.226723120617754,15916200
2011-09-16,1,8.50780200958252,8.576358291362375,8.404968240713892,8.466668763555532,15643200
2011-09-19,3,8.377544403076172,8.425533399702786,8.233576759395284,8.350122025889386,7858900
2011-09-20,1,8.30898666381836,8.42553190970219,8.302130907283797,8.391253780830311,10876500
2011-09-21,1,8.171875,8.439243627113424,8.165019243299438,8.377543124410254,12460100
2011-09-22,1,7.89765214920044,7.979919277362817,7.808529263574276,7.89765214920044,24446200
2011-09-23,1,8.027911186218262,8.027911186218262,7.739975806226048,7.774253952187264,22340300
2011-09-26,3,7.925073623657227,7.986773472408953,7.746827872683058,7.945640239907802,18025300
2011-09-27,1,8.24043083190918,8.336408805534155,8.048473577057406,8.062185089747208,18203400
2011-09-28,1,8.06904125213623,8.226719733198074,8.06904125213623,8.18558584685967,11587300
2011-09-29,1,8.096463203430176,8.219863548416802,7.973062204642639,8.192441176886339,10301800
2011-09-30,1,7.835950374603272,8.089607475604133,7.801672246619174,8.02790697599294,15664200
2011-10-03,3,7.753686428070068,7.99363211440467,7.753686428070068,7.781108810902628,15931500
2011-10-04,1,8.048476219177246,8.055331977772727,7.719407652207666,7.719407652207666,19700000
2011-10-05,1,8.103321075439453,8.103321075439453,7.904508650445121,7.993631551828944,11445900
2011-10-06,1,8.110177993774414,8.117033753430645,7.918221300008496,8.048477464470777,16134800
2011-10-07,1,8.08961009979248,8.144454860837762,7.959353301959094,8.103320963153239,16618600
2011-10-10,3,8.24043083190918,8.254141690798072,8.158163063372184,8.199296947640683,11210000
2011-10-11,1,8.130743026733398,8.24043319834928,8.123887922220797,8.17187692281449,8253000
2011-10-12,1,8.336410522460938,8.377544415201173,8.199298636328564,8.213009498041277,10920200
2011-10-13,1,8.343262672424316,8.350118427216632,8.185583581204892,8.23357321095033,14678500
2011-10-14,1,8.432387351989746,8.452953967026053,8.343264481764544,8.425531595710677,9567900
2011-10-17,3,8.233576774597168,8.377544418543867,8.185587124080904,8.35697714526502,9357900
2011-10-18,1,8.370686531066895,8.398108901327358,8.185585041458115,8.226718923749248,8859600
2011-10-19,1,8.30213451385498,8.425535569880635,8.267857023893377,8.308990273367787,8569800
2011-10-20,1,8.096463203430176,8.254141676280106,7.979917960975483,8.24043081741533,13372900
2011-10-21,1,8.35012149810791,8.363832358934166,8.206153863526705,8.206153863526705,7230000
2011-10-24,3,8.555790901184082,8.562646660031461,8.336411848477152,8.336411848477152,7181400
2011-10-25,1,8.356976509094238,8.473521766931569,8.350121405657509,8.446099391781667,10456100
2011-10-26,1,8.398111343383789,8.521512372339647,8.308988450671343,8.452956099852821,16953200
2011-10-27,1,8.87800121307373,8.953413225932705,8.665477994909693,8.699755469335502,29647900
2011-10-28,1,8.73403549194336,8.816302625250394,8.713468872066866,8.802591763266417,13080000
2011-10-31,3,8.651765823364258,8.74088868844767,8.603776839781215,8.658621579247797,8923100
2011-11-01,1,8.535221099853516,8.603777355194067,8.377542627891511,8.459809742019631,14767400
2011-11-02,1,8.720322608947754,8.727177711450484,8.576354995575942,8.631199738403213,11367900
2011-11-03,1,8.843725204467773,8.864292478613821,8.658624313760857,8.830014342171483,12036400
2011-11-04,1,8.898569107055664,8.95341451237928,8.802591118791605,8.809446876182184,9961200
2011-11-07,3,8.912283897399902,8.919139657310202,8.775171968200153,8.864294885630303,7639100
2011-11-08,1,8.864294052124023,8.898571540849924,8.72718148201567,8.878004916854145,7545200
2011-11-09,1,8.555790901184082,8.679191945232304,8.514657655702107,8.603780559314584,11188800
2011-11-10,1,8.686046600341797,8.740891356549394,8.59006795007797,8.624346086157983,15910900
2011-11-11,1,8.87800121307373,8.92599085411151,8.699755469335502,8.706611225741028,12454400
2011-11-14,3,8.898569107055664,8.973981130750007,8.864291627704791,8.905424864446243,9046900
2011-11-15,1,8.96712589263916,8.96712589263916,8.816302490317412,8.878003002803629,10189200
2011-11-16,1,8.73403549194336,8.925992790127498,8.727179734050843,8.878003138680935,12697300
2011-11-17,1,8.71346664428711,8.823156127318748,8.64491039049189,8.823156127318748,13148200
2011-11-18,1,8.679190635681152,8.720324528757828,8.555789610252171,8.720324528757828,11364900
2011-11-21,3,8.610633850097656,8.65176708378962,8.480377084537526,8.56949996260473,15051900
2011-11-22,1,8.610633850097656,8.66547859755425,8.5557884488401,8.610633850097656,16107200
2011-11-23,1,8.363832473754883,8.50780011031251,8.322699236910424,8.466666873468052,11899800
2011-11-25,2,8.27470874786377,8.363831623703513,8.226719758488887,8.247286374820845,5505000
2011-11-28,3,8.603778839111328,8.624345457740313,8.473522062258716,8.473522062258716,11545800
2011-11-29,1,8.500945091247559,8.603779499892328,8.49408998704543,8.590067983885932,9364300
2011-11-30,1,8.857437133789062,8.88485951346205,8.692902855751143,8.754603373465638,18986100
2011-12-01,1,9.05624771118164,9.097381599240274,8.87114619561925,8.87800195259585,11239500
2011-12-02,1,8.994545936584473,9.159080157996174,8.973979322358229,9.076813047290324,8691500
2011-12-05,3,9.063103675842283,9.117948425309931,8.99454741210723,9.097381807709812,15855000
2011-12-06,1,8.871146202087402,9.001402969533904,8.857435341925175,8.946558221283052,13573800
2011-12-07,1,9.063103675842283,9.104236911042529,8.816301649436879,8.830013163704285,11695100
2011-12-08,1,8.871146202087402,9.056247717784755,8.850579584943576,8.946558221283052,9011500
2011-12-09,1,8.96712589263916,9.042537266899512,8.720324496495339,8.795735870755689,13774300
2011-12-12,3,8.864294052124023,8.87114915758849,8.720326376551203,8.830015909596934,9816300
2011-12-13,1,8.720322608947754,8.9328458239532,8.638055494706848,8.871145324822294,12554400
2011-12-14,1,8.603778839111328,8.775168853221908,8.59692308163466,8.67233445247495,9798500
2011-12-15,1,8.569502830505371,8.699758985856533,8.521513823870919,8.699758985856533,8199400
2011-12-16,1,8.747746467590332,8.775168843666123,8.521511701514807,8.576356453666389,13528100
2011-12-19,3,8.446100234985352,8.740891287627562,8.439245130864254,8.686046531852416,10443300
2011-12-20,1,8.679190635681152,8.775169283659364,8.610635018954758,8.658624016043339,22957200
2011-12-21,1,8.71346664428711,8.878000868834567,8.583210546637263,8.823156127318748,16766200
2011-12-22,1,8.850580215454102,8.8642917303941,8.740890711138178,8.768313087217159,5828300
2011-12-23,1,8.857437133789062,8.88485951346205,8.747747615097117,8.836870512484598,3709400
2011-12-27,4,8.925992012023926,9.021969998948268,8.823157614003701,8.850579989382227,4506200
2011-12-28,1,8.857437133789062,8.96712665248101,8.843725617052018,8.88485951346205,6138400
2011-12-29,1,8.925992012023926,8.946558630107571,8.836869128593465,8.891713879350517,3996700
2011-12-30,1,8.850580215454102,8.980836992180025,8.83001359684512,8.939703101161045,4183200
2012-01-03,4,9.090527534484863,9.15222805115801,8.953415638434032,8.987693122095921,8910500
2012-01-04,1,9.008259773254396,9.056248770099858,8.939703503074265,9.01511487723157,7386600
2012-01-05,1,9.090527534484863,9.1042383971894,9.008260396854364,9.042537880516251,10306100
2012-01-06,1,9.01511287689209,9.097380644374487,8.973979646951793,9.097380644374487,7775800
2012-01-09,3,9.1727933883667,9.179649145660038,9.001403378839221,9.0151142396249,7543100
2012-01-10,1,9.440163612365724,9.47444109694481,9.227639677449387,9.275628678900995,15501300
2012-01-11,1,9.364749908447266,9.392172283504758,9.30990515833228,9.33047177617515,11564800
2012-01-12,1,9.481295585632324,9.584129333200162,9.39217269929972,9.39217269929972,12716100
2012-01-13,1,9.4264497756958,9.46072790564034,9.316760282914036,9.433305532444898,9564100
2012-01-17,4,9.22763729095459,9.419593900917423,9.200214918102755,9.399027284728785,13523900
2012-01-18,1,9.481295585632324,9.55670695692867,9.337327946756735,9.337327946756735,14004200
2012-01-19,1,9.776083946228027,9.782939701870465,9.50871536038054,9.515571116022976,14215100
2012-01-20,1,9.5772705078125,9.776082821973784,9.563558998104456,9.734948946650414,14399700
2012-01-23,3,9.604696273803713,9.700674260536298,9.51557339055131,9.611552031084896,9998400
2012-01-24,1,9.54985237121582,9.62526374660264,9.495007615697942,9.522429993456882,9240200
2012-01-25,1,9.707528114318848,9.714383870255723,9.529282382765324,9.611550146406085,9296200
2012-01-26,1,9.755518913269045,9.892631442312558,9.721241434809158,9.748663809857662,13756900
2012-01-27,1,9.673250198364258,9.728094939447756,9.59098308673901,9.632116969452076,11038700
2012-01-30,3,9.584129333496094,9.64582984355911,9.49500710096176,9.64582984355911,9843400
2012-01-31,1,9.652685165405272,9.72809653330027,9.590984658127098,9.68010754043991,7117600
2012-02-01,1,9.728095054626465,9.782940450160208,9.66639521052768,9.66639521052768,9918300
2012-02-02,1,9.536142349243164,9.748666300516962,9.52928659027923,9.728099023625164,11380900
2012-02-03,1,9.63211727142334,9.63897302772393,9.460727286714032,9.46758304301462,11174500
2012-02-06,3,9.590984344482422,9.625262475604998,9.529283839221977,9.60469585845184,9070400
2012-02-07,1,9.63211727142334,9.693817770526836,9.51557202951694,9.556705259718663,6824400
2012-02-08,1,9.728095054626465,9.77608469399338,9.61155046879483,9.625261327327596,6962600
2012-02-09,1,9.789799690246582,9.817222072703249,9.645832018898789,9.734954925333248,9101100
2012-02-10,1,9.48814868927002,9.659538656478508,9.453870565068154,9.652682900877966,8965700
2012-02-13,3,9.673250198364258,9.707528324991666,9.59098308673901,9.659539339993826,13300700
2012-02-14,1,9.72124195098877,9.734952812340548,9.625263306322225,9.632119063898626,10985800
2012-02-15,1,9.817220687866213,9.913199339826187,9.769231688786762,9.803509825472544,12026600
2012-02-16,1,9.961188316345217,9.995466452953364,9.803509803269236,9.81722066563185,7762500
2012-02-17,1,10.022889137268066,10.125723550229887,9.974900136833208,10.029744895559071,7889600
2012-02-21,4,9.858353614807127,10.057166003505005,9.824075481486595,9.995465494288249,9565000
2012-02-22,1,9.926908493041992,9.94062000687594,9.803508137541291,9.878919502225108,7314500
2012-02-23,1,9.693819046020508,9.824075163866029,9.666396671010872,9.824075163866029,9306400
2012-02-24,1,9.851497650146484,9.872064268185758,9.734952391588928,9.734952391588928,7352500
2012-02-27,3,9.865206718444824,9.906339944323625,9.72123912026735,9.796650470245709,5314700
2012-02-28,1,10.070877075195312,10.070877075195312,9.906342816376569,9.906342816376569,7511800
2012-02-29,1,9.95433521270752,10.146291900971503,9.93376793432833,10.105157998014333,10514800
2012-03-01,1,10.036599159240724,10.064021534520029,9.89263152557412,10.0434542627098,6178400
2012-03-02,1,10.002320289611816,10.036598419635212,9.933764029565024,9.96804215958842,6143400
2012-03-05,3,9.824074745178224,9.947475754362904,9.755518483675406,9.892631006681038,6702200
2012-03-06,1,9.707528114318848,9.830929105979116,9.66639488629934,9.75551709827523,7497600
2012-03-07,1,9.872066497802734,9.906344638143947,9.741810349067505,9.782944248237188,9138800
2012-03-08,1,10.016031265258787,10.022887022103,9.913197527799428,9.94061990137532,5385700
2012-03-09,1,10.009175300598145,10.057164286774697,9.947474801913494,10.043452774266594,5586600
2012-03-12,3,9.872066497802734,10.009179059167586,9.830933252434196,10.009179059167586,7423400
2012-03-13,1,10.194278717041016,10.194278717041016,9.974899691922516,10.009177828047548,6853900
2012-03-14,1,10.153145790100098,10.358813305595913,10.14629003190328,10.235412927058642,6642900
2012-03-15,1,10.242265701293944,10.297111100589824,10.146287723578268,10.23541059845778,7049200
2012-03-16,1,10.13943576812744,10.235414435625628,10.118869144306824,10.207992052597742,5240700
2012-03-19,3,10.393089294433594,10.468501311408062,10.18742116765015,10.283399801162677,7112900
2012-03-20,1,10.242265701293944,10.338244332810564,10.173710096325738,10.33138857617346,5302400
2012-03-21,1,10.427369117736816,10.578192522375646,10.37938012008853,10.495925389063846,7137700
2012-03-22,1,10.303967475891112,10.399946119260395,10.26968934227344,10.310823233374853,6137600
2012-03-23,1,10.276546478271484,10.399947514327936,10.255979856862444,10.399947514327936,6650100
2012-03-26,3,10.543915748596191,10.5576266123519,10.269691281669472,10.276547040447896,9689000
2012-03-27,1,10.53705596923828,10.63303459411065,10.523345110714168,10.57818985241241,5885600
2012-03-28,1,10.40679931640625,10.550766919139964,10.36566543542482,10.475354912974154,10838900
2012-03-29,1,10.33824634552002,10.351957861463662,10.255979211261367,10.30396820946198,7107500
2012-03-30,1,10.47535800933838,10.564480899640865,10.379380015013435,10.420513254352397,7648300
2012-04-02,3,10.557623863220217,10.639891639537076,10.37252300100971,10.468501637512066,7762700
2012-04-03,1,10.43422031402588,10.6193211196053,10.39994219334798,10.564476388040973,8125600
2012-04-04,1,10.283397674560549,10.37937628822474,10.173708203973364,10.34509816521604,6057300
2012-04-05,1,10.447936058044434,10.49592571096558,10.276546028271522,10.303968406883143,8314700
2012-04-09,4,10.187423706054688,10.35195864075925,10.173712842879956,10.276546604994332,8027100
2012-04-10,1,10.022889137268066,10.276546309825475,10.009178274487148,10.187423413445668,11512600
2012-04-11,1,10.13943576812744,10.207992052597742,10.125724903514092,10.125724903514092,6097900
2012-04-12,1,10.228553771972656,10.283398511731152,10.16685327629413,10.17370903221416,7144700
2012-04-13,1,10.351958274841309,10.441080516829574,10.249123862560776,10.324535895660052,9421500
2012-04-16,3,10.351958274841309,10.509636791683262,10.310824379168878,10.461647791566335,6344600
2012-04-17,1,10.427369117736816,10.454791495507417,10.290257228883815,10.386235224180387,11083600
2012-04-18,1,10.47535800933838,10.53020276432436,10.26968985124042,10.399946634682916,6028300
2012-04-19,1,10.454789161682127,10.591901019927612,10.37937780309734,10.523345417705327,7294800
2012-04-20,1,10.358813285827637,10.5370590757982,10.317680044327403,10.52334821323182,6731400
2012-04-23,3,10.207989692687988,10.235412069376297,10.105155289756064,10.207989692687988,7086600
2012-04-24,1,10.187423706054688,10.324536260608674,10.13943470424146,10.25597998333168,9714900
2012-04-25,1,10.221701622009276,10.310824519007346,10.187423484117543,10.310824519007346,10077400
2012-04-26,1,10.845561027526855,10.927828164520104,10.386235688963732,10.45479196335865,19367100
2012-04-27,1,11.07179355621338,11.07179355621338,10.729013561856297,10.811281335846834,15868000
2012-04-30,3,10.681026458740234,11.01695075564131,10.681026458740234,11.01695075564131,14862000
2012-05-01,1,10.646747589111328,10.79757098594758,10.639892485374109,10.701592341815234,9316000
2012-05-02,1,11.037519454956056,11.05808542404108,10.660461215103304,10.735872601553393,13476100
2012-05-03,1,10.76329231262207,11.044372473393675,10.735869937644472,10.996383480633128,9513700
2012-05-04,1,10.585043907165527,10.777001137912135,10.585043907165527,10.763289626944166,9666400
2012-05-07,3,10.57133674621582,10.62618150166225,10.447935719560824,10.495925370927242,8319800
2012-05-08,1,10.393089294433594,10.50963454448418,10.20113268120949,10.434223181310664,13955300
2012-05-09,1,10.372522354125977,10.489067600538702,10.269687967043668,10.310821852636778,11156700
2012-05-10,1,10.550769805908203,10.59190304434313,10.393090648438216,10.516491671345072,7212800
2012-05-11,1,10.550769805908203,10.646747798123725,10.420513025328514,10.420513025328514,7900500
2012-05-14,3,10.33824634552002,10.468503131780352,10.33824634552002,10.379380239549878,8117100
2012-05-15,1,10.13943576812744,10.399948733792929,10.105157625892293,10.386237215378394,16526100
2012-05-16,1,10.228553771972656,10.290254267651182,10.084586166656385,10.207987158013438,14335800
2012-05-17,1,10.077733993530272,10.235413166744044,10.057167372259295,10.160001132415289,11276300
2012-05-18,1,9.789799690246582,10.160002180312176,9.789799690246582,10.036601786157757,12673100
2012-05-21,3,9.88577651977539,9.933765516711828,9.830931765047731,9.858354142411562,18255500
2012-05-22,1,9.872066497802734,9.954334296142104,9.810366629749929,9.865211392775407,13708400
2012-05-23,1,9.652685165405272,9.68010754043991,9.501861775814287,9.611551929753816,12717800
2012-05-24,1,9.570416450500488,9.741806429446555,9.529282567881042,9.70067254682711,10795800
2012-05-25,1,9.584129333496094,9.666397116114132,9.529284580951416,9.549851853506436,6457500
2012-05-29,4,9.70067310333252,9.830929860932558,9.632117500101744,9.77608511682757,13769800
2012-05-30,1,9.54985237121582,9.590985610953702,9.467585237939002,9.57041899108476,10371800
2012-05-31,1,9.41274070739746,9.62526464522136,9.364751705289308,9.5909865063722,23792400
2012-06-01,1,8.953413963317871,9.20707108700485,8.939702449377563,9.186503816094389,20047900
2012-06-04,3,8.925992012023926,9.035681513538032,8.823157614003701,8.960269490896334,13534100
2012-06-05,1,9.05624771118164,9.097381599240274,8.932846700806714,8.953413971736515,12895100
2012-06-06,1,9.255061149597168,9.268772665124777,9.001403996545815,9.049392993290354,12973900
2012-06-07,1,9.28248405456543,9.399029327971585,9.248205917598725,9.351040328498843,11723700
2012-06-08,1,9.22763729095459,9.316760166173284,9.06310305384359,9.111092042884064,9304500
2012-06-11,3,9.193360328674316,9.522429498477514,9.1659379523408,9.447017473209582,10415400
2012-06-12,1,9.392171859741213,9.426449990466736,9.193359486094314,9.220781859914542,17728000
2012-06-13,1,9.28933811187744,9.392171850148022,9.261915738085222,9.392171850148022,11660300
2012-06-14,1,9.234492301940918,9.309903657743826,9.117947063281314,9.234492301940918,12390800
2012-06-15,1,9.371603965759276,9.385314823900536,9.213924847429151,9.220780603400216,6615300
2012-06-18,3,9.570416450500488,9.577272206570544,9.316759360116412,9.392170715484363,12021400
2012-06-19,1,9.673250198364258,9.707528324991666,9.51557173119942,9.56356071619726,13003500
2012-06-20,1,9.686965942382812,9.734954948345123,9.59784303573768,9.645832041699991,5594700
2012-06-21,1,9.309906959533691,9.625264660608076,9.275628820629734,9.59098652170412,12836500
2012-06-22,1,9.481295585632324,9.522429476940072,9.378461838064483,9.405884214335977,8114800
2012-06-25,3,9.1727933883667,9.38531663405221,9.15222677028768,9.344183397894176,14658900
2012-06-26,1,9.124805450439451,9.23449496461736,9.035682556719632,9.179650207528406,15803600
2012-06-27,1,9.28248405456543,9.357895432851318,9.186505401818868,9.248205917598725,11644700
2012-06-28,1,9.213926315307615,9.268771718012731,9.131659191951414,9.213926315307615,11919300
2012-06-29,1,9.570416450500488,9.652683561938495,9.43330459810381,9.474437826922372,12805700
2012-07-02,3,9.78294277191162,9.78294277191162,9.611552749870851,9.74866463674326,10545300
2012-07-03,1,9.899487495422363,9.899487495422363,9.78979798470538,9.837787635994852,5737000
2012-07-05,2,9.694933891296388,9.8440867516555,9.623909139007903,9.730446606114974,12786000
2012-07-06,1,9.58839988708496,9.652322661374692,9.503169747148302,9.623912614729138,14424300
2012-07-09,3,9.58839988708496,9.616809933730517,9.503169747148302,9.531579793793854,10952700
2012-07-10,1,9.43214225769043,9.60260317815048,9.403732217171887,9.488962338727514,16719300
2012-07-11,1,9.33980655670166,9.425037329142326,9.28298649330694,9.410831974619352,18558000
2012-07-12,1,9.09122085571289,9.204861006340131,9.048605460553311,9.140938252275127,12984200
2012-07-13,1,9.155143737792969,9.21906581540306,9.062810944780075,9.105425663186804,8612900
2012-07-16,3,8.998887062072754,9.119629878008114,8.97047702757906,9.084117165553836,13843600
2012-07-17,1,9.013094902038574,9.04860762694914,8.892352721100872,9.013094902038574,11144900
2012-07-18,1,9.332707405090332,9.361117445458312,8.942068842019003,8.942068842019003,19926600
2012-07-19,1,9.133833885192873,9.53157501621704,9.133833885192873,9.51736966134004,20516300
2012-07-20,1,8.984682083129883,9.176450332019996,8.970477403961363,9.176450332019996,24366500
2012-07-23,3,9.07701587677002,9.091221234865229,8.622455255303448,8.764505449511752,24666900
2012-07-24,1,9.169347763061523,9.17645044140479,8.956272154204397,8.991784868572033,18263200
2012-07-25,1,9.240375518798828,9.339810331250431,9.12673534608336,9.140940028998363,19915700
2012-07-26,1,9.48896026611328,9.53867833417272,9.318500060234584,9.318500060234584,19660800
2012-07-27,1,9.716242790222168,9.773062868042867,9.567089916605642,9.58129459738644,13812600
2012-07-30,3,9.58129596710205,9.70203881906929,9.467655795214968,9.609706010073822,9516300
2012-07-31,1,9.922212600708008,9.964827306909148,9.673624330923376,9.673624330923376,18347900
2012-08-01,1,9.858293533325195,9.908010934847574,9.567090448953325,9.858293533325195,24950500
2012-08-02,1,9.851190567016602,9.93642068600842,9.659422968622206,9.765960448024783,21545800
2012-08-03,1,10.071367263793944,10.08557194266861,9.936419089066982,10.02164919436096,10165300
2012-08-06,3,10.113980293273926,10.199210384372751,10.028750202175098,10.064262909470084,13239500
2012-08-07,1,10.064266204833984,10.192111722017229,10.05006084632528,10.09267624450262,11280600
2012-08-08,1,10.007445335388184,10.050060052852228,9.971932619268998,10.014548014081765,10068400
2012-08-09,1,10.177905082702637,10.277340547704108,10.057162259968235,10.057162259968235,8949000
2012-08-10,1,10.291544914245604,10.298647592390244,10.128187381010914,10.128187381010914,12526400
2012-08-13,3,10.163702011108398,10.298649534562296,10.113983932068502,10.2276240944189,8447200
2012-08-14,1,10.22762393951416,10.327059418739134,10.206316578733375,10.263136659047992,7096300
2012-08-15,1,10.241827964782717,10.327058074157693,10.142392498504224,10.142392498504224,6466100
2012-08-16,1,10.263136863708496,10.31995694515618,10.227624143466493,10.31285494298682,9423100
2012-08-17,1,10.22762393951416,10.248931977643732,10.177906538576066,10.18500921795259,8674200
2012-08-20,3,10.298645973205566,10.312851327261436,10.170800496096993,10.220518557943972,9385100
2012-08-21,1,10.40518569946289,10.490416487778786,10.334160945664593,10.35546830406921,14315400
2012-08-22,1,10.22762393951416,10.341264777492182,10.192111897329116,10.298649378581825,7536500
2012-08-23,1,10.177905082702637,10.291545227076496,10.121085010515706,10.26313519098303,7987500
2012-08-24,1,10.206315994262695,10.256033392353691,10.06426580161074,10.18500863470209,7707100
2012-08-27,3,10.213417053222656,10.28444179960861,10.14949430733125,10.263134443427688,6884900
2012-08-28,1,10.163702011108398,10.2276240944189,10.135291970520798,10.1779066927278,5735000
2012-08-29,1,10.192109107971191,10.234723817870046,10.113981010908958,10.149493720723738,5854000
2012-08-30,1,10.12108325958252,10.185005999071445,10.092673228403951,10.14949329076109,7696200
2012-08-31,1,10.440699577331545,10.45490493608182,10.192111895340783,10.23472661689404,11061400
2012-09-04,4,10.213417053222656,10.440697325415533,10.170801663512172,10.398082613053688,10616400
2012-09-05,1,10.071367263793944,10.19211008229758,10.050059229458952,10.135290012101596,9397900
2012-09-06,1,10.23472499847412,10.298647748044669,10.078469463673745,10.156597569748271,12516400
2012-09-07,1,10.30575180053711,10.398084598079231,10.241829042442657,10.270239081890328,7940500
2012-09-10,3,10.440699577331545,10.511725016385352,10.327059416724476,10.348366777501106,11787400
2012-09-11,1,10.596952438354492,10.653772504188945,10.454902273768363,10.462004273986208,9695100
2012-09-12,1,10.63246726989746,10.675081989100155,10.575647192728034,10.646671950515444,9029500
2012-09-13,1,10.67508316040039,10.696391199688463,10.454905506547536,10.618263076996502,11231800
2012-09-14,1,10.909464836120604,11.108335780998582,10.774517323920096,10.82423472146522,9997300
2012-09-17,3,10.646672248840332,10.83844052267215,10.646672248840332,10.831337843489765,7884100
2012-09-18,1,10.71769905090332,10.760313776727235,10.611160881645825,10.753211773989154,9924700
2012-09-19,1,10.682185173034668,10.774517972136785,10.639569774468775,10.739005252890005,8933500
2012-09-20,1,10.511724472045898,10.618261947760889,10.469109075350651,10.561441870399726,8822200
2012-09-21,1,10.511724472045898,10.68218470412938,10.511724472045898,10.660877344456132,9381100
2012-09-24,3,10.533029556274414,10.56143958881759,10.469106813715117,10.504619523731238,8883700
2012-09-25,1,10.511724472045898,10.618261947760889,10.476211754357983,10.561441870399726,13185500
2012-09-26,1,10.646672248840332,10.65377492802272,10.511724731118836,10.511724731118836,14680700
2012-09-27,1,11.079928398132324,11.094133081971398,10.76741722548586,10.76741722548586,22079700
2012-09-28,1,11.236181259155272,11.2432839384547,11.065721020061734,11.079926378660586,18294000
2012-10-01,3,11.29300022125244,11.321410258289792,11.150950036065682,11.172257394506518,19411300
2012-10-02,1,11.364028930664062,11.406643659838664,11.264593433675143,11.349823569373257,17701800
2012-10-03,1,11.3995361328125,11.3995361328125,11.23617861151124,11.39243480988396,13156700
2012-10-04,1,11.477667808532717,11.484770488371748,11.364027640503492,11.392438359859629,15213900
2012-10-05,1,11.413745880126951,11.584206144647906,11.385336513389008,11.477668648659533,10687600
2012-10-08,3,11.030207633972168,11.250385937499834,10.994694916971095,11.250385937499834,12827100
2012-10-09,1,10.909464836120604,10.973387591449333,10.82423472146522,10.95918291101447,9900400
2012-10-10,1,10.739007949829102,10.930776275512152,10.73190526872626,10.881058185141203,10169200
2012-10-11,1,10.67508316040039,10.824236048672798,10.65377579846114,10.788723327208164,8288900
2012-10-12,1,10.739007949829102,10.767417996891522,10.689290536807103,10.746110630931945,11019600
2012-10-15,3,10.859747886657717,10.916567965439084,10.760312410115937,10.78872244950662,13756900
2012-10-16,1,10.973387718200684,11.008900435721149,10.866850242988043,10.902362960508508,10332200
2012-10-17,1,11.079928398132324,11.11544044640446,10.881057405594063,10.93077549240308,11422800
2012-10-18,1,11.044413566589355,11.08702828732981,10.94497808928034,11.016003526979462,7576200
2012-10-19,1,10.81002712249756,10.92366724469041,10.76741173800096,10.859744506619792,14543200
2012-10-22,3,10.888155937194824,10.94497600559732,10.817130513017384,10.824233190904856,8037000
2012-10-23,1,10.81002712249756,10.873949860568176,10.703488999930345,10.710591676904537,8265300
2012-10-24,1,10.760311126708984,11.179359665752273,10.75320912571996,11.122539593747964,7975800
2012-10-25,1,10.92367172241211,11.008901848993425,10.810031553637025,10.937876404834578,10750400
2012-10-26,1,11.008899688720703,11.12253983519622,10.88815686375329,10.994694331736913,9848800
2012-10-31,5,11.29300022125244,11.364025652520178,11.143847357469166,11.31430825704199,8240100
2012-11-01,1,11.442153930664062,11.513178008278924,11.257488348531044,11.356923140949808,7898500
2012-11-02,1,11.200668334960938,11.48476871106859,11.186462977481192,11.48476871106859,6977400
2012-11-05,3,11.27879810333252,11.285900783542376,11.193567972860851,11.250388059841963,13086400
2012-11-06,1,11.506074905395508,11.56289497152128,11.278793963543798,11.285896641146676,8769700
2012-11-07,1,11.484768867492676,11.527383585814878,11.342718677504108,11.3995380761508,16034300
2012-11-08,1,11.456356048583984,11.584201534773676,11.449254725748752,11.506074791311148,9815600
2012-11-09,1,11.619714736938477,11.712046833991916,11.47056122053252,11.506074607627845,12006600
2012-11-12,3,11.683637619018556,11.783072394682591,11.662329586506026,11.704944296833869,9216100
2012-11-13,1,11.491869926452637,11.633919419069388,11.470561892946348,11.56999802794508,10552800
2012-11-14,1,11.307205200195312,11.577100204347236,11.264589807390504,11.541588167250032,12734000
2012-11-15,1,11.3995361328125,11.427946843315627,11.300101355446037,11.3995361328125,6853600
2012-11-16,1,11.49897289276123,11.555792962172823,11.292999294458385,11.42794746732241,10454800
2012-11-19,3,11.605513572692873,11.605513572692873,11.435053317176047,11.520282767585616,6442400
2012-11-20,1,11.54158878326416,11.562896819478192,11.392436593858292,11.50607674427156,5566500
2012-11-21,1,11.548690795898438,11.598408189499466,11.48476804564072,11.51317740425672,4410400
2012-11-23,2,11.960638046264648,12.052970165870274,11.89671528857709,11.932227329649052,9092900
2012-11-26,3,11.804381370544434,11.967738902103587,11.747561300667453,11.967738902103587,11667800
2012-11-27,1,11.953535079956056,12.031663194074577,11.896715002787358,11.981945795889152,12304300
2012-11-28,1,12.003250122070312,12.017455477248548,11.83989260161231,11.896712667628016,9950200
2012-11-29,1,12.16660976409912,12.216328515892728,12.060072291079193,12.074277648734508,7697000
2012-11-30,1,12.266046524047852,12.408096043585097,12.266046524047852,12.322866602802256,10360100
2012-12-03,3,12.131096839904783,12.308659733553682,12.116891483285505,12.26604501839321,5731000
2012-12-04,1,11.896713256835938,12.116890854214374,11.889610578895043,12.10268685302989,14163100
2012-12-05,1,12.045866012573242,12.15240483214624,11.98904594099308,12.038764688985916,11844700
2012-12-06,1,12.10978889465332,12.10978889465332,12.03166214206346,12.060071500815033,7265400
2012-12-07,1,12.095584869384766,12.315762479401563,12.074276834338995,12.258942407310215,12843700
2012-12-10,3,11.98904800415039,12.131098884894564,11.960638640820116,12.04586808550854,8013500
2012-12-11,1,12.20922565460205,12.258943050955176,12.152405579527416,12.1737122609945,10565100
2012-12-12,1,12.116893768310549,12.244739292598666,12.095587084060943,12.244739292598666,8601000
2012-12-13,1,12.152406692504885,12.337072292084397,12.109790616272829,12.223430776829826,11060000
2012-12-14,1,12.038765907287598,12.166610065257538,12.01035519127372,12.145303382944633,12329200
2012-12-17,3,12.031660079956056,12.067172110983456,11.953531986059197,12.017454725666235,10028800
2012-12-18,1,12.06007194519043,12.095585338310178,11.903817079555832,11.974842511097895,9133700
2012-12-19,1,12.138200759887695,12.216328874588458,12.067175324223138,12.088483361331756,6620600
2012-12-20,1,12.145304679870604,12.166611364458728,12.038767192837057,12.081381916710948,8313900
2012-12-21,1,12.038765907287598,12.08848330561438,11.846997638286432,11.896715036613214,8153700
2012-12-24,3,12.024558067321776,12.07427545538652,11.960635324182189,12.010352712246933,1533500
2012-12-26,2,12.017459869384766,12.12399736276434,12.010357189199762,12.038767909939772,3234800
2012-12-27,1,12.06007194519043,12.145302733980394,11.9464317966021,12.06007194519043,6257900
2012-12-28,1,12.16660976409912,12.216328515892728,11.960637496886925,11.97484285454224,6091600
2012-12-31,3,12.18791675567627,12.22342879207254,12.031661898956392,12.088481970008836,5631600
2013-01-02,2,12.855555534362791,12.869760892930453,12.571455136497368,12.614069857502791,10226100
2013-01-03,1,12.8484525680542,12.997604765590015,12.791632489750432,12.976298082912056,13148600
2013-01-04,1,12.75611972808838,12.869761245041284,12.727710364873348,12.855555886084971,7464200
2013-01-07,3,12.571452140808104,12.685092272874623,12.550144108034171,12.685092272874623,9429900
2013-01-08,1,12.457813262939451,12.585657408362149,12.42940254971394,12.578554730055773,8112900
2013-01-09,1,12.457813262939451,12.734810943401348,12.35837712134753,12.61406812158766,12977400
2013-01-10,1,12.91237449645996,12.940783856439092,12.564351369856595,12.649580804491432,15772200
2013-01-11,1,12.891063690185549,12.926577075899496,12.727706179992822,12.841346304883166,12556600
2013-01-14,3,12.791630744934082,12.926578920509767,12.713502639911736,12.898168207884428,8392500
2013-01-15,1,12.70639991760254,12.741913308260813,12.62117048941736,12.699297239470884,12064700
2013-01-16,1,12.642478942871094,12.67799233851194,12.606966901927771,12.614069581055942,8976600
2013-01-17,1,12.969194412231444,13.03311716477318,12.77742615460624,12.855554264312232,11372400
2013-01-18,1,12.883966445922852,12.933683852189947,12.777428953250825,12.933683852189947,12608400
2013-01-22,4,12.89817237854004,12.89817237854004,12.777429520234524,12.855557650519792,11338900
2013-01-23,1,12.976299285888672,13.004708650325504,12.869761798529671,12.89106848318288,9210500
2013-01-24,1,12.649580955505373,12.834246539015352,12.635376952694951,12.812939857450996,8766400
2013-01-25,1,12.60696506500244,12.635375777375474,12.479119568718447,12.60696506500244,9410300
2013-01-28,3,12.44360637664795,12.571451861052113,12.436503699214695,12.571451861052113,13755500
2013-01-29,1,12.614068031311035,12.692196137424675,12.550145281708486,12.62117070956658,10022400
2013-01-30,1,12.642478942871094,12.67799233851194,12.51463478265662,12.571454860984453,8748500
2013-01-31,1,12.599862098693848,12.692195557096795,12.59275942076306,12.635375488347789,10751300
2013-02-01,1,12.834243774414062,12.87685848306067,12.692194294026322,12.70639829377708,8979400
2013-02-04,3,12.71350383758545,12.87686138647821,12.699298479934566,12.791631949967842,5769800
2013-02-05,1,12.91237449645996,12.940783856439092,12.76322095380284,12.770323632471982,6314500
2013-02-06,1,12.81293773651123,12.983397934296876,12.77742434862012,12.954987223983986,5810300
2013-02-07,1,12.997603416442873,13.040219486770305,12.79873384037105,12.827143199225286,8194200
2013-02-08,1,13.104141235351562,13.125447914188348,12.940782354318284,12.947885032162972,9341100
2013-02-11,3,13.125449180603027,13.18937193267556,13.061526428530495,13.097039821180465,4804300
2013-02-12,1,13.13965129852295,13.16095932886015,13.02601117945203,13.068625885429356,4868400
2013-02-13,1,13.07573127746582,13.17516606362686,13.033116562639282,13.15385938356227,6487300
2013-02-14,1,13.189373016357422,13.196475695470996,13.047323498178532,13.089938218162446,5087900
2013-02-15,1,13.160964012145996,13.21068141259416,13.132553294919866,13.1751680160615,5266400
2013-02-19,4,13.601319313049316,13.608421992367065,13.224886792091574,13.253296154665009,11089400
2013-02-20,1,13.416653633117676,13.672344668208163,13.395346949991838,13.629729947258934,9250100
2013-02-21,1,13.274601936340332,13.43085679067955,13.231985867677274,13.381139398603317,7048100
2013-02-22,1,13.423760414123535,13.494785873872983,13.253300123543632,13.260402804988374,8572300
2013-02-25,3,12.962093353271484,13.35983392068668,12.962093353271484,13.33142455750582,11474200
2013-02-26,1,12.649580955505373,12.834246539015352,12.564351519853044,12.827143860261415,18927900
2013-02-27,1,12.91237449645996,13.047322681778796,12.777426311141124,12.784528989810267,15507300
2013-02-28,1,12.962093353271484,13.13965627591904,12.869761229561696,13.004708075391571,9086700
2013-03-01,1,12.962093353271484,13.033118793270024,12.83424783221363,12.90527327221217,8703200
2013-03-04,3,12.883966445922852,12.905274486336344,12.6993008264324,12.706403506570233,10449900
2013-03-05,1,13.01891040802002,13.075730475871223,12.969193017987376,13.068627798052663,8628300
2013-03-06,1,12.869760513305664,13.0899381458195,12.841349797008387,12.99050334817406,9243600
2013-03-07,1,12.82004165649414,12.962092527440989,12.770324258071994,12.90527245000175,12116900
2013-03-08,1,12.720605850219728,12.919476782824622,12.635376418172912,12.905271425917688,9194700
2013-03-11,3,12.58565902709961,12.699299185223046,12.571455023357338,12.69219786070068,8261800
2013-03-12,1,12.592755317687988,12.713498093775389,12.571448645535236,12.642472692306884,6289800
2013-03-13,1,12.784525871276855,12.82003790126267,12.713500456608118,12.79162854821344,9987400
2013-03-14,1,12.82004165649414,12.891067091967564,12.68509481926189,12.82004165649414,7771400
2013-03-15,1,12.528838157653809,12.720606420400948,12.507531476035764,12.69219706001107,13988800
2013-03-18,3,12.244733810424805,12.393887306881616,12.216324459245472,12.393887306881616,13773100
2013-03-19,1,12.131096839904783,12.244736983464293,12.074276768125031,12.22342894853537,12270900
2013-03-20,1,12.251838684082031,12.308658751327563,12.145301227333814,12.17371058360795,10920000
2013-03-21,1,11.996149063110352,12.152405281759975,11.981945060712816,12.152405281759975,8847800
2013-03-22,1,12.123995780944824,12.138201139461453,11.989047584431953,12.010355622206896,5857700
2013-03-25,3,12.038765907287598,12.223430142587793,12.024560549280658,12.180815423264477,8533300
2013-03-26,1,12.123995780944824,12.15240649797808,12.038766339240151,12.06717570157586,8555300
2013-03-27,1,12.195018768310549,12.258941514092912,12.052967921083672,12.081378632407958,10581000
2013-03-28,1,12.20922565460205,12.223429657347625,12.095585504452782,12.152405579527416,11994500
2013-04-01,4,12.131096839904783,12.26604501839321,12.095584803053956,12.22342894853537,10849200
2013-04-02,1,12.152406692504885,12.237636135573844,12.123995975016848,12.166610696551327,10203600
2013-04-03,1,11.889610290527344,12.15950662694602,11.825687545306987,12.138198593640146,15742400
2013-04-04,1,11.953535079956056,11.96063775893933,11.825689567652114,11.88250964482081,11240200
2013-04-05,1,11.882509231567385,11.91802262524866,11.704946327253356,11.75466372370969,11192000
2013-04-08,3,11.960638046264648,11.974843404572448,11.76176709404807,11.797280489817563,9706100
2013-04-09,1,12.038765907287598,12.123995345934224,11.839894959282962,11.839894959282962,10358700
2013-04-10,1,12.20922565460205,12.251840372233666,12.045866753402208,12.109789507198354,12085500
2013-04-11,1,12.315760612487791,12.443606093987908,12.223427162650076,12.315760612487791,8494300
2013-04-12,1,12.29445457458496,12.337070645127916,12.145302391776797,12.244737180315571,7375800
2013-04-15,3,11.996149063110352,12.195019998347412,11.989046384562876,12.088482529530111,9138100
2013-04-16,1,12.244733810424805,12.280247192770243,12.159504402189787,12.173708400430945,9856000
2013-04-17,1,12.131096839904783,12.195019589994178,12.067174089815392,12.145302196524066,21226100
2013-04-18,1,12.741910934448242,13.018908556491546,12.706397550406098,12.883960406525569,24337500
2013-04-19,1,13.352727890014648,13.480573378986469,13.175165011930956,13.217781078053063,21119200
2013-04-22,3,13.13965129852295,13.331419507466528,13.033113856231097,13.231983387256664,20376200
2013-04-23,1,12.9833984375,13.14675596403874,12.876859624394726,13.02601314992374,21663000
2013-04-24,1,13.097043991088867,13.16096676351348,12.93368504228272,12.954993084656872,10201900
2013-04-25,1,13.274601936340332,13.274601936340334,13.118345727303783,13.139653761635312,15245700
2013-04-26,1,13.160964012145996,13.359833613938658,13.132553294919866,13.281706850961925,7028200
2013-04-29,3,13.374040603637695,13.395348644156002,13.224888384102726,13.23909238975054,7825300
2013-04-30,1,13.551602363586426,13.6439344883953,13.366936759271072,13.395347477487714,12088600
2013-05-01,1,13.572908401489258,13.61552311783485,13.516088328129332,13.572908401489258,8604300
2013-05-02,1,13.87121295928955,13.878315637199666,13.58711126167409,13.58711126167409,11268200
2013-05-03,1,13.785985946655272,13.906728794730624,13.778883266804057,13.778883266804057,9254600
2013-05-06,3,13.885419845581056,13.942239925970997,13.835702444577056,13.842805123962997,5661100
2013-05-07,1,13.82859706878662,13.935135884104389,13.757572998171188,13.935135884104389,8522800
2013-05-08,1,14.354185104370115,14.4039038574978,14.006161960661368,14.062982038109787,14032800
2013-05-09,1,14.354185104370115,14.418107860836775,14.276058344564484,14.290263702600964,8912600
2013-05-10,1,14.325775146484377,14.332877825206868,14.205032317596904,14.276057750124378,7955300
2013-05-13,3,14.155311584472656,14.276054384898002,14.148208907424443,14.26895170784979,6519800
2013-05-14,1,14.12690258026123,14.240542717345592,14.10559590124372,14.18372264880341,8539100
2013-05-15,1,14.06298542022705,14.112704185311989,14.034576052019204,14.098498823859147,9222200
2013-05-16,1,13.81439208984375,13.956441575719149,13.814392089843752,13.920929542924602,10411800
2013-05-17,1,13.85700798034668,13.935136084785558,13.800187910217678,13.935136084785558,10542300
2013-05-20,3,13.757575035095217,13.97064998788366,13.736266997937363,13.963547308831044,8361000
2013-05-21,1,13.658135414123535,13.871211667491773,13.622623382577414,13.76467286345907,12950200
2013-05-22,1,13.416653633117676,13.686550026757091,13.374038912168446,13.636832626533398,12530800
2013-05-23,1,13.317215919494627,13.381138664283984,13.068627618057944,13.17516507447445,11028900
2013-05-24,1,13.395343780517578,13.402446458111475,13.246190260440178,13.317215681681928,5303600
2013-05-28,4,13.530293464660645,13.651036300009268,13.487678744742755,13.572909539276056,9106200
2013-05-29,1,13.665242195129396,13.70785691672164,13.50898731282611,13.50898731282611,13092900
2013-05-30,1,13.47347354888916,13.629729781633468,13.466370869701006,13.622627102445314,8189600
2013-05-31,1,13.253292083740234,13.437957625186538,13.231984052332033,13.437957625186538,5732400
2013-06-03,3,13.288803100585938,13.303008453773987,13.203573690851725,13.23198304253078,7736400
2013-06-04,1,13.452166557312012,13.516089313840912,13.274603645775624,13.28170632480078,10672000
2013-06-05,1,13.253292083740234,13.473469656169726,13.224882729893112,13.459265656594738,6480800
2013-06-06,1,13.210680961608888,13.31011575911072,13.139655525665784,13.24619300223168,6501100
2013-06-07,1,13.274601936340332,13.388242076713825,13.246191223898292,13.366934042382296,9081200
2013-06-10,3,13.359835624694824,13.452169114879071,13.246195448081725,13.295912856012736,7479600
2013-06-11,1,13.153858184814451,13.317215705676752,13.139652829601062,13.239087606700332,6397300
2013-06-12,1,13.04022216796875,13.29591186901876,12.990504763728405,13.239091784930128,8052500
2013-06-13,1,12.976299285888672,13.004708650325504,12.777428316040258,12.90527384275012,10935400
2013-06-14,1,12.777423858642578,13.018909468252934,12.713501117587064,12.976294759114984,12849000
2013-06-17,3,12.869760513305664,13.0473234260711,12.805837756334306,12.940784594653826,9447900
2013-06-18,1,13.089938163757324,13.097040842841375,12.869760530941768,12.954989970555363,5406300
2013-06-19,1,12.777423858642578,13.111241563834692,12.777423858642578,12.99760143633537,8924900
2013-06-20,1,12.36548137664795,12.571455009709023,12.329969335284508,12.55724965128463,12639600
2013-06-21,1,12.202122688293455,12.507531092633112,12.180814652631126,12.500428414079002,23104500
2013-06-24,3,12.024558067321776,12.123992843451262,11.797277804913117,11.918020613654871,13192700
2013-06-25,1,12.45071029663086,12.479119654501854,12.173711267878966,12.209224658589385,11598600
2013-06-26,1,12.528838157653809,12.578555554359188,12.422300685471216,12.464915403404762,9187600
2013-06-27,1,12.73481273651123,12.869760933938892,12.656684618837708,12.70640201928538,12208300
2013-06-28,1,13.011811256408691,13.075734019401557,12.9265818088833,12.997605896921913,12464500
2013-07-01,3,13.104141235351562,13.26039608384287,13.082833201817497,13.21067869362733,11763500
2013-07-02,1,13.13965129852295,13.388239567001987,13.125445944964817,13.2461887408148,12477200
2013-07-03,1,13.228721618652344,13.257923369188289,13.090009474279736,13.155715153588735,6647800
2013-07-05,2,13.294427871704102,13.53534965979072,13.257925330014878,13.491544938784402,13475100
2013-07-08,3,12.849087715148926,13.082707263927247,12.827185360270075,13.046204731611518,12284200
2013-07-09,1,13.024304389953612,13.155715754574809,13.002402031689224,13.03890596212987,9364200
2013-07-10,1,13.024304389953612,13.221421436885407,13.002402031689224,13.119211824134164,8103100
2013-07-11,1,13.535347938537598,13.622954584444118,13.484242437195842,13.506144794913736,13715600
2013-07-12,1,13.4623441696167,13.608355739546989,13.367435326303344,13.564552407816182,8718400
2013-07-15,3,13.433143615722656,13.49884932225607,13.367437909189242,13.389340275528072,6033700
2013-07-16,1,13.455038070678713,13.469639639652405,13.316325950393146,13.316325950393146,5607100
2013-07-17,1,13.46964168548584,13.608352434357196,13.425836971911492,13.455040114294391,12115500
2013-07-18,1,12.272339820861816,12.819886231216826,12.221235712025887,12.797985265991445,43566600
2013-07-19,1,12.038718223571776,12.060620577607676,11.600681586470996,11.98761412330364,24303600
2013-07-22,3,12.133631706237791,12.155532676228466,12.002220316362433,12.060625223808945,18796700
2013-07-23,1,12.221236228942873,12.4256540654153,12.192034476579716,12.389150134358124,14272700
2013-07-24,1,12.425653457641602,12.571664997280712,12.3818487425156,12.462155994430749,17278700
2013-07-25,1,12.54246425628662,12.549765042728827,12.462156997904994,12.48405935723161,12460600
2013-07-26,1,12.338043212890623,12.51325786460535,12.265036759888922,12.491356903442428,14971300
2013-07-29,3,12.192035675048828,12.308845480948946,12.17743410119063,12.30154469401985,5983600
2013-07-30,1,12.389147758483888,12.505957530501,12.33074287247533,12.425651682540686,8600400
2013-07-31,1,12.396450996398926,12.49135982524556,12.389150210142832,12.454855893965089,10546900
2013-08-01,1,12.5935697555542,12.608171330046362,12.38185110286619,12.440257400834842,15090600
2013-08-02,1,12.26503849029541,12.44755395230863,12.235836740464178,12.44755395230863,11401700
2013-08-05,3,12.279637336730955,12.30884047256479,12.126325051049806,12.221232457545447,7301600
2013-08-06,1,12.111727714538574,12.27234084029068,12.097126141520388,12.16283182761958,13470400
2013-08-07,1,11.80510425567627,11.97301820509166,11.761300919412028,11.97301820509166,17069600
2013-08-08,1,11.841604232788086,11.87810816548508,11.7466967927412,11.87080737894568,10922600
2013-08-09,1,11.834303855895996,11.8781085766487,11.775898954041756,11.79050052762599,10587800
2013-08-12,3,11.717493057250977,11.848904423385504,11.659088856597208,11.805101098834855,14971700
2013-08-13,1,11.878108024597168,11.943813710189762,11.761298226317583,11.878108024597168,16817700
2013-08-14,1,11.724793434143066,11.900008118711986,11.724793434143066,11.892708725277163,7870800
2013-08-15,1,11.680994033813477,11.746699736652316,11.593386662108855,11.64449078820951,10792600
2013-08-16,1,11.659087181091309,11.83430115035552,11.659087181091309,11.761296084090056,10987100
2013-08-19,3,11.542279243469238,11.702893060565255,11.542279243469238,11.680990701705822,6690600
2013-08-20,1,11.556880950927734,11.666389968135176,11.542280073546038,11.57148252455078,10514800
2013-08-21,1,11.498475074768066,11.622585655083912,11.461971840044354,11.513076647154069,10358700
2013-08-22,1,11.724793434143066,11.768598149647197,11.586081982919657,11.593382768837012,8432900
2013-08-23,1,11.841604232788086,11.892709738563878,11.783199332955546,11.81970326565254,7465700
2013-08-26,3,11.870807647705078,11.987617450014774,11.797801173140847,11.812402746550228,7273500
2013-08-27,1,11.666388511657717,11.79779987289382,11.63718606429872,11.732094192275769,8530100
2013-08-28,1,11.870807647705078,11.90000940204116,11.775898813026773,11.805101959845535,6967400
2013-08-29,1,12.170129776000977,12.228534661970798,12.016816080028743,12.016816080028743,9963200
2013-08-30,1,12.089825630187988,12.484059755756295,12.053323089294334,12.257740938753756,11490100
2013-09-03,4,12.338043212890623,12.578963533058657,12.279638328985715,12.45485298070044,11182100
2013-09-04,1,12.308845520019531,12.411053752385882,12.228538256027266,12.411053752385882,13726500
2013-09-05,1,12.54246425628662,12.600869155341632,12.374550345563794,12.381849739523368,7738300
2013-09-06,1,12.418354034423828,12.622771883327893,12.411053247768397,12.578967163395305,6338000
2013-09-09,3,12.630070686340332,12.659273831595184,12.476758351200193,12.491359923827616,9635300
2013-09-10,1,12.761482238769531,12.805286957282531,12.659274013871114,12.805286957282531,12162900
2013-09-11,1,12.732282638549805,12.79068754729386,12.703079487936346,12.73958342620317,7063000
2013-09-12,1,12.615469932556152,12.761481474743274,12.571665216665725,12.695775793390178,5454000
2013-09-13,1,12.651973724365234,12.65927451107081,12.57166646308658,12.600869609908884,4095700
2013-09-16,3,12.863689422607422,12.965897628170168,12.849087852532069,12.885590385238087,7962200
2013-09-17,1,12.907493591308594,13.00970180360966,12.86369027067706,12.995100232571664,5369100
2013-09-18,1,12.856392860412598,12.973202674418337,12.666576564532562,12.761484016231169,14262300
2013-09-19,1,12.849087715148926,12.951295919618854,12.834486145229691,12.907492602343506,8842600
2013-09-20,1,12.637372970581056,12.856392408505316,12.630072183401968,12.805288290734486,10964700
2013-09-23,3,12.88559341430664,12.95859988936297,12.797986758225198,12.936697529101265,10653800
2013-09-24,1,12.81988525390625,12.914794070922726,12.746878792927982,12.87829014419238,9132700
2013-09-25,1,12.644670486450195,12.754179480839806,12.59356638190054,12.724977732161037,8526900
2013-09-26,1,12.644670486450195,12.651971271740493,12.520559921479997,12.60816795248113,4675400
2013-09-27,1,12.462160110473633,12.600872302555246,12.432958349893967,12.593571514289584,7682900
2013-09-30,3,12.381851196289062,12.49866240062494,12.221238053111774,12.31614689554415,10700100
2013-10-01,1,12.71767807006836,12.724978856003444,12.476757704140692,12.484058490075778,9771900
2013-10-02,1,12.754180908203123,12.768782480417826,12.557065253234915,12.703076797934235,7562800
2013-10-03,1,12.92209815979004,13.0316071830121,12.790686774930451,12.973202277794815,10645800
2013-10-04,1,12.907493591308594,12.958597697459128,12.81258477204407,12.849088699639063,4444200
2013-10-07,3,12.863689422607422,12.965897628170168,12.761479824562311,12.849087852532069,6451300
2013-10-08,1,12.746881484985352,13.11921326137436,12.739582090580122,13.009704243020584,10981400
2013-10-09,1,12.600868225097656,12.900193484717589,12.520560972644615,12.88559191291112,16482600
2013-10-10,1,12.90019416809082,12.90019416809082,12.717678688289016,12.724979474579,10695500
2013-10-11,1,13.206819534301758,13.228721892018193,13.017003278206904,13.068107387062724,11789100
2013-10-14,3,13.14841365814209,13.170316014223731,13.03160387733818,13.07540719701904,6662100
2013-10-15,1,13.25062656402588,13.30903147512556,13.119215165930868,13.141117529774345,11212900
2013-10-16,1,13.345535278320312,13.360135461583662,13.243325640579435,13.265228004198818,15598100
2013-10-17,1,13.615655899047852,13.659459228758724,13.272527263427651,13.323631380170797,11722200
2013-10-18,1,13.929580688476562,13.987985583486592,13.652157785299549,13.688660322499866,18201700
2013-10-21,3,13.856575012207031,13.878477371266426,13.776269147287817,13.834674045630251,9149900
2013-10-22,1,13.98798656463623,14.05369225019158,13.88577833932019,13.914980092632216,9070100
2013-10-23,1,13.66675853729248,13.871176374633444,13.64485757104771,13.856574802148534,7310500
2013-10-24,1,13.637557983398438,13.747067001694733,13.564551507040004,13.725164641042385,10937800
2013-10-25,1,13.484243392944336,13.513446538638084,13.352833414770355,13.418537707616032,11326500
2013-10-28,3,13.586454391479492,13.652160083486908,13.542649668486035,13.57185281714834,4698300
2013-10-29,1,13.70326328277588,13.71786485612844,13.571851907568186,13.644858381848314,6290000
2013-10-30,1,13.564552307128906,13.80547271858424,13.491545826464272,13.688662906513946,6733800
2013-10-31,1,13.44044017791748,13.63025644904702,13.396636851497629,13.571851549659671,11222600
2013-11-01,1,13.484243392944336,13.601053190754069,13.433139280462903,13.528048111484956,6402000
2013-11-04,3,13.389330863952637,13.542643143109558,13.330925987252558,13.506140617352797,8109000
2013-11-05,1,13.199517250061035,13.265222923269274,13.17031550223647,13.236019782962336,9365500
2013-11-06,1,13.338233947753906,13.367435705575376,13.163019223376535,13.199521768774089,9934100
2013-11-07,1,13.236023902893066,13.396638439610404,13.214122933328197,13.389337652261178,10357600
2013-11-08,1,13.14841365814209,13.170316014223731,13.046205448059276,13.14111287278154,8990200
2013-11-11,3,12.943995475769045,13.031603505110802,12.92939390546502,13.024302719958788,6615000
2013-11-12,1,13.002401351928713,13.002401351928713,12.85638981524725,12.892892351296991,8571600
2013-11-13,1,12.856392860412598,12.958601099546916,12.673877351968274,12.776085591102593,12877300
2013-11-14,1,12.776084899902344,12.885593920547816,12.761483325820883,12.856392164867636,10754400
2013-11-15,1,12.892892837524414,12.973200090841452,12.80528619070814,12.870990479579074,12669700
2013-11-18,3,12.92209815979004,13.053508152166849,12.900195798152517,12.936698341732276,10210200
2013-11-19,1,12.827186584472656,13.031604405404115,12.812585013159875,13.024303619747728,8452000
2013-11-20,1,12.812585830688477,12.907494657794876,12.724979182186878,12.76148172031545,10457400
2013-11-21,1,12.425653457641602,12.666573820904528,12.308843668937303,12.644671463341528,19212800
2013-11-22,1,12.505961418151855,12.549766140637317,12.359949853981911,12.40375318398462,15826400
2013-11-25,3,12.535161972045898,12.59356686412224,12.505958829766495,12.54246275761575,9930300
2013-11-26,1,12.746881484985352,12.81258717449416,12.666575614183364,12.739582090580122,14337100
2013-11-27,1,12.83448600769043,12.936694211065056,12.783381906003116,12.89289089425912,13181100
2013-11-29,2,12.943995475769045,12.987800186681117,12.892891372187345,12.922094512795391,3991200
2013-12-02,3,12.703078269958496,12.95860024339523,12.67387651462778,12.91479691415779,12010000
2013-12-03,1,12.797985076904297,12.922095650450364,12.72497861143911,12.73227939723388,10074800
2013-12-04,1,12.805286407470703,12.88559226966458,12.739580725004986,12.754180904733149,6448500
2013-12-05,1,12.703078269958496,12.82718886320018,12.695777483005134,12.783385533962742,9852400
2013-12-06,1,12.863689422607422,12.87828960020041,12.776081394637666,12.79068296471302,6875100
2013-12-09,3,12.827186584472656,12.936695584353537,12.754180120391243,12.92209540552324,9100100
2013-12-10,1,12.681175231933594,12.768781876110518,12.644671303124458,12.732279339783885,9872100
2013-12-11,1,12.761482238769531,12.885592822924448,12.72497969915799,12.849090283312908,7899600
2013-12-12,1,12.498658180236816,12.761479471918696,12.476755825729024,12.7322777250573,10866900
2013-12-13,1,12.469457626342772,12.608169782021749,12.42565430072722,12.586267422972664,10409400
2013-12-16,3,12.491360664367676,12.586268107107234,12.484059877621142,12.491360664367676,7179800
2013-12-17,1,12.469457626342772,12.630070748588215,12.46215683999308,12.622771354721136,24563300
2013-12-18,1,12.411050796508787,12.447553330093797,12.177431239606983,12.418351581722272,16981600
2013-12-19,1,12.447554588317873,12.476757732123708,12.338045584011056,12.389149693188736,8418300
2013-12-20,1,12.40375518798828,12.513264226929175,12.31614851382876,12.35995185090852,7594000
2013-12-23,3,12.513261795043944,12.593569057818703,12.454856892793948,12.505961008202355,7667100
2013-12-24,1,12.549762725830078,12.571663688630773,12.469455482274528,12.52055958545265,2766700
2013-12-26,2,12.54246425628662,12.659274054396644,12.48405935723161,12.600869155341632,2839300
2013-12-27,1,12.600868225097656,12.615469796904124,12.535162544451085,12.571665081484722,4619200
2013-12-30,3,12.83448600769043,12.863689147215942,12.710375449671668,12.710375449671668,7808000
2013-12-31,1,12.732282638549805,12.819889305424455,12.69577870028298,12.754183609027036,7647200
2014-01-02,2,12.520560264587402,12.70307572439912,12.491358515108402,12.695774938908755,6029100
2014-01-03,1,12.374549865722656,12.527862197616164,12.352647507245337,12.469457300825889,11362700
2014-01-06,3,12.338043212890623,12.425651234989123,12.308841467179306,12.403748881343931,10370200
2014-01-07,1,12.34534740447998,12.39645151794009,12.28694250445662,12.33804661791673,13083100
2014-01-08,1,12.476758003234863,12.527862113522996,12.447554858794462,12.454855644904562,13428900
2014-01-09,1,12.235837936401367,12.403751843669731,12.162831465963896,12.389150271085716,9422200
2014-01-10,1,12.338043212890623,12.418350450440723,12.279638328985715,12.29423989808251,11148000
2014-01-13,3,12.34534740447998,12.51326131798681,12.33804661791673,12.418353877629846,10286100
2014-01-14,1,12.688475608825684,12.69577639515347,12.440255836094028,12.454856016266987,13334500
2014-01-15,1,12.81988525390625,12.922094856268796,12.724977829372197,12.76148036362012,15510900
2014-01-16,1,13.25062656402588,13.272528927869354,13.060810254831187,13.075411830726836,21768200
2014-01-17,1,12.973198890686035,13.119210419366423,12.922094786023775,13.119210419366423,14574800
2014-01-21,4,12.91479778289795,13.017006022154796,12.863693663269526,12.973202689970837,8371500
2014-01-22,1,13.111909866333008,13.126511437204432,12.936695193323224,12.973199120501787,12870700
2014-01-23,1,12.92209815979004,13.097312875441894,12.856392467360246,12.995103246949562,8872200
2014-01-24,1,12.827186584472656,12.973199512635482,12.783383263016802,12.936695584353537,12403200
2014-01-27,3,12.520560264587402,12.644670832958669,12.425652838177587,12.637370047468306,11006600
2014-01-28,1,12.527862548828123,12.600869019983312,12.447555291309156,12.549764907919466,7525700
2014-01-29,1,12.418354034423828,12.586267950050734,12.396451674457532,12.498661295150905,9378900
2014-01-30,1,12.513261795043944,12.600869844660291,12.4840600401603,12.498661613843478,7230000
2014-01-31,1,12.352649688720703,12.498662652723542,12.316147143961404,12.411054595825274,13590600
2014-02-03,3,12.243141174316406,12.491362388019208,12.177435477013727,12.425656690716531,14171700
2014-02-04,1,12.221236228942873,12.316145057208944,12.192034476579716,12.243138587577176,12321900
2014-02-05,1,12.016818046569824,12.170131767631704,12.002217867049804,12.133629230107829,14334100
2014-02-06,1,12.40375518798828,12.40375518798828,12.192037898366952,12.192037898366952,10142700
2014-02-07,1,12.527862548828123,12.608169806347092,12.469457650400498,12.49136000949184,9430700
2014-02-10,3,12.600868225097656,12.644671548034529,12.484058435610978,12.513260186741382,8003300
2014-02-11,1,12.69577693939209,12.739581659236611,12.549765384025031,12.63007125210798,9631800
2014-02-12,1,12.688475608825684,12.7760836522765,12.64467228334158,12.746880506965358,6962800
2014-02-13,1,12.739579200744627,12.790683304885132,12.593566281072569,12.593566281072569,6564600
2014-02-14,1,13.060806274414062,13.111910381991407,12.84908905838185,12.856389844104685,11269900
2014-02-18,4,12.987799644470217,13.097308632213872,12.907492403633112,13.07540627767221,6412700
2014-02-19,1,12.965898513793944,13.053505155265228,12.856389515713612,12.943996157184896,8702500
2014-02-20,1,12.91479778289795,12.973202689970837,12.746882456640927,12.849092088380598,11836500
2014-02-21,1,12.951301574707031,13.04621042814093,12.914799026452735,13.002405699256226,6013200
2014-02-24,3,12.91479778289795,12.987804264859763,12.885594633120093,12.929397965304052,5499200
2014-02-25,1,12.863689422607422,12.93669448801946,12.84178706749439,12.87828960020041,5944700
2014-02-26,1,13.017004013061523,13.046207158332056,12.863691677839055,12.878291857991712,9376100
2014-02-27,1,13.14841365814209,13.14841365814209,12.98780055765732,13.002400735895993,8659800
2014-02-28,1,13.192217826843262,13.25062272100402,13.126512146852097,13.155715290173733,11279600
2014-03-03,3,13.163015365600586,13.199517900300084,12.973199121701816,13.038904798146868,18168800
2014-03-04,1,13.17031478881836,13.236019065985111,13.148412434774578,13.184914965698583,12548700
2014-03-05,1,13.42584228515625,13.447744650611233,13.33093481981737,13.382038946729308,9863100
2014-03-06,1,13.776268005371094,13.79086818438453,13.630255075376729,13.681359183130008,14240300
2014-03-07,1,13.70326328277588,13.885778772234858,13.644858381848314,13.878477985558575,14153200
2014-03-10,3,13.841974258422852,13.841974258422852,13.63025701158684,13.652159371942028,10652100
2014-03-11,1,13.70326328277588,13.841974052177177,13.644858381848314,13.81277229795473,8748200
2014-03-12,1,14.18510627746582,14.22890961187736,13.703265421490224,13.703265421490224,21260500
2014-03-13,1,14.06829071044922,14.250806153836004,14.00258503943139,14.177799697984824,18414700
2014-03-14,1,13.79817008972168,14.082895187065152,13.790869303381324,13.97338478444241,13077400
2014-03-17,3,13.951485633850098,13.987988177820494,13.83467582216547,13.900381515298422,10786300
2014-03-18,1,14.00259017944336,14.017191754469945,13.900381939222932,13.929583696793268,11987400
2014-03-19,1,13.7835693359375,13.94418386000241,13.70326346638774,13.9295822864542,10596800
2014-03-20,1,13.761667251586914,13.761667251586912,13.4842429466097,13.542647843581337,13124200
2014-03-21,1,13.528048515319824,13.761668117913226,13.447741254747342,13.710564003906253,12885000
2014-03-24,3,13.608356475830078,13.630258839121918,13.433141746944017,13.586455505021124,7898200
2014-03-25,1,13.958783149719238,14.0025864707144,13.717862795522151,13.717862795522151,17129500
2014-03-26,1,13.936878204345703,14.119393632488018,13.929577420122143,14.060988751181766,10597800
2014-03-27,1,14.17780303955078,14.236207939500709,13.871176966692998,13.871176966692998,14222200
2014-03-28,1,14.338421821594238,14.528238169418756,14.199710999805063,14.199710999805063,11246400
2014-03-31,3,14.615838050842283,14.630439621518232,14.404119453488311,14.411420238826285,14482300
2014-04-01,1,14.834856986999512,14.864060130213552,14.645040733555788,14.652341519359297,16133600
2014-04-02,1,14.63044261932373,14.856761441244387,14.593938685154136,14.820257507074793,14875200
2014-04-03,1,14.557439804077148,14.666948849157633,14.45523015518338,14.572039988933636,14904400
2014-04-04,1,14.43332862854004,14.739954778504638,14.404125474980075,14.623144949230792,14585200
2014-04-07,3,14.411421775817873,14.462525886151566,14.316514341267087,14.345716093250957,9693500
2014-04-08,1,14.586636543273926,14.586636543273924,14.44792578376332,14.520930860355184,9181600
2014-04-09,1,14.71074390411377,14.754547218980848,14.572031782472036,14.572031782472036,9754100
2014-04-10,1,14.469828605651855,14.820258031176255,14.447927636858305,14.754552339830086,9776500
2014-04-11,1,14.520929336547852,14.57203344179239,14.411420340669208,14.469825231303313,8414400
2014-04-14,3,14.791054725646973,14.84215883745481,14.586636885933007,14.645041784068054,9819500
2014-04-15,1,14.973572731018066,15.01007527632605,14.645044253314833,14.842161339936771,22468600
2014-04-16,1,14.71074390411377,14.907860909739032,14.637737451013791,14.900560125180808,15121500
2014-04-17,1,15.12688446044922,15.27289742054796,15.017375436616554,15.031977011122986,20492800
2014-04-21,4,15.010076522827148,15.031978887320513,14.791058447825357,14.8932666971618,11525800
2014-04-22,1,15.010076522827148,15.024678099156056,14.856764148822489,14.87866512083289,11191200
2014-04-23,1,14.90056037902832,14.937062909959034,14.820253140001991,14.871358632780208,9031700
2014-04-24,1,15.010076522827148,15.039279675484966,14.791058447825357,14.922469849819617,12202800
2014-04-25,1,14.535530090332031,14.7107447523861,14.491726772939105,14.652339865034744,15474700
2014-04-28,3,14.820255279541016,14.827556065277602,14.645040599310434,14.69614470698404,14382700
2014-04-29,1,14.67424488067627,14.893262899835165,14.659643308070317,14.812957035467626,13771200
2014-04-30,1,14.67424488067627,14.67424488067627,14.455225469034769,14.572035264917194,12965700
2014-05-01,1,14.43332862854004,14.681549863867714,14.418727051760058,14.666948287087733,10276400
2014-05-02,1,14.32381820678711,14.455228207689522,14.32381820678711,14.418725661741552,11073200
2014-05-05,3,14.353017807006836,14.404121920643403,14.236208006556778,14.258110366322162,7061200
2014-05-06,1,14.601236343383787,14.66694201832761,14.40411931855233,14.440623244900236,10549900
2014-05-07,1,14.84216022491455,14.849461011924245,14.579337462496612,14.630442971564454,14637400
2014-05-08,1,14.973572731018066,15.031977639000548,14.842161339936771,14.856762915053103,13522200
2014-05-09,1,14.90056037902832,15.002768579620158,14.79105139375388,14.966266048689445,10384000
2014-05-12,3,15.031976699829102,15.0319766998291,14.681547273828429,14.688848060930454,19623700
2014-05-13,1,15.068480491638184,15.119584613104797,14.907867339531284,14.9808738241191,9547500
2014-05-14,1,15.024672508239746,15.229090323328514,15.002770151896591,15.11957993409519,10140100
2014-05-15,1,15.083080291748049,15.112283439139064,14.907865584850075,15.024675389448724,12943300
2014-05-16,1,15.163381576538086,15.199884103903292,14.885957355626742,15.090375129325514,9131200
2014-05-19,3,15.083080291748049,15.134184407199616,15.01737460260097,15.06847871805254,6459900
2014-05-20,1,14.973572731018066,15.119584304732848,14.937068793227237,14.9881743061344,4564200
2014-05-21,1,14.966268539428713,15.05387657771768,14.95166696763346,14.973569325326336,5629400
2014-05-22,1,15.068480491638184,15.126885400811863,14.988174611826173,15.017376370171574,6156500
2014-05-23,1,15.083080291748049,15.126883620351864,15.002773028905462,15.126883620351864,7179700
2014-05-27,4,15.250994682312012,15.302098799340213,15.112283905373395,15.207191352356803,7520300
2014-05-28,1,15.229095458984377,15.34590528057435,15.192591519435686,15.2948011576891,7761100
2014-05-29,1,15.112281799316406,15.221790805184556,15.0684770829831,15.221790805184556,6114900
2014-05-30,1,15.010076522827148,15.06118064749537,14.8932666971618,14.8932666971618,6671500
2014-06-02,3,15.083080291748049,15.10498265229131,15.01737460260097,15.090381078595804,6475000
2014-06-03,1,15.506508827209473,15.550312135038531,15.061170788087558,15.112276271783852,20116100
2014-06-04,1,15.404308319091797,15.521118126484422,15.389706745047034,15.491914978394895,10888700
2014-06-05,1,15.477313041687012,15.48461243539889,15.367802641252638,15.418908144613884,8404000
2014-06-06,1,15.39700698852539,15.499215218265103,15.382405414996091,15.491914431500454,7647900
2014-06-09,3,15.484614372253418,15.564921637954972,15.448111829197854,15.543020669114735,8131800
2014-06-10,1,15.550315856933594,15.623322315777145,15.426205294644276,15.470010005439834,7595600
2014-06-11,1,15.426206588745115,15.601422661661424,15.36780169526718,15.557617947191096,7507600
2014-06-12,1,15.411608695983888,15.49191456612752,15.324000646529454,15.404307909155794,5641600
2014-06-13,1,15.39700698852539,15.484613644735804,15.345902873655536,15.433509529865947,5705100
2014-06-16,3,15.484614372253418,15.491915159361085,15.38240613771163,15.39700771192696,4543500
2014-06-17,1,15.52111530303955,15.550317053334249,15.426206481496186,15.49921294595666,10287700
2014-06-18,1,15.58681869506836,15.65252436419488,15.426204218322516,15.499210672072238,8455000
2014-06-19,1,15.83504867553711,15.83504867553711,15.579526640471816,15.579526640471816,9709300
2014-06-20,1,15.440811157226562,15.696333137969129,15.43351037006446,15.681731563644918,8450400
2014-06-23,3,15.221792221069336,15.345902810592978,15.20719064760004,15.345902810592978,6105200
2014-06-24,1,15.170687675476074,15.440809814571615,15.14878531589428,15.375104128308884,8122200
2014-06-25,1,15.353203773498535,15.375104741471096,14.95166885338159,15.24369336370492,5486200
2014-06-26,1,15.345902442932127,15.440809883243364,15.265595183257709,15.375104196688412,5177100
2014-06-27,1,15.535717964172363,15.550318144102588,15.41890816983504,15.46271149459089,5816000
2014-06-30,3,15.61602783203125,15.659832560502917,15.528421160053814,15.586826072199752,6491200
2014-07-01,1,16.039461135864258,16.046761922733307,15.820443099723642,15.820443099723642,8655700
2014-07-02,1,16.338787078857422,16.521302580326925,16.25118041794241,16.324186897026767,10574100
2014-07-03,1,16.579702377319336,16.579702377319336,16.433690856615776,16.484794958486138,4317800
2014-07-07,4,16.550500869750977,16.70381317758136,16.513998337167273,16.660009859984445,12390700
2014-07-08,1,16.477497100830078,16.55780435659726,16.3971898450629,16.506700245648176,10319000
2014-07-09,1,16.36798858642578,16.419092698916288,16.302282901085807,16.38989094569998,12353400
2014-07-10,1,16.754926681518555,16.754926681518555,16.20738007614191,16.21467947216187,14431800
2014-07-11,1,16.652713775634766,16.84253006211182,16.601609658599166,16.79142594507622,13026000
2014-07-14,3,16.91547393798828,16.930404089105995,16.73631639602845,16.825895878917155,14313800
2014-07-15,1,16.77364158630371,16.863221075794858,16.601949107248174,16.84829092357672,10256800
2014-07-16,1,15.624049186706545,16.198847316208294,15.609119032320496,16.161521930243183,41814000
2014-07-17,1,15.07911205291748,15.54940054695916,15.019392856470631,15.54940054695916,25798200
2014-07-18,1,15.288130760192873,15.429964406389434,15.258271869519898,15.347849965356978,19052400
2014-07-21,3,15.25080108642578,15.347844224587236,15.228405858934233,15.3179853450828,17570900
2014-07-22,1,15.459816932678224,15.534466264356809,15.429958054297336,15.459816932678224,10489800
2014-07-23,1,15.43742847442627,15.519542910083238,15.407568161889891,15.48968259754686,11879700
2014-07-24,1,15.594188690185549,15.653907883192842,15.48968045837725,15.55686472848769,12694300
2014-07-25,1,15.191086769104004,15.407568342254654,15.153761377996592,15.407568342254654,12177800
2014-07-28,3,15.206014633178713,15.2433385948413,15.026855630508248,15.07911117018089,12681000
2014-07-29,1,15.332916259765623,15.527002545746974,15.32545118356362,15.4299594027563,9895500
2014-07-30,1,15.467287063598633,15.51207753153577,15.385174053349967,15.48221721957768,9957300
2014-07-31,1,14.929808616638184,15.138826449845418,14.87008943912433,15.064177121998728,16332100
2014-08-01,1,15.07911205291748,15.153759980612575,14.952208582490686,14.952208582490686,9833500
2014-08-04,3,15.31052303314209,15.39263745828362,15.1910846459278,15.347846995214846,9836300
2014-08-05,1,14.780513763427734,14.96713641914686,14.69093568602056,14.937277534617092,13411900
2014-08-06,1,14.959672927856444,15.011927044212731,14.847698194158246,14.899952310514534,9394300
2014-08-07,1,14.862626075744627,15.108967889338608,14.832767195457487,15.00445967260712,8653500
2014-08-08,1,14.773054122924805,14.952211750221142,14.7207985691224,14.907421275533366,19783100
2014-08-11,3,14.967135429382324,15.056714924683549,14.9372765468271,14.9372765468271,10054400
2014-08-12,1,14.922348022460938,15.01192752754004,14.855163749606092,15.004462450131951,9283800
2014-08-13,1,15.176152229309082,15.2657317182754,15.13136319673476,15.176152229309082,11932500
2014-08-14,1,15.325451850891112,15.377705962762796,15.273196315201671,15.340380580127478,6287000
2014-08-15,1,15.265731811523438,15.34037972499739,15.15375709367714,15.34037972499739,7212400
2014-08-18,3,15.280665397644045,15.295595554612197,15.183622224987314,15.25080650752587,4432100
2014-08-19,1,15.482216835021973,15.534470955832672,15.407567480798969,15.407567480798969,7677200
2014-08-20,1,15.55686378479004,15.601652820874088,15.46728428880416,15.482214442104771,10026700
2014-08-21,1,15.3926362991333,15.519539753969188,15.3702410692854,15.467284217657417,10642500
2014-08-22,1,15.549398422241213,15.676301875327528,15.48221415744153,15.48221415744153,11389900
2014-08-25,3,15.43742847442627,15.579262111337924,15.415033240023986,15.564331955069736,9991200
2014-08-26,1,15.527005195617676,15.564330582997732,15.407566803637382,15.459820922151518,7830700
2014-08-27,1,15.609121322631836,15.6389816357853,15.444893871742066,15.616586400920202,12153100
2014-08-28,1,15.609121322631836,15.62405147920857,15.370244512676498,15.467287682789069,7620800
2014-08-29,1,15.63151741027832,15.638982488973946,15.53447281105336,15.638982488973946,5322800
2014-09-02,4,15.736021995544434,15.87039053310147,15.668837726765917,15.691232957631373,8116900
2014-09-03,1,15.937575340270996,15.959969148075096,15.803206798174823,15.885321223637572,9850200
2014-09-04,1,15.81813621520996,15.959968404083911,15.810671138350624,15.915179366745706,8057900
2014-09-05,1,15.810672760009766,15.818137837634776,15.661374055145476,15.773347371884707,5969000
2014-09-08,3,15.728557586669922,15.810672012846604,15.683768546854411,15.80320693557437,6724200
2014-09-09,1,15.713627815246582,15.825602553242314,15.661373696884809,15.728557970155071,7312400
2014-09-10,1,15.69869899749756,15.736022960744812,15.489681101386324,15.527005064633578,6244800
2014-09-11,1,15.601658821105955,15.63151913919114,15.482220396401896,15.549404688275224,7389100
2014-09-12,1,15.183618545532228,15.497144646795816,15.138829509299654,15.482214493445696,15136400
2014-09-15,3,15.10897159576416,15.280664115032184,15.10150651790668,15.280664115032184,8072900
2014-09-16,1,15.288130760192873,15.370245201225329,15.034323782290878,15.101508066077768,8209000
2014-09-17,1,15.3926362991333,15.474749294273384,15.332917110023342,15.347845839437497,6456800
2014-09-18,1,15.616582870483398,15.646441753068576,15.415030073716784,15.452355456720476,8889700
2014-09-19,1,15.31799030303955,15.638981548558483,15.303060146546091,15.586726000831376,8952700
2014-09-22,3,15.198548316955566,15.265732581525038,15.079109940791566,15.2508024285501,12063100
2014-09-23,1,15.183618545532228,15.288126771347493,15.138829509299654,15.146294585974715,9091000
2014-09-24,1,15.37024211883545,15.407566080646156,15.265733886711166,15.303057848521874,9684500
2014-09-25,1,15.011924743652344,15.206012448816182,14.974599363533722,15.176152144721284,12835200
2014-09-26,1,15.034324645996094,15.079115120305955,14.98207051645283,14.989535595504472,11396400
2014-09-29,3,14.892494201660156,14.952213417417727,14.743195450357025,14.87756404176616,12150400
2014-09-30,1,15.064180374145508,15.071645450923532,14.787978228629802,14.855162495814222,15357400
2014-10-01,1,15.004459381103516,15.101502519923464,14.922344970228268,15.064178564335249,16100700
2014-10-02,1,15.1462984085083,15.235876503580638,14.877561275654989,15.004464763522591,22937000
2014-10-03,1,15.549398422241213,15.601652534014796,15.32545182212078,15.385171010407412,19548800
2014-10-06,3,15.541932106018066,15.60911636545876,15.452354042642236,15.601651289541168,19804800
2014-10-07,1,15.213475227355955,15.482212253506574,15.198546499983488,15.444888299349026,9473500
2014-10-08,1,15.377707481384276,15.422496521152024,15.0193923156065,15.05671627810997,12264600
2014-10-09,1,15.280665397644045,15.512078559196018,15.235876350557715,15.504613480711942,10846800
2014-10-10,1,14.511781692504885,15.094043610952165,14.474456297849148,15.064184719045796,28668600
2014-10-13,3,14.683466911315918,15.011923101338144,14.646142959098228,14.787975116579462,14696600
2014-10-14,1,15.034324645996094,15.21348227178082,14.817843048771392,14.847701941159723,21296600
2014-10-15,1,14.98206615447998,15.116434690652186,14.519242778573306,14.720794159013783,20760400
2014-10-16,1,15.467287063598633,15.743489253938806,15.071647896880222,15.101506785020272,30662100
2014-10-17,1,15.467287063598633,15.54193641967582,15.340383585412832,15.340383585412832,14809100
2014-10-20,3,15.579258918762209,15.66883699037844,15.400099927894187,15.51953972974546,11512400
2014-10-21,1,15.967437744140623,16.02715695114213,15.527008058572717,15.624052659836536,17393800
2014-10-22,1,15.85545825958252,16.198844634525265,15.818134303614194,16.12419529877096,14927700
2014-10-23,1,15.900246620178224,15.989826104064754,15.773343181899234,15.922641847104254,10095300
2014-10-24,1,15.810672760009766,15.818137837634776,15.594189780338343,15.68376928802051,8800200
2014-10-27,3,15.945038795471191,15.974897677445233,15.758416155725763,15.915178489679406,11136800
2014-10-28,1,16.116731643676758,16.12419672029208,15.93010899974703,16.0122234186978,11058800
2014-10-29,1,16.116731643676758,16.168985756166236,16.00475834208248,16.101801490446114,9201700
2014-10-30,1,15.758417129516602,16.07940831752522,15.683767784241926,16.042082932978964,12181300
2014-10-31,1,16.437721252441406,16.519834239748576,16.191379442884607,16.191379442884607,19615000
2014-11-03,3,16.3481388092041,16.40785798181841,16.236165538529445,16.40785798181841,10560900
2014-11-04,1,16.385467529296875,16.422791485874065,16.24363393143174,16.415326409795092,8881100
2014-11-05,1,16.445188522338867,16.557161828200115,16.303354908878443,16.467582329220416,8994500
2014-11-06,1,16.273496627807617,16.467584379918396,16.2137774289903,16.452655648077577,6782500
2014-11-07,1,16.288423538208008,16.325748919918485,16.131661206477183,16.288423538208008,7835600
2014-11-10,3,16.616880416870117,16.669134529455533,16.489976961812193,16.49744203844122,7833800
2014-11-11,1,16.572092056274414,16.721389323485937,16.49744271075973,16.69153043957077,6580400
2014-11-12,1,16.460119247436523,16.475049403045784,16.23617260856966,16.25856784198355,11788800
2014-11-13,1,16.67660140991211,16.736320605586094,16.542232863691158,16.616882214238125,10891000
2014-11-14,1,16.721385955810547,16.773640060001533,16.65420170075998,16.75124625752971,8233100
2014-11-17,3,16.35561180114746,16.572094796554822,16.258568632604277,16.5496995620519,16309900
2014-11-18,1,16.460119247436523,16.5049097142643,16.19884864336452,16.243637686374292,13347000
2014-11-19,1,16.818435668945312,16.900548676212942,16.6019526865625,16.676602039929605,14975100
2014-11-20,1,16.990129470825195,17.034918516707886,16.810971863476333,16.870691065925953,11797500
2014-11-21,1,17.214075088500977,17.243935399838517,17.087171612952467,17.131962079958775,11661000
2014-11-24,3,17.124492645263672,17.176746752991715,16.98265905013209,17.064773461600527,9042000
2014-11-25,1,17.102102279663086,17.221540680946248,17.072243391251323,17.12449751383545,6605100
2014-11-26,1,17.303653717041016,17.348442757947222,17.117031052144227,17.161820093050434,7688400
2014-11-28,2,17.5201358795166,17.572391423518873,17.2588652785952,17.415627639148042,6019000
2014-12-01,3,17.124492645263672,17.333509076175847,17.04984330973033,17.318580348123298,7990200
2014-12-02,1,16.848289489746094,16.937868971613806,16.75124635622217,16.92293882066626,9853000
2014-12-03,1,17.117027282714844,17.229000572231108,16.855755324631804,16.982658765768274,16566400
2014-12-04,1,17.034915924072266,17.11703034887484,16.94533784594025,17.0946351174329,6130000
2014-12-05,1,16.97519874572754,17.019987790110164,16.833365110728174,16.99012890179443,7679900
2014-12-08,3,16.796039581298828,17.094635555758334,16.713925154390743,17.00505747532944,9404100
2014-12-09,1,16.855756759643555,16.870686912534833,16.475046403822443,16.63181016154537,9606600
2014-12-10,1,16.564620971679688,16.75870863009896,16.549690823228055,16.75870863009896,10065400
2014-12-11,1,16.527299880981445,16.698993785007854,16.363072476931936,16.42279166238791,11096100
2014-12-12,1,16.400394439697266,16.587017049531944,16.400394439697266,16.519832796086057,11335100
2014-12-15,3,16.378005981445312,16.7139259344585,16.340680593009637,16.564628652169745,14120700
2014-12-16,1,16.0047607421875,16.310821810224347,15.9972956644527,16.280961499285144,11179200
2014-12-17,1,16.154054641723633,16.161519717894762,15.795739528415584,15.870388866309185,13146600
2014-12-18,1,16.266029357910156,16.587019090311983,16.213773824720484,16.460115643058167,10804900
2014-12-19,1,16.572092056274414,16.833362629849038,16.415328288311798,16.788573592067365,11708000
2014-12-22,3,16.69900131225586,16.855763710808436,16.587026543211635,16.62435194083249,4714700
2014-12-23,1,16.579559326171875,16.69899915934152,16.57209567142829,16.58702440473361,6055100
2014-12-24,1,16.684064865112305,16.80350324484696,16.587020291691772,16.601950445113054,1975600
2014-12-26,2,16.654205322265625,16.825899246851062,16.62434643787111,16.818434169797968,2634900
2014-12-29,3,16.706459045410156,16.982661194615616,16.706459045410156,16.91547692653369,3737200
2014-12-30,1,16.751251220703125,16.840829304766313,16.661671712821963,16.669136790463558,4791900
2014-12-31,1,16.706459045410156,16.90054677277819,16.66913508483923,16.781108390369834,3877200
2015-01-02,2,16.631811141967773,16.766178254456793,16.422793260621805,16.758714601388927,6074100
2015-01-05,3,16.228700637817383,16.549691727989273,16.2063054139156,16.52729650408749,9031800
2015-01-06,1,15.945038795471191,16.109266205872782,15.79574011414775,15.915178489679406,10169500
2015-01-07,1,16.176450729370117,16.243634994660752,15.93010889791038,16.116731540647084,10180200
2015-01-08,1,16.280963897705078,16.430262626758946,16.176455641658293,16.19138579932732,15825900
2015-01-09,1,15.825601577758787,16.154056422592102,15.691233039500682,16.139127692421752,17596000
2015-01-12,3,15.519540786743164,15.743487404853973,15.444891439433604,15.721092173515745,24695300
2015-01-13,1,15.713627815246582,15.900250480148884,15.668838774339054,15.691234006701787,11043200
2015-01-14,1,15.721095085144045,15.7509553991253,15.37771001726839,15.415033985926826,21760200
2015-01-15,1,17.08717155456543,17.266329150524435,16.35561101511166,16.863224915571173,36350200
2015-01-16,1,16.870691299438477,16.945340659488274,16.639279564720418,16.698998767996628,22402000
2015-01-20,4,17.23646354675293,17.311112871935855,16.773638869672755,16.870683419555792,23999700
2015-01-21,1,17.326047897338867,17.385768518252448,17.13942522843784,17.16928553889463,17966600
2015-01-22,1,17.69928741455078,17.706752489710013,17.087165489668784,17.318578548152466,25334400
2015-01-23,1,17.90831184387207,18.139723563776027,17.82619741069214,17.863522800236666,13027300
2015-01-26,3,18.035215377807617,18.057610611605263,17.841127623015456,17.878453012678197,14091400
2015-01-27,1,18.0576114654541,18.10986558963473,17.87845385805562,18.012820995740906,14735300
2015-01-28,1,17.863515853881836,18.28155008749877,17.803796677650844,18.244226136285953,16762900
2015-01-29,1,17.385772705078125,17.76648178835842,17.2290088850642,17.6843687624638,19411300
2015-01-30,1,16.95279884338379,17.25886126320333,16.922939963290208,17.16181669930947,17590300
2015-02-02,3,17.124492645263672,17.22900086071976,16.952798746391693,17.191676904861914,12854500
2015-02-03,1,17.2812557220459,17.497738662151175,17.214071459517896,17.423089323362536,16676200
2015-02-04,1,17.60224723815918,17.729150689521095,17.505204092443712,17.609712314570793,11266500
2015-02-05,1,17.661970138549805,17.73661949454103,17.40069810448952,17.706759182617326,12016600
2015-02-06,1,17.243932723999023,17.639571821101732,17.206607340619094,17.50520471238736,16529800
2015-02-09,3,16.922941207885742,17.12449400265679,16.788572678038378,17.109563849603134,12821100
2015-02-10,1,17.811264038085938,17.878448297943645,17.512666694799385,17.841122918124,17077300
2015-02-11,1,18.13225746154785,18.17704649913604,17.744082005602674,17.826195003878045,14211100
2015-02-12,1,18.266626358032227,18.27409143566219,18.027749569145342,18.221837316070427,10136200
2015-02-13,1,18.54282569885254,18.632403769074728,18.21436945246309,18.251694834903795,11637500
2015-02-17,4,18.490570068359375,18.580148131223243,18.42338580930266,18.430850885177588,10525500
2015-02-18,1,18.44577980041504,18.55028943990763,18.37113188854303,18.43085107233123,7433100
2015-02-19,1,18.303953170776367,18.445785385330502,18.25916270151056,18.423391574515684,9929400
2015-02-20,1,18.244230270385746,18.445781645950483,18.13972062043676,18.43831799307065,7268000
2015-02-23,3,18.080005645751953,18.23676944531362,18.012821363628117,18.22183928843763,7827400
2015-02-24,1,18.692127227783203,18.721986114465512,18.17704826219716,18.1994420712544,15932700
2015-02-25,1,18.692127227783203,18.90114370601327,18.654801839657853,18.6995908815903,10388400
2015-02-26,1,18.423385620117188,18.654797274593108,18.400990392722377,18.5129636820612,7588500
2015-02-27,1,18.31141471862793,18.498037366467855,18.266624257997528,18.475642136152658,8541000
2015-03-02,3,18.386066436767575,18.386066436767575,18.214373907004145,18.214373907004145,7081200
2015-03-03,1,18.289018630981445,18.4607111172295,18.21436929058124,18.44578096438591,7485300
2015-03-04,1,18.16211700439453,18.363669816582,18.01281830859243,18.34127458506632,9415000
2015-03-05,1,18.25915908813477,18.274089241602116,18.020282327928378,18.25915908813477,6882400
2015-03-06,1,17.982959747314453,18.19944129392327,17.94563578460125,18.102398136578195,6375000
2015-03-09,3,17.505207061767578,17.691829732260544,17.363373433523886,17.669434499226917,15598700
2015-03-10,1,17.206605911254883,17.363369660792532,17.10209769410823,17.184212106904983,12405600
2015-03-11,1,17.535062789916992,17.70675527412574,17.4753436030697,17.4753436030697,9485000
2015-03-12,1,17.564924240112305,17.72915165869209,17.520133779194147,17.542529009653226,10892000
2015-03-13,1,17.82619285583496,17.893377116030504,17.6545003792542,17.661965455255665,9748200
2015-03-16,3,18.124794006347656,18.20690701197002,17.84112675399997,17.893380873164553,18384800
2015-03-17,1,18.14718437194824,18.24422893811298,17.878448749546894,17.953096663436458,12558800
2015-03-18,1,18.44577980041504,18.587613395843636,18.02774551389764,18.29648255285337,14551700
2015-03-19,1,18.408464431762695,18.774244781073897,18.386069193463445,18.587622066701755,11699700
2015-03-20,1,18.490570068359375,18.58761320709817,18.42338580930266,18.512963872166523,7196900
2015-03-23,3,18.512969970703125,18.6249447218961,18.47564600285087,18.572689173557595,9110900
2015-03-24,1,18.289018630981445,18.43831731178186,18.251694672690213,18.371133047803447,9071500
2015-03-25,1,17.303653717041016,18.251697196433,17.229004366318712,18.244232118978974,32339400
2015-03-26,1,17.318580627441406,17.54999228989114,17.13942164974481,17.214070986482113,36432500
2015-03-27,1,17.124492645263672,17.258861164460157,16.915474790533846,17.102097417458374,20264000
2015-03-30,3,17.355905532836914,17.393229491337422,17.005055481951807,17.005055481951807,14707100
2015-03-31,1,17.52759552001953,17.587314699393016,17.408157161272563,17.475341416044927,13621500
2015-04-01,1,17.340978622436523,17.520136219610933,17.273794345518866,17.490277331990875,13314800
2015-04-02,1,17.684364318847656,17.78887255671789,17.602249889767926,17.63211019991254,12443500
2015-04-06,4,17.572391510009766,17.721688793582835,17.3111194839844,17.318584561735754,11439200
2015-04-07,1,17.460412979125977,17.639570534832174,17.43055409841712,17.572387697282824,13305600
2015-04-08,1,17.318580627441406,17.430553920638527,17.22900113859311,17.266325095052924,10835200
2015-04-09,1,17.497739791870117,17.66943228549669,17.348441104653567,17.355906181396175,10183300
2015-04-10,1,17.542530059814453,17.76647668254024,17.452950556433393,17.714222565492083,10531900
2015-04-13,3,17.41562271118164,17.684359737593166,17.40069255997709,17.549991224387405,11125700
2015-04-14,1,17.303653717041016,17.393231798853428,17.042381701421924,17.348442757947222,13787000
2015-04-15,1,17.54999351501465,17.647036662875124,17.236467417885596,17.288721530104144,16883000
2015-04-16,1,17.34843635559082,17.579847975992475,16.90800691506732,17.54998910101359,28320800
2015-04-17,1,17.333511352539062,17.355906583285467,17.072240779586885,17.19914423951416,16113600
2015-04-20,3,17.37083625793457,17.63210824749729,17.311117068076047,17.467879407523,15253500
2015-04-21,1,17.41562271118164,17.44548301359074,17.28871927357815,17.39322748437482,13191400
2015-04-22,1,17.79633331298828,17.79633331298828,17.460412024518817,17.46787710024232,15880200
2015-04-23,1,18.139720916748047,18.22930041476505,17.691827698116494,17.796335925954814,22973300
2015-04-24,1,18.595083236694336,18.893679232149115,18.430855795148712,18.80410114542169,28481800
2015-04-27,3,18.968326568603516,19.237063647826304,18.49057302671222,18.580151103907905,25744900
2015-04-28,1,18.669727325439453,18.878745175210227,18.512963582156967,18.83395472066231,14437100
2015-04-29,1,18.5054988861084,18.58761186717808,18.356200227007555,18.550287914311635,12642500
2015-04-30,1,18.244230270385746,18.378598803307433,18.184511080622524,18.28901930675371,16033300
2015-05-01,1,18.468177795410156,18.542827142284757,18.341274332868693,18.438318910951033,9732900
2015-05-04,3,18.154651641845703,18.371134604974017,18.124792757445373,18.333809219701276,9436900
2015-05-05,1,18.13225746154785,18.25169584432824,18.042677962553643,18.065073193256655,13233000
2015-05-06,1,18.251689910888672,18.2964789339164,18.102391269039742,18.19943438956939,8302200
2015-05-07,1,18.191974639892575,18.2218335203747,18.08746499866095,18.177044487742677,7299600
2015-05-08,1,18.32634735107422,18.468180992305992,18.20690894492687,18.259163069639072,11054400
2015-05-11,3,18.191974639892575,18.378597270313307,18.169579411667726,18.348736966013508,6256500
2015-05-12,1,18.199438095092773,18.289017583204565,18.020280542686848,18.050140846663332,10406900
2015-05-13,1,18.244230270385746,18.41592276297777,18.206904886897608,18.274089153358453,6596700
2015-05-14,1,18.221837997436523,18.30395243061862,18.147188642163528,18.19197910961814,9130500
2015-05-15,1,18.33380889892578,18.363669206621527,18.221835592702412,18.25169590039816,5952400
2015-05-18,3,18.221837997436523,18.27409211898221,18.19197910961814,18.27409211898221,9387100
2015-05-19,1,18.356203079223633,18.40845719088299,18.259158508583884,18.274088661577345,10063100
2015-05-20,1,18.348737716674805,18.41592198028024,18.221834265844283,18.303948682210425,9053200
2015-05-21,1,18.094934463500977,18.236768095690163,18.027750186349152,18.19944270626247,12175800
2015-05-22,1,18.06507682800293,18.34874268822629,18.06507682800293,18.191980313217673,8574500
2015-05-26,4,18.10986328125,18.199441361622068,18.02774885439401,18.04267900906199,10911600
2015-05-27,1,18.36366844177246,18.43831778408483,17.990423154028377,18.042677266501705,14361100
2015-05-28,1,18.251689910888672,18.400987128920228,18.18450566443839,18.28154878496803,10416600
2015-05-29,1,18.124794006347656,18.23676732224576,17.87098706427571,17.953100069898074,13170000
2015-06-01,3,18.02029037475586,18.094939751608933,17.863527964801,18.050150695024463,10391300
2015-06-02,1,17.6694278717041,17.9157696474032,17.647032647070567,17.90083949764751,12267300
2015-06-03,1,17.661970138549805,17.7664783826467,17.527601582529197,17.751549650502888,10846500
2015-06-04,1,17.154354095458984,17.49027544378199,17.00505682584043,17.37083705856,16981800
2015-06-05,1,17.064781188964844,17.19914976900682,16.982666740312904,17.03492087170294,9277100
2015-06-08,3,16.908008575439453,17.109561340654775,16.87068462209627,17.07223738731159,9155900
2015-06-09,1,17.04238510131836,17.24393796133229,16.952805577817205,17.072245417091487,14045900
2015-06-10,1,17.41562271118164,17.423087786783913,17.169280911576934,17.20660486577072,14611900
2015-06-11,1,17.54999351501465,17.69929077509367,17.512668132131562,17.661966816028357,12836500
2015-06-12,1,17.6694278717041,17.73661212178726,17.46787512145463,17.572384745927014,12115900
2015-06-15,3,17.363367080688477,17.497735582092112,17.340971855848718,17.46041020735918,12984800
2015-06-16,1,17.60224723815918,17.65450134922272,17.318581453606647,17.348440335435356,12381400
2015-06-17,1,17.6171817779541,17.691831136841408,17.505208451532187,17.58732146487194,12642300
2015-06-18,1,17.736618041992188,17.78887215976126,17.59478441960619,17.661968692114403,11225200
2015-06-19,1,17.467880249023438,17.676898135506434,17.460415171954274,17.632109096909314,11609100
2015-06-22,3,17.79633331298828,17.833657267788173,17.617175767077104,17.661964797600497,13407100
2015-06-23,1,17.863515853881836,17.945630255131,17.72914735140774,17.923235030112824,9339600
2015-06-24,1,17.841127395629883,17.915776750185927,17.788873274586056,17.885916438836304,9368200
2015-06-25,1,17.97549057006836,18.162113188704375,17.915771389057536,17.94563169147174,8369700
2015-06-26,1,17.639570236206055,17.94563265715094,17.49773806355916,17.85605316890552,14805800
2015-06-29,3,17.237520217895508,17.66884440717767,17.22211693683944,17.46088468760354,14494500
2015-06-30,1,17.49169158935547,17.81518397589028,17.460883560154777,17.60722573882184,15836800
2015-07-01,1,17.661134719848633,17.89219999987753,17.59951721390245,17.81517775017549,12403200
2015-07-02,1,17.830585479736328,17.969225258600357,17.67654242361433,17.715052820375462,7884900
2015-07-06,4,17.668840408325195,17.915310478374572,17.61492526413658,17.71505317919008,7476100
2015-07-07,1,17.684240341186523,17.71504982865429,17.28372728764607,17.56870770133683,10131500
2015-07-08,1,17.121984481811523,17.45317920533842,17.083474082410635,17.399264058546144,13956700
2015-07-09,1,17.11428451538086,17.445479285493025,17.029561330966377,17.391564131117143,12147200
2015-07-10,1,17.383853912353516,17.460876156312516,17.20670377960179,17.20670377960179,9042600
2015-07-13,3,17.607223510742188,17.62262678885448,17.376156710127187,17.476286097783618,11501200
2015-07-14,1,17.56100845336914,17.63803071666271,17.47628528591595,17.537902802735307,8778400
2015-07-15,1,17.376157760620117,17.645734976429733,17.26062508786675,17.491690433373485,13861500
2015-07-16,1,17.507095336914062,17.584117609125954,16.71376989964125,16.983345648766388,29850800
2015-07-17,1,17.738162994384766,17.784375772271446,17.54560803926626,17.676545467509953,10314200
2015-07-20,3,17.638032913208008,17.74586468287878,17.422372312021793,17.738162308682462,12307200
2015-07-21,1,17.62262535095215,17.838287386780554,17.58411495519731,17.66883958875087,9372700
2015-07-22,1,17.11428451538086,17.360756101078543,17.029561330966377,17.306839477624884,17279900
2015-07-23,1,17.183603286743164,17.329945459744984,17.014155460004734,17.044963488012776,16251500
2015-07-24,1,16.667560577392578,17.106585748859196,16.64445491725944,16.991053040959258,15045700
2015-07-27,3,16.659852981567383,16.706067225511212,16.428787638158745,16.61364020670118,10167100
2015-07-28,1,16.8524112701416,16.93713593178305,16.636750631894884,16.721473824458418,13102700
2015-07-29,1,17.029558181762695,17.152793217283318,16.744576243947815,16.806193761708126,12780100
2015-07-30,1,17.483991622924805,17.54560915371339,17.09117931324341,17.12198734409879,17400600
2015-07-31,1,17.029558181762695,17.41466803503402,16.967940664002384,17.36845379490566,16313800
2015-08-03,3,16.72916603088379,16.86780576781251,16.575123021356234,16.86780576781251,11945800
2015-08-04,1,16.521215438842773,16.88321821906895,16.43649079001375,16.81389831895024,13832400
2015-08-05,1,16.64444923400879,16.84470654489389,16.5751293391225,16.598234991366205,7506500
2015-08-06,1,16.390275955200195,16.598234160369977,16.182316280952904,16.498106244479157,12945100
2015-08-07,1,16.197717666625977,16.490400449254743,16.166908179466525,16.37486781056121,16644500
2015-08-10,3,16.64444923400879,16.860109823363832,16.112997196239775,16.26704173355988,25398700
2015-08-11,1,16.043678283691406,16.25163798108343,15.828016212054012,16.17461570770738,18685200
2015-08-12,1,15.982060432434082,16.005167554698325,15.54303539295699,15.812612609729236,20957100
2015-08-13,1,15.820318222045898,15.935850918859972,15.72018880748321,15.82801912863262,7873400
2015-08-14,1,15.697076797485352,15.712481544022614,15.573841763342232,15.689375893294208,11355400
2015-08-17,3,15.6200590133667,15.643164668548197,15.16562918647883,15.327374649060392,18060200
2015-08-18,1,15.427501678466797,15.55843909097088,15.412096931330424,15.543034343834504,10410700
2015-08-19,1,15.335073471069336,15.450606127444171,15.119411435179526,15.404393358709726,12520400
2015-08-20,1,15.10400676727295,15.458307076735805,15.10400676727295,15.2426465297853,12865500
2015-08-21,1,14.541749000549316,15.026988291324674,14.53404809543144,14.826730969473632,20217500
2015-08-24,3,14.449325561523438,14.965372955473486,13.34020848948136,13.663700907615388,31876000
2015-08-25,1,14.449325561523438,15.412100440603536,14.4031127786694,15.196438338821556,25640300
2015-08-26,1,14.9807767868042,15.003882442274373,14.58796448395557,14.896052132539458,20952300
2015-08-27,1,15.358182907104492,15.358182907104492,15.080903314709042,15.111712811231936,17880000
2015-08-28,1,15.404394149780272,15.466011667616296,15.057794693779217,15.119412211615236,10980800
2015-08-31,3,15.311967849731444,15.55073702787972,15.211839929501014,15.527629906713818,9081400
2015-09-01,1,14.949968338012695,15.219545600372252,14.82673326991882,14.903755554746963,14185700
2015-09-02,1,15.358182907104492,15.458310832648598,15.134818464546456,15.173330335200076,14670900
2015-09-03,1,15.458306312561035,15.589243696341278,15.419795922245704,15.519923818511902,8174900
2015-09-04,1,15.150226593017578,15.27346166844918,15.096311431151,15.173333720565246,8944000
2015-09-08,4,15.442910194396973,15.450612570577624,15.265759949476127,15.373590277849155,10390900
2015-09-09,1,15.311967849731444,15.912739778346754,15.265755076477214,15.743291963696189,10318700
2015-09-10,1,15.173330307006836,15.335075756218544,14.842135565389356,15.25035111001566,17806400
2015-09-11,1,15.327373504638672,15.365885375528622,15.104010529787612,15.204138455946158,9549900
2015-09-14,3,15.435203552246094,15.535331467235308,15.319669421541814,15.396691685652169,7790800
2015-09-15,1,15.704782485961914,15.83571992101396,15.435206710041054,15.527632270620265,11469800
2015-09-16,1,15.920445442199709,15.982062975631798,15.758698498766792,15.951253474376813,11471100
2015-09-17,1,15.912738800048828,16.190018360682522,15.843418909890406,15.85112128313884,11394200
2015-09-18,1,15.87423038482666,15.989763059822783,15.673973062597131,15.812612860223547,14057800
2015-09-21,3,15.812613487243652,15.95895419580537,15.71248408761961,15.812613487243652,12292100
2015-09-22,1,15.365887641906738,15.589250649702528,15.311971014708424,15.53533549158209,13482400
2015-09-23,1,15.412097930908203,15.62775999757192,15.096307939519184,15.13481834078023,22169600
2015-09-24,1,15.396692276000977,15.427501770457432,15.065497555981842,15.31967000893739,11088800
2015-09-25,1,15.442910194396973,15.63546519167912,15.373590277849155,15.52763486330609,10742300
2015-09-28,3,15.119412422180176,15.442904762593871,15.080902023900402,15.381287243899717,15576100
2015-09-29,1,15.319672584533691,15.365886833988077,15.01158493356014,15.11171433830017,10919600
2015-09-30,1,15.982060432434082,16.012869928786404,15.658568066122912,15.681675188387157,12400200
2015-10-01,1,16.06678581237793,16.17461611638228,15.86652848417149,16.136105713260072,14508200
2015-10-02,1,15.98976230621338,15.99746468006046,15.56614055908964,15.56614055908964,15271100
2015-10-05,3,16.482704162597656,16.513513661131448,16.012871062579308,16.220829301371413,10938100
2015-10-06,1,16.351768493652344,16.451897905596923,16.14380876337782,16.220831048932595,10577700
2015-10-07,1,16.89091682434082,17.021854221005373,16.659850052480056,16.6983619156622,13647100
2015-10-08,1,17.137388229370117,17.152792975862756,16.69066086462604,16.775385501258057,10343500
2015-10-09,1,16.906326293945312,17.276031469340715,16.87551679479014,17.183604440952976,11648800
2015-10-12,3,17.01415252685547,17.09887716015745,16.95253501238424,16.998747780968305,6779500
2015-10-13,1,16.898622512817383,16.967942411069796,16.698365192207934,16.806195492121617,12740800
2015-10-14,1,17.206707000732422,17.35304914474236,16.68295740665675,16.7753844105255,22801100
2015-10-15,1,16.906326293945312,17.553311085426156,16.78309123548018,17.368457028650678,17867300
2015-10-16,1,17.068069458007812,17.11428223143739,16.937132042392687,16.952536789895074,9598700
2015-10-19,3,17.121984481811523,17.175899628603794,16.914024799260556,17.006451814531285,8940900
2015-10-20,1,17.183603286743164,17.268327934651218,17.075772985098496,17.098880107912787,6718400
2015-10-21,1,17.11428451538086,17.29143619714447,17.052666986225884,17.19900916887312,8154300
2015-10-22,1,17.337644577026367,17.422369209018346,17.19130243151588,17.2452175722099,8214500
2015-10-23,1,17.30683708190918,17.522499138637258,17.252921934996554,17.522499138637258,11854100
2015-10-26,3,17.068069458007812,17.345349036740444,16.89091926896311,17.30683716798448,12350400
2015-10-27,1,17.098878860473633,17.17589965941357,16.852407309002093,16.991047097618093,6885400
2015-10-28,1,17.006458282470703,17.15280050019095,16.844712780578426,16.998755905845623,9913700
2015-10-29,1,16.806194305419922,16.806194305419922,16.575128973612735,16.79849193181601,7939100
2015-10-30,1,16.914026260375977,16.99875090926994,16.675258531493903,16.821600706198648,8791800
2015-11-02,3,17.021862030029297,17.052670065631276,16.76768949273131,16.83700940918331,5716700
2015-11-03,1,17.537900924682617,17.67654068994925,17.029556098089845,17.12968400129501,12846400
2015-11-04,1,18.138673782348633,18.223398421485193,17.753563923113397,17.792075790483437,14372000
2015-11-05,1,17.699647903442383,17.89220282354705,17.676542253239393,17.89220282354705,8345300
2015-11-06,1,17.576414108276367,17.58411648191157,17.276028881891342,17.399263921899433,8805900
2015-11-09,3,17.684240341186523,17.699645084920405,17.468579805221022,17.522494939212397,8629200
2015-11-10,1,17.337644577026367,17.46087960406339,17.19900480434037,17.337644577026367,7388700
2015-11-11,1,17.39156150817871,17.483988522510522,17.16049617596551,17.268326468454664,5255100
2015-11-12,1,17.12969207763672,17.468589278174942,17.12969207763672,17.28373666035719,5685100
2015-11-13,1,16.860105514526367,17.060362774232903,16.613635493065154,16.9987452688676,7883500
2015-11-16,3,17.214414596557617,17.237520252727325,16.79079278148639,16.813899906733933,7121500
2015-11-17,1,17.345352172851562,17.57641755085461,17.237520389916007,17.276032265635077,7148400
2015-11-18,1,17.345352172851562,17.376160204348974,17.060370168841814,17.237520389916007,8010400
2015-11-19,1,17.460880279541016,17.668839946614977,17.39926276363882,17.668839946614977,7115100
2015-11-20,1,17.584117889404297,17.63033066583697,17.491690867461276,17.568713140900847,6039900
2015-11-23,3,17.383853912353516,17.668835774278687,17.360748267519792,17.653431031671463,5502100
2015-11-24,1,17.329940795898438,17.391558304409653,17.068066017456456,17.276025659585784,8911500
2015-11-25,1,17.376157760620117,17.453180032148243,17.337647359394875,17.383860134680692,5442600
2015-11-27,2,17.29143524169922,17.437775947182566,17.206710592888456,17.245220995578244,3995600
2015-11-30,3,17.530202865600586,17.614927513905105,17.23751851822735,17.28373276407219,8612900
2015-12-01,1,17.93071174621582,17.98462687994415,17.584112359280528,17.591814731109892,10256000
2015-12-02,1,17.861398696899414,17.99233612989904,17.761269293917348,17.861398696899414,6829100
2015-12-03,1,17.661134719848633,17.953817505823718,17.576410098268667,17.930711859267163,5884700
2015-12-04,1,17.953824996948242,18.000039247498414,17.507097525174753,17.58411980701387,6355600
2015-12-07,3,17.899906158447266,18.100163462405742,17.853693386480707,18.06165306394653,4634000
2015-12-08,1,17.77667236328125,17.884502661767666,17.622627820519828,17.71505483999221,6133900
2015-12-09,1,17.507095336914062,17.722757405291826,17.445477812960082,17.676544629595753,8663600
2015-12-10,1,17.44547462463379,17.599519140904473,17.414666602826085,17.499389764605315,7171900
2015-12-11,1,17.083473205566406,17.376156045592296,17.068068458965705,17.268325757542364,11326300
2015-12-14,3,17.11428451538086,17.260626698028094,16.99875183185,17.19900916887312,7898600
2015-12-15,1,17.576414108276367,17.638031628280412,17.26832650825614,17.26832650825614,9444200
2015-12-16,1,17.838293075561523,17.892208234443263,17.630333346379473,17.799782667525395,7384800
2015-12-17,1,17.684240341186523,17.938414205563955,17.6765394383968,17.78436970637955,8925700
2015-12-18,1,17.661134719848633,17.776667359863083,17.499387848566627,17.53789970795626,8648000
2015-12-21,3,17.67654037475586,17.753561159350774,17.522495867411433,17.66113563020596,4958700
2015-12-22,1,17.76126480102539,17.784371919501712,17.67654163810035,17.699647287499268,4553900
2015-12-23,1,17.77667236328125,17.876800287721828,17.691947717854706,17.86909938275363,6172900
2015-12-24,1,17.830585479736328,17.930714861839224,17.776670336639754,17.830585479736328,2009500
2015-12-28,4,17.72275733947754,17.861397135128566,17.599522292027213,17.830587638727163,3100100
2015-12-29,1,17.77667236328125,17.8922050358135,17.69965009190054,17.768969989235416,4136700
2015-12-30,1,17.62262535095215,17.78437224509281,17.591817328163767,17.753562753226998,2574100
2015-12-31,1,17.52250099182129,17.71505594777537,17.383861188481916,17.607225642545956,3898300
2016-01-04,4,17.01415252685547,17.175897951438422,16.837002356385355,17.129685182854352,9145100
2016-01-05,1,16.906326293945312,17.26832909455192,16.906326293945312,17.08347650685422,7642100
2016-01-06,1,16.43649673461914,16.721477343440693,16.3748791865703,16.6829669268145,8063200
2016-01-07,1,16.25164031982422,16.467300953419226,16.035978217151328,16.08219100019627,11242800
2016-01-08,1,16.028268814086914,16.482698477168253,15.997460795257576,16.382570579626353,9290700
2016-01-11,3,16.120697021484375,16.3671670669699,15.943546859926323,16.305549555598517,9771200
2016-01-12,1,15.982060432434082,16.35946794828417,15.797207861553076,16.35176557419609,11629400
2016-01-13,1,15.77409839630127,16.228528116456324,15.75099274654664,16.097590714562877,12858400
2016-01-14,1,16.806194305419922,16.844706173439487,15.943549028867375,15.966654680601565,18687600
2016-01-15,1,16.25164031982422,16.390280138036943,15.835720865186044,15.835720865186044,12066200
2016-01-19,4,16.682958602905273,16.790788890919607,16.35176389648697,16.659851483011845,14807000
2016-01-20,1,16.24393081665039,16.336356342184057,15.974353673868915,16.0513759245318,10815300
2016-01-21,1,16.428787231445312,16.536617526489533,16.059082103512914,16.290147441201267,9105000
2016-01-22,1,16.89091682434082,16.906321569613677,16.652149148920994,16.759979427676264,8369200
2016-01-25,3,16.783092498779297,16.99875313278763,16.71377258954008,16.72147349583076,8463700
2016-01-26,1,16.629043579101562,16.837003252413158,16.559723687997696,16.775385734662777,7709700
2016-01-27,1,16.698362350463867,16.94483240493785,16.644447209682358,16.729170372734412,6432800
2016-01-28,1,16.659852981567383,16.844707019187446,16.544320309863064,16.77538712234933,7169000
2016-01-29,1,17.214414596557617,17.25292500289235,16.844709407063984,16.844709407063984,9010200
2016-02-01,3,17.29913330078125,17.36845318947995,17.06036561141764,17.08347273067636,5389200
2016-02-02,1,17.376157760620117,17.422372004983576,17.160497163234535,17.17590044227805,13487900
2016-02-03,1,17.6534366607666,17.79207645028501,17.399264203008713,17.522499245007836,13083200
2016-02-04,1,17.89220428466797,17.90760903211292,17.653436575581516,17.691946975116323,6473100
2016-02-05,1,17.52250099182129,17.992335554454115,17.453181090151602,17.72275832230286,9325400
2016-02-08,3,17.56100845336914,17.645733089899814,17.145090582107848,17.314538386091712,8355200
2016-02-09,1,17.376157760620117,17.468584780269396,16.99875024611771,17.121985292931654,8426600
2016-02-10,1,17.175901412963867,17.64573597366797,17.160498133049845,17.460883393000223,5761600
2016-02-11,1,16.944833755493164,17.222113323415133,16.78308832025703,17.068068792552367,10394600
2016-02-12,1,17.12969207763672,17.191309616909304,16.88322192054638,17.168203957855845,7326900
2016-02-16,4,17.976932525634766,18.246509783582216,17.39926760249503,17.422374728288652,13843800
2016-02-17,1,18.20799446105957,18.285016730049215,17.92301397559874,17.992333870781664,11956100
2016-02-18,1,18.33123016357422,18.63161687653736,18.300422136316097,18.469869958929877,12780200
2016-02-19,1,18.315826416015625,18.508381355956203,18.10786672830118,18.331229694711897,8950300
2016-02-22,3,18.454465866088867,18.58540329201023,18.36974268631224,18.500680112233606,7250300
2016-02-23,1,18.023136138916016,18.292713259716734,17.915305878226572,18.28501088837076,5802500
2016-02-24,1,18.03854751586914,18.10016504022168,17.58411772286502,17.776672670101423,5267500
2016-02-25,1,18.246503829956055,18.2542062027074,18.00773468189655,18.238801457204712,5076800
2016-02-26,1,18.308120727539062,18.55459077098847,18.03854356661227,18.24650321667671,9920900
2016-02-29,3,18.138673782348633,18.29271831367374,18.069353890160087,18.154078529296648,6614000
2016-03-01,1,18.93199920654297,19.009021466450015,18.47756948907656,18.60080451729686,9858800
2016-03-02,1,18.962812423706055,19.024429949922027,18.777958375980432,18.831874996862403,5841300
2016-03-03,1,18.916603088378903,19.15537234989825,18.83187988600961,18.970518254180664,7957500
2016-03-04,1,18.985912322998047,19.21697907807702,18.8241669166123,18.91659244338208,7264600
2016-03-07,3,19.024433135986328,19.039836418311666,18.53149137462679,18.79336627217087,8971500
2016-03-08,1,18.985912322998047,19.13995682638403,18.731739920765257,18.76254940907336,11734000
2016-03-09,1,19.05523681640625,19.09374868611615,18.885788996915544,19.03983206852229,5807300
2016-03-10,1,19.05523681640625,19.25549413166488,18.87808662297356,19.147663834632393,6483700
2016-03-11,1,19.525074005126953,19.548179661025213,19.24779438172532,19.255496756717346,7560000
2016-03-14,3,19.42494201660156,19.54817706193321,19.340218841109568,19.494261913235317,4109400
2016-03-15,1,19.163070678710938,19.409542283477265,19.04753798624171,19.178475429460935,8839800
2016-03-16,1,19.85626792907715,19.87167120931988,19.039833844024574,19.070643342665544,10874100
2016-03-17,1,19.84856414794922,19.910181671787186,19.733031474387737,19.825457025605864,6264700
2016-03-18,1,20.0565242767334,20.218269729411404,19.87167023213328,19.933287757307426,7208700
2016-03-21,3,19.97179794311523,20.04111783672033,19.833158155905043,19.933286074958204,5494100
2016-03-22,1,19.87937355041504,20.071928509362703,19.76384086886199,19.84086314625661,6247400
2016-03-23,1,19.779247283935547,19.88707759992267,19.671416967948424,19.88707759992267,5465900
2016-03-24,1,19.8177547454834,19.833159493785367,19.59439177141552,19.65600929554573,5549000
2016-03-28,4,19.74073028564453,19.84085966943464,19.671411864121943,19.81005017624461,2197200
2016-03-29,1,20.002607345581055,20.041119216389315,19.5943917985571,19.68681735034161,4550800
2016-03-30,1,20.3800048828125,20.503241339959473,20.272174635520457,20.272174635520457,5999600
2016-03-31,1,20.17975616455078,20.3646087111035,20.164351418402024,20.241373680068353,5369100
2016-04-01,1,20.118141174316406,20.18745960253194,19.84856395918492,19.93328713548286,5091200
2016-04-04,3,19.910181045532227,20.125841637642896,19.879371550043498,20.125841637642896,4302700
2016-04-05,1,19.64830207824707,19.740727607121407,19.440342434663872,19.64830207824707,8612600
2016-04-06,1,19.733034133911133,19.82545969758593,19.2709019083036,19.371029847130934,8333100
2016-04-07,1,19.54047393798828,19.65600659623188,19.448046929946926,19.63289947695218,7774400
2016-04-08,1,19.47114944458008,19.87936483844223,19.41723284567794,19.833152079888933,8214600
2016-04-11,3,19.64830207824707,19.90247448626744,19.64059970599466,19.794644212888283,5406300
2016-04-12,1,19.694517135620117,19.810049794702586,19.494259840974355,19.79464651748173,4766900
2016-04-13,1,20.15665054321289,20.187458568722363,19.85626531637711,19.98720273021689,9082700
2016-04-14,1,19.48655891418457,19.663710571609123,19.324813473279303,19.48655891418457,13870800
2016-04-15,1,19.609798431396484,19.702225468065173,19.540479990242353,19.6483103087909,8019100
2016-04-18,3,19.640605926513672,19.779245732812093,19.50196612021525,19.548178899288803,6507600
2016-04-19,1,19.378734588623047,19.77154695490192,19.37103221252997,19.656014251661787,9378700
2016-04-20,1,19.347917556762695,19.44804546125831,19.055233277632723,19.20157541719771,9391300
2016-04-21,1,19.378734588623047,19.525076796235496,19.25549950928983,19.4865649157701,6044400
2016-04-22,1,19.309404373168945,19.494256893567872,19.216978847508106,19.39412899592242,6447400
2016-04-25,3,19.26319694519043,19.509667040647734,19.216984169561595,19.37102724468359,7772500
2016-04-26,1,19.26319694519043,19.525071788883228,19.240089822837188,19.409539115272324,9920000
2016-04-27,1,19.448047637939453,19.517367529224646,19.11685292826076,19.178470446172316,7302200
2016-04-28,1,18.60850715637207,19.163064791295863,18.539187268371915,18.98591461932989,12170200
2016-04-29,1,18.16948509216309,18.492977465014683,18.038547668173685,18.485275090770873,14955900
2016-05-02,3,18.246503829956055,18.292716597386733,18.06935219482991,18.161779198768656,6112100
2016-05-03,1,17.961524963378906,18.061654357065645,17.83828991659341,17.9846320855553,9323900
2016-05-04,1,18.03854751586914,18.138675442037897,17.89220534462773,17.95382286898027,7789900
2016-05-05,1,18.10016441345215,18.246506579626043,18.02314214340917,18.061654012969463,7238400
2016-05-06,1,18.030845642089844,18.184890191785136,17.9769304904198,18.100165542544953,5373300
2016-05-09,3,18.00003433227539,18.092459869981663,17.869096929626977,18.023139982163244,5189800
2016-05-10,1,18.015439987182617,18.05395185720826,17.899907315260943,17.946120090214087,5374500
2016-05-11,1,17.884502410888672,18.061654073302563,17.815182514526196,17.992334176940087,6185400
2016-05-12,1,17.70734977722168,17.938416556278103,17.522497235422993,17.89220231902037,7674600
2016-05-13,1,17.576414108276367,17.71505389555486,17.537903709177925,17.59952122918197,4837700
2016-05-16,3,17.79977798461914,17.89990590061737,17.64573345484608,17.691946226146992,4654300
2016-05-17,1,17.67654037475586,17.95381843126761,17.645730885656054,17.869095274397743,4017400
2016-05-18,1,18.115571975708008,18.207997538856713,17.638035002513583,17.715057284522725,10028100
2016-05-19,1,17.90760612487793,17.961521263104757,17.75356161359213,17.953818890632732,3868700
2016-05-20,1,18.415952682495117,18.50067731855567,18.04624758363037,18.100162726913464,8380600
2016-05-23,3,18.693235397338867,19.070642933119277,18.647021150369877,18.97051353376419,6840000
2016-05-24,1,18.84727668762207,18.924298956167828,18.685531245845805,18.72404164557989,7573600
2016-05-25,1,18.962812423706055,19.03983322966774,18.885790148666665,18.955110049294344,5151600
2016-05-26,1,19.093751907348633,19.193879847331335,18.93970734067601,19.101452813512186,8204700
2016-05-27,1,19.1014461517334,19.26319303723695,19.08604287570044,19.20157552587306,5381300
2016-05-31,4,19.039833068847656,19.139962466276433,18.893492363494357,19.12455771758313,7999900
2016-06-01,1,19.448047637939453,19.45575001131309,19.039830663601933,19.039830663601933,6126800
2016-06-02,1,19.394132614135746,19.448047759009302,19.309407975575848,19.417238265322975,4188200
2016-06-03,1,19.663713455200195,19.71762861007502,19.494264146647556,19.517371271198677,5041800
2016-06-06,3,19.61749839782715,19.771542950332172,19.586690368772786,19.717627797678738,7579500
2016-06-07,1,20.07192611694336,20.118140359318396,19.794648008081015,19.810051286461785,6624300
2016-06-08,1,20.279882431030273,20.47243733503515,20.249074410309703,20.418522196966155,6173600
2016-06-09,1,20.202861785888672,20.218266532015463,19.95639172416983,19.95639172416983,5760100
2016-06-10,1,19.917879104614254,20.002602260699557,19.671409070407417,19.94868712435147,6699400
2016-06-13,3,19.74073028564453,19.88707244014219,19.640602370931916,19.67911276834196,7414600
2016-06-14,1,19.694517135620117,19.802347421553428,19.555877357090168,19.671411485250104,7191500
2016-06-15,1,19.902482986450195,20.048825183592925,19.763843164849497,19.771545540391525,6926800
2016-06-16,1,19.917879104614254,19.956389496555097,19.548172584226712,19.648301953796544,4637700
2016-06-17,1,19.910181045532227,19.97179856743207,19.7176261059605,19.94098907194335,5813100
2016-06-20,3,20.310691833496097,20.51865001242841,20.241371950826213,20.27217997141431,10019300
2016-06-21,1,20.48014259338379,20.526355365515244,20.287587662245603,20.372312302051217,6095200
2016-06-22,1,20.441631317138672,20.734314153508446,20.4262265707304,20.48784408728601,8010400
2016-06-23,1,20.649585723876953,20.649585723876953,20.426222818300143,20.51864834161565,6708600
2016-06-24,1,19.779247283935547,20.179761984856107,19.648309842060662,19.709927375350148,9529800
2016-06-27,3,19.898317337036133,19.94626466360901,19.466788349444165,19.690543556262952,10314300
2016-06-28,1,20.18600082397461,20.27390551087384,20.050148818865697,20.154034929022977,14428100
2016-06-29,1,20.617530822753903,20.75338283502165,20.513644707122264,20.521636181281288,8758600
2016-06-30,1,20.96115493774414,21.112989886357955,20.641503617676417,20.833294409717052,9765900
2016-07-01,1,21.20089530944824,21.29678994669999,21.168929414219143,21.28080699908544,5939300
2016-07-05,4,20.985130310058594,21.017094681406167,20.87325272401539,20.905217095362968,5678400
2016-07-06,1,20.897226333618164,20.937183704436563,20.577574988160215,20.617530834760768,6062900
2016-07-07,1,21.025083541870117,21.20089289719087,20.969144755801736,20.977136228699734,5327900
2016-07-08,1,21.360715866088867,21.416654647138618,21.104994853165746,21.17691657857756,5780600
2016-07-11,3,21.73630714416504,21.872159120974224,21.68036683965277,21.704341255872315,6051600
2016-07-12,1,21.552505493164062,21.808228016866043,21.448619408704968,21.736306295233828,8538700
2016-07-13,1,21.48857688903809,21.584473033297897,21.384690796622667,21.512551306157413,10553300
2016-07-14,1,21.66438865661621,21.76028328738718,21.28879703414651,21.576483974894764,12145100
2016-07-15,1,21.584482192993164,21.784264514448985,21.55251628993552,21.72832570831626,5996500
2016-07-18,3,22.08792495727539,22.095916430139905,21.69635193221977,21.824212449616805,7767300
2016-07-19,1,21.792245864868164,21.99202809349904,21.728315612674983,21.88014900899789,4997300
2016-07-20,1,22.016002655029297,22.04796854565876,21.80023899015067,21.896133613603936,5805100
2016-07-21,1,21.960065841674805,22.231769839541823,21.91211852564465,22.1119007873576,6369300
2016-07-22,1,22.1678409576416,22.207798327003832,21.96006720961137,22.0000245789736,5116800
2016-07-25,3,22.263734817504883,22.31168213156333,21.968056411672904,21.968056411672904,7799700
2016-07-26,1,22.639328002929688,22.70325827182726,22.343649556642266,22.351641030781693,10178800
2016-07-27,1,22.45552635192871,22.76718619009945,22.32766582733468,22.76718619009945,7057700
2016-07-28,1,22.487491607666016,22.687273875748954,22.375614025289245,22.607362187889972,4746300
2016-07-29,1,22.199804306030273,22.45552534373716,22.103908154781383,22.45552534373716,7366600
2016-08-01,3,22.871070861816406,22.974956953035303,22.65530568288005,22.65530568288005,7328200
2016-08-02,1,22.50347900390625,22.767191588943508,22.423565776030525,22.767191588943508,6088500
2016-08-03,1,22.50347900390625,22.567409281363226,22.30369669632596,22.43954872644928,3872000
2016-08-04,1,22.695268630981445,22.719243055336342,22.471513433874215,22.55142513328796,3165000
2016-08-05,1,23.00692367553711,23.054870986742817,22.879061638625988,22.89504458376707,5573000
2016-08-08,3,23.24666976928711,23.286625621695705,22.94299980379674,22.9829571804234,8731700
2016-08-09,1,23.494400024414062,23.51837445101958,23.28662623315391,23.3185921352946,6660600
2016-08-10,1,23.350549697875977,23.534350533102643,23.318585329282858,23.51037611349456,8229100
2016-08-11,1,23.28662109375,23.47042194205753,23.0149170823922,23.28662109375,9134000
2016-08-12,1,23.366535186767575,23.390509608984292,23.222691701902946,23.310596392479734,3481800
2016-08-15,3,23.486400604248047,23.53434944123966,23.42247034581015,23.47840913141611,3187000
2016-08-16,1,23.238672256469727,23.334568411241477,23.15875904819621,23.302602518245003,5914400
2016-08-17,1,23.158761978149418,23.17474492666975,22.96697116855898,23.17474492666975,6996800
2016-08-18,1,23.302602767944336,23.334568661283345,23.046881718103045,23.102820507228618,4254200
2016-08-19,1,22.887054443359375,22.92701180853784,22.78316834233063,22.879062970323684,6241800
2016-08-22,3,22.695268630981445,22.75919890504322,22.55142513328796,22.615355407349735,6415400
2016-08-23,1,22.77517890930176,22.927013862144744,22.743213014295755,22.855092122599,5501800
2016-08-24,1,22.68727684020996,22.85509475992099,22.64732099105959,22.831120335900003,5391500
2016-08-25,1,22.85508918762207,23.04687996037564,22.791158930037547,22.879062081580283,6388200
2016-08-26,1,22.887054443359375,23.094828169634496,22.719238082262716,22.855090075434234,5267500
2016-08-29,3,22.935009002685547,22.99094780367163,22.82312987649535,22.83911282655367,3143900
2016-08-30,1,22.871070861816406,22.92700964356639,22.799149135504287,22.847096444973204,5001800
2016-08-31,1,22.966968536376953,23.158759323986764,22.911029747184635,22.982951483065527,4674700
2016-09-01,1,23.142776489257812,23.19871680293845,22.87906396449133,22.927012804789015,6066600
2016-09-02,1,23.28662109375,23.342559885932296,23.19871793069973,23.25465672288202,6050200
2016-09-06,4,23.566316604614254,23.75011592890473,23.414481651226673,23.582299552174582,6433000
2016-09-07,1,23.83002662658691,24.41339043298921,23.798062259058728,24.253565546913055,14429800
2016-09-08,1,23.806055068969727,23.909941174542706,23.686184492408536,23.893958227772185,6361600
2016-09-09,1,22.84709930419922,23.438454609046637,22.81513341107454,23.41448018920313,8325600
2016-09-12,3,23.166749954223633,23.206707319490896,22.535438825177184,22.81513276095987,5844500
2016-09-13,1,22.76718521118164,22.998933354679927,22.623341746143755,22.942993043884822,6857800
2016-09-14,1,22.871070861816406,22.982948425316373,22.66329715516112,22.79115766322322,5088700
2016-09-15,1,23.318588256835938,23.390510000472013,22.86308489661937,22.86308489661937,6305100
2016-09-16,1,23.10282325744629,23.35055286344318,22.990945665876957,23.278631119086363,7329300
2016-09-19,3,23.917932510375977,24.069767455387307,23.869985194557863,23.901949563697375,7696400
2016-09-20,1,23.893959045410156,24.165663052935745,23.885967571751433,24.101732787883712,5763300
2016-09-21,1,24.373435974121097,24.42138329024005,24.013827292684688,24.045793186242456,8097200
2016-09-22,1,24.501300811767575,24.733049008192413,24.381431738266237,24.581214035507795,5329000
2016-09-23,1,24.069766998291016,24.50928735408202,23.98985379063329,24.49330440770694,7959800
2016-09-26,3,23.84600830078125,24.029807595864956,23.74212068236522,23.989851757531117,4363300
2016-09-27,1,24.29352378845215,24.317498209631033,23.69417697693992,23.814046034398817,5707200
2016-09-28,1,24.23758316040039,24.373435155020022,24.077756746418117,24.34946073565739,4125100
2016-09-29,1,24.29352378845215,24.493306058956225,24.10972446540066,24.22160204913326,5985800
2016-09-30,1,24.445356369018555,24.51727810135928,24.15766943965567,24.20561827736123,5725700
2016-10-03,3,24.549243927001953,24.62116566361433,24.42937487405389,24.48531366381514,4198500
2016-10-04,1,24.285531997680664,24.709070954338443,24.261559101032507,24.629157742336517,5104800
2016-10-05,1,24.39740753173828,24.54124946321815,24.373433114382877,24.509285097628467,6205000
2016-10-06,1,24.589200973510746,24.62116534257851,24.277539610848297,24.53326218447888,4099900
2016-10-07,1,24.91684341430664,24.940816309721797,24.49330447943277,24.677103790631413,5753400
2016-10-10,3,24.99675750732422,25.156582404549383,24.90086134961495,24.924835770096696,7810500
2016-10-11,1,24.557231903076172,24.76500560989737,24.381424085404767,24.76500560989737,10157600
2016-10-12,1,25.05269432067871,25.100641633641008,24.533260778303955,24.693085662917483,9587000
2016-10-13,1,24.39740753173828,24.71705880872275,23.59028710471655,24.71705880872275,17323000
2016-10-14,1,24.501300811767575,24.988770104786735,24.42937906282318,24.82095218251048,9822900
2016-10-17,3,24.429370880126953,24.581205801953978,24.277535958299932,24.389415043749164,7598400
2016-10-18,1,24.661121368408203,24.757015994615596,24.525269377766396,24.701077208625016,5487500
2016-10-19,1,24.757017135620117,24.804965975151287,24.501296088324565,24.733044240072203,6733000
2016-10-20,1,24.820945739746097,24.892867470021795,24.61317202164047,24.717059642802067,7329800
2016-10-21,1,24.836933135986328,24.8848804566898,24.58121205994401,24.709072597965168,3817100
2016-10-24,3,25.10064697265625,25.10064697265625,24.836934408944423,24.88488173210532,3768900
2016-10-25,1,25.21252059936523,25.268460912501546,25.076668601612408,25.092651548222783,3214700
2016-10-26,1,24.940814971923828,25.116624324698975,24.82893740140698,24.92483355057684,4121500
2016-10-27,1,24.589200973510746,24.98077402095146,24.573218026868016,24.95679960098737,6243200
2016-10-28,1,24.589200973510746,24.85291349624501,24.581209500189377,24.725052971538556,5210800
2016-10-31,3,24.852914810180664,24.87688770719448,24.64514106549358,24.717062804970563,3212300
2016-11-01,1,24.54125213623047,24.93282670793112,24.357452822472325,24.868896445570996,5815800
2016-11-02,1,24.285531997680664,24.55723600395656,24.16566294178665,24.509288686442503,5274700
2016-11-03,1,24.1976261138916,24.37343394114217,24.117712910880407,24.253564898734165,4890800
2016-11-04,1,24.16566467285156,24.33348258249872,23.989856813227835,24.141690250268297,4431900
2016-11-07,3,25.05269432067871,25.07666721505106,24.517277832577324,24.54924219981299,3981800
2016-11-08,1,25.044706344604492,25.17256687983448,24.780993800165415,24.932828757332704,4077100
2016-11-09,1,24.445356369018555,24.765007665967527,24.221599699045463,24.48531220955557,8996700
2016-11-10,1,23.52635955810547,24.413391763341583,23.470420768719677,24.413391763341583,10104300
2016-11-11,1,23.917932510375977,24.037801562030104,22.982951468725467,23.22268957203373,7506800
2016-11-14,3,23.054874420166016,23.654221234255857,23.02290852512336,23.3985001707857,8551400
2016-11-15,1,23.334569931030273,23.52636072884751,22.990944180026062,23.4224730940604,11135600
2016-11-16,1,23.86199378967285,23.893958158904063,23.246664058740684,23.246664058740684,8802600
2016-11-17,1,23.550336837768555,23.98985880973293,23.454442187890567,23.97387586001394,7065100
2016-11-18,1,23.550336837768555,23.63025006214553,23.3265816385746,23.51837246254855,5136600
2016-11-21,3,23.694171905517575,23.76609362944258,23.54233698565175,23.654216069655885,4477100
2016-11-22,1,23.90195083618164,24.09374163388228,23.79007325191071,23.94989815455236,8937500
2016-11-23,1,23.88595962524414,24.077750356594297,23.76609060867745,23.89395109624422,4017500
2016-11-25,2,23.702167510986328,23.822036563692972,23.66221166815668,23.774089247453855,2101800
2016-11-28,3,23.702167510986328,23.925924193798384,23.60627287850809,23.742123353815977,5435000
2016-11-29,1,23.6142635345459,23.77408995908398,23.2866207360388,23.638237955491935,9254600
2016-11-30,1,23.726137161254883,23.83002324625708,23.49438905162456,23.61425808023245,6403400
2016-12-01,1,22.815128326416016,23.590284295541025,22.647311997564625,23.5743013525407,12499600
2016-12-02,1,23.06286239624023,23.070853868788923,22.687270807539676,22.791158426455056,5195800
2016-12-05,3,23.19072532653809,23.406490535196507,23.07085627424486,23.12679506370052,3953100
2016-12-06,1,23.582298278808594,23.66221148807742,23.334568701871156,23.422471860270942,4336200
2016-12-07,1,23.917932510375977,23.925923983715276,23.374524517045057,23.5583238311959,3911600
2016-12-08,1,24.005836486816406,24.18963579556123,23.861993019375188,24.18963579556123,4094600
2016-12-09,1,24.069766998291016,24.477321461331865,23.941904951508057,24.229591889388807,4387400
2016-12-12,3,23.893959045410156,23.94989783680347,23.67819382927788,23.94989783680347,3428000
2016-12-13,1,24.261560440063477,24.48531561695695,23.997847892854868,24.021820790826123,5857700
2016-12-14,1,23.869985580444336,24.28553153128193,23.854002633507353,24.18164542462696,6108400
2016-12-15,1,24.10173225402832,24.205619885072853,23.997846147201503,24.10173225402832,5073300
2016-12-16,1,23.558324813842773,24.03780256467659,23.486403075006812,24.013828143658685,6662100
2016-12-19,3,23.39051055908203,23.60627579514314,23.310597339331487,23.56631842315892,6157000
2016-12-20,1,23.42246437072754,23.622246567908608,23.286612415675727,23.454430253900767,5570800
2016-12-21,1,23.28662109375,23.39850020233236,23.102821769660245,23.35854283347517,6267500
2016-12-22,1,22.966968536376953,23.17474227067534,22.775177748767145,23.16675079733105,7455900
2016-12-23,1,23.214696884155273,23.278627143307304,22.927011480079933,22.998933212153172,4853500
2016-12-27,4,23.25465965270996,23.358545776391605,23.17474642914518,23.17474642914518,3083000
2016-12-28,1,23.27063751220703,23.430462400159637,23.206707252182465,23.382515086195617,3663300
2016-12-29,1,23.27863121032715,23.302605633279345,23.02291012904188,23.166753618319312,5323900
2016-12-30,1,22.97496032714844,23.35854190766771,22.871074220672774,23.334569011521324,4862800
2017-01-03,4,23.42246437072754,23.582290738159273,23.22268217354647,23.3745170701849,6280300
2017-01-04,1,23.414485931396484,23.542346486816495,23.33457422742252,23.486407684347498,4391800
2017-01-05,1,23.81404685974121,23.90195154955927,23.59029168452115,23.598283158524413,4775700
2017-01-06,1,23.678194046020508,23.85400341968622,23.54234204101417,23.766098732853365,4878700
2017-01-09,3,24.005836486816406,24.085748169423624,23.750113920133327,23.80605423186308,8371700
2017-01-10,1,24.029813766479492,24.213613108761024,23.893961747354467,24.005840867010203,7582000
2017-01-11,1,24.109722137451172,24.13369655631517,23.75011347557927,23.798062313307263,7467300
2017-01-12,1,23.4064884185791,23.86199169063342,23.15875733879504,23.430461312339293,13032200
2017-01-13,1,23.52635955810547,23.69417592626284,23.350550192358472,23.574306874119333,9811100
2017-01-17,4,23.67020034790039,23.694173241081707,23.542338312657435,23.66220887543411,7679800
2017-01-18,1,23.566316604614254,23.718151558001843,23.526360759931208,23.614263923077473,7692800
2017-01-19,1,23.678194046020508,23.72614288841175,23.486403249108808,23.56631646220979,8493200
2017-01-20,1,24.029813766479492,24.18164873472933,23.630249183666816,23.67020655647884,7399400
2017-01-23,3,24.23758316040039,24.365443681899148,24.141687007167494,24.22160021415863,6959800
2017-01-24,1,24.629161834716797,24.69309211009744,24.381432208144055,24.397415158043717,7213600
2017-01-25,1,25.02073097229004,25.03671391964115,24.72505406738324,24.852914597756627,8025800
2017-01-26,1,24.86090660095215,25.132610614837137,24.780993386712247,24.980775660203104,8308700
2017-01-27,1,24.97278594970703,25.052699169589673,24.773003662109375,24.9088556786445,5982200
2017-01-30,3,24.92483139038086,24.932822862470537,24.725049160791247,24.828935249522168,7253100
2017-01-31,1,24.701078414916992,24.900860674192742,24.557234944363618,24.804966043302283,6263100
2017-02-01,1,24.836933135986328,25.02073246886451,24.64514232895459,24.964793674007485,5036900
2017-02-02,1,24.597190856933594,24.685094009351396,24.469330340491716,24.541250547299885,5794800
2017-02-03,1,24.7490234375,24.836928111187103,24.613171452809727,24.741031964963216,5249100
2017-02-06,3,24.669116973876953,24.733047243464046,24.533264960477155,24.733047243464046,3523700
2017-02-07,1,24.389421463012695,24.74902865771331,24.37343851456791,24.7010813365968,6209500
2017-02-08,1,24.23758316040039,24.5332615690023,24.205618792134523,24.52527009588142,7776600
2017-02-09,1,24.14168930053711,24.37343747040484,24.109724929234748,24.237585462879775,8547000
2017-02-10,1,24.54125213623047,24.621165345235045,24.253566717718755,24.325488453401107,6749400
2017-02-13,3,25.324403762817383,25.41230693483654,24.725056886767295,24.725056886767295,10203800
2017-02-14,1,25.036710739135746,25.1485883079458,24.86090291326029,25.1485883079458,5208600
2017-02-15,1,25.37234687805176,25.41230272014115,25.17256461916946,25.17256461916946,4577200
2017-02-16,1,25.82785415649414,25.9637076986134,25.27645461039832,25.348376356594205,13197100
2017-02-17,1,25.843833923339844,25.87579981736559,25.58811286800476,25.652041607620813,7518200
2017-02-21,4,25.835845947265625,25.947723536464952,25.70798236139705,25.883791743530665,5475400
2017-02-22,1,25.62806701660156,25.731954641097698,25.500206497389108,25.731954641097698,5296200
2017-02-23,1,25.37234687805176,25.69199971163757,25.356363931528932,25.69199971163757,5291200
2017-02-24,1,25.508197784423828,25.508197784423828,25.148589124124168,25.260468220782737,3687100
2017-02-27,3,25.196542739868164,25.428289401617818,25.156585367692088,25.428289401617818,5841900
2017-02-28,1,25.148588180541992,25.316406057124464,25.092649396420352,25.244484327763058,6040800
2017-03-01,1,25.236495971679688,25.25247891889324,24.98077491313377,25.10863544240673,4910300
2017-03-02,1,24.669116973876953,24.96479389913555,24.605186704289864,24.924838052225315,8561100
2017-03-03,1,24.653133392333984,24.70907218625895,24.40540379457293,24.669116340374774,6120700
2017-03-06,3,24.653133392333984,24.725055134299744,24.541254280266234,24.613176022231997,5467400
2017-03-07,1,25.02073097229004,25.09265271115229,24.7410354905166,24.78099285889438,7014000
2017-03-08,1,24.948806762695312,25.188546376566812,24.932825341144625,25.148589012146093,4528500
2017-03-09,1,24.757017135620117,24.820947397444005,24.549243403638062,24.685095400541034,6120700
2017-03-10,1,24.820945739746097,24.836928685189044,24.62915496708342,24.66911233069079,5655300
2017-03-13,3,25.17255973815918,25.228498515924752,24.96478604630321,24.98876046143876,3965700
2017-03-14,1,24.940814971923828,25.14858869161054,24.93282502335913,25.07666696078754,5967200
2017-03-15,1,25.50020980834961,25.59610444810115,25.044706458985235,25.076670830829812,4571400
2017-03-16,1,25.899768829345703,25.94771766319319,25.73195248353198,25.77190832085406,6489000
2017-03-17,1,26.043617248535156,26.17946773102164,25.92374666527662,26.051607198149128,6199800
2017-03-20,3,26.251386642456055,26.45916189125637,26.13950906930291,26.21143080182068,5126700
2017-03-21,1,25.955711364746097,26.79479626358999,25.92374547089184,26.563051154235215,9159900
2017-03-22,1,26.123531341552734,26.251391886187292,25.9557149483016,26.02763669518578,6713500
2017-03-23,1,26.01963996887207,26.09955164529484,25.867803515859737,25.947718240717556,5909900
2017-03-24,1,26.219425201416016,26.451170308870704,26.0595987818906,26.155493414231692,5899900
2017-03-27,3,26.507110595703125,26.57903233613032,26.19545073666381,26.251389529392117,5661500
2017-03-28,1,26.650951385498047,26.71488316983812,26.475145075433367,26.658944382758182,4527000
2017-03-29,1,26.31532287597656,26.347288773264182,26.187462335261813,26.331305824620376,4083900
2017-03-30,1,26.42719841003418,26.491130199630753,26.195450245399872,26.2433990875973,3890600
2017-03-31,1,26.24340057373047,26.32331226681598,26.02763534427677,26.13152298403648,4853500
2017-04-03,3,26.283355712890625,26.37126040198026,26.139512230459523,26.32331155835802,4283100
2017-04-04,1,26.259382247924805,26.33130398758638,26.18746050826323,26.211433405338575,3756600
2017-04-05,1,26.29134750366211,26.63497324608539,26.26737155873424,26.419208032347367,5112900
2017-04-06,1,26.259382247924805,26.32331098960424,26.15549461320574,26.27536519545355,3990800
2017-04-07,1,26.267364501953125,26.40321799192884,26.18745283615657,26.259374554747325,3366300
2017-04-10,3,25.9876766204834,26.267370563751783,25.90776188781004,26.267370563751783,4937100
2017-04-11,1,25.891782760620117,26.123527871184532,25.55614697026939,26.123527871184532,6293800
2017-04-12,1,25.795881271362305,26.08356817822188,25.588109087760937,25.947717721335408,6136500
2017-04-13,1,25.436279296875,25.93174001157303,25.428287822935925,25.652042996358812,8781700
2017-04-17,4,25.596101760864254,25.62806765357067,25.388329555143184,25.60409475825852,6918900
2017-04-18,1,25.404315948486328,25.460254744094964,25.27645388452933,25.380341525703543,5468600
2017-04-19,1,25.260467529296875,25.532171504259463,25.16457138110285,25.508197086156564,4739200
2017-04-20,1,25.404315948486328,25.468246218355898,25.28444535879026,25.388332999964472,4237700
2017-04-21,1,25.636058807373047,25.684004594549386,25.53217118776583,25.644048755757407,4530400
2017-04-24,3,26.131521224975582,26.211432912681783,25.963704851731276,26.03562659004105,5717000
2017-04-25,1,26.42719841003418,26.515103096511712,26.171477348518913,26.179467298000727,5614300
2017-04-26,1,26.371259689331055,26.459164376045177,26.227416210787137,26.419208531657535,6027700
2017-04-27,1,26.38724136352539,26.610996520047863,26.37924836597223,26.45916309932695,5625600
2017-04-28,1,26.42719841003418,26.57104188819096,26.40322551315322,26.491130199630753,5250500
2017-05-01,3,26.69091033935547,26.69890028819963,26.483135088183957,26.499118034307557,4015100
2017-05-02,1,27.11445045471191,27.16239929787964,26.82676349257668,26.82676349257668,5989300
2017-05-03,1,27.40214157104492,27.40214157104492,27.04253281385876,27.074498714149986,6660700
2017-05-04,1,27.282272338867188,27.322228192019164,27.14642182846322,27.322228192019164,5697300
2017-05-05,1,27.506013870239254,27.52199681323532,27.194354102902803,27.298241708159846,5249800
2017-05-08,3,27.953529357910156,28.049423975098716,27.673835454262317,27.729774234991883,6906900
2017-05-09,1,28.29715919494629,28.33711503727402,28.07340403916271,28.07340403916271,7297900
2017-05-10,1,28.29715919494629,28.472968559310743,28.03344819683498,28.1852816170545,9936700
2017-05-11,1,28.417028427124023,28.60881768060561,28.26519196564627,28.464974216276808,6648900
2017-05-12,1,28.26519012451172,28.385060686456015,28.169295504017295,28.36907774163444,4905000
2017-05-15,3,28.01746940612793,28.281180443356252,27.873625913663098,28.25720754409072,9784700
2017-05-16,1,27.99349594116211,27.99349594116211,27.809696584141665,27.977512990755624,6046200
2017-05-17,1,27.506013870239254,27.81767668601039,27.48204097996251,27.809683690295024,8128100
2017-05-18,1,27.889598846435547,27.961520566838136,27.49802435792483,27.521997248580792,8303700
2017-05-19,1,28.129344940185547,28.153317837695106,27.92156966698407,28.033450301711724,7283300
2017-05-22,3,28.289173126220703,28.377074772024848,28.177292484547117,28.281180127597555,5914200
2017-05-23,1,28.289173126220703,28.361094871650117,28.209258382168144,28.281180127597555,6612800
2017-05-24,1,28.38506507873535,28.44100387004927,28.241221601517996,28.305150342261545,7812500
2017-05-25,1,28.425020217895508,28.60082958534282,28.361091478737208,28.496941954720732,4514900
2017-05-26,1,28.377073287963867,28.43301513009291,28.233232853063377,28.40903918391314,3109800
2017-05-30,4,28.592838287353516,28.6168142333441,28.353100166496873,28.512926596546503,4219300
2017-05-31,1,28.2572021484375,28.2572021484375,28.049426899691063,28.225236256563395,7663100
2017-06-01,1,28.68074607849121,28.70471897863917,28.39305908297198,28.528912630160917,6016100
2017-06-02,1,28.91249084472656,28.952446689711717,28.648776780640535,28.69672562368406,5779200
2017-06-05,3,29.080310821533203,29.304066019889135,29.00838907228509,29.216164369417836,4819600
2017-06-06,1,29.112266540527344,29.23213709683508,28.960433144514436,29.072310704569723,5028000
2017-06-07,1,29.136241912841797,29.33602415807264,29.072313179554197,29.240129533923675,6537700
2017-06-08,1,29.431930541992188,29.48786934333892,29.20018233730657,29.36799874134676,7593900
2017-06-09,1,28.600831985473633,29.32803936398333,28.129345681927628,29.232144722980863,12040100
2017-06-12,3,28.161312103271484,28.600832518529796,27.977509719307218,28.600832518529796,11057000
2017-06-13,1,28.417028427124023,28.441001321700416,28.16929733890548,28.337113697810675,4969400
2017-06-14,1,28.488956451416016,28.584851099336294,28.265198208354175,28.345112955317653,7016400
2017-06-15,1,28.32112693786621,28.34510287764892,27.977501269183858,28.05741598773487,4623300
2017-06-16,1,28.66475486755371,28.728686647437307,28.544887352924544,28.66475486755371,7432400
2017-06-19,3,28.93646812438965,29.056338725934793,28.8245905221134,28.87253937241866,4523700
2017-06-20,1,28.872533798217773,29.36000301268319,28.86454080049203,29.184193643942105,4987400
2017-06-21,1,29.336027145385746,29.391965935871863,28.936462614236053,28.936462614236053,6329400
2017-06-22,1,29.336027145385746,29.503843516844107,29.272098405588228,29.34402014313259,6273400
2017-06-23,1,29.352012634277344,29.391968481165332,29.200179196728712,29.344022684274034,5558600
2017-06-26,3,29.81328010559082,30.135094683527804,29.639992669364744,30.06907982253467,10127200
2017-06-27,1,28.955101013183594,29.53271836035031,28.856081885822853,29.53271836035031,8081100
2017-06-28,1,29.16965103149414,29.20265846564515,28.674552110277663,29.10363931095429,8306200
2017-06-29,1,28.72406005859375,29.070628635248305,28.493011193062223,29.070628635248305,7332200
2017-06-30,1,28.847837448120117,28.955110039060656,28.633295414001324,28.74881828989316,5177500
2017-07-03,3,28.781822204589844,29.021118212053786,28.740564489355503,28.913848781996876,4470600
2017-07-05,2,28.73231315612793,28.94685832743494,28.57553256768214,28.94685832743494,9222200
2017-07-06,1,28.46826171875,28.58378459599571,28.311481120739725,28.46826171875,6493700
2017-07-07,1,28.575525283813477,28.608529561341538,28.45174901285893,28.5095104332347,7937800
2017-07-10,3,28.88083839416504,29.012864958056475,28.50951269954489,28.559023841414767,7779700
2017-07-11,1,29.194408416748047,29.2356661358889,28.922101804446452,29.2356661358889,9300800
2017-07-12,1,29.45020294189453,29.540971796566367,29.29342237785513,29.41719866109157,9211200
2017-07-13,1,29.82978248596191,29.838032769335943,29.26041535254156,29.26041535254156,9943900
2017-07-14,1,29.91229820251465,29.994813628106556,29.689502776102444,29.81327906225202,7196600
2017-07-17,3,29.631738662719727,29.75551493764982,29.40894325650241,29.730757794006944,4649800
2017-07-18,1,29.598730087280273,29.739010069939155,29.47495696491676,29.606983517427956,6185300
2017-07-19,1,30.044328689575195,30.052578974105447,29.75552151458447,29.75552151458447,7033800
2017-07-20,1,29.78852081298828,30.04432365926691,29.77202024669046,30.04432365926691,6996600
2017-07-21,1,29.582231521606445,29.75551895948284,29.45845837770828,29.75551895948284,5023500
2017-07-24,3,29.887540817260746,29.887540817260746,29.714253406737505,29.79677197073937,6842100
2017-07-25,1,29.78852081298828,29.91229709455314,29.68125139324444,29.714255673601684,5276300
2017-07-26,1,29.887540817260746,29.912294812580623,29.65649198581688,29.788518540458504,4342200
2017-07-27,1,29.854536056518555,30.209358043995095,29.67299834727149,30.1515966179186,7243100
2017-07-28,1,29.590490341186523,29.76377466285361,29.458463741664584,29.747270944443063,3678400
2017-07-31,3,29.672998428344727,30.03607384783085,29.582229573473196,29.73075985457904,7757600
2017-08-01,1,29.5739803314209,29.697756619287503,29.466707758453957,29.664749189488173,5437300
2017-08-02,1,29.763769149780273,30.093837161328604,29.59048486021023,30.036075731471925,6064600
2017-08-03,1,29.53272247314453,29.79677561472002,29.417199617175473,29.79677561472002,3919800
2017-08-04,1,29.73075485229492,29.772015705030014,29.50795946812212,29.648239442346977,4071400
2017-08-07,3,30.35788345336914,30.38263744692649,29.920542964702104,29.920542964702104,4860200
2017-08-08,1,30.28362274169922,30.498164728595786,30.23411159960235,30.291873024834565,3301200
2017-08-09,1,30.0855770111084,30.09383044082298,29.730755079648848,29.871035054946436,3153700
2017-08-10,1,29.16139793395996,29.73076195321487,29.16139793395996,29.706007953870444,5605400
2017-08-11,1,29.821521759033203,29.871032890449612,29.235654202196457,29.309919325440617,4291100
2017-08-14,3,29.74726295471191,29.788520665775778,29.582228962694888,29.730759240734052,3875600
2017-08-15,1,30.052574157714844,30.11033873121745,29.78027074318759,29.86278616631424,3820400
2017-08-16,1,29.98655891418457,30.069074327584953,29.821524939622556,29.871036076319538,3232000
2017-08-17,1,29.53272247314453,29.986563613492297,29.516218758325845,29.95355618385492,3324000
2017-08-18,1,29.590490341186523,29.788528666588213,29.384198582698343,29.706013222297916,3692800
2017-08-21,3,29.689510345458984,29.71426434989526,29.400703134494044,29.631748903265997,3588100
2017-08-22,1,30.135089874267575,30.258862997234015,29.98655960849879,30.093832166612096,3202300
2017-08-23,1,30.18461227416992,30.201112845179516,30.0113248009442,30.09384339480466,2956400
2017-08-24,1,30.390899658203125,30.473415092411575,30.18460792491995,30.349638793336855,4544500
2017-08-25,1,30.407398223876953,30.5806856607194,30.324882795103857,30.4734130851049,2975200
2017-08-28,3,30.341386795043945,30.423902224591124,30.176352788187724,30.192856503649537,2199900
2017-08-29,1,30.432153701782227,30.50641884270996,30.118589423669388,30.13509313807129,2997700
2017-08-30,1,30.473411560058594,30.597187844785676,30.36613898981257,30.432153847736792,2838900
2017-08-31,1,30.50641632080078,30.514666603438865,30.283620916435662,30.48991260776321,4288600
2017-09-01,1,30.712717056274418,30.729220774171928,30.45691415050644,30.531179307164088,4100000
2017-09-05,4,30.407398223876953,30.861242525414507,30.24236736633075,30.737466234493024,7123000
2017-09-06,1,30.753969192504883,30.836484619246097,30.531173762989493,30.580684907691275,4187700
2017-09-07,1,30.97675895690918,30.97675895690918,30.6796984385492,30.72920957419626,3597500
2017-09-08,1,30.943761825561523,31.092292134145197,30.819985519154383,31.00152326248159,5581800
2017-09-11,3,31.22431755065918,31.25732498416093,30.81998435966798,30.852991793169736,6920100
2017-09-12,1,31.240825653076172,31.30683738158446,31.067541324509044,31.23257221966104,3524500
2017-09-13,1,30.96851921081543,31.183064412323617,30.935514920228655,31.084042097275574,4983400
2017-09-14,1,30.8447322845459,31.133539371913088,30.8364788547576,30.94375140767734,5799000
2017-09-15,1,31.067541122436523,31.08404169363435,30.861249357075753,30.960268523075413,7245600
2017-09-18,3,31.414108276367188,31.455365997915564,31.216069953830036,31.249074242411307,6179600
2017-09-19,1,31.60389709472656,31.711169691613268,31.46362020844295,31.504877931010924,6559400
2017-09-20,1,31.207807540893555,31.67815235628171,30.894243281380955,31.653398360028064,7961100
2017-09-21,1,31.554380416870117,31.628645556192374,31.084032435988096,31.18305472025883,8458000
2017-09-22,1,31.166553497314453,31.216064643407183,31.018023206798116,31.108792067420527,4529900
2017-09-25,3,30.58893394470215,30.943755931200847,30.415649666950216,30.943755931200847,5895000
2017-09-26,1,30.64669609069824,30.795226374478823,30.473411808874797,30.60543837803957,5995400
2017-09-27,1,30.737464904785156,30.82823376116599,30.539423477430457,30.770472333971224,4802700
2017-09-28,1,30.572433471679688,30.61369118774299,30.357891459493324,30.498168323660956,7618700
2017-09-29,1,30.98501205444336,31.02626976401756,30.745712932046953,30.745712932046953,3818500
2017-10-02,3,31.46361541748047,31.504873133766136,31.166554823804496,31.21606597200449,5096200
2017-10-03,1,31.71942710876465,31.744184266081763,31.56264646865106,31.65341536736641,3727100
2017-10-04,1,31.57912826538086,31.636889679411443,31.463605437319693,31.562624554549124,2717200
2017-10-05,1,31.735912322998047,32.057726850573076,31.678150902549262,31.900946301892283,4456400
2017-10-06,1,31.735912322998047,31.752416035663604,31.529620636320587,31.694654615214823,3086100
2017-10-09,3,31.991718292236328,32.024725720811844,31.768922870994064,31.851438294671212,1963500
2017-10-10,1,32.1567497253418,32.313530276941925,32.03297345192601,32.27227256839046,4112000
2017-10-11,1,33.29547119140625,33.32847861100813,32.74261107799829,32.841630189043144,9015400
2017-10-12,1,33.3697509765625,33.55128871639205,33.27073182200191,33.411011843078064,5524100
2017-10-13,1,33.68330764770508,33.71631507430896,33.526527092978824,33.58428851565489,3913100
2017-10-16,3,33.741065979003906,33.76581997280812,33.543027733047914,33.73281569698956,2707000
2017-10-17,1,34.03813171386719,34.03813171386719,33.45226402043675,33.6915631564334,7582200
2017-10-18,1,34.24443435668945,34.4259721244186,33.77408936553907,34.161918906501285,6653200
2017-10-19,1,33.88959884643555,34.071136542339026,33.41925404137781,33.84834113766514,5710500
2017-10-20,1,33.93086624145508,33.93086624145508,33.69157020317028,33.84835080035857,5251600
2017-10-23,3,34.005126953125,34.22792239228129,33.92261152281314,34.13715353028111,5092400
2017-10-24,1,34.095882415771484,34.14539354315834,33.80707537541647,34.04637128838463,4251600
2017-10-25,1,33.963871002197266,34.17016273645448,33.584294966626885,34.07939386973938,3360000
2017-10-26,1,33.99687194824219,34.11239479374154,33.889599385523596,33.98036823491922,3651500
2017-10-27,1,34.7807731628418,34.80552715335462,34.17839877977015,34.227909908556526,4822800
2017-10-30,3,34.76427459716797,35.201611948995975,34.723016890954966,34.95406256395675,5200800
2017-10-31,1,34.929317474365234,35.086098057047444,34.7395263114315,34.805541176410536,3704500
2017-11-01,1,34.73951721191406,35.069585154828694,34.541478964374235,35.05308144290684,4235700
2017-11-02,1,34.7807731628418,34.855038282140995,34.61573921464795,34.73126203405542,3255800
2017-11-03,1,34.81378936767578,34.846796798180925,34.31869050114595,34.574493365918066,6140900
2017-11-06,3,35.011837005615234,35.05309472717494,34.723029806934946,34.813795535261335,5650500
2017-11-07,1,35.07783508300781,35.242869052800096,34.87154340770775,35.18510763553697,2761600
2017-11-08,1,35.011837005615234,35.10260588170401,34.83029925343769,35.003583572645866,2378400
2017-11-09,1,34.35994338989258,34.83854162171742,34.07113628293717,34.77252676997825,4680100
2017-11-10,1,34.42596435546875,34.50847978703556,34.318691776222344,34.483725787117905,5333900
2017-11-13,3,34.665260314941406,34.665260314941406,34.25267686219258,34.42596430464616,2222000
2017-11-14,1,34.541481018066406,34.56623501354036,34.252670763904355,34.475466166454034,2799400
2017-11-15,1,34.27743148803711,34.368200344605874,34.06288634564517,34.15365520221393,3417300
2017-11-16,1,34.73951721191406,34.85504319536702,34.450710122684654,34.450710122684654,3304500
2017-11-17,1,34.71476364135742,35.00357073410965,34.632248228502846,34.85504362052367,3702000
2017-11-20,3,34.830284118652344,34.888045533289365,34.623992452731265,34.7147612893783,4455300
2017-11-21,1,35.13560104370117,35.37489700425617,35.11084390120416,35.16860532076171,3668500
2017-11-22,1,34.99531936645508,35.26762588639906,34.89630024454869,35.14384962319523,2768600
2017-11-24,2,35.47391891479492,35.49867290927669,35.16035467772704,35.20986266669059,1499700
2017-11-27,3,33.90610122680664,34.3929497257891,33.88134723206964,34.384696295702575,8188400
2017-11-28,1,33.774085998535156,34.013385187092354,33.67506683862824,33.8566014404972,4864800
2017-11-29,1,32.51982498168945,33.75757523952756,32.37954813006007,33.73282124165454,11796100
2017-11-30,1,32.67660903930664,32.7921350531686,32.32178700899283,32.67660903930664,9357100
2017-12-01,1,32.759124755859375,32.9984238991466,32.18150732811018,32.96541646950111,7192200
2017-12-04,3,32.503326416015625,33.113951358292894,32.429061262870576,33.04793648982522,7109000
2017-12-05,1,32.3465461730957,32.610599354283245,32.1237507112633,32.3465461730957,4504000
2017-12-06,1,31.917455673217773,32.255773973438956,31.7854290962476,32.1485013959751,8622000
2017-12-07,1,32.189762115478516,32.206265832610384,31.859697216127685,31.975220088288584,11285400
2017-12-08,1,32.18151092529297,32.63535211648186,32.14025320750527,32.49507524645126,5071600
2017-12-11,3,32.48681640625,32.660103828531035,32.330035845650706,32.338286128730005,5272500
2017-12-12,1,32.42905807495117,32.49507293692929,32.24752350003507,32.36304636073492,5488100
2017-12-13,1,32.42081069946289,32.58584472145105,32.36304926393135,32.56934100447602,4227100
2017-12-14,1,32.51156997680664,32.71786165648749,32.44555512838338,32.594085389574495,4737600
2017-12-15,1,32.59409713745117,32.693116298014274,32.38780538341667,32.511581694942315,7156400
2017-12-18,3,32.51156997680664,32.56933139529638,32.34653600350971,32.495066264700824,5746900
2017-12-19,1,32.462066650390625,32.519828082776925,32.280528921312545,32.35479406977522,4454900
2017-12-20,1,32.54458236694336,32.68486238093537,32.32178691961158,32.49507436604431,6330100
2017-12-21,1,32.37128448486328,32.72610636530804,32.34653049480085,32.643590966592804,3563100
2017-12-22,1,32.70136642456055,32.70136642456055,32.429059825841385,32.67660927610114,2523600
2017-12-26,4,32.14024353027344,32.43730404532112,32.02472069614626,32.43730404532112,2861500
2017-12-27,1,32.24752426147461,32.27227826141997,32.082490250394336,32.181509397937724,3092900
2017-12-28,1,32.79213333129883,32.915906475151594,32.51157646503263,32.60234217808658,4279500
2017-12-29,1,32.717857360839844,33.188202076938005,32.717857360839844,32.88288816470805,3870900
2018-01-02,4,33.84834671020508,33.873100709990354,33.35324468016606,33.427509827283814,4984000
2018-01-03,1,34.41771697998047,34.500235573829634,34.19492149823147,34.31869781512397,6963200
2018-01-04,1,34.236175537109375,34.65700926459278,34.20316810615644,34.5909944026869,4876600
2018-01-05,1,35.03658676147461,35.12735562655938,34.48372643452124,34.5662418676372,5330800
2018-01-08,3,35.020084381103516,35.05309181471373,34.81379264268281,34.987080095255415,3538200
2018-01-09,1,34.80553436279297,35.06958747549342,34.76427665413878,35.06133719286714,5729900
2018-01-10,1,34.07938766479492,34.20316394191772,33.600792565293816,34.120645374582026,7102700
2018-01-11,1,33.856590270996094,34.16190423060781,33.7905785687566,34.01337396586732,5701800
2018-01-12,1,33.988616943359375,34.07938578855061,33.633794992754346,33.864843820812396,5028000
2018-01-16,4,34.84679412841797,34.94581326458528,34.50022557795156,34.665256422309895,9081600
2018-01-17,1,35.589447021484375,35.70496987651664,35.069591026077475,35.201617595794595,7117700
2018-01-18,1,36.777679443359375,37.00872511129794,35.89475132915283,36.1918118437945,11866200
2018-01-19,1,36.86019515991211,37.578092458841645,36.78593317839647,37.19026310064485,6543700
2018-01-22,3,38.27123260498047,38.2877363167884,37.908157240728386,37.95766837615217,8335800
2018-01-23,1,38.18872833251953,38.42802752161566,38.00719373024173,38.35376236457763,5659600
2018-01-24,1,37.404815673828125,37.68536938737029,37.33880081339811,37.66061538858993,7400600
2018-01-25,1,37.21501541137695,37.77612899658868,37.165507425938934,37.71836758173698,7655700
2018-01-26,1,37.72663116455078,37.74313488005879,37.15726399669109,37.545093441724575,7057300
2018-01-29,3,37.46257781982422,37.70187382405843,37.29754381335238,37.52033924992508,11604400
2018-01-30,1,37.03349304199219,37.15726619397873,36.63741328966354,36.777690158134035,10224600
2018-01-31,1,37.3883171081543,37.79264716680957,37.23153336692034,37.48733626467527,6333300
2018-02-01,1,37.50383377075195,37.89991347900021,37.380057484778625,37.40481463063031,6706500
2018-02-02,1,36.728172302246094,37.39655853287185,36.678664309596286,37.140755695722405,12051800
2018-02-05,3,35.44092559814453,36.97573682219587,35.32540271422884,36.348608098421394,11748300
2018-02-06,1,35.969024658203125,36.05979351923323,34.7395246140203,34.87980462136552,13414100
2018-02-07,1,34.55799102783203,35.47392680039871,34.55799102783203,35.47392680039871,15239500
2018-02-08,1,33.30373764038086,34.756030045272915,33.30373764038086,34.74777976102737,11356000
2018-02-09,1,34.219669342041016,34.39295362034478,32.973665669830226,33.61729793572677,10588400
2018-02-12,3,35.09434127807617,35.30888639831593,34.62399647693082,34.681757898281205,6573300
2018-02-13,1,34.9705696105957,35.201615305628735,34.55798621360157,35.10259617172337,5831900
2018-02-14,1,35.52342987060547,35.556437297845385,34.59099051152776,34.797282210134945,6860100
2018-02-15,1,35.91127014160156,36.101058184037576,35.275891139831,35.91127014160156,6116500
2018-02-16,1,35.87824249267578,36.274322073035464,35.73796568511036,35.77096995598648,4792100
2018-02-20,4,36.09279251098633,36.43936101087279,35.48216777358874,35.548182619906804,9291700
2018-02-21,1,35.39140701293945,36.158812463884225,35.37490329759247,36.026785888870165,6612600
2018-02-22,1,34.97882080078125,35.26763107482505,34.80553652501193,35.209866501807014,7984000
2018-02-23,1,36.22482681274414,36.22482681274414,35.57294423068962,35.8039899467548,7204900
2018-02-26,3,36.64565658569336,36.64565658569336,36.1423043460894,36.39810718116592,3897600
2018-02-27,1,35.99376678466797,36.554880333437666,35.98551650355113,36.34858868014765,5999100
2018-02-28,1,35.77098083496094,36.23307539313038,35.72147283970962,36.035033968840146,6400100
2018-03-01,1,35.25112533569336,35.944265546713,34.912807086729096,35.77097813313703,7792400
2018-03-02,1,35.490421295166016,35.52342872133806,34.780780519035524,34.97881878054497,4819600
2018-03-05,3,35.886512756347656,36.10930506726106,35.37490697075388,35.5234372765376,5977200
2018-03-06,1,35.927772521972656,36.63741665719934,35.83700364684891,36.58790550319666,8632000
2018-03-07,1,36.47237014770508,36.53838184936361,35.6306997041702,35.73797226059674,4482900
2018-03-08,1,36.14231872558594,36.62916744554968,35.96903438825038,36.55490227986834,7092400
2018-03-09,1,36.794193267822266,36.80244355204715,35.911264910945185,36.34860237339028,8336200
2018-03-12,3,37.31404876708984,37.421318199258835,36.92621931117469,36.95922674311682,5176100
2018-03-13,1,37.124267578125,37.751393161474965,37.05825270210788,37.54510139556527,5842300
2018-03-14,1,37.25628280639648,37.50383222034777,36.99222967848024,37.4873285063828,4300500
2018-03-15,1,37.3883171081543,37.66887400809892,37.04174533868754,37.2150296495398,3942200
2018-03-16,1,37.107757568359375,37.56159874686994,37.07475013594646,37.13251156878806,8125600
2018-03-19,3,36.802433013916016,37.02522839733603,36.46411479785475,36.90145528283232,5116500
2018-03-20,1,36.99222946166992,37.058241169381304,36.73642661835462,36.88495689540717,6404200
2018-03-21,1,36.88496398925781,37.00873714543174,36.5136382252117,36.77769140236401,7036400
2018-03-22,1,36.05154037475586,36.612654113081874,36.05154037475586,36.389858674532256,6318500
2018-03-23,1,35.13560104370117,36.059786904383174,35.13560104370117,36.00202548482563,5923500
2018-03-26,3,36.53013610839844,36.538386391720934,35.63070413368682,36.150560120330475,5395200
2018-03-27,1,35.72146224975586,37.0004698280151,35.589435721956725,36.90145071910592,6995000
2018-03-28,1,35.22637176513672,35.622451476212966,35.020080052216066,35.465670907587494,8563100
2018-03-29,1,36.10930252075195,36.24132910016421,35.44916962369068,35.48217705548423,7758900
2018-04-02,4,35.06959915161133,35.9690313498808,35.00358427757644,35.76273959016544,6361200
2018-04-03,1,35.87824249267578,36.53837512660859,35.50691690241336,36.53012484582973,6174500
2018-04-04,1,36.25783157348633,36.25783157348633,34.94581610839465,34.962319823725835,5497100
2018-04-05,1,35.74623107910156,36.49713285788036,35.597700780199204,36.33209884268196,6115100
2018-04-06,1,35.00357437133789,35.62244947533831,34.87154780839493,35.38315349409026,5133100
2018-04-09,3,35.53993606567383,36.34034891943936,35.40790949525741,35.5564397804461,6696400
2018-04-10,1,35.960777282714844,36.4888836284062,35.50693294085935,36.20007330651979,5682300
2018-04-11,1,35.79574203491211,36.134060347751074,35.68846945344746,35.68846945344746,4788000
2018-04-12,1,36.183563232421875,36.183563232421875,35.523430416290694,35.75447926275778,7574700
2018-04-13,1,35.1933708190918,36.09280289858694,35.119105669490835,36.051542033882605,5749900
2018-04-16,3,35.37490463256836,35.49042749659502,35.21812405249817,35.32539663242091,5206900
2018-04-17,1,34.912811279296875,34.95406899309845,34.467220415611514,34.731273561255776,9831100
2018-04-18,1,34.59098815917969,34.87154497611675,34.00512053043976,34.73951842389703,8947400
2018-04-19,1,32.61884689331055,33.0726912113007,32.27227830258565,32.948914915892125,27527000
2018-04-20,1,32.14024353027344,32.62709200821021,32.032970978114854,32.48681203265497,15313300
2018-04-23,3,31.975217819213867,32.247524410922594,31.793680091408053,32.14850211515835,11178300
2018-04-24,1,31.975217819213867,32.35479384302425,31.603892079502863,32.214516979001175,13004000
2018-04-25,1,31.49661636352539,31.760672644842693,31.372843227787104,31.65340007566019,12359200
2018-04-26,1,31.49661636352539,31.81843407107289,31.42235437073941,31.42235437073941,7685800
2018-04-27,1,31.49661636352539,31.96696435216815,31.348089230191775,31.96696435216815,8276100
2018-04-30,3,31.72765350341797,32.04946794440068,31.669892098511355,31.925691706594797,7968000
2018-05-01,1,32.12374496459961,32.13199524788985,31.570881551304225,31.63689640867272,5507000
2018-05-02,1,31.150047302246097,31.85143783670196,31.06753187975538,31.85143783670196,11522200
2018-05-03,1,31.43885803222656,31.513123180085067,30.77872513335205,30.985016860985457,7021400
2018-05-04,1,31.84318733215332,31.900948757047527,31.306827646408166,31.356338788215304,9474000
2018-05-07,3,31.72765350341797,31.89268743790565,31.554369288698123,31.72765350341797,4590100
2018-05-08,1,32.33004379272461,32.49507782473192,32.13200232476336,32.1650097607173,8116600
2018-05-09,1,32.470314025878906,32.56108288228693,32.313533458840666,32.48681774047689,5861400
2018-05-10,1,32.81689453125,32.899409978590846,32.54458788905264,32.651860488805774,7957900
2018-05-11,1,32.932403564453125,33.15519895587523,32.70960817303102,33.03967611908478,4184400
2018-05-14,3,32.965415954589844,33.460514800491985,32.907654527493314,33.11394623791282,5014000
2018-05-15,1,32.42905807495117,32.51157665242383,32.14850120706789,32.47856922143476,5622800
2018-05-16,1,32.833377838134766,32.866385255655786,32.412541134143225,32.511563386706285,7671500
2018-05-17,1,32.14850997924805,32.37955891145461,31.909210760923948,32.23927886535462,7964200
2018-05-18,1,31.702905654907227,31.810178215914934,31.587382811250336,31.74416651143732,7783900
2018-05-21,3,32.5693359375,32.75912393154336,32.28052565701184,32.462063367732306,7902200
2018-05-22,1,32.709617614746094,32.83339391718491,32.55283702638411,32.56934074322676,5752000
2018-05-23,1,32.717857360839844,32.717857360839844,32.25576292583077,32.297020626797824,4815400
2018-05-24,1,32.40431213378906,32.552842462414006,31.999978873029463,32.486827584019515,7930800
2018-05-25,1,32.42905807495117,32.58584179826828,32.123747207707034,32.264024067767735,5403000
2018-05-29,4,31.48836898803711,31.818437009342595,31.381096408948537,31.760675577778425,7198200
2018-05-30,1,31.63690185546875,31.686413007019254,31.414106395134763,31.603894421101742,8413400
2018-05-31,1,31.93396377563477,32.065990370741666,31.595645428938184,31.62865286465549,8129400
2018-06-01,1,32.3465461730957,32.3465461730957,32.01647812273017,32.1732618631468,5970000
2018-06-04,3,32.98191452026367,33.00666851436586,32.734361988196966,32.88289224833251,8927200
2018-06-05,1,32.62709045410156,32.891143533175075,32.51156762547702,32.75911699363832,6345900
2018-06-06,1,32.64360427856445,32.94891515562858,32.64360427856445,32.882900291527164,9829700
2018-06-07,1,32.610591888427734,32.95716042898229,32.5610807478793,32.64359931546002,8216900
2018-06-08,1,32.12374496459961,32.31353295789157,31.78542668999019,32.31353295789157,8081300
2018-06-11,3,31.983461380004883,32.30527905194578,31.983461380004883,32.18150278214072,4511600
2018-06-12,1,32.3465461730957,32.47857276368947,32.16500843061844,32.28878473644607,6582600
2018-06-13,1,32.2227668762207,32.915907199438465,32.2227668762207,32.78388062109993,9616600
2018-06-14,1,31.851438522338867,32.239267941469194,31.851438522338867,32.20626051265775,7636000
2018-06-15,1,31.92569923400879,32.131990913817546,31.810176396957683,32.032971788882485,11235700
2018-06-18,3,31.56263732910156,31.653406201533095,31.224318989523645,31.612148481635742,8921400
2018-06-19,1,30.99326515197754,31.33158340326892,30.81997773720961,31.10878799664853,9848900
2018-06-20,1,31.6451473236084,31.8431887519052,31.36459046971559,31.63689704015348,8668600
2018-06-21,1,31.042774200439453,31.364588749479875,30.98501277613792,31.249065900876804,9246700
2018-06-22,1,31.455360412597656,31.61214413350978,31.3315872699301,31.579136703027036,10338500
2018-06-25,3,31.228694915771484,31.271464845105644,30.83523636384221,31.04907295896301,10528100
2018-06-26,1,31.185924530029297,31.391209072533123,30.88655463771862,31.074731863106535,8817000
2018-06-27,1,30.373348236083984,31.06617997208988,30.373348236083984,31.006305987076868,8798100
2018-06-28,1,30.741140365600582,30.741140365600582,30.23648599165881,30.36478922310832,7199000
2018-06-29,1,31.27146339416504,31.451085342639377,31.168819483990553,31.26290810354016,8088200
2018-07-02,3,31.254356384277344,31.280015730630545,30.826683209657965,30.97209052284261,7365500
2018-07-03,1,31.12605094909668,31.31422817688792,31.09183631442788,31.12605094909668,6512600
2018-07-05,2,31.297121047973633,31.305673075248745,30.99775115003721,31.13460642664917,9230900
2018-07-06,1,31.878753662109375,31.947179662259433,31.4425252674662,31.49384721474388,7251600
2018-07-09,3,32.357757568359375,32.528824246984804,32.135365665525924,32.39196894635181,7124100
2018-07-10,1,32.44328308105469,32.46039039736781,32.04982459451373,32.04982459451373,7211500
2018-07-11,1,31.622150421142575,31.94717963159537,31.562276447486177,31.930075578739412,7316200
2018-07-12,1,31.91297721862793,32.152473180462486,31.81888858708214,31.930084539171503,5275300
2018-07-13,1,32.30642318725586,32.33208252660773,32.05837203056618,32.10969397215641,4947500
2018-07-16,3,32.32353591918945,32.4090692399571,32.20378796495994,32.40051721303515,5399200
2018-07-17,1,32.53737258911133,32.605798593369094,31.94718158009199,32.075484824544986,6238500
2018-07-18,1,32.853858947753906,32.9051809124143,32.40052634669495,32.537381656234714,10532200
2018-07-19,1,34.051326751708984,34.54742575419684,33.033462884091996,33.7348463701899,17762300
2018-07-20,1,34.8382453918457,34.94088600767546,34.07698790390951,34.20529112086147,14481000
2018-07-23,3,34.84680938720703,35.05209067016127,34.75272077298335,34.915235393896054,6832800
2018-07-24,1,34.54743957519531,35.248823341887785,34.53888754711308,35.15473471854581,7018300
2018-07-25,1,34.97511291503906,34.983668206046005,34.47901371192352,34.6671876965389,7725700
2018-07-26,1,34.91524124145508,35.01788190012232,34.59020868230647,34.81260058278783,8476600
2018-07-27,1,35.45410919189453,35.85611978407135,35.017880697486845,35.017880697486845,9468500
2018-07-30,3,35.14617919921875,35.51397836508161,34.97510928857997,35.45410438579111,5174300
2018-07-31,1,35.24882507324219,35.56530559691692,35.146184416776464,35.29159174152893,4908300
2018-08-01,1,35.6765022277832,35.69360954956753,35.3429176102087,35.4455582780267,6115000
2018-08-02,1,35.53963851928711,35.625175107998665,35.06919870147886,35.15473202730319,4669300
2018-08-03,1,35.65938949584961,35.88178138241723,35.5481968154533,35.61662282932122,4575200
2018-08-06,3,35.12907409667969,35.428444012006814,35.06920011361426,35.240270035038634,7245800
2018-08-07,1,35.27448272705078,35.28303475435117,34.93234290306584,35.129072159846665,7494900
2018-08-08,1,35.89889144897461,36.01863942957349,35.4541109046875,35.548199535983116,5089600
2018-08-09,1,35.78770065307617,35.88178929792704,35.6508453322626,35.87323400500157,4513300
2018-08-10,1,35.09485626220703,35.32580014565475,34.88957498551154,35.32580014565475,7053200
2018-08-13,3,34.82114791870117,35.06064710716489,34.615866629032006,34.80404060074753,6708600
2018-08-14,1,34.992210388183594,35.23170626278968,34.95799575955799,35.06919167114792,5339100
2018-08-15,1,34.5987548828125,34.6842881987461,34.31648906703528,34.5987548828125,6052800
2018-08-16,1,34.564544677734375,34.83825523923841,34.530330041824556,34.598759313644194,5544000
2018-08-17,1,34.325050354003906,34.402031656949895,34.03423246097322,34.37636904737628,7897200
2018-08-20,3,34.29938888549805,34.41914012075478,34.128322218049206,34.23096287109602,4156700
2018-08-21,1,34.97511291503906,35.10341617704329,34.521780378295766,34.53033240641522,6075100
2018-08-22,1,34.983665466308594,35.11196545537755,34.67574027192352,34.94089554039837,5512700
2018-08-23,1,34.795494079589844,35.36857463873395,34.795494079589844,35.325807968525666,4126100
2018-08-24,1,35.27448272705078,35.419890031367714,34.92379087576544,35.00932420031809,4232000
2018-08-27,3,35.52253723144531,35.676499854373816,35.38568192916306,35.437003891101824,5733000
2018-08-28,1,36.22391891479492,36.574610810021554,36.13838557952505,36.25813355405791,10683500
2018-08-29,1,37.74643325805664,37.96026983376731,36.856872320007305,36.942405645136695,12278200
2018-08-30,1,37.1733512878418,38.05436023999366,37.13058462326449,37.9346090111349,7826200
2018-08-31,1,37.2930908203125,37.30164610902567,36.745669806587685,36.882525060018885,8782900
2018-09-04,4,37.72933197021485,37.73788399893966,36.94241154913552,37.00228553887237,8174900
2018-09-05,1,37.82342529296875,38.122795278792594,37.65235533126021,37.71222932842498,7262400
2018-09-06,1,37.67801284790039,37.69512016952662,37.27600220979192,37.58392421040012,10424900
2018-09-07,1,38.387935638427734,38.69586077058173,37.61812280804277,37.63523012237205,14256000
2018-09-10,3,38.16556167602539,38.541916241625614,38.08002832723703,38.49059427461974,6824900
2018-09-11,1,38.10567855834961,38.12278587659011,37.27599483245307,37.32731352428724,12509700
2018-09-12,1,37.58392333984375,37.89184859620745,37.481282675351814,37.56681601861378,10303700
2018-09-13,1,37.14767837524414,37.62667332708692,37.010823140844224,37.62667332708692,9624500
2018-09-14,1,37.98592758178711,38.114230826974485,37.59246908211353,37.65234305976442,5295400
2018-09-17,3,37.429962158203125,37.75499474835821,37.18191414800206,37.31876946024293,6210300
2018-09-18,1,37.25888442993164,37.71221690567245,37.0792592347194,37.207562479458566,8814200
2018-09-19,1,37.652347564697266,37.968824807700905,37.4128516254391,37.80631017218821,6393200
2018-09-20,1,37.78064727783203,38.00303915937194,37.549706631222215,37.84907655304044,4728000
2018-09-21,1,37.68657302856445,37.98594303863546,37.65235838087394,37.8490877107618,6668600
2018-09-24,3,38.39649963378906,38.43926630150097,37.45561989257662,37.49838656028853,8229100
2018-09-25,1,37.78064727783203,38.41360502196012,37.746435903115255,38.319516399992274,6678200
2018-09-26,1,37.86618423461914,38.25964278217475,37.84907691565314,37.84907691565314,4564300
2018-09-27,1,38.28529739379883,38.687311182557416,38.13133806792247,38.148442121885466,6711700
2018-09-28,1,37.7720832824707,38.165541701596574,37.60956869967168,38.06290108419122,7727700
2018-10-01,3,38.19976806640625,38.45637132021203,37.994483505629184,38.10567944533707,5029800
2018-10-02,1,37.31020736694336,37.626687869908785,37.16480005170581,37.421403307522766,5440300
2018-10-03,1,37.60102462768555,37.840523823587674,37.267440074447165,37.6694539016254,5631100
2018-10-04,1,36.29235076904297,36.84832727641841,35.89889217825706,36.83977198455168,7885000
2018-10-05,1,35.60805892944336,35.98441003746021,35.21459724505482,35.821895453679694,7921400
2018-10-08,3,35.03498840332031,35.214610367520905,34.555996498785404,34.863918467606005,7761800
2018-10-09,1,34.983665466308594,35.32580203337971,34.7099549074968,35.06919879235456,5678700
2018-10-10,1,33.65787887573242,34.59020656399042,33.65787887573242,34.51322525898242,12853500
2018-10-11,1,33.30718994140625,33.871718473874566,32.78543134220149,32.93083867405664,10209000
2018-10-12,1,33.92303466796875,34.70995497320783,33.5210208564397,34.3336005069637,7578600
2018-10-15,3,33.144676208496094,33.863167384563525,33.11901685813622,33.76052672023615,8209000
2018-10-16,1,34.22239685058594,34.265166766926455,33.700638457828596,34.076989576265,10748100
2018-10-17,1,33.84606170654297,34.29084229073898,33.512477084117975,34.21386097303413,8173600
2018-10-18,1,32.96505355834961,34.17109194400202,32.89662427493407,34.04278866904179,9555600
2018-10-19,1,32.8880615234375,33.63221179208274,32.7939729208608,33.495356532758485,11266200
2018-10-22,3,33.11901092529297,33.55523611770614,32.965048324938365,33.521021481430154,8165700
2018-10-23,1,32.50315856933594,32.65712116043218,31.8702008878417,32.007056161828686,12350000
2018-10-24,1,31.203031539916992,32.12680707775796,31.160264878991853,32.12680707775796,13312400
2018-10-25,1,31.981399536132812,32.11825482175295,31.211589778102333,31.459637740053747,9927300
2018-10-26,1,31.365549087524418,31.89586617378998,30.91221656615979,31.262908439135465,11973200
2018-10-29,3,31.074735641479492,31.998508037850296,30.76681042172672,31.793223470385943,8269300
2018-10-30,1,32.314979553222656,32.33208686938388,31.36554471503966,31.510955270966615,12106400
2018-10-31,1,32.58869552612305,33.349956539385204,32.52882154100734,33.09335001701792,12610900
2018-11-01,1,33.40127182006836,33.42693442741495,32.83674340175039,33.170327931271856,14348600
2018-11-02,1,33.17033004760742,33.77762842928755,32.87096013352291,33.51246988903602,9736200
2018-11-05,3,32.913719177246094,33.2045369962592,32.768311899182834,33.11900368714983,8591900
2018-11-06,1,33.1275634765625,33.230204124125564,32.86240493556328,32.930834209196895,8578100
2018-11-07,1,33.51247024536133,33.61511089372631,33.11901170755609,33.60655886589897,6568700
2018-11-08,1,33.10190200805664,33.409827193890486,33.09334671795729,33.178883304515104,7953700
2018-11-09,1,32.56303024291992,32.83674077152029,32.340641662014704,32.58013755881831,5975400
2018-11-12,3,31.69914436340332,32.434739656639245,31.65637442553106,32.38342095181357,11666700
2018-11-13,1,31.98994827270508,32.605795300376236,31.853093015124077,31.981392983732487,15057100
2018-11-14,1,32.366310119628906,32.79398334887195,31.964296240016353,32.67423536674595,10404900
2018-11-15,1,32.94793701171875,32.99070367043443,32.40906797581788,32.56303055750384,10840400
2018-11-16,1,31.5366268157959,31.818892747338985,31.357004820934765,31.707696780710965,16382400
2018-11-19,3,30.835233688354492,31.374102774911236,30.75825239027496,31.33988813956762,15191700
2018-11-20,1,30.484542846679688,30.783916021557413,30.125298952291207,30.279261553568364,11673500
2018-11-21,1,30.9378662109375,31.40830916621252,30.91220687260845,31.15170273137656,7013100
2018-11-23,2,30.758256912231445,30.963541491586067,30.578634944600964,30.6470642253484,2320500
2018-11-26,3,31.510955810546875,31.553722470238792,31.194478613362296,31.3997598850383,7077300
2018-11-27,1,31.47673797607422,31.49384529078836,31.126046181650903,31.126046181650903,6870200
2018-11-28,1,32.511714935302734,32.52027022644267,31.7076905011889,31.878760432224567,8380200
2018-11-29,1,32.44328308105469,32.819634251282515,32.39196113211532,32.46039039736781,7056600
2018-11-30,1,32.152462005615234,32.16101403147081,31.71623690347474,31.853092157370448,8734400
2018-12-03,3,33.1275634765625,33.35850738074491,32.82819356163383,33.204544777956635,7457600
2018-12-04,1,32.0241584777832,33.170322442012505,32.01560645200768,32.95648590587186,13321200
2018-12-06,2,31.528066635131836,31.52806663513184,30.45888370943088,30.535865010596844,12075700
2018-12-07,1,31.237245559692383,31.59648941986536,30.912213069854683,31.34844148622131,10802700
2018-12-10,3,31.160266876220703,31.502406711325545,30.86089696766943,31.057626230844164,12439100
2018-12-11,1,31.391210556030273,31.947183705579775,31.0490707233173,31.853098351326608,8635800
2018-12-12,1,31.972850799560547,32.24656139897642,31.878762169219897,32.169580088960224,8405400
2018-12-13,1,31.930086135864254,32.21234878172867,31.810334886070947,32.066941444168684,5825900
2018-12-14,1,31.24580192565918,31.741904387615055,31.24580192565918,31.47674583765028,5969600
2018-12-17,3,30.98064613342285,31.59649329246988,30.895109539883393,31.331338009716095,10733100
2018-12-18,1,31.442527770996097,31.647812313565225,31.314227786916607,31.314227786916607,7100400
2018-12-19,1,30.989194869995117,31.887307798003366,30.87799894164756,31.32277939215072,11786400
2018-12-20,1,30.68982696533203,31.433977352308865,30.399009085162525,31.14315947213936,12540400
2018-12-21,1,30.544408798217773,31.587932096309487,30.49309011987652,31.339880941371874,16981000
2018-12-24,3,30.18517303466797,30.69837953203344,30.16806571637081,30.416116937348633,6288500
2018-12-26,2,31.442527770996097,31.451083061000325,30.219385594246877,30.219385594246877,10063400
2018-12-27,1,31.459632873535156,31.47674018945225,30.75824923536871,30.963533763486954,8688600
2018-12-28,1,31.767559051513672,32.229446807404905,31.66491841561128,31.759007024724717,7369000
2018-12-31,3,31.570825576782227,32.15246120711585,31.451077640458227,32.01560595661891,4600600
2019-01-02,2,31.237245559692383,31.433974806390015,30.79246511646369,30.963535019688113,5273100
2019-01-03,1,29.38969993591309,30.381901531825633,29.312718636967833,30.22793893393513,15998000
2019-01-04,1,29.911462783813477,29.962781476359996,29.26139773320038,29.475234319843857,14178200
2019-01-07,3,30.133846282958984,30.33913080695962,29.91145770627121,29.9456690745323,6850800
2019-01-08,1,29.885799407958984,30.09108396154077,29.629196163147217,30.031209979847603,11462600
2019-01-09,1,30.45887565612793,30.75824549101611,30.21937978821739,30.21937978821739,11770300
2019-01-10,1,31.15171813964844,31.203040104577784,30.27926757606533,30.3305862781067,7894600
2019-01-11,1,31.31422996520996,31.45108524881366,30.997752733667777,31.17737468160626,7232700
2019-01-14,3,30.58717918395996,30.95497831709496,30.552967815186157,30.90365963249083,6146200
2019-01-15,1,30.826690673828125,30.989205344894255,30.62140606463412,30.826690673828125,10165800
2019-01-16,1,30.484542846679688,30.818127395151084,30.484542846679688,30.70693472091883,8727400
2019-01-17,1,31.040517807006836,31.26290640788147,29.79171300027021,29.868691034394868,21916900
2019-01-18,1,31.510955810546875,31.656363106076792,30.92932010265323,30.997749368469886,12905900
2019-01-22,4,31.108949661254883,31.442534256712683,30.878005726809995,31.220145614036745,13381700
2019-01-23,1,31.211589813232425,31.425426401185025,30.997753225279816,31.24580118751042,13918600
2019-01-24,1,32.19523239135742,32.19523239135742,31.459634092846493,31.545170675747187,14094100
2019-01-25,1,32.62290954589844,32.725550195167656,32.40052092866723,32.503161577936446,16763700
2019-01-28,3,32.0241584777832,32.212335673710676,31.56227403951323,31.57937809106428,14086500
2019-01-29,1,31.074735641479492,31.895867385561875,31.04907303124175,31.895867385561875,10100800
2019-01-30,1,31.972850799560547,32.032724789252285,31.04052305064783,31.48530359042055,9281600
2019-01-31,1,32.178123474121094,32.58868926296038,31.912968237536244,31.912968237536244,7633400
2019-02-01,1,32.1353645324707,32.39196780424906,32.02416858497462,32.28932714811525,6438300
2019-02-04,3,32.45183563232422,32.511709608944486,31.97284381936211,32.075484456012994,7283800
2019-02-05,1,32.71700668334961,32.73411400649533,32.400529362374286,32.43474074577748,7314000
2019-02-06,1,33.13612365722656,33.20454967807069,32.76832441438683,32.862409785186536,8795200
2019-02-07,1,32.60580062866211,32.89661850640667,32.357752676996334,32.819637207507014,7916200
2019-02-08,1,32.32353591918945,32.43472858360998,32.07548472092144,32.25510665226571,7147200
2019-02-11,3,32.75121307373047,32.75121307373047,32.35775452922635,32.43473256964515,8860700
2019-02-12,1,33.05057907104492,33.1617749988123,32.8795091659152,33.05057907104492,8831200
2019-02-13,1,32.614349365234375,32.91371921030447,32.54592010756887,32.8196306124577,7155600
2019-02-14,1,32.55448532104492,32.68278532395243,32.29787878945472,32.434734083621954,7782800
2019-02-15,1,32.58015060424805,32.74266527602492,32.39197331690458,32.426187962401244,6257600
2019-02-19,4,32.896610260009766,33.06768013278,32.58868514160064,32.69132902299464,8105700
2019-02-20,1,33.35850524902344,33.79473042045571,33.26441663523348,33.298631269863854,7178600
2019-02-21,1,33.34140396118164,33.51247390238273,33.187441340389434,33.41838527157774,4607300
2019-02-22,1,33.69209289550781,33.70920021440519,33.426937609817045,33.46114898472436,5117800
2019-02-25,3,33.854610443115234,34.14542507269773,33.76907384951384,34.10265840734074,5101500
2019-02-26,1,33.8717155456543,33.93158953158179,33.683541559691086,33.709200907120724,5587300
2019-02-27,1,33.74341583251953,33.86316380539268,33.40983126154789,33.79473452781514,8194900
2019-02-28,1,33.40127182006836,33.60655636440541,33.35850515834022,33.46114579906518,5705100
2019-03-01,1,33.69209289550781,33.80328883689705,33.529578260313876,33.66643354860547,5299200
2019-03-04,3,33.48680877685547,33.64077137108966,33.110454318555355,33.64077137108966,7081100
2019-03-05,1,33.3756217956543,33.55524378280367,33.067696524605054,33.31574779993784,7192400
2019-03-06,1,33.17887496948242,33.5466740420665,33.170319681532284,33.40981880084124,4433400
2019-03-07,1,33.04201889038086,33.255855403303286,32.819627089725245,33.161766815555616,4231300
2019-03-08,1,32.67422103881836,32.82818359486297,32.45182922991554,32.460384517966,5066200
2019-03-11,3,33.05057907104492,33.09334573160559,32.67422789006917,32.699887233828164,6005400
2019-03-12,1,33.27297592163086,33.50391657590547,33.23876128289109,33.401275922573696,5580200
2019-03-13,1,33.53813171386719,33.73486099521792,33.37561707176552,33.546687005123246,6086400
2019-03-14,1,33.20454025268555,33.401269493239965,33.13611425126471,33.35850283449108,4935000
2019-03-15,1,33.91447830200195,34.27372214158363,33.70919377732183,33.70919377732183,8871300
2019-03-18,3,34.085548400878906,34.1967443323489,33.9059264628108,34.094103691008144,6290900
2019-03-19,1,34.008575439453125,34.282289321592735,33.8717201298273,34.196752713771616,8033600
2019-03-20,1,34.085548400878906,34.34215489856154,33.9059264628108,34.01712239428079,5394000
2019-03-21,1,35.10341262817383,35.27448253925555,34.4020289293372,34.427688273988956,6509600
2019-03-22,1,34.5816535949707,35.086308077873646,34.50467229205712,34.93234547204648,6759100
2019-03-25,3,34.14543533325195,34.60732328883256,34.01713529862738,34.213864628695774,4901800
2019-03-26,1,34.555999755859375,34.75272905846287,34.27373384589266,34.30794848883795,5573500
2019-03-27,1,34.384925842285156,34.436244537902354,34.04278597802856,34.37637055109058,7660300
2019-03-28,1,34.504676818847656,34.675746765864154,34.38492883480246,34.419143476783326,6632700
2019-03-29,1,35.03498840332031,35.11196971124737,34.72706317161208,34.91524042718659,6116300
2019-04-01,3,35.38566970825195,35.38566970825195,34.8468039769944,35.13762180176736,6834200
2019-04-02,1,35.30015182495117,35.37713314347267,35.06920786938669,35.223170506429675,5580200
2019-04-03,1,35.74491882324219,35.890326112448356,35.505419666186675,35.58240095543901,6821100
2019-04-04,1,35.958763122558594,36.07851109544247,35.62517855155705,35.69360456625318,7610300
2019-04-05,1,36.12126541137695,36.21535400443858,35.97585814056275,36.21535400443858,4430600
2019-04-08,3,36.25813674926758,36.34367335496287,35.99298142883188,36.129836735056465,6830300
2019-04-09,1,36.10416030883789,36.181141593067494,35.950197740378684,36.12982291217217,5049900
2019-04-10,1,36.24101257324219,36.35220847748739,36.07849799233486,36.146923982179814,4040200
2019-04-11,1,36.01007080078125,36.09560737159141,35.88177083889583,36.00151877514351,5172200
2019-04-12,1,36.420650482177734,36.48052446783813,36.16404395747606,36.32656185817212,6555700
2019-04-15,3,36.44630813598633,36.583163420120634,36.3180048795972,36.42064878986344,5274400
2019-04-16,1,36.7884407043457,36.848317943583766,36.56605211545416,36.63448138150509,6639100
2019-04-17,1,37.96883010864258,38.02870410181631,37.51549751378781,37.54971215642649,15795700
2019-04-18,1,38.83271789550781,39.03799915158826,37.63523193778716,37.686553883250646,16569800
2019-04-22,4,38.61888885498047,38.627440882776206,38.139893726234654,38.310963648135825,10872000
2019-04-23,1,38.84983444213867,38.84983444213867,38.54191245898826,38.618893770497806,11437500
2019-04-24,1,38.841285705566406,38.99524834163588,38.43927179328635,38.559023048031094,10776800
2019-04-25,1,38.04580307006836,38.52479817318132,38.00303640760352,38.430709558026344,10149800
2019-04-26,1,37.58392333984375,37.635245303533665,37.0536094332662,37.33587533922889,12745000
2019-04-29,3,37.48983383178711,37.56681187449845,37.2759972343333,37.50693788824238,9272100
2019-04-30,1,37.48126602172851,37.58390664061532,37.00227102877937,37.12202222418149,11863900
2019-05-01,1,37.48126602172851,38.11422357445108,37.48126602172851,37.883279734790946,7319000
2019-05-02,1,37.97738265991211,38.037256648764725,37.42140617726623,37.51549480628824,10717200
2019-05-03,1,38.242530822753906,38.61032997867448,38.11423084040838,38.4307080456585,5479900
2019-05-06,3,37.429962158203125,37.48128412387646,36.95952222630562,37.053610865262726,10756400
2019-05-07,1,37.429962158203125,37.678013431292214,37.02795151387007,37.48983941626603,10225200
2019-05-08,1,37.378631591796875,37.6352348129441,37.173347057146906,37.224669006531144,8112600
2019-05-09,1,36.99373245239258,37.03649912056927,36.16404538563684,36.711466569228726,11229400
2019-05-10,1,36.63448715209961,36.85687577602139,36.08706272612387,36.660146499467025,8313900
2019-05-13,3,35.060646057128906,35.505423259053835,34.8468094834435,35.385675299851954,11046000
2019-05-14,1,35.89889144897461,35.992980080270236,35.411344234886144,35.57385888528638,7107800
2019-05-15,1,35.89889144897461,36.20681669216474,35.46266293349266,35.539644244290194,5347700
2019-05-16,1,35.52253723144531,35.61662586355582,35.25738191864782,35.60807383467658,9214700
2019-05-17,1,34.42768859863281,35.02643166162126,34.29083332105436,34.54743655865306,11271000
2019-05-20,3,33.067684173583984,33.61510522303331,32.9479362268778,33.57233856533636,13979700
2019-05-21,1,33.6151123046875,33.64932694320775,33.067691139913634,33.486812304567856,11806400
2019-05-22,1,33.27297592163086,33.69209382608667,33.26442063050215,33.529579186404064,12217600
2019-05-23,1,32.56303024291992,32.65711884891759,31.998501869820803,32.48604895282064,14708800
2019-05-24,1,32.67422103881836,33.13610870695219,32.67422103881836,32.86239495840571,10540700
2019-05-28,4,32.20378875732422,32.67422855889535,32.20378875732422,32.61435458030741,12484600
2019-05-29,1,32.237998962402344,32.28932091200114,31.801773810917112,32.04126971660414,13043000
2019-05-30,1,32.53737258911133,32.819635158866056,32.36630268413634,32.46039129501694,7351600
2019-05-31,1,32.802528381347656,33.33284542177713,32.71699505889754,32.73410237596498,9302700
2019-06-03,3,33.20454025268555,33.435484125393835,33.067684986956955,33.3242882023372,9618300
2019-06-04,1,33.409828186035156,33.44403955878708,32.862403804470155,33.050581037598356,6985600
2019-06-05,1,32.699893951416016,33.5808997389229,32.58869800080549,33.56379568149456,8219800
2019-06-06,1,32.8795166015625,33.00781987514713,32.43473605279367,32.65712795862198,6234000
2019-06-07,1,33.20454025268555,33.35850283449108,32.98215166945918,33.13611425126471,4456900
2019-06-10,3,33.888816833496094,34.32504523948671,33.74340954009051,33.777624172498975,8351800
2019-06-11,1,34.17964172363281,34.727062903380215,34.16253440390475,34.615870219479255,6100600
2019-06-12,1,33.751956939697266,34.37635921256135,33.74340491421101,34.213844625230635,6163200
2019-06-13,1,33.74341583251953,33.888823153040484,33.384168651012544,33.888823153040484,6646800
2019-06-14,1,32.366310119628906,33.10190859598899,32.357758090714675,33.04203460492598,11281500
2019-06-17,3,32.21234893798828,32.545933549668014,32.21234893798828,32.43473759147879,6500700
2019-06-18,1,33.53813171386719,33.717753675593386,32.691340601222194,32.73410726883973,12303200
2019-06-19,1,33.700653076171875,34.1796450232477,33.615116469274106,34.162537701868146,10217600
2019-06-20,1,34.650081634521484,34.82970686042173,34.33360437642004,34.59876293816794,10400000
2019-06-21,1,34.65863800048828,34.81260062009801,34.573101399100814,34.65863800048828,12766200
2019-06-24,3,35.308631896972656,35.38811619649197,34.831726099856766,34.9377074118679,6571000
2019-06-25,1,34.37249755859375,34.90239422297786,34.36366746356142,34.90239422297786,6790500
2019-06-26,1,34.513797760009766,34.77874434421993,34.42547998595398,34.77874434421993,9133300
2019-06-27,1,34.96421432495117,35.11434952047894,34.699267682327296,34.95538423008809,11375200
2019-06-28,1,34.59327697753906,35.08784638064455,34.54911977720321,35.08784638064455,7040000
2019-07-01,3,36.5450553894043,37.00429765718983,36.34192958482232,36.6863604434169,11046800
2019-07-02,1,36.0328254699707,36.48323768339575,35.97983817590553,36.377256357308376,4445600
2019-07-03,1,35.61774444580078,35.65306818622376,35.33513093956684,35.63540463152298,3125000
2019-07-05,2,35.264488220214844,35.414623416318335,35.00837167147192,35.21149754389513,3149300
2019-07-08,3,34.72574234008789,35.052509574941894,34.6550915128929,34.94653164966066,6772300
2019-07-09,1,35.03485870361328,35.3351324080484,34.814069314145655,35.01719851715715,6577000
2019-07-10,1,35.95334243774414,36.33310044727492,35.812037366917245,36.05932376759829,7945000
2019-07-11,1,36.12113952636719,36.37725261562214,36.05931877699756,36.33309541878358,6126600
2019-07-12,1,36.41258239746094,36.44790950512004,36.050487966401185,36.30660444346205,4695800
2019-07-15,3,36.93364715576172,37.03079502183753,36.7923420875547,36.87182639898231,5784300
2019-07-16,1,36.88948440551758,37.0484530044642,36.712852254579325,36.915978049016,6529500
2019-07-17,1,36.765846252441406,37.01312926484528,36.66869839214606,36.81000345194519,5514600
2019-07-18,1,38.1435661315918,38.1788932354412,37.36639006077317,37.55185230251548,11257600
2019-07-19,1,38.70878982543945,38.87658851586043,38.0375883257994,38.046421786282544,11438800
2019-07-22,3,39.388816833496094,39.63610318473081,38.97373516599055,39.03555591155474,10035800
2019-07-23,1,39.22985076904297,39.37115918970471,39.07088553375486,39.33583208453928,6565800
2019-07-24,1,39.335838317871094,39.41532263259967,39.070891725102065,39.30051120710756,7130400
2019-07-25,1,38.52333068847656,39.07089078520285,38.52333068847656,39.04439376827827,6593900
2019-07-26,1,38.38201904296875,38.76177698704188,38.311368204222475,38.62047194057128,4399000
2019-07-29,3,38.805946350097656,38.814779813321984,38.32904377433648,38.43502175017461,4138600
2019-07-30,1,38.07292175292969,38.32903824582761,37.77264805721662,38.32903824582761,4938500
2019-07-31,1,37.64900207519531,38.12590452559091,37.13676915016901,38.00226302478545,7592300
2019-08-01,1,36.97779846191406,38.32019808032915,36.73934556565171,37.754977897623434,9662800
2019-08-02,1,36.78351211547851,36.89832016760086,36.21828847181627,36.34193335475958,9317000
2019-08-05,3,35.211490631103516,35.78554438710662,35.13200631671814,35.68839651741575,6668400
2019-08-06,1,36.439083099365234,36.659872511518145,36.11231571269307,36.36843223934542,8667700
2019-08-07,1,36.439083099365234,36.60688520874805,36.03283138955886,36.25362080171177,5484700
2019-08-08,1,37.00429916381836,37.25158217616398,36.871824196359846,36.960138595346606,7795900
2019-08-09,1,36.571556091308594,36.83650269758576,36.209461609968066,36.73052472887067,3480500
2019-08-12,3,36.17413330078125,36.44791336063251,36.076985428931486,36.253617616932985,3463500
2019-08-13,1,36.95131301879883,37.08378800244689,35.81203894015761,35.882693163164255,7697800
2019-08-14,1,35.70606231689453,36.28894620269605,35.5470936781324,36.07698689468691,9621800
2019-08-15,1,36.08582305908203,36.20063449989022,35.62658066482843,35.66190778030467,7690100
2019-08-16,1,36.68636322021485,36.85416193174984,36.34193233555021,36.36842598237719,4845700
2019-08-19,3,36.89832305908203,37.27808109257776,36.783514997962925,37.233923886841275,3797600
2019-08-20,1,37.03963088989258,37.28691732454569,36.84533849642546,37.09262156209948,7540300
2019-08-21,1,37.60485076904297,37.65783806684481,37.34873426640492,37.45471223098735,3914600
2019-08-22,1,37.207427978515625,37.5253652308841,36.85416361611096,37.43704745579361,3145600
2019-08-23,1,36.16529846191406,37.225088081881694,36.08581415619203,37.03962245587807,7526900
2019-08-26,3,36.50973129272461,36.69519355971821,36.324269025731006,36.536224939729834,5519000
2019-08-27,1,36.5185546875,36.809998227017616,36.447903852118024,36.69518682942178,4192800
2019-08-28,1,36.78351211547851,36.889490074737054,36.25361558122864,36.492068516294296,3586000
2019-08-29,1,37.33989715576172,37.59601363337548,37.29573995558172,37.392887817364766,5171600
2019-08-30,1,37.64900207519531,37.878621523979994,37.4105491655084,37.71965291752205,5382200
2019-09-03,4,36.84532928466797,37.233917343429795,36.72168778274276,37.22508725142582,4748000
2019-09-04,1,38.10824203491211,38.10824203491211,37.43704054405814,37.63133624440713,4460900
2019-09-05,1,39.07088088989258,39.30933039897234,38.64696241624954,38.64696241624954,7698300
2019-09-06,1,38.60281753540039,38.894261157852384,38.58515397928401,38.85893404561963,4325300
2019-09-09,3,38.726463317871094,38.92959255105757,38.452686590407914,38.779453992047465,4677000
2019-09-10,1,38.94725036621094,38.94725036621094,38.29371560276631,38.50567154859413,5001600
2019-09-11,1,39.05323028564453,39.09738749200204,38.71762945316542,38.779450215861715,4016800
2019-09-12,1,38.92074203491211,39.26517284370249,38.79710055165174,39.115037719451394,6577900
2019-09-13,1,39.51246643066406,39.59195073720121,39.0267271301713,39.23868640392981,6231100
2019-09-16,3,39.388816833496094,39.51246169360243,39.291672354022346,39.32699608793191,3716300
2019-09-17,1,39.856910705566406,39.87457426506763,39.04440381340742,39.106224587171965,6110900
2019-09-18,1,39.77740859985352,39.9187136437491,39.39765066270076,39.89221663184631,4044800
2019-09-19,1,39.93931579589844,40.22396097255415,39.81478056202817,39.85036205741967,6422700
2019-09-20,1,39.023101806640625,39.93930643543363,39.023101806640625,39.82366829913211,7249200
2019-09-23,3,39.20100402832031,39.39669880478367,39.00530925185696,39.29885141655199,4347000
2019-09-24,1,39.245487213134766,39.62797977630263,39.19211836735928,39.49455426862601,7592200
2019-09-25,1,40.03715515136719,40.117211810047046,39.13874455350454,39.316648616486205,6719500
2019-09-26,1,41.326942443847656,41.37141759737662,40.11719926573423,40.11719926573423,15832500
2019-09-27,1,40.48191452026367,41.34474703947464,40.19726937040316,40.91777931468387,9610400
2019-09-30,3,41.34473419189453,41.57601042506242,41.0245076495001,41.42479082749314,8396900
2019-10-01,1,41.97629928588867,42.56338027613755,41.77171081584228,41.77171081584228,11575200
2019-10-02,1,41.300262451171875,41.753914494905125,41.21131213459267,41.5493260521833,5785200
2019-10-03,1,41.92293930053711,41.93183297796644,41.13126967303547,41.31806743819554,6091600
2019-10-04,1,42.180877685546875,42.207565492303154,41.61158757555137,41.83396673684566,5704200
2019-10-07,3,42.65234375,42.830247840832655,42.18979447113042,42.45664891076025,11059000
2019-10-08,1,42.572269439697266,43.05260926795337,42.34099319946867,42.92807408070272,13089700
2019-10-09,1,43.30168533325195,43.639702723857354,42.84802978921142,42.8747176050736,11033100
2019-10-10,1,43.52406311035156,43.93324007864138,43.1326768876271,43.50627236478621,9566500
2019-10-11,1,43.95992660522461,44.28905032408582,43.87987333620411,43.98661442146936,7499100
2019-10-14,3,44.39577865600586,44.591473417140854,43.8531729224857,43.95991397708799,7974000
2019-10-15,1,44.822750091552734,45.04512928700059,44.57368647848704,44.653743124577765,9323200
2019-10-16,1,44.59147644042969,45.480993206644,44.53810421289145,44.77827414695777,13615700
2019-10-17,1,44.253456115722656,45.55214969187755,43.817591436835,45.48988379392745,12410200
2019-10-18,1,43.83538055419922,44.555890280805635,43.701955089207765,44.164504166299146,9169200
2019-10-21,3,44.47583770751953,44.57368509339402,43.879863110992595,44.05776374723297,6538900
2019-10-22,1,45.045135498046875,45.21414588156307,44.63595853638041,44.742699614806945,10697300
2019-10-23,1,44.6270637512207,44.83165563576304,44.404684513728306,44.56479783618186,7118800
2019-10-24,1,45.32088851928711,45.409838855496666,44.68043524021723,44.91171154354261,7006600
2019-10-25,1,45.48099899291992,45.5699493235631,45.08960939431967,45.18745679396974,6303500
2019-10-28,3,45.64111328125,45.79232952523312,45.40983698743881,45.72116993784038,7725500
2019-10-29,1,45.78343963623047,46.11255996577501,45.756751819667755,45.81012405955523,5303900
2019-10-30,1,46.174827575683594,46.30825648367642,45.87239165837286,46.068086485232186,5198100
2019-10-31,1,45.92575454711914,46.19260891551996,45.6766875291393,46.157027428203214,5140800
2019-11-01,1,46.34381866455078,46.34381866455078,45.98801402086264,46.157020972121735,5226600
2019-11-04,3,47.58025360107422,47.847107953879664,47.251129952484874,47.633622435692985,7233400
2019-11-05,1,47.63362503051758,48.00722385938662,47.580256192991556,47.70478800486878,5287100
2019-11-06,1,47.71368789672851,47.81153530259141,47.23334793698587,47.76706013444586,4545100
2019-11-07,1,47.7403678894043,48.36303036538198,47.606942397347474,47.94495975171893,7890900
2019-11-08,1,46.99317932128906,47.61583843491725,46.726321537462496,47.61583843491725,6558400
2019-11-11,3,46.78857421875,46.92200307293455,46.39718811610496,46.60177653748101,4046500
2019-11-12,1,46.388309478759766,46.86864604439741,46.281565003517784,46.86864604439741,8625100
2019-11-13,1,47.037654876708984,47.09102371932574,46.38830794338276,46.77080048391211,5336200
2019-11-14,1,46.68185043334961,46.904229677064066,46.37052084944456,46.69964118003532,5308600
2019-11-15,1,47.40235137939453,47.49130170264946,47.03764962486962,47.153284366453555,5986400
2019-11-18,3,47.51799011230469,47.99833004199755,47.49130569173429,47.49130569173429,4774400
2019-11-19,1,47.82041931152344,48.15843662892389,47.749259735523786,48.078379985151074,4731100
2019-11-20,1,47.58915328979492,47.83821693145687,47.331192579080685,47.63362845534346,5264800
2019-11-21,1,47.12659454345703,47.59803731046837,47.09101306094076,47.58914363645776,6037000
2019-11-22,1,46.95760345458984,47.28672379595654,46.913128283038354,47.07323822197609,4172300
2019-11-25,3,47.82041931152344,47.980532599069065,46.96648404010485,47.22444471373249,5021500
2019-11-26,1,47.70479202270508,47.84711459015692,47.48241279898422,47.58915387626368,5672800
2019-11-27,1,47.936058044433594,48.087277659350214,47.62472853318935,48.06058984893129,2786100
2019-11-29,2,47.22444915771485,47.286715065037896,46.966488459812226,47.19776473835852,3391700
2019-12-02,3,47.12659454345703,47.669200275500906,46.94869052411261,47.633618792984635,4475800
2019-12-03,1,46.94870376586914,47.08213266631996,46.414994950541654,46.628477119377486,5468100
2019-12-04,1,47.30449676513672,47.65140772339473,47.242230869717936,47.38455340113755,3905200
2019-12-05,1,48.38970947265625,48.51424126679994,47.580249417485376,47.69588414448344,7624300
2019-12-06,1,48.87005233764648,48.95010898630516,48.47866616266928,48.47866616266928,5429100
2019-12-09,3,48.443084716796875,49.09243158169354,48.31855290616428,48.967899771060935,6541900
2019-12-10,1,48.4964599609375,48.97679988314695,48.32745297789531,48.638782523825014,4364800
2019-12-11,1,49.723995208740234,49.99084959548508,48.95011307597127,48.95901014503075,11028000
2019-12-12,1,52.13459014892578,52.143483825600114,50.72025803105069,50.924846526939795,15788700
2019-12-13,1,51.81435775756836,52.944044591402566,51.81435775756836,52.5259705760205,9886900
2019-12-16,3,52.07231521606445,52.21463777087595,51.84993601209414,51.84993601209414,5779400
2019-12-17,1,52.686073303222656,53.11304090854474,52.28579011284667,53.11304090854474,8407500
2019-12-18,1,52.5704460144043,53.05078594182223,52.23243204465473,53.01520445240514,10021200
2019-12-19,1,51.91656875610352,52.40026432377382,51.84491205178716,52.40026432377382,7228700
2019-12-20,1,51.889686584472656,52.221106030544625,51.34329023852526,51.75532559493278,8043800
2019-12-23,3,52.14945602416992,52.25694277940974,51.90760826217356,51.97926496001933,4022000
2019-12-24,1,51.737403869628906,52.032996641566854,51.54930124218191,51.943424938099184,2692200
2019-12-26,2,52.17632293701172,52.26589465682203,51.73741330928019,51.77324336398115,2490400
2019-12-27,1,52.36442184448242,52.5883545448953,52.24797930046584,52.42712272724268,2847800
2019-12-30,3,51.81802749633789,52.57044153526304,51.61200981408888,52.54357070360421,3519900
2019-12-31,1,52.04196548461914,52.06883973594615,51.46869823813037,51.665760135464254,2950200
2020-01-02,2,53.779685974121094,53.85134267186678,53.38556217722164,53.38556217722164,8432600
2020-01-03,1,52.00613784790039,52.83020864470192,51.988222819673105,52.821252839059404,10546400
2020-01-06,3,51.406002044677734,51.674720663910165,51.173113485861,51.59410473644618,8897200
2020-01-07,1,52.23902130126953,52.48982483817896,50.82376837835526,51.45973644234242,7444300
2020-01-08,1,52.62419891357422,52.8302166439687,52.050931591269105,52.12258829808586,5381500
2020-01-09,1,53.05413436889648,53.48408473877038,52.57939814283731,53.466169712907906,5112700
2020-01-10,1,52.72271728515625,53.475131320241914,52.64210137364915,53.475131320241914,4807700
2020-01-13,3,53.7975959777832,53.88716769583437,53.25119961362181,53.878211890806064,6613700
2020-01-14,1,54.03047561645508,54.31710916744889,53.67218196924209,53.88715884095817,6715200
2020-01-15,1,52.301727294921875,53.475136017272135,52.18528131986305,53.44826176644794,10075100
2020-01-16,1,52.62419891357422,53.46618486609201,52.22111925978382,53.02727856736462,11215700
2020-01-17,1,52.47190856933594,52.62418115552634,51.96133890219816,52.52565022707767,8125700
2020-01-21,4,52.167362213134766,52.84811610355672,51.477649101411274,51.943429517780714,9873700
2020-01-22,1,52.265899658203125,52.79438105631592,52.23902882307715,52.75855441512875,8124500
2020-01-23,1,51.48661804199219,52.01509947454141,50.71628882672288,51.82699678251778,9999200
2020-01-24,1,51.71053314208984,52.07778259412464,51.468685441929146,52.0329967423041,10402200
2020-01-27,3,49.498085021972656,50.15197154613754,49.31894158641505,49.82054867308355,9675500
2020-01-28,1,51.13727569580078,51.16414652857958,49.69514844300863,49.91908116134425,8124400
2020-01-29,1,51.22684097290039,51.52243376405513,50.92229237759325,51.52243376405513,7693400
2020-01-30,1,49.98178482055664,50.1967617455336,49.318945851017105,49.336860879510375,10295700
2020-01-31,1,48.31571960449219,49.695145898886594,48.011170986469295,49.650360040900686,13467200
2020-02-03,3,49.059181213378906,49.211453824416445,48.49486979641768,48.6829724630907,9594300
2020-02-04,1,51.522438049316406,51.62992479279369,50.96708588825147,50.98499749804604,12746600
2020-02-05,1,51.880733489990234,52.086754609467285,51.2089352968343,52.04196532970304,6594400
2020-02-06,1,51.970306396484375,52.20319492330348,51.30746403763558,52.19423911790135,4236300
2020-02-07,1,50.34007263183594,51.18205837026961,50.21467086408432,51.18205837026961,6808400
2020-02-10,3,51.074581146240234,51.10145198235363,50.465483803424625,50.55505553509765,4281200
2020-02-11,1,52.543575286865234,52.758552209713805,51.78220537662183,51.90760715789089,6523200
2020-02-12,1,53.41243362426758,53.51992037371366,52.75855048831217,53.0720549312558,5962900
2020-02-13,1,53.14371490478515,53.47513437460333,52.61523354737352,52.96456804487675,6460100
2020-02-14,1,52.122581481933594,53.00039738153777,51.83594785826457,52.866039792472975,6932400
2020-02-18,4,50.322166442871094,50.66254517007451,49.82951509006818,50.250506324747214,10989000
2020-02-19,1,51.629920959472656,51.89863950668555,51.05665381423404,51.28058650640173,7866300
2020-02-20,1,50.59089279174805,51.09250344452808,49.990754586887896,51.00292828316932,7192900
2020-02-21,1,49.79368209838867,50.74315810595532,49.730981207194326,50.74315810595532,6816600
2020-02-24,3,48.47695541381836,48.9875217541219,47.63496959683093,47.966389073514826,9968800
2020-02-25,1,48.24405670166016,49.68618369488897,48.217185873717746,49.56078194190238,12670700
2020-02-26,1,49.29206466674805,49.63244332636046,48.709841698848265,48.80837263323147,10969300
2020-02-27,1,47.733497619628906,48.90690284144482,47.715582592669776,48.548612553088255,11878900
2020-02-28,1,48.22615814208984,48.41426083578914,45.68228191448773,45.99578640398656,13604500
2020-03-02,3,50.14301300048828,50.16988383279594,48.21719370673389,48.70088577298193,13797700
2020-03-03,1,49.15771484375,50.492352028142,48.405300719005886,50.42965113582519,14661800
2020-03-04,1,51.12831497192383,51.13727077634117,49.75784454402988,50.13405325145195,9878200
2020-03-05,1,49.91908264160156,50.51026489886033,49.48913221968084,50.2594613403088,10004200
2020-03-06,1,49.32789611816406,49.336855339875896,48.342593580261855,48.90690153819799,12971200
2020-03-09,3,46.42572784423828,48.494863753700514,45.73601473543696,46.17492090298396,13781100
2020-03-10,1,48.8262939453125,48.92482489927636,47.016920382665674,48.10970984867873,11698700
2020-03-11,1,46.792972564697266,47.97533679748362,46.65861159495006,47.572257305183406,14498000
2020-03-12,1,43.613136291503906,45.67332009508617,43.4519044561463,44.48199635793743,15942200
2020-03-13,1,46.78402328491211,46.99004097654165,44.15057573723722,46.48843387238003,14948700
2020-03-16,3,40.21831130981445,43.30857960751911,40.21831130981445,41.50816233624053,16628200
2020-03-17,1,43.47877502441406,43.49669005093014,40.33475791815235,40.97968520496335,13415700
2020-03-18,1,39.74357986450195,41.28423813647978,38.74931799907172,39.23301351473113,15018500
2020-03-19,1,39.68659973144531,40.85305565989552,38.61056874862631,39.55096748703697,11182600
2020-03-20,1,40.26531219482422,43.656170601961485,40.22010143926763,43.4210726034515,14157700
2020-03-23,3,40.92540740966797,41.24188966321221,39.35205071263865,40.79881588799438,10508600
2020-03-24,1,44.18968200683594,44.23489277897795,42.9508889134685,43.403003533610274,12216200
2020-03-25,1,44.307220458984375,45.25666020751922,43.448202229601485,44.57848846580006,9796600
2020-03-26,1,45.09391021728515,45.627405594843154,44.2348917687615,44.39765330424433,10577500
2020-03-27,1,42.417388916015625,43.48437957959414,42.05569587944783,42.70674196552569,12158500
2020-03-30,3,43.2402229309082,43.54766087503756,42.29078333706614,42.661517024161014,8428300
2020-03-31,1,43.21310043334961,44.33434235002013,43.09554970923817,43.2221412047307,9595700
2020-04-01,1,42.055694580078125,43.005137909394094,41.865807293959065,42.345051070008545,8755200
2020-04-02,1,43.520545959472656,43.60192671347508,42.14611736374285,42.42642616691555,6174700
2020-04-03,1,42.553016662597656,43.5386263800175,42.29983020488188,43.213103398211345,5486200
2020-04-06,3,45.184322357177734,45.301869638756585,43.864145450494455,43.97265540952689,7370300
2020-04-07,1,44.958282470703125,46.40504798933062,44.90402747024419,46.377922213781694,6568700
2020-04-08,1,45.455596923828125,45.75399073088227,44.79551009979172,45.40134193647271,6325900
2020-04-09,1,43.701385498046875,45.80823709466925,43.14980530319804,45.4646291381576,12274000
2020-04-13,4,44.08116149902344,44.388599481298705,43.36681979765447,44.072120727203455,9873200
2020-04-14,1,45.7811164855957,46.35982250949617,45.16624047286146,45.21145123422369,11068800
2020-04-15,1,44.90401840209961,45.184330673821485,44.34339730801625,44.99443993524324,9398100
2020-04-16,1,47.38160705566406,48.05073466982725,46.730560988382834,46.84811173927758,18615900
2020-04-17,1,48.54804611206055,49.00016054076077,47.9241294422236,48.945909016906725,11288500
2020-04-20,3,47.55339813232422,48.66559926875381,47.52627236903749,47.92413184446741,9901700
2020-04-21,1,46.45024490356445,46.84810788947939,45.681651597908875,46.65821716921996,13102500
2020-04-22,1,47.878929138183594,48.02360564896707,47.39064462077932,47.45394037866208,8255500
2020-04-23,1,47.598609924316406,48.04168361402066,47.255001967975936,47.75233063479487,7619900
2020-04-24,1,47.68000030517578,47.824676824039145,47.01991347227667,47.562449555674206,5701800
2020-04-27,3,48.385284423828125,48.6023008663448,47.897003464544454,48.05976493409212,5812300
2020-04-28,1,47.70711898803711,48.58422219362494,47.63478246403057,48.38529071622734,8561100
2020-04-29,1,49.26240158081055,49.452288866379895,48.31296170360349,48.60231474333592,8565500
2020-04-30,1,48.04168319702149,49.19909510387835,47.8879624878773,49.00920785966457,6337900
2020-05-01,1,46.20610427856445,47.52628134745843,46.19706350554745,47.4539413658817,10238700
2020-05-04,3,47.15555191040039,47.18267768131107,46.368870060385845,46.830028862030304,7514000
2020-05-05,1,46.757686614990234,47.5443684270013,46.64013931381552,47.20980117158312,7780700
2020-05-06,1,47.1374626159668,47.58053293079683,47.01991187046977,47.11937762055493,8206700
2020-05-07,1,47.31830596923828,47.90605275885802,47.1103302605335,47.87892699222694,5493400
2020-05-08,1,47.84275436401367,48.23157309461856,47.4448948614839,47.580527136515535,6086000
2020-05-11,3,47.38160705566406,47.77042585147254,47.36352205942177,47.57149434216765,6459300
2020-05-12,1,46.20610427856445,47.59861787967499,46.18802273253044,47.59861787967499,8584500
2020-05-13,1,46.04334259033203,47.03799663698323,45.64548304128765,46.93853088738209,8611000
2020-05-14,1,47.11033248901367,47.15554670135086,45.02156557497592,45.60027161954672,13695600
2020-05-15,1,45.03060531616211,46.160891611494286,44.65083077662331,45.71782131536569,17777200
2020-05-18,3,46.90235137939453,47.19170434714095,45.907700983936145,46.06141823895666,12726500
2020-05-19,1,45.94388198852539,46.531628836157616,45.93483776584904,46.43216308287948,12940300
2020-05-20,1,46.875240325927734,47.101297618500816,45.66357309976162,46.64014225937038,8406200
2020-05-21,1,45.889625549316406,47.209799170770495,45.83537056305494,47.11033342063789,7842600
2020-05-22,1,45.03060531616211,45.98908933637341,44.85880304104123,45.97100434172489,12462300
2020-05-26,4,45.95291519165039,46.47736964095202,45.92578942681056,46.38694467588637,8872000
2020-05-27,1,46.78480911254883,46.78480911254883,45.88962090138477,46.14280391290761,11405700
2020-05-28,1,45.46462631225586,46.67629313156492,45.301864840306926,46.531616650872465,8178700
2020-05-29,1,45.50985336303711,45.87154294219772,45.084864571929025,45.518894136537966,10918500
2020-06-01,3,46.14280700683594,46.36886426781297,45.6997367069626,46.03430048738778,6187300
2020-06-02,1,47.02894592285156,47.05607513677256,46.377903427862215,46.52257992112204,6063600
2020-06-03,1,47.9783935546875,48.15019582855028,47.39968407825285,47.598615568569755,8380200
2020-06-04,1,49.0815544128418,49.16293516976421,47.951268038564045,47.9783972571117,13269500
2020-06-05,1,49.9134407043457,50.944261196225305,49.78684919823556,50.184708710204575,9776100
2020-06-08,3,50.24800491333008,50.437892174196115,49.470367426705494,50.401725635954875,6302100
2020-06-09,1,51.18840789794922,51.206492893164096,49.68738778871561,49.99482580864828,9355100
2020-06-10,1,52.03837585449219,52.48144956172808,51.378289128929936,51.378289128929936,9194300
2020-06-11,1,49.768760681152344,51.00755333813379,49.741631467935214,50.50118390018244,9877100
2020-06-12,1,50.63682174682617,51.42349997600078,50.049071543235186,51.08893622670855,9838800
2020-06-15,3,50.65491485595703,50.745336386677096,49.29857119899432,49.47037348710656,7509700
2020-06-16,1,50.45598983764648,51.54106559262656,50.22089175792516,51.17033175002245,8827200
2020-06-17,1,51.17935943603515,51.37829091755949,50.53735768121009,50.772459150167904,8248700
2020-06-18,1,51.15202713012695,51.50731223819299,50.82407057648237,51.05181779705258,6831500
2020-06-19,1,50.38680648803711,51.47088222544922,50.35036609136423,51.45266202711279,6965100
2020-06-22,3,51.015384674072266,51.015384674072266,50.39591186787532,50.55989016805376,4480400
2020-06-23,1,51.70772933959961,52.07212629603375,51.49820230595141,51.598411642728145,7836500
2020-06-24,1,51.54376220703125,51.98103653477674,51.161144998286794,51.662188281631785,7080200
2020-06-25,1,51.96281433105469,52.0083630868466,50.969836164142926,51.525540020187215,4509600
2020-06-26,1,51.316017150878906,52.16323380815483,51.2066959578808,51.9263781736208,6229300
2020-06-29,3,51.37067413330078,51.38889433208452,50.70565251585836,51.32512537391522,5016600
2020-06-30,1,51.71683883666992,51.91725750116226,51.18846362124351,51.243124204781445,7158700
2020-07-01,1,51.76239776611328,52.35454204122473,51.70773717182458,51.89904751426129,6866500
2020-07-02,1,53.40217208862305,53.812117817390934,52.791811150905275,52.791811150905275,10021200
2020-07-06,4,56.37199401855469,56.59974124320528,55.169488950411335,55.269694810134226,12725600
2020-07-07,1,55.30613327026367,56.025815309082226,55.2788047163062,55.807176451982215,6672300
2020-07-08,1,57.018802642822266,57.15545238526292,56.025824476509136,56.153362382708515,8721900
2020-07-09,1,59.01386642456055,59.1869565589968,57.292097767182,57.34675835834302,16903300
2020-07-10,1,58.16664123535156,58.813442535443805,57.56538868629525,58.7314568686673,10700000
2020-07-13,3,59.27806854248047,61.10915882926096,59.19608284844216,59.396494639523425,16667700
2020-07-14,1,60.99982452392578,61.06359347791903,59.514914909343155,60.12527589046349,10482700
2020-07-15,1,60.17992401123047,61.22756262760805,59.36003956825935,61.2002340728815,12432500
2020-07-16,1,60.66275787353515,60.69919826979291,58.59481577554589,59.560461950344106,15709400
2020-07-17,1,60.48966217041016,61.94724296782981,60.462333616441896,61.318658425385856,11716600
2020-07-20,3,60.93605422973633,61.01804685466418,59.943079546495476,60.762964094006634,6357300
2020-07-21,1,61.774169921875,63.08599647704453,61.68307240005387,62.71248760219388,10619700
2020-07-22,1,62.43007278442383,62.76714120425475,61.97457830101167,62.0383472506776,7366100
2020-07-23,1,61.37333679199219,62.40275194978755,60.8085210605594,62.18411651677604,8559500
2020-07-24,1,67.32209777832031,70.04595331804138,64.99907272770056,65.0446249641031,41226800
2020-07-27,3,75.83985137939453,75.97650115031752,73.27086209716742,74.11808233653467,39899200
2020-07-28,1,70.07328796386719,72.49652258473311,69.68156232779849,72.28699200950267,31500100
2020-07-29,1,75.31147003173828,75.9491665956481,70.20082043451553,70.24637267132893,28304000
2020-07-30,1,72.81534576416016,74.04517943485828,71.61284064943182,72.88822654694224,16820300
2020-07-31,1,71.8679428100586,72.66961086394312,70.6107801220881,72.54207292242278,12021200
2020-08-03,3,71.92256164550781,72.10476357230321,70.51964503579386,70.8475946034399,10129800
2020-08-04,1,73.05221557617188,73.05221557617188,71.73127725759092,72.26876442178455,12569400
2020-08-05,1,74.36402130126953,76.52306749336668,73.39837529270913,73.77188407732964,14436300
2020-08-06,1,73.3528060913086,74.79216988625538,73.07951365511487,74.73751278907507,9838700
2020-08-07,1,72.90644836425781,73.59880194850085,72.34163963394685,73.32550246910914,8705800
2020-08-10,3,72.76068115234375,73.65344632337262,72.16853701628968,73.38015384155071,7421400
2020-08-11,1,71.00247955322266,72.15032060283063,71.00247955322266,72.0501112643308,7056300
2020-08-12,1,72.32341003417969,72.46917159798713,70.81117203629401,71.20289755115911,8354400
2020-08-13,1,71.3304443359375,72.05923139493888,70.90227837674813,71.96813388135055,6551800
2020-08-14,1,71.4306640625,72.177674902912,71.10270740570489,71.43976894997513,5611200
2020-08-17,3,73.05221557617188,73.68990514355922,72.56939248225073,72.6969303957282,8663900
2020-08-18,1,72.34163665771484,73.62612747730344,72.19587508795757,73.07953549130204,6804800
2020-08-19,1,71.549072265625,72.17765685905697,71.2848846386796,71.97723817997466,7976800
2020-08-20,1,69.97305297851562,70.2372405852205,69.2169374975807,69.52667037767321,11457100
2020-08-21,1,71.36685943603516,71.72215146320167,70.92958870309526,71.07534329731091,7942300
2020-08-24,3,71.87704467773438,72.79714565703073,71.50353579345628,72.63316733349568,6405600
2020-08-25,1,72.91556549072266,73.31640290283482,72.3963020024387,72.74247534452968,6113100
2020-08-26,1,74.47333526611328,74.8559488984927,73.79920549235528,74.01784086081595,7821600
2020-08-27,1,73.42571258544922,74.98350295362378,73.03398703436712,74.86507688480158,8018200
2020-08-28,1,73.27996063232422,73.6807910838913,72.79713755296957,72.93378034879085,5699500
2020-08-31,3,72.19586944580078,72.66047572522507,71.68571789210739,71.96812222357428,9812900
2020-09-01,1,74.29118347167969,74.33672876851037,72.87003537479913,72.98846843721248,10193300
2020-09-02,1,74.85596466064453,75.34789955598578,72.76979901107119,74.10895395667328,12567800
2020-09-03,1,73.95408630371094,74.52800686388865,71.40331435788785,73.89942918854003,20090100
2020-09-04,1,71.88615417480469,74.21828407777869,70.51967050660048,73.33462352695939,13638700
2020-09-08,4,70.43767547607422,72.10478716263933,70.3465779580188,71.07536505275726,11553500
2020-09-09,1,72.33252716064453,72.60581968733408,71.55818790958254,71.62195686083953,7867500
2020-09-10,1,71.87704467773438,73.99965104618913,71.74950675390663,73.55326136249646,11241800
2020-09-11,1,71.80413818359375,73.15240468911139,71.60371953207016,72.88821709849331,7853500
2020-09-14,3,73.33462524414062,73.89944100899692,72.83357844061524,73.33462524414062,7091100
2020-09-15,1,78.20841217041016,79.06474414111896,74.1362898164841,74.30026813108164,21048400
2020-09-16,1,75.73052978515625,78.79145405686864,75.64854409319953,78.79145405686864,14492600
2020-09-17,1,75.00438690185547,75.35234758727523,73.81398368480933,74.17110325268709,10090200
2020-09-18,1,73.46601104736328,75.85596200273687,73.35612543428549,75.42559240375213,10528300
2020-09-21,3,73.79566192626953,73.85060823186359,72.41297115569559,73.07227093338435,8417100
2020-09-22,1,73.6949462890625,74.07037663634573,72.70599656724558,74.01543731386047,6375200
2020-09-23,1,71.35076141357422,73.19130538473811,71.32329175501918,72.9806930255167,9094700
2020-09-24,1,71.77197265625,72.3397044977122,69.74829315357954,70.34349465111298,9940900
2020-09-25,1,72.22982788085938,72.26645642224148,70.86544789873079,71.57968699023193,6057500
2020-09-28,3,73.04479217529297,73.59421329826623,72.77008859998612,73.53926699426103,5999300
2020-09-29,1,73.722412109375,74.39086378538731,72.62357681365638,72.98069636356543,6114600
2020-09-30,1,74.23517608642578,75.03183091967249,73.77732992652771,73.79564069900532,5878900
2020-10-01,1,75.6545181274414,75.7460859817335,74.84870424284033,75.14172556828268,6253800
2020-10-02,1,73.98795318603516,75.26991703456953,73.81396938394306,73.90553723224137,6145900
2020-10-05,3,77.41265106201172,77.4950600403242,74.67473222125572,74.67473222125572,10129100
2020-10-06,1,76.11236572265625,77.33023147988438,75.79186774773241,76.70756027910431,7795600
2020-10-07,1,79.59199523925781,79.66525232037348,77.63241372958208,77.63241372958208,11446400
2020-10-08,1,80.39779663085938,81.36842835276022,79.22570447419392,81.36842835276022,10920800
2020-10-09,1,81.29518127441406,81.31349903717972,80.2512923545169,80.8922743277241,7608800
2020-10-12,3,83.24560546875,83.57524832934928,81.20360819488283,81.60651511565175,10022000
2020-10-13,1,82.08268737792969,83.00753889693607,81.89039276260408,82.87018360422337,8247000
2020-10-14,1,81.13037109375,82.30245662142904,80.8281908287819,82.09185121458277,8159000
2020-10-15,1,80.7182846069336,81.94530904144084,79.83922076142578,79.93078860209106,10327900
2020-10-16,1,79.39054107666016,81.1211994326036,79.15246604435092,81.08457787854043,7457200
2020-10-19,3,80.17802429199219,82.06435538620707,79.93079041796143,80.89226324605724,7994500
2020-10-20,1,80.81901550292969,81.47831516766703,80.37032118398528,80.38863894477176,7357600
2020-10-21,1,80.25130462646484,81.37760967868181,80.18720641934229,80.580954544861,7387600
2020-10-22,1,80.77324676513672,81.4417054648416,80.47106651789285,80.98385914581043,5656200
2020-10-23,1,80.86482238769531,80.99301881042531,80.05901530393803,80.80988305971991,4165400
2020-10-26,3,79.41799926757812,80.37947202736837,78.53892847837263,79.85752767600277,5568000
2020-10-27,1,79.39971160888672,79.86671683278443,78.73125986336363,79.6286347793608,5315800
2020-10-28,1,76.78083038330078,78.20931572516952,76.77167150030307,77.9712336704946,8727300
2020-10-29,1,77.7331314086914,78.13603832168342,76.9364764633242,77.16539957549166,5845600
2020-10-30,1,76.79914855957031,77.60495561315378,76.14900758687557,77.31193423128882,4963600
2020-11-02,3,78.48401641845703,78.7129395816142,77.40349880890804,77.46759701514483,6597100
2020-11-03,1,80.29705047607422,80.80067698949145,78.80446773337331,78.92351218937395,6274700
2020-11-04,1,81.90869903564453,82.20172038376175,81.00216533149751,81.240247360024,7620800
2020-11-05,1,82.80608367919922,83.29139964868085,82.20172319828833,82.79692479689383,6670100
2020-11-06,1,83.70346069335938,83.78586967081681,81.5424256817532,82.23834700088209,6403000
2020-11-09,3,81.52409362792969,84.68323661411881,81.44168466491763,84.42683687255342,8978000
2020-11-10,1,80.26960754394531,81.31349643037677,79.39053660004367,80.94721803478097,8350100
2020-11-11,1,83.21813201904297,83.49284256395728,81.82628249071956,81.95447888203174,7707300
2020-11-12,1,82.24751281738281,84.14299630670021,82.21088427336456,83.21814478223527,7474600
2020-11-13,1,85.36084747314453,85.9011026410152,83.52030377517514,83.82248394678687,9170900
2020-11-16,3,90.90080261230467,93.80355350481092,88.23614074147267,88.2910800626712,18436200
2020-11-17,1,87.64093780517578,89.82028367560252,87.62262702711644,89.71956391700601,10843700
2020-11-18,1,88.7580795288086,90.47042711962312,88.24529393420308,90.2140273361406,8526600
2020-11-19,1,88.46504211425781,88.69396521113019,87.55850860677316,88.61154926344332,5542800
2020-11-20,1,87.2929916381836,89.00533261156765,87.26552197343987,88.51086467381806,5329800
2020-11-23,3,89.8569107055664,90.58946756685256,88.68482531645256,88.96869476794544,8802400
2020-11-24,1,88.4925308227539,90.27812856837105,87.92479890523923,90.18656070714094,7022800
2020-11-25,1,89.27085876464844,89.72870500898519,88.03467530217507,88.08961461591812,5194900
2020-11-27,2,90.4154815673828,90.90079750719444,89.78365845054309,90.23234584955271,4367100
2020-11-30,3,88.8404769897461,89.69207123393463,88.08960947232451,89.33495174309867,13840500
2020-12-01,1,92.35675048828124,95.5067350732251,90.21402630386396,90.369699345742,16157300
2020-12-02,1,91.14802551269533,93.43725659252136,91.12970775179656,93.40062805690268,8676300
2020-12-03,1,91.11141204833984,92.65893474986412,91.04731384694902,92.53989024286687,7359000
2020-12-04,1,94.98477172851562,95.00308250182644,92.2102180048918,92.95193356827838,10824500
2020-12-07,3,97.42051696777344,98.53766284900348,96.12023539520484,97.08170825400045,11793000
2020-12-08,1,96.73375701904295,98.74827776368004,96.24844110241,98.69333844819089,9876200
2020-12-09,1,95.61660766601562,97.61281756399453,94.78333113696466,97.0725623508772,8204100
2020-12-10,1,95.44263458251952,96.2484414863529,93.58377289562678,94.31632970724222,7135000
2020-12-11,1,95.25949096679688,96.2575994383317,94.51778226717758,95.24118019046406,7492600
2020-12-14,3,94.82909393310548,96.056125268371,94.7741546297666,95.02138848096943,5878000
2020-12-15,1,96.2301254272461,97.41136963914356,95.61661310371024,96.77038765726724,7399900
2020-12-16,1,96.33084869384766,96.761225288818,95.19539194422202,96.7429145126441,5986900
2020-12-17,1,95.54186248779295,96.84763022405714,95.49588188505136,96.46141841738547,7779300
2020-12-18,1,95.89131927490234,96.36949242697918,94.86142082241138,95.6338446617796,7417000
2020-12-21,3,96.39706420898438,96.51660397208502,95.00853258311932,95.22922407486512,6116400
2020-12-22,1,95.5786590576172,96.75568969112663,94.6315174389543,96.61775487908751,5597100
2020-12-23,1,95.41313934326172,96.43384713746094,95.26600700523198,96.24993171492378,3320800
2020-12-24,1,97.44537353515624,97.78560484576492,96.24994764560144,96.3327113533557,3172100
2020-12-28,4,97.61087036132812,99.46837038603236,97.42695495276725,98.94422374903094,5157000
2020-12-29,1,97.06832885742188,98.53042654168313,96.75568318576612,98.392491738918,4602400
2020-12-30,1,100.13965606689452,100.87529670351576,98.7603219806168,99.03618458847878,9571800
2020-12-31,1,100.26838684082033,100.84770459379156,99.71665464527786,100.83851408508563,4909500
2021-01-04,4,102.7144012451172,104.92133702356888,101.56495625797103,102.50290729624936,11262100
2021-01-05,1,103.69831848144533,105.70295067675598,102.99946103034982,103.36728480314768,10583600
2021-01-06,1,106.30988311767578,107.02713576555402,103.4960436481053,104.69146238935024,10609300
2021-01-07,1,111.66170501708984,113.05023678590476,108.13060570734888,109.73982899062987,13556100
2021-01-08,1,109.14212036132812,116.13074561321422,107.569680205828,115.78131680609972,18976800
2021-01-11,3,112.73756408691406,113.65712008601722,109.24325549971545,110.10763336822664,12006800
2021-01-12,1,113.10538482666016,115.1284051636391,111.89157122134172,115.09162909844775,14163200
2021-01-13,1,109.63865661621094,114.76058286547092,108.50759973546997,114.39275909035526,20650500
2021-01-14,1,116.27787017822266,123.81822766039642,111.88239298624896,113.51920178001424,37125400
2021-01-15,1,115.15601348876952,118.19973491907366,113.29850623802008,118.13537328835682,17343100
2021-01-19,4,120.73770904541016,123.26648811744106,118.10777824924556,120.08481809303606,20443800
2021-01-20,1,120.13080596923828,125.17917390976662,119.63425185882656,124.31478894783488,17360700
2021-01-21,1,123.3676528930664,124.50789350613648,121.69405401330974,122.53085345318809,15460100
2021-01-22,1,118.75147247314452,120.69173637730069,118.44801728078126,119.57906733863535,19163200
2021-01-25,3,120.02045440673828,121.53771621138092,117.10545652185836,121.22507053535814,20469300
2021-01-26,1,116.46177673339844,118.91699675248069,116.093952905221,118.66871268680713,17084600
2021-01-27,1,111.94673919677734,115.03644774473504,111.72604773353898,114.89851294934036,16732700
2021-01-28,1,115.70774841308594,117.3169716251683,113.6387471404086,114.4847370881458,14148100
2021-01-29,1,111.74444580078124,114.3559885769751,110.8524823438577,114.024947844561,15169200
2021-02-01,3,116.4709701538086,116.64568102890244,113.45482048157167,114.52150884412907,10179900
2021-02-02,1,118.10775756835938,119.77215143932054,117.1973922105628,119.0548989869871,9302400
2021-02-03,1,117.24337768554688,118.75144880589684,115.91921493961824,118.62271154067096,9676600
2021-02-04,1,117.8410873413086,117.88706794427516,115.83646214001782,117.24338159667307,7445100
2021-02-05,1,117.50088500976562,118.51240239835532,116.50776267314488,118.42963168015184,6226800
2021-02-08,3,121.88716888427734,122.5308553745414,118.3468721408554,118.3468721408554,11160000
2021-02-09,1,122.00666809082033,123.5975098744658,121.1514878527704,123.20209354762184,7929100
2021-02-10,1,122.93545532226562,125.05962763487746,121.85037184503354,123.33085770402243,12196300
2021-02-11,1,127.96542358398438,128.02978521135236,123.27568210552118,124.50788384788036,12347900
2021-02-12,1,126.95391845703124,128.56314170220418,126.1263235434676,127.74473729876875,11114100
2021-02-16,4,128.78382873535156,130.7608686476218,128.2045039287639,130.2183339408906,11833600
2021-02-17,1,125.30794525146484,128.4068455993206,125.15162235883136,128.0114431117152,12311200
2021-02-18,1,123.7998046875,124.94924946390088,122.66874092497956,124.00210809065122,11614600
2021-02-19,1,125.66653442382812,126.85275556647588,124.80214948312866,125.19755185357394,10771900
2021-02-22,3,122.82511138916016,124.39754441624436,122.4664710506786,122.84349240807296,10363800
2021-02-23,1,118.71469116210938,121.14231856252152,115.29393453251204,118.71469116210938,18444700
2021-02-24,1,121.6572494506836,121.73081560709043,117.40889862952837,119.09168060949231,12782900
2021-02-25,1,115.8640594482422,120.95839366607834,115.60658488308434,120.94001264807524,13581200
2021-02-26,1,115.8088836669922,117.14223704670648,112.94906397581784,115.33990814754108,17281000
2021-03-01,3,118.7423095703125,119.81818875810995,117.00434170801022,119.2020877205498,9714900
2021-03-02,1,115.8640594482422,118.18134456597424,115.8640594482422,118.0985738597145,8274500
2021-03-03,1,113.00421905517578,117.48245861825954,112.8386987197774,116.52611968214156,10660300
2021-03-04,1,106.2914581298828,113.24330517858232,104.36039223355412,112.13983394092703,24454200
2021-03-05,1,111.08236694335938,111.54214494061556,106.09836812120405,111.17432113967952,17448700
2021-03-08,3,104.76502227783205,111.26628334645748,104.55352129697906,110.84328840040752,17246900
2021-03-09,1,107.0179214477539,108.87542843912826,106.05239188697988,107.6524173131592,17717100
2021-03-10,1,104.67306518554688,108.53519772767704,104.286853334465,108.32370376831804,15240300
2021-03-11,1,110.88005828857422,111.08236172035969,107.65241493521329,108.72829371444854,15091600
2021-03-12,1,108.7834701538086,109.4271565034492,107.84551916929792,109.4271565034492,8171000
2021-03-15,3,109.500732421875,109.52831797993898,107.32138213129656,109.10532305309466,8935000
2021-03-16,1,109.74899291992188,111.49615049577002,108.59954806945002,110.0892311212972,10793400
2021-03-17,1,109.61793518066406,110.31942580957494,106.50735303188864,108.68568234544902,9890400
2021-03-18,1,105.68588256835938,109.22105395485237,105.31667283655848,108.91645539795988,10283800
2021-03-19,1,104.8828582763672,106.0458665371828,104.49519120345876,105.57512392459952,11536000
2021-03-22,3,108.15958404541016,109.22105943683115,105.95356476584082,105.95356476584082,9376400
2021-03-23,1,106.04584503173828,107.76266405456136,105.79663254743316,107.16269920601113,8977400
2021-03-24,1,100.57233428955078,105.86124598132682,100.47080144952427,103.81213890746687,24196100
2021-03-25,1,101.94763946533205,104.07059001642754,99.5847085884942,99.68624143480422,16772400
2021-03-26,1,107.58728790283205,107.71651023429918,102.63989650866728,103.37831586741297,12910900
2021-03-29,3,105.58434295654295,107.77190466769122,103.73830145781214,107.5780711553752,10863600
2021-03-30,1,106.21202087402344,107.1534991483966,105.49206565678084,106.40585442927406,8206200
2021-03-31,1,109.1749038696289,109.2487472269584,106.66428605714788,106.8765839489476,9806500
2021-04-01,1,115.1929931640625,115.26682947255348,112.27624419493938,113.35617678934314,17904000
2021-04-05,4,114.91608428955078,117.59284589427146,113.23618679286504,117.28824735424588,14113900
2021-04-06,1,113.01466369628906,114.46380600252796,112.18394360689648,114.4545738231765,13042300
2021-04-07,1,110.66096496582033,113.17158270978209,110.61481110822648,113.01467086130695,11193200
2021-04-08,1,113.92845153808594,114.28842906748388,112.03625618235664,112.03625618235664,10226700
2021-04-09,1,113.3469467163086,113.93767941104946,112.33161829526412,113.30079286368324,8315200
2021-04-12,3,111.59320831298828,113.03311840667544,110.060990512094,112.80236322283636,9868400
2021-04-13,1,111.93472290039062,113.43925122507524,111.08554550317456,112.9777408515331,8384800
2021-04-14,1,111.53782653808594,113.00543322521318,111.2240028562878,112.5993018326842,9521900
2021-04-15,1,109.23951721191406,112.608544754377,107.58730902989326,112.33163567994816,18709100
2021-04-16,1,109.69178771972656,111.31630628807748,108.77799910594346,110.01485063112456,9512100
2021-04-19,3,106.51659393310548,109.72870213846016,106.33198556136196,108.91644642905663,12630300
2021-04-20,1,106.1012191772461,107.7903486294106,105.73201655691408,107.11654750942492,9299200
2021-04-21,1,108.3626480102539,108.44571650563978,105.01207785455416,105.68588616618575,8472200
2021-04-22,1,106.4427490234375,108.4549344723528,105.60280383111248,108.4549344723528,7411800
2021-04-23,1,109.50719451904295,109.5810378781146,107.00580882773734,107.60577379653613,8380300
2021-04-26,3,112.16548919677734,112.18395355711796,110.20868952608149,110.76250062076728,8444000
2021-04-27,1,111.93472290039062,112.2854752912199,110.66095680456652,112.14702077073936,5491800
2021-04-28,1,110.44866180419922,111.15015247518063,109.590252260153,110.76248546615052,6476500
2021-04-29,1,109.9317855834961,111.52861480708737,108.55648644178056,111.42708194675026,8831800
2021-04-30,1,107.75344848632812,109.08260071974966,107.67037999278426,108.92568887055128,7950700
2021-05-03,3,107.01502227783205,108.50108616912073,106.82118877576252,108.42724282297354,10229500
2021-05-04,1,106.47966766357422,106.904256337127,104.9843716063839,106.14737965086526,9638300
2021-05-05,1,106.49813079833984,107.52268438649618,106.00893093125588,107.07040619418508,7059000
2021-05-06,1,107.99343872070312,108.5841714973466,105.6489649324849,106.42430610313582,8581700
2021-05-07,1,107.83654022216795,110.22716112338216,107.11658500160294,109.28568284466428,9614300
2021-05-10,3,103.66445922851562,106.49813267801976,103.5906229197561,106.12893000795356,12281200
2021-05-11,1,104.16289520263672,104.29211755043966,100.72925672195356,101.28307483206872,10007700
2021-05-12,1,99.88007354736328,101.61535000544406,99.7416190277832,100.93231662882889,15058900
2021-05-13,1,100.37850952148438,102.85220548608822,99.59394326927462,100.94155275894909,10552000
2021-05-14,1,103.80292510986328,104.14444536334511,101.75381767315277,102.0953379266346,8425200
2021-05-17,3,101.3476791381836,101.55996996286412,99.56624884465847,100.67387090565168,10688600
2021-05-18,1,102.3076171875,104.74439846141122,102.21531652034255,104.30134540013024,7476600
2021-05-19,1,103.7475357055664,103.83060419446254,99.68624291896828,100.1477533028524,7280500
2021-05-20,1,104.5597915649414,104.9659229566899,103.47062677605288,103.73830364406078,6442500
2021-05-21,1,103.2398681640625,105.22436415970284,103.09218850783007,105.22436415970284,5979400
2021-05-24,3,104.8828582763672,105.72281064309244,103.48910184156448,103.6183241992006,6653600
2021-05-25,1,105.48281860351562,106.0920157273482,104.85516416172904,106.00894019133013,5331700
2021-05-26,1,107.07039642333984,107.07039642333984,105.22435510569603,105.22435510569603,6605100
2021-05-27,1,106.85812377929688,107.55962161725772,106.14740080287568,107.0704216794224,6513700
2021-05-28,1,108.32571411132812,108.76876012091948,107.02425149371363,107.34731438489864,5386500
2021-06-01,4,109.38719177246094,110.79941240249848,108.3903276658146,110.4948138628972,7596100
2021-06-02,1,109.7933120727539,110.25482243378625,108.8426018557616,109.74716526190424,5383400
2021-06-03,1,107.82727813720705,109.15643020169422,107.49499012108522,108.96259669930468,4912200
2021-06-04,1,110.31019592285156,110.62401955246722,108.96258666691853,109.12873065968223,5352100
2021-06-07,3,109.11952209472656,109.6087220009226,108.51955715535615,109.04567873927698,6266000
2021-06-08,1,106.99657440185548,108.62109305688644,106.20277591372046,108.50110288248098,11564800
2021-06-09,1,108.11341857910156,108.59339331563174,107.0427181643849,107.07040766032134,6401600
2021-06-10,1,109.1379852294922,109.70102852114746,107.65192107179092,108.03036300707316,8566600
2021-06-11,1,109.1471939086914,109.30410573203176,108.14110476153274,109.18411558043422,6036600
2021-06-14,3,111.6762924194336,111.6855245998635,109.34105075908,109.42412629876851,7610300
2021-06-15,1,110.25482177734376,112.60852742143064,110.08867776667776,111.0855418306738,8196900
2021-06-16,1,108.9349136352539,110.67019727674068,108.45494590932373,110.34714139947133,8059400
2021-06-17,1,110.37201690673828,111.40976134226072,108.95437176474846,109.03776598209082,7608100
2021-06-18,1,107.28656005859376,109.2323378514544,106.74915267635409,108.88024701607505,12532800
2021-06-21,3,105.75773620605467,106.92520575446098,104.71998471090424,106.90667056450802,11116200
2021-06-22,1,105.93377685546876,106.08202301794516,103.7841544812871,105.16472912213185,11792400
2021-06-23,1,107.52745056152344,108.7968351229974,107.30507074142828,107.66642911270505,8913700
2021-06-24,1,108.63006591796876,109.02848763706729,107.7313001514602,108.14825705885342,6772200
2021-06-25,1,107.97219848632812,109.26938585624866,107.97219848632812,108.82463327518072,6712800
2021-06-28,3,110.8260269165039,111.14105444850208,108.57448208033394,108.67640441576948,11026600
2021-06-29,1,111.40049743652344,111.4560888669959,109.72341623653398,110.63144965917108,7874900
2021-06-30,1,111.3356475830078,111.89158314084064,110.27010030685082,111.3356475830078,7936400
2021-07-01,1,109.72340393066406,111.38194975508183,109.36204553491356,111.28002743124424,8295600
2021-07-02,1,110.17741394042967,110.4275823954756,109.71413326366886,110.0291607306972,5144300
2021-07-06,4,111.23370361328124,112.0768708470932,109.53809448281302,111.04838708396346,7181500
2021-07-07,1,109.5658950805664,112.16027005387856,109.52883177305016,111.7803764536644,7391800
2021-07-08,1,109.21379089355467,109.59367737816244,106.90664799954038,107.36066815920874,7565400
2021-07-09,1,111.70624542236328,111.91935766488058,108.98215958409472,109.3342503879246,8374200
2021-07-12,3,113.62422943115234,113.7168912325458,110.74262272156922,112.28998573414266,10668700
2021-07-13,1,114.80097198486328,116.26494086064297,113.16095416086485,114.1431141640238,13460200
2021-07-14,1,115.25496673583984,116.54288645770536,114.95846738409602,115.95915534714472,10587700
2021-07-15,1,108.89876556396484,111.83596364976098,108.28723868583796,111.29856338386246,23734500
2021-07-16,1,107.24021911621094,110.2515437970522,106.7120793780275,110.02917103073888,12110000
2021-07-19,3,106.87887573242188,107.1290513151294,104.91456972738922,105.62801902619556,9230200
2021-07-20,1,107.85175323486328,108.28723824354763,106.0264260635366,107.36993732644972,7108000
2021-07-21,1,109.21379089355467,109.21379089355467,107.4162595791264,107.6942308169192,5564700
2021-07-22,1,108.0,109.41763788285084,107.67570490737118,109.41763788285084,5746500
2021-07-23,1,108.21311950683594,109.0099629702694,106.86034055170788,109.0099629702694,5773900
2021-07-26,3,107.1568374633789,107.57378730519116,106.43412063404928,107.28655550612508,6440600
2021-07-27,1,105.20179748535156,106.9252025052125,103.82122277816524,106.85107588586068,11127500
2021-07-28,1,106.61944580078124,107.02713517749233,105.5168352060059,105.57243371044189,6819700
2021-07-29,1,107.62010192871094,108.50959997404156,107.11975795275583,107.48111631276196,7162000
2021-07-30,1,108.07414245605467,108.7968593596074,106.73063098858913,107.01786281715394,6482600
2021-08-02,3,108.2779769897461,109.68634735328224,108.09266751818454,108.87097578166691,6028800
2021-08-03,1,109.71414184570312,109.92724701498538,108.25943362054625,108.69491862182215,5874700
2021-08-04,1,110.01992797851562,110.7704477195294,109.59371046921494,109.73269613007707,4254000
2021-08-05,1,110.46466827392578,110.48319639437791,109.55663485149194,110.32568262867215,4452300
2021-08-06,1,109.5288314819336,109.8901898928776,108.82464277920285,109.67708471160452,4338100
2021-08-09,3,109.53810119628906,110.06624096628406,108.70419443600666,109.7234106678615,4280200
2021-08-10,1,107.814697265625,110.30714997568631,105.70213816570678,109.7975383203976,5132800
2021-08-11,1,107.4718780517578,108.67641095992738,106.73989353914448,107.94442644731406,4490400
2021-08-12,1,107.20315551757812,107.43479587701032,106.03569319579384,107.064176957201,6338400
2021-08-13,1,107.01785278320312,107.03638090271689,106.08202369293618,106.61943105717684,4593200
2021-08-16,3,106.21174621582033,106.99932917588016,105.72066973331,106.64723126834184,5435900
2021-08-17,1,102.95024871826172,105.4890252461443,102.6166860130972,105.3778423904916,13398800
2021-08-18,1,102.33871459960938,104.7014492465308,102.27385557753053,103.53397978000817,9167300
2021-08-19,1,102.403564453125,102.82052133124589,99.77213342826651,100.99519421303644,12146900
2021-08-20,1,100.17982482910156,101.6530541165826,99.81846643522498,101.12491438175508,13042000
2021-08-23,3,102.81127166748048,103.1541019956206,101.24538034127518,101.99590002513833,9533500
2021-08-24,1,103.8768081665039,104.76630633968097,103.58957636960074,103.60810448880932,6719800
2021-08-25,1,108.43548583984376,110.42759437993482,107.11977027163584,107.2124250032232,22106800
2021-08-26,1,109.42689514160156,109.76045779654508,107.8054127624992,109.3157123026885,9892100
2021-08-27,1,109.78826904296876,110.5387886573526,109.04702409194309,109.64002288040489,6827700
2021-08-30,3,110.25154876708984,110.72409710227268,109.76973990684095,110.14962643853858,6434200
2021-08-31,1,110.27009582519533,111.92864190484704,109.98285692785755,111.19665740696026,8424900
2021-09-01,1,111.61360168457033,112.44750848009096,110.77969488904964,111.39122889546596,8603900
2021-09-02,1,111.91938018798828,112.47531575242571,111.6136131533612,112.0583658463737,6866400
2021-09-03,1,114.86582946777344,115.338377808756,112.3548486689536,112.65134806407724,10361400
2021-09-07,4,115.5422134399414,116.07962079358468,114.79170090512784,115.46809389424476,9739900
2021-09-08,1,112.9385757446289,114.09677756912392,112.32704885722907,113.9392638175773,7983300
2021-09-09,1,113.67056274414062,114.42107528145472,112.92931073188004,113.21654959791016,5101300
2021-09-10,1,113.93927001953124,115.20865476404718,113.865143402144,113.9855938535708,5163900
2021-09-13,3,114.5415496826172,114.98629530025048,113.22582681345033,113.91148750004989,6622800
2021-09-14,1,114.05046081542967,114.55080491396704,113.41113813599624,114.55080491396704,5110500
2021-09-15,1,112.57720184326172,113.50376317530502,112.00273127251818,113.42037604859009,5566500
2021-09-16,1,112.37906646728516,112.69538794062602,111.03933529045524,111.64407545211536,7301400
2021-09-17,1,109.55072784423828,112.08132753396434,109.49490808871536,111.82082587734038,10722700
2021-09-20,3,106.7131118774414,107.93189770050384,105.64319530726672,107.1782954638263,8991000
2021-09-21,1,106.95501708984376,107.80165468559748,106.57357021236454,107.59697275703552,8182200
2021-09-22,1,107.8016357421875,108.14586701778926,106.90848420025222,107.20620138089733,5345600
2021-09-23,1,108.09935760498048,108.82504282060115,107.54113165622196,108.82504282060115,5484700
2021-09-24,1,107.58766174316406,108.44359785806584,107.48532078397598,107.92259450084534,4455900
2021-09-27,3,108.06214141845705,108.45289390172712,107.00152347921666,107.64347195940672,5198800
2021-09-28,1,104.10808563232422,107.02943791905643,104.06156443551194,106.36887809352278,9792300
2021-09-29,1,103.84757995605467,104.99192753281667,103.28935400841316,104.480229878329,6522400
2021-09-30,1,103.87549591064452,105.45711725978808,103.87549591064452,104.6011811672666,6433400
2021-10-01,1,103.79175567626952,104.48023246926373,102.619498192683,104.20111948852144,5315200
2021-10-04,3,101.42864227294922,103.67083092500818,100.96345861217078,103.27077269281314,8514500
2021-10-05,1,101.65191650390624,102.66601328738123,101.6147009662368,102.15431561523684,8039600
2021-10-06,1,101.7263412475586,101.89380761926388,100.08890016659365,100.88901648717022,7553600
2021-10-07,1,103.11260223388672,103.93132284436652,102.7962736833372,103.27076296009211,7821900
2021-10-08,1,102.37762451171876,103.33590175087774,101.88453094967691,103.25217209610366,5143400
2021-10-11,3,102.58228302001952,103.93131253608072,102.2473502811934,102.41481665060648,5318500
2021-10-12,1,101.59608459472656,103.29865809318972,101.00065021790957,102.77765478800929,9294600
2021-10-13,1,102.32178497314452,102.386910391433,101.3635008209879,101.70773923087744,7845100
2021-10-14,1,104.7221450805664,106.75034615720074,103.41963648853108,106.19212717516568,16930500
2021-10-15,1,106.86198425292967,106.94571389938088,105.09428503596908,106.78755316843602,11558800
2021-10-18,3,107.3085479736328,107.31785363298432,105.52224467761069,105.52224467761069,6773800
2021-10-19,1,108.81574249267578,108.8343538108863,107.5783524627878,107.7365202750246,5406100
2021-10-20,1,107.5411376953125,108.88086869054648,107.50392925490108,108.74131219551992,8205800
2021-10-21,1,108.1924285888672,108.2482483629024,106.6294110326197,107.00155942184816,4640300
2021-10-22,1,106.27584838867188,108.99251890936128,106.27584838867188,108.1458813501792,6283000
2021-10-25,3,105.72693634033205,106.57357396590449,105.23384282132344,106.4340174553208,6667700
2021-10-26,1,106.22932434082033,107.27133813230108,105.80135629203488,106.93640538140149,4852300
2021-10-27,1,105.82925415039062,107.04803273997136,105.79203861583598,106.08975579413575,5394500
2021-10-28,1,107.93191528320312,107.9412138457861,105.63390685640144,105.74555349065145,5714300
2021-10-29,1,105.78275299072266,106.23863805174923,105.33618068777017,106.12699142694171,7118900
2021-11-01,3,106.17350006103516,106.378174868414,105.45711339172642,105.67110095607704,4955700
2021-11-02,1,106.1642074584961,106.80616313235906,105.63389840995588,105.6804125135696,4479700
2021-11-03,1,106.07115936279295,106.1548889980846,104.88029056217012,105.5408503781988,6073000
2021-11-04,1,109.58796691894533,109.64378668645772,104.58259331805364,105.47574508894849,14682800
2021-11-05,1,109.5972671508789,111.20679855163507,108.15519504436512,109.94149849767354,8668100
2021-11-08,3,112.49070739746094,113.7373961030586,108.89948925122286,110.14617795682052,15776300
2021-11-09,1,113.30011749267578,114.68636264558364,111.8022257194405,112.80702400797196,10874100
2021-11-10,1,109.96940612792967,112.38836665681876,109.48561828103516,111.271921697761,9046100
2021-11-11,1,109.96009826660156,112.0813342818348,109.5972556375821,110.95559085614131,6994000
2021-11-12,1,110.42529296875,110.54623815788588,109.104166057691,110.14617994995778,6947200
2021-11-15,3,109.89496612548828,111.3091210164174,109.32744161776428,111.01140382368824,5157000
2021-11-16,1,109.8577651977539,110.13687111034984,109.00182904210442,109.49492254268208,5555100
2021-11-17,1,110.76952362060548,111.22540868832144,109.32745862757704,109.78333659715412,6391400
2021-11-18,1,114.79801177978516,114.9561725051086,111.45799683590693,111.61615756123037,13229700
2021-11-19,1,115.60742950439452,116.10982864088976,113.5234018793466,113.53270753876456,9071800
2021-11-22,3,116.06330871582033,119.1707317705242,114.63054236967606,114.90034971065178,16076100
2021-11-23,1,112.9093780517578,114.62125050630542,111.19749849907087,114.17467816952748,10984000
2021-11-24,1,112.30461120605467,112.45347334838776,110.1554654876187,111.64405142026132,6992600
2021-11-26,2,108.93669891357422,110.7509193269142,108.40638986004322,109.31815289674611,6766900
2021-11-29,3,110.97420501708984,111.53242395034331,109.69030076079297,110.11826884622523,7634000
2021-11-30,1,108.9925308227539,111.80223695093792,107.6993208411356,109.87637692018598,10561800
2021-12-01,1,112.2302017211914,114.90966401345226,110.9183875557212,110.9183875557212,12924400
2021-12-02,1,113.22567749023438,114.807305878617,111.662660419509,111.96968327761208,8425500
2021-12-03,1,111.02072143554688,113.36524369344885,109.76472711530874,112.57443298056842,7809000
2021-12-06,3,110.8439483642578,111.1788811262969,108.46221058810296,110.61135656273837,5681200
2021-12-07,1,113.80250549316406,114.04440293111718,111.8859515031162,112.14645316023288,7459200
2021-12-08,1,113.31874084472656,113.70949341015752,111.74641782431344,113.16057300793278,5795700
2021-12-09,1,111.17887115478516,113.58851859530154,111.16956549608022,112.7418882047361,6103900
2021-12-10,1,110.83464813232422,112.3790611771502,110.00662184621736,111.6440701965794,5973900
2021-12-13,3,108.3133544921875,110.74161360385312,108.28544461014472,110.58345287351814,5854300
2021-12-14,1,108.1924285888672,108.8343843828328,107.2248456161292,107.40161769809426,6267300
2021-12-15,1,112.01620483398438,112.11854578701464,108.36916735660492,108.65757889797862,6700700
2021-12-16,1,108.90153503417967,112.80655734582676,108.49982195687504,112.42352544833824,9116100
2021-12-17,1,108.66798400878906,109.7610148087102,108.30364040881534,108.63995867456048,11725600
2021-12-20,3,107.3787612915039,108.94824404691872,106.41652020308004,108.29428874112055,6980800
2021-12-21,1,109.71430206298828,109.77035272826208,107.509552280544,108.4344238950649,6122900
2021-12-22,1,113.32036590576172,113.45115553199756,109.14442063630332,109.22849662709774,9300100
2021-12-23,1,112.74117279052734,113.77815298851188,111.95642774428158,113.00275209677542,6512500
2021-12-27,4,114.6282730102539,115.151438692181,113.2269493444684,113.24563765141262,6309900
2021-12-28,1,114.0303726196289,115.52512352759926,113.85287647312036,115.26353712945404,6321000
2021-12-29,1,113.4231414794922,115.04867494398,113.01208425473637,113.78748506416186,5847700
2021-12-30,1,112.49823760986328,113.5539057691386,112.283372019435,113.04008435289846,4187800
2021-12-31,1,112.3955078125,113.74078093142155,112.31143180631808,113.36709316199877,3888200
2022-01-03,3,120.32698822021484,121.0650123706984,115.84274988961664,115.96419536795564,18592000
2022-01-04,1,124.62437438964844,126.58623315156234,121.72831413991956,122.26080970072414,25554900
2022-01-05,1,118.7014617919922,122.27017312642911,118.53330265648208,122.11135814497544,17891200
2022-01-06,1,120.0186996459961,120.5138328576468,116.59946654836956,118.64540134047398,16249000
2022-01-07,1,115.37564849853516,118.7761933577656,115.19814522004486,118.22500947034948,21248100
2022-01-10,3,116.78630828857422,117.58973437202816,115.1514307906738,116.87972843438276,11857700
2022-01-11,1,120.6726531982422,121.02765976390998,117.2440829221934,118.21566820967745,12113100
2022-01-12,1,123.53131866455078,124.17592967735231,121.65355053356204,121.91512974817746,16389200
2022-01-13,1,130.03350830078125,135.46130018605658,129.7812660262754,131.4908827668101,52020000
2022-01-14,1,131.4067840576172,134.4149597582992,127.1374114573013,127.1374114573013,28255300
2022-01-18,4,125.0261001586914,128.1557144839771,124.5216156522264,127.75400853901571,15191400
2022-01-19,1,122.39160919189452,126.95992397199495,122.3262214972316,125.76412886528168,11155100
2022-01-20,1,119.88790893554688,124.01714084089208,119.76645632641872,123.24174005761442,11421900
2022-01-21,1,116.33789825439452,119.56094720215556,116.09500013854122,118.7201515145874,15573700
2022-01-24,3,117.673828125,117.77659243914924,112.22734798509552,115.62789312375772,17083400
2022-01-25,1,114.42276000976562,117.5430375157208,113.69406566243056,117.23474457579071,11370500
2022-01-26,1,114.98328399658205,118.33711534469154,113.87156489809956,117.13197609039145,13592100
2022-01-27,1,108.72402954101562,115.97354596487932,108.39705544462696,115.84275632632388,18599800
2022-01-28,1,109.87311553955078,111.73220289670334,106.6780993673588,110.90075144477328,14005900
2022-01-31,3,114.5628662109375,114.69365583586722,110.9941626003552,111.65745487749876,10189100
2022-02-01,1,114.95526885986328,115.13276503341152,112.19932769001694,114.81513504995556,6956300
2022-02-02,1,115.9828872680664,118.15026753193742,114.4881434873796,117.92605774670952,8562900
2022-02-03,1,111.9564208984375,115.7306536817361,111.40523698361844,113.4605089448944,9926800
2022-02-04,1,113.05879974365234,113.81551943362378,111.53603046445286,112.5169599641374,5743200
2022-02-07,3,114.26393127441406,115.93617839791656,113.86221819862854,114.497485222487,6562900
2022-02-08,1,115.57183837890624,115.71197217757866,113.60998657999588,113.97433018004348,7036200
2022-02-09,1,117.26274871826172,117.2907811756902,114.68431857984152,116.66485125478748,10979700
2022-02-10,1,116.50604248046876,120.19619887930308,116.1790684014582,116.59012560221451,10474900
2022-02-11,1,113.04944610595705,118.25302737357276,112.5262804568294,117.24407268686264,9845700
2022-02-14,3,111.8910140991211,113.5539240745214,110.23745540415888,112.05917321449864,8081800
2022-02-15,1,116.32854461669922,116.41262774235192,113.46984663952028,113.99300519024564,9248700
2022-02-16,1,115.46907043457033,116.1136816116768,113.57261351772172,115.03933202566628,5749500
2022-02-17,1,111.88168334960938,114.67498652465224,111.7789190440308,114.43208842714829,7976700
2022-02-18,1,111.46128845214844,112.75051085979284,110.65786226774722,112.59168875171268,8389000
2022-02-22,4,109.21916961669922,111.50799541319677,108.10745056425718,109.77035350244734,9793500
2022-02-23,1,108.2756118774414,111.57339248764828,108.14482223656924,110.75128515538027,8114700
2022-02-24,1,104.52005767822266,104.61348495713072,97.51343941015936,100.89530306011147,27539100
2022-02-25,1,103.91283416748048,105.56639311827674,102.16584792785272,104.90310070708152,14258900
2022-02-28,3,99.9704360961914,102.5488666070162,98.09266031727472,102.17518598399882,26390800
2022-03-01,1,100.9420166015625,103.80071457135664,100.0078008333944,102.76373449849,20377900
2022-03-02,1,102.3993911743164,102.73570942189518,100.7645135759476,101.26899094731576,13342400
2022-03-03,1,101.6333465576172,102.7637469184196,100.5216273783356,102.67967091032348,10841700
2022-03-04,1,98.14871978759766,101.00742527706764,96.98094991718553,99.9611009072778,22372100
2022-03-07,3,92.75830078125,97.24253298016993,92.54342798070188,96.49516451076757,29422900
2022-03-08,1,93.42156982421876,96.32698121595196,92.1323547265446,93.6177542655496,25650000
2022-03-09,1,98.04593658447266,98.76528667749562,96.0000090122716,97.63488651595982,14348400
2022-03-10,1,97.12107849121094,98.58779708427578,95.77580539222107,97.33595127188342,11811000
2022-03-11,1,94.73883819580078,98.428988163651,94.63607387621492,98.428988163651,18116400
2022-03-14,3,92.76761627197266,95.15920603908503,92.55274353781816,94.84156901392184,17959400
2022-03-15,1,95.37408447265624,95.42079811212449,91.19814597072224,91.58117072985908,13415600
2022-03-16,1,99.21343994140624,99.30731062337492,96.50991846471516,96.67888855700836,20347100
2022-03-17,1,99.96442413330078,100.0019738428107,98.33105115993092,99.26977241205437,8042000
2022-03-18,1,100.18035125732422,100.480741825756,98.4624893369756,99.23224061619928,10218200
2022-03-21,3,100.36807250976562,100.64969174440498,98.68776064333336,100.18033112792249,10366100
2022-03-22,1,100.48072814941406,101.3443500208741,99.72036619322373,99.8705578760591,10401200
2022-03-23,1,98.8943099975586,101.5602828196084,98.8943099975586,99.9738411702702,12905300
2022-03-24,1,101.30680084228516,101.36312899028528,99.34487676559704,100.2366591346598,10834000
2022-03-25,1,100.18972778320312,101.3631294115173,99.35425923491827,101.0908993743234,7432100
2022-03-28,3,99.81423950195312,100.1803402431704,98.1996376884434,99.14774822532998,8151200
2022-03-29,1,102.55531311035156,103.03406303042536,100.246059322166,101.30681192754923,14076200
2022-03-30,1,100.18972778320312,102.63978379419798,99.9832079507198,101.1847700722135,15456300
2022-03-31,1,97.87108612060548,100.5839901428325,97.80537591515578,100.40563080152252,13021600
2022-04-01,1,96.4911651611328,99.45752080259048,95.94670507770456,99.28855067883258,12085100
2022-04-04,3,98.36859893798828,99.10080035436792,96.95112786978876,97.6457795773958,9077200
2022-04-05,1,96.2189483642578,98.19026197154052,95.8528475727,98.0776199814466,12291000
2022-04-06,1,94.97981262207033,95.88098412716576,93.60928051045384,94.2663824948335,14902600
2022-04-07,1,94.36026000976562,95.0267584216894,93.54357707894005,94.26638931404574,12431000
2022-04-08,1,93.2056655883789,94.52925927852267,93.04608464025468,94.45416699591418,11796200
2022-04-11,3,91.5910415649414,92.35140356441568,90.97148919993008,92.20121187303056,12480500
2022-04-12,1,91.4690170288086,94.01295120568572,91.4690170288086,93.87214156096908,13291500
2022-04-13,1,95.28022003173828,95.956100570967,93.4027772724922,93.68439655112942,15776800
2022-04-14,1,92.33262634277344,98.0963744707864,92.3044658500694,97.6270138273855,17828500
2022-04-18,4,92.71749114990234,93.72192256234614,91.49715786890144,91.94774004094424,10277400
2022-04-19,1,93.3558349609375,93.3558349609375,91.72246182481771,92.40773155837329,10103000
2022-04-20,1,92.94281005859376,94.81086368427545,92.83955012915584,94.24763226308072,8596900
2022-04-21,1,91.67552947998048,94.48230428057812,91.44084914503708,93.63745364240688,13038500
2022-04-22,1,89.81684875488281,91.79755114919924,89.5164582438046,91.08412099968544,11650100
2022-04-25,3,90.34254455566406,90.38009427068393,88.66223240837351,89.22547097179557,10654400
2022-04-26,1,87.08516693115234,89.19728973685838,87.08516693115234,89.12219748012475,14176000
2022-04-27,1,84.7289810180664,87.01007391478915,84.69143130909005,86.21215513232208,15846300
2022-04-28,1,89.38505554199219,90.30499853100729,86.15585153707949,86.51257026340774,15176200
2022-04-29,1,87.23536682128906,89.73236164422063,87.08516798225943,87.47004713586674,10629300
2022-05-02,3,88.01451110839844,88.49325381493031,85.64892942134323,86.83172026487082,8251900
2022-05-03,1,87.8924789428711,88.28674735971782,86.84111559628157,87.09456721394136,9511900
2022-05-04,1,90.1078643798828,90.18296381006562,86.28726860231163,88.15532932826076,9082500
2022-05-05,1,86.50316619873047,88.59651061378831,85.63015513382128,88.27734882066287,11517200
2022-05-06,1,86.01502990722656,87.18843152904121,84.7383683697422,85.79912801946274,7944900
2022-05-09,3,81.95037078857422,84.66327472077717,81.67814075735187,84.4285944002622,11428600
2022-05-10,1,83.37723541259766,84.75715703223838,82.69196563155548,84.50369824069669,11690400
2022-05-11,1,82.4478988647461,85.01999338884998,82.41973836981303,83.42416993972088,11531300
2022-05-12,1,82.31647491455078,82.80460685015231,80.15741301191348,80.93655342704459,11592900
2022-05-13,1,85.38609313964844,85.76158311203706,82.75767765667915,83.42416895577807,11180600
2022-05-16,3,84.86978912353516,85.77096063728135,84.0155493737669,84.36287880420144,6729100
2022-05-17,1,87.60147094726562,87.76105184853706,86.70968858192508,87.58269967259403,7668800
2022-05-18,1,84.9824447631836,87.51699676774882,84.83225306765883,86.4280765372225,9610900
2022-05-19,1,84.68206024169922,86.4562431903224,84.07188987333318,84.33473073062902,7739000
2022-05-20,1,85.21711730957031,87.33862942405332,83.38661366420614,87.33862942405332,10469900
2022-05-23,3,85.89299774169922,86.277876906985,85.09508608029887,85.44240837281282,6920500
2022-05-24,1,83.28335571289062,84.29717644585644,83.0956071538922,84.03432846325865,8788600
2022-05-25,1,84.86978912353516,85.34853179023264,83.58373847104735,83.85596848486774,9113500
2022-05-26,1,85.42363739013672,85.7709668457123,83.58374452115878,83.93107397673437,9762700
2022-05-27,1,88.02388763427734,88.07082656108625,86.85987530053835,86.94436393641945,6279000
2022-05-31,4,89.46013641357422,90.3894684293756,88.71854577971514,89.68542750427993,9621700
2022-06-01,1,88.94384002685547,90.45518183931192,88.08021818027318,89.74175167123856,6152400
2022-06-02,1,90.43640899658205,90.46457665230228,87.8830930090152,88.2304153156027,6335000
2022-06-03,1,88.02388763427734,88.7842567097084,87.20720473805005,88.57773689074872,9137100
2022-06-06,3,87.40435028076172,89.68544357325095,87.17905914969052,89.1785331569338,9440200
2022-06-07,1,88.089599609375,88.10837804522677,86.14644688745864,86.9912974539168,7360200
2022-06-08,1,87.74227142333984,89.11280351143886,87.4324917095017,88.23979251181507,6446300
2022-06-09,1,85.28284454345703,87.77045788376799,85.23591276684829,87.30109714642164,8086700
2022-06-10,1,83.24580383300781,85.16079611366564,83.1988649040119,84.99182599590539,10460400
2022-06-13,3,80.3075942993164,81.50915618130959,79.81006609210552,80.78633691169343,14603700
2022-06-14,1,81.84711456298828,82.49482740672335,81.00226393868674,81.42468566989984,10449600
2022-06-15,1,83.66824340820312,84.30657430469508,82.01609875059289,82.14751918558741,11742500
2022-06-16,1,79.75862884521484,81.08920105561732,79.25848713194817,80.41919921335456,10505200
2022-06-17,1,80.21159362792969,80.77779167244239,79.22074165033341,80.21159362792969,9735500
2022-06-21,4,82.0517349243164,82.80667041189957,81.15525533245997,81.15525533245997,9604000
2022-06-22,1,80.12665557861328,81.32510781293331,79.78693536109311,79.8718618156743,7868700
2022-06-23,1,79.38116455078125,79.48496835803158,78.09777856986642,79.39059602445984,10370300
2022-06-24,1,81.07975769042969,81.67427170731531,79.40947251828023,79.40947251828023,10670100
2022-06-27,3,81.02313995361328,82.0989183071879,80.75891470180171,82.02342332107084,7358000
2022-06-28,1,79.58875274658203,81.91960791582727,79.58875274658203,81.29679236754312,8289200
2022-06-29,1,78.9376220703125,79.84354010421121,78.63564939234627,79.67368002288042,7981300
2022-06-30,1,77.1446762084961,77.58820026952044,75.60650360500169,76.87101227297897,14201600
2022-07-01,1,72.66224670410156,74.75718535841503,71.88844124796383,74.58732527294106,19531700
2022-07-05,4,71.82239532470703,71.86014281577675,69.58590507611144,70.35027917097705,22253100
2022-07-06,1,71.30338287353516,72.00170072309146,69.62365896438324,70.10493052024535,11530500
2022-07-07,1,76.10662841796875,76.39916243602207,73.92675609112953,74.17211115121123,15847800
2022-07-08,1,76.918212890625,77.53159719238496,75.26679749336344,75.41778030017832,10004200
2022-07-11,3,74.65339660644531,75.74804511136307,74.37973268031632,75.27621224554031,9519600
2022-07-12,1,74.6439437866211,76.88987241002887,74.4835223705482,76.5878997211165,10363700
2022-07-13,1,76.7105712890625,77.11634775225608,74.4552112632832,74.81380157045098,14706500
2022-07-14,1,78.95649719238281,79.30565604813765,75.97451770935237,78.27705682420962,23377000
2022-07-15,1,80.80607604980469,81.19298236959656,79.23959502721449,80.75889709346683,14061000
2022-07-18,3,78.87159729003906,81.23076202927498,78.67342831589518,81.21188467958541,11352500
2022-07-19,1,81.29679107666016,81.59876377397816,79.796359062151,80.21157422081212,10673100
2022-07-20,1,81.6836929321289,81.86299170197553,80.31538067689155,80.38143698163549,11664800
2022-07-21,1,82.84441375732422,82.85385243033588,81.53271899302794,81.79694424056991,7135000
2022-07-22,1,81.45722961425781,82.7878018161513,80.96652657785079,82.48582905537809,8612100
2022-07-25,3,81.43836212158203,81.8158226851556,80.80610055843891,81.43836212158203,5960900
2022-07-26,1,79.66423797607422,80.40029589745204,79.12634894125225,79.98508798259054,6977700
2022-07-27,1,82.69342041015625,82.94821417387828,80.50411633474101,80.50411633474101,9399500
2022-07-28,1,83.61821746826172,83.62765614106057,81.57989611958313,82.22158907754515,10668200
2022-07-29,1,83.49555206298828,84.18442405622969,82.84442036560787,82.87272918730291,10366200
2022-08-01,3,81.44778442382812,81.99511225881153,79.55102154679625,80.49468724865814,20102600
2022-08-02,1,81.20244598388672,82.58019720514008,79.42834964998883,79.75863124419361,15541600
2022-08-03,1,81.63652801513672,81.88187593233674,79.79637543854562,81.11750896029342,20779400
2022-08-04,1,83.43892669677734,83.43892669677734,81.74033260933871,82.09892301455832,13472500
2022-08-05,1,84.71287536621094,85.85471731538323,83.05202874843037,83.07089889653301,13293500
2022-08-08,3,82.98596954345703,84.0806180852915,82.01399495901829,83.96738280141804,12120300
2022-08-09,1,80.40975952148438,82.23103474837093,79.68314004528956,82.04230447391988,13075000
2022-08-10,1,83.67484283447266,83.67484283447266,81.44779102170305,81.91962391085596,10704600
2022-08-11,1,84.47695922851562,85.873587780014,84.2787902745136,84.89217448429058,11158800
2022-08-12,1,85.741455078125,86.20384919591665,84.59018191988713,84.62792940699622,12098800
2022-08-15,3,86.41146087646484,86.76061974909794,84.92990613520134,84.93934480732584,15949500
2022-08-16,1,84.88272857666016,86.20386202368482,83.58047247579763,86.00569308657083,10566100
2022-08-17,1,84.17497253417969,84.7128616630791,83.49553931841004,83.9862422852877,9093100
2022-08-18,1,84.24103546142578,84.61850318847097,83.43892104120356,83.71258496332136,10947700
2022-08-19,1,82.28764343261719,83.59933813617133,82.11778332426353,83.51441168179333,9602800
2022-08-22,3,80.43805694580078,81.18355366357385,80.15496157423469,80.59848557591211,8054000
2022-08-23,1,81.18356323242188,81.72145242135394,80.20214998953561,80.36257863855616,8462500
2022-08-24,1,80.74003601074219,81.27792517857091,80.40031577847162,80.96652096532125,7085800
2022-08-25,1,82.6368179321289,82.65568808124495,81.16470151471049,81.46667429776039,6602100
2022-08-26,1,79.96622467041016,82.84440776494361,79.88129821824238,82.57074386418489,9381500
2022-08-29,3,78.18268585205078,79.56987529993306,78.11662955451337,79.18297618567001,9639700
2022-08-30,1,78.1260986328125,79.24906332761245,77.12581510947093,79.06032583290698,8392300
2022-08-31,1,78.654541015625,80.0889170273933,78.3808770765429,79.37172902150915,8887100
2022-09-01,1,77.04088592529297,77.22018475580916,75.60651687996254,76.86158709477678,11566000
2022-09-02,1,76.34255981445312,78.3053862817761,76.06889588587075,76.95594398544134,8850100
2022-09-06,4,75.52156829833984,76.46523404181448,75.04029675328026,76.46523404181448,12704400
2022-09-07,1,75.4460678100586,75.66311408305579,73.82296889728762,73.97395166144406,9843500
2022-09-08,1,75.71971893310547,76.1915516907637,74.33252947365483,74.55901438104029,8181700
2022-09-09,1,76.93705749511719,77.05973863449347,76.1915607850822,76.27649443538866,7084700
2022-09-12,3,77.52212524414062,77.85240674191425,77.15409626096476,77.35226515962894,7903000
2022-09-13,1,74.37030029296875,76.56904336144646,74.09663634370939,75.88960282529895,12835100
2022-09-14,1,75.17240905761719,75.64424188213269,74.5307161282922,75.24789683784553,8849600
2022-09-15,1,74.00323486328125,75.20846512497072,73.70903909836798,74.57263504392444,10533100
2022-09-16,1,73.9178237915039,74.02221467347385,72.99728996339597,73.1776028032198,10604500
2022-09-19,3,74.240478515625,74.240478515625,72.64615381652486,72.64615381652486,10378600
2022-09-20,1,74.16456604003906,74.43977770518762,73.55720486188926,73.5856737858156,8202800
2022-09-21,1,73.2060775756836,75.2654119748516,73.2060775756836,73.62364113692207,10869000
2022-09-22,1,71.7730712890625,72.83595691505326,71.5168437468919,72.55125321013838,10817900
2022-09-23,1,70.10285186767578,70.59633022540143,69.36262347061022,70.51092343361583,12685500
2022-09-26,3,69.28668975830078,70.40651324367558,69.20127574959186,69.72323013526844,13441500
2022-09-27,1,69.30567169189453,70.26416652458985,68.66034951349323,69.76119621089641,12430600
2022-09-28,1,68.4515609741211,68.60340487887659,67.09448684671132,67.48358142241037,12943600
2022-09-29,1,65.74691772460938,67.07552319167232,64.98771977222863,66.92367925700579,16120300
2022-09-30,1,65.06363677978516,66.0980537100856,64.28545468813644,64.35188460180215,10472400
2022-10-03,3,65.71844482421875,66.02212543487683,64.20004177092834,64.60811327027984,11945100
2022-10-04,1,69.09687805175781,69.21076097202274,67.11346606260572,67.189388009449,14900700
2022-10-05,1,70.68173217773438,71.08980367393349,68.87862539824256,69.20128287693558,14037100
2022-10-06,1,70.55835723876953,71.09928854904247,70.09334789071798,70.19773877869318,11796800
2022-10-07,1,66.19295501708984,68.35668056027289,66.19295501708984,68.14789875517316,14758600
2022-10-10,3,64.00074005126953,66.31630155833925,63.59266862841584,66.28783263772641,16042200
2022-10-11,1,60.21421813964844,61.59976474324259,59.42654421198119,60.92596649839867,28699300
2022-10-12,1,60.8405647277832,60.9544476602653,60.13830112477588,60.35657131512946,16468700
2022-10-13,1,63.22256088256836,66.61998496005856,59.1418464795817,59.844110052701566,36639300
2022-10-14,1,60.66025924682617,64.01023808329555,60.527399429652434,63.829932468740914,19440900
2022-10-17,3,61.58079147338867,62.01733189510702,60.77414053672832,61.66620549085357,11280100
2022-10-18,1,60.46096420288086,62.73857224601752,59.57839135767727,62.53928253778656,16656100
2022-10-19,1,60.413516998291016,60.84056897451234,58.999501259282255,59.540436175934815,12385200
2022-10-20,1,60.33759689331055,61.950898680489715,60.14779561830176,60.49892562396518,11300900
2022-10-21,1,60.498924255371094,60.52739317892302,58.85714996097765,58.85714996097765,13699000
2022-10-24,3,58.16438293457031,58.47755197853094,56.636487835426074,57.490591810152175,25010800
2022-10-25,1,58.02202606201172,58.23080782008731,56.47515060569136,56.90220255622865,21700600
2022-10-26,1,57.737335205078125,58.81919790607479,57.34824417015549,57.756315697044926,14006000
2022-10-27,1,57.84172058105469,59.265224761293155,57.80375960074366,58.695820917102765,12937600
2022-10-28,1,58.84766387939453,58.86664437040838,57.00659969295327,57.67090239780396,11972300
2022-10-31,3,58.41111755371094,59.09440068064204,57.95559667580958,58.44907853190892,10802800
2022-11-01,1,58.43959045410156,60.19524407465453,58.43959045410156,60.03391172640755,11561900
2022-11-02,1,57.433650970458984,59.68278663510963,57.433650970458984,59.312676115375055,16547200
2022-11-03,1,57.20588684082031,57.78477912010462,56.399235919949,56.94016721891604,11040900
2022-11-04,1,59.293697357177734,59.31267784850829,57.908154071474634,58.37316343851815,14662800
2022-11-07,3,59.55941390991211,59.720746267784406,58.80970445206744,59.42655409763985,8507100
2022-11-08,1,61.704158782958984,62.396934011718194,60.94496088822319,61.08731275608514,14102800
2022-11-09,1,61.685184478759766,63.20358757171198,61.6377314407262,63.13715766265523,15086800
2022-11-10,1,67.22736358642578,67.25583975598116,63.88687648338156,64.28545597334431,21367900
2022-11-11,1,70.06487274169922,70.79560165230438,68.68881444984821,69.03045600918252,15524700
2022-11-14,3,69.08741760253906,69.92253759137685,68.5559710275351,69.504973976799,11575300
2022-11-15,1,76.35675811767578,78.70079599868029,75.92970978904546,77.7423012224932,48742400
2022-11-16,1,75.39826202392578,76.46114766014955,74.8763148803114,76.45165560581006,24006600
2022-11-17,1,77.32475280761719,78.71029605326052,74.67703407617437,75.25592637446384,24278400
2022-11-18,1,78.07444763183594,78.61537887213721,76.86921740881937,78.55844102799473,18578400
2022-11-21,3,75.85380554199219,76.8977073314817,75.4172650569445,76.68892552552022,18659700
2022-11-22,1,78.33069610595703,78.94754940650564,77.08750468938838,77.20138039758267,16504700
2022-11-23,1,77.78976440429688,78.71978313831181,77.56200574866504,78.23579690013382,14683800
2022-11-25,2,77.24882507324219,78.16935889651374,77.24882507324219,77.95108507890978,5908300
2022-11-28,3,75.18000030517578,76.94514602972941,74.86682765461899,76.17644886560669,13214200
2022-11-29,1,75.28439331054688,76.11951316191923,74.93325967060336,75.83481666819345,11502300
2022-11-30,1,78.74824523925781,79.17529354732626,76.36624649523846,76.51808315843236,21667300
2022-12-01,1,78.46354675292969,79.3650964588853,77.00208166597963,78.80518831820717,15975100
2022-12-02,1,77.34371948242188,77.9700647351772,77.01156998792253,77.63790800036189,10519800
2022-12-05,3,77.45761108398438,77.98905033468144,76.82177370582409,77.76129169014223,11523300
2022-12-06,1,75.5026626586914,77.28679260865961,75.12306731984599,77.24883162671168,13992100
2022-12-07,1,75.198974609375,75.64500705277301,74.58212138425684,74.9712159805202,14925300
2022-12-08,1,76.67942810058594,76.8407568367312,75.0661190181833,75.39826854563434,11197500
2022-12-09,1,76.57502746582031,77.99853146536647,76.57502746582031,76.72686412747439,13787900
2022-12-12,3,76.32830047607422,76.32830047607422,74.78142841761351,75.720939223653,11516600
2022-12-13,1,76.40422058105469,77.90363956375653,75.56909344908614,77.90363956375653,16938000
2022-12-14,1,75.93919372558594,77.3532129775772,75.46469237022899,76.69839879028348,17910000
2022-12-15,1,74.06956481933594,75.59657409336941,73.85959967890236,75.59657409336941,17080200
2022-12-16,1,72.81932067871094,74.49902709103071,72.75251425641815,74.06955827362764,11929100
2022-12-19,3,72.62845611572266,73.60192966402333,72.30396978719278,73.41104892839793,12561300
2022-12-20,1,72.17034149169922,72.72387730334545,71.48318555298916,71.68360482155393,12080600
2022-12-21,1,73.62100982666016,73.88823555968025,72.31350416854886,72.39940231493682,10806100
2022-12-22,1,71.84586334228516,72.9434039083251,70.6433401919328,72.80024517686674,13019700
2022-12-23,1,71.47364807128906,71.91266279881833,70.78649205207634,71.47364807128906,7452600
2022-12-27,4,70.92965698242188,71.33049560162078,70.77695967664131,70.93920283945674,8974800
2022-12-28,1,69.72712707519531,71.14916109978267,69.51716192894189,70.80558309343249,10275700
2022-12-29,1,72.53300476074219,72.57118090016823,70.76740018007388,70.95827359584999,11142500
2022-12-30,1,71.09188842773438,71.16824070871786,70.29021132147054,70.90101500662992,7784100
2023-01-03,4,70.65287780761719,72.50438068076713,70.40473652079133,72.38985225268873,9276200
2023-01-04,1,72.83841705322266,73.11518864278582,71.07281221904188,71.56908754012937,12316400
2023-01-05,1,72.27534484863281,72.95295512722494,71.90312920694241,72.53302475911192,10039200
2023-01-06,1,74.50857543945312,75.14800940013325,72.67616441122614,73.01019653386842,13744100
2023-01-09,3,76.64640045166016,77.51489138951163,76.40780500034123,76.88499590297909,22247600
2023-01-10,1,77.56259155273438,77.85845480815897,76.78954476559292,76.83726675944159,10269000
2023-01-11,1,78.04934692382812,78.15432951036902,76.95180633449057,77.84892760807433,11771400
2023-01-12,1,83.03121185302734,84.7777321947024,80.56890520227446,81.08427221857308,36086800
2023-01-13,1,82.84034729003906,83.12665747552577,81.0270203232006,81.51375710429036,18719900
2023-01-17,4,84.93041229248047,85.63665988369107,82.22951803355184,82.28677859665142,21850000
2023-01-18,1,85.38853454589844,87.05870257335505,85.28355197309278,86.35246213195273,19209800
2023-01-19,1,84.36734771728516,85.90390290929844,84.23373485548878,84.96860559536889,13651100
2023-01-20,1,86.87738037109375,86.87738037109375,85.13085980327743,85.8943682110289,14287200
2023-01-23,3,91.296142578125,91.36294899537825,87.53587694067694,87.57405307644356,22875100
2023-01-24,1,90.24633026123048,93.52940560431324,87.37364661738748,91.42022294352954,11370500
2023-01-25,1,88.19442749023438,88.75750926904112,86.96327406854631,88.45210737786424,14147300
2023-01-26,1,89.18697357177734,89.97911218909373,88.41392666743644,89.60690388097737,15759400
2023-01-27,1,89.04381561279297,89.82640831633199,88.03216605844652,88.58570919253266,13646600
2023-01-30,3,88.8815689086914,89.95047907978669,88.35666332000953,88.61434318625629,14079800
2023-01-31,1,88.49981689453125,88.5284471800777,85.89435168948752,86.84873337492627,13342100
2023-02-01,1,90.4181137084961,91.40112562369578,88.34710731614786,88.75749170885155,16788500
2023-02-02,1,92.24099731445312,93.05222034322566,91.46794314797268,92.19327531455566,14925300
2023-02-03,1,90.34178161621094,92.527309456426,90.00774217246637,90.7044440666117,12242200
2023-02-06,3,87.64087677001953,87.85084191744889,86.60059688903443,87.61224648288912,12425200
2023-02-07,1,90.2367935180664,90.3799449493638,87.49771539135459,87.59315210600437,15258900
2023-02-08,1,89.97911834716797,91.56339569022698,89.93140362417383,90.68535886713912,12899700
2023-02-09,1,92.2791748046875,94.073409894149,91.25798661163226,91.62064905953848,16997400
2023-02-10,1,91.0193862915039,92.09783500236834,89.95047615516286,91.5729221493985,11511400
2023-02-13,3,91.7256317138672,91.99285744216826,90.58037651218974,91.11482796879189,7803500
2023-02-14,1,93.4912338256836,94.47424584707385,90.87622991227344,91.44885749662792,15345100
2023-02-15,1,88.5284652709961,89.40649485350129,86.62924008628842,88.1180807711406,30208300
2023-02-16,1,86.67695617675781,87.60270770264202,85.77983494031656,86.82966076226076,15568400
2023-02-17,1,85.98979187011719,86.18067258371667,84.88271285665904,85.86572486729355,11235300
2023-02-21,4,83.64202880859375,85.340827418978,83.48933149149202,84.34826937307075,14007600
2023-02-22,1,82.86894989013672,84.07146537380552,82.70670677777154,83.74697914907519,10106400
2023-02-23,1,85.970703125,87.79356833992773,85.37898386456908,86.18066825874499,15468300
2023-02-24,1,84.09059143066406,84.12876758117095,83.26027654019077,84.07149971473252,8817600
2023-02-27,3,83.3175277709961,84.79681508065524,83.26025991599208,84.65365636517731,10609400
2023-02-28,1,83.09801483154297,84.12874882131707,82.93577168908442,83.16482125969381,7520400
2023-03-01,1,84.38642883300781,85.93252982050744,84.24327012060616,84.97814811296918,8176700
2023-03-02,1,84.96861267089844,85.26446870646205,83.1457471723937,83.64202251734126,9761600
2023-03-03,1,85.69393920898438,85.75119978462082,83.87106655010423,84.62502901518909,10844000
2023-03-06,3,85.49352264404297,87.16369077944044,85.42671620988128,85.97071353987083,9960000
2023-03-07,1,84.79681396484375,86.12340396686379,84.2719083901381,85.84663239560969,8761100
2023-03-08,1,86.6865005493164,86.69603912473046,84.11921118001355,84.31963048403773,8813000
2023-03-09,1,84.82544708251953,86.5528829965309,84.5295910708769,85.61758568033903,10354700
2023-03-10,1,83.26979064941406,85.10220148695372,83.22206865913664,84.01420709707996,11928800
2023-03-13,3,83.73746490478516,84.93998812374367,82.37269851221684,82.43950495319476,11847600
2023-03-14,1,85.21675109863281,85.54123741292776,83.70882611944337,84.01422800169077,11100100
2023-03-15,1,82.7448959350586,83.26026296081317,81.54238015631958,83.22208681653264,12171500
2023-03-16,1,85.66995239257812,85.83304012541873,82.33141138780663,82.45612424481547,13184600
2023-03-17,1,85.83303833007812,86.3702719419673,85.38214269756013,85.43970135047425,13287700
2023-03-20,3,86.37987518310547,86.69646244084487,85.05597481336751,85.58361292367351,8217500
2023-03-21,1,88.73988342285156,89.21955846838048,87.10899119575734,87.30085828626478,12299700
2023-03-22,1,88.85498809814453,91.16701749193932,88.77823835148729,89.69921335359821,12812400
2023-03-23,1,90.7449188232422,91.92492261961132,89.63207655768196,90.64898528092392,11169700
2023-03-24,1,89.0180892944336,90.35158523759644,88.34653988842264,90.1309315123726,7653700
2023-03-27,3,86.97468566894531,88.43289463550644,86.86915656986899,88.2985862038203,9349800
2023-03-28,1,87.11858367919922,87.1761496645696,86.26476264202218,86.97468701392498,7521300
2023-03-29,1,88.98931884765625,89.43061902289394,87.73256521806097,88.02996873124548,9264000
2023-03-30,1,88.71109008789062,89.7184031329378,88.28897377229418,89.55531539982432,10232800
2023-03-31,1,89.23873138427734,89.46898064796419,87.42556051848527,87.53108960119354,8701800
2023-04-03,3,89.06605529785156,89.79516338662862,87.98199237422702,89.22915036929882,6863600
2023-04-04,1,88.42329406738281,89.48817322908339,87.99158946421129,89.25793126200927,6338400
2023-04-05,1,86.53336334228516,88.43287948088096,85.43011674524818,87.87645474824328,9171800
2023-04-06,1,86.57173919677734,87.21450923896828,85.7658887356559,86.0153217771142,5874500
2023-04-10,4,85.40132141113281,85.41091695913582,82.95498365698367,84.82571295834822,12232900
2023-04-11,1,85.61239624023438,86.18800480522343,84.87369992369608,85.03678767524531,11079200
2023-04-12,1,83.33873748779297,85.86182536354235,83.32914193835964,85.29581237439047,11299100
2023-04-13,1,83.51140594482422,84.06782328569079,82.4753063678864,83.04131925648157,7910500
2023-04-14,1,83.65531158447266,84.77775657347713,83.02214443202371,84.37482403727235,7656400
2023-04-17,3,84.41320037841797,84.47076635273747,83.61694547946755,84.18295843891781,8163600
2023-04-18,1,84.55712127685547,84.80655436419065,83.94313776900022,84.61467994344791,8468200
2023-04-19,1,83.68411254882812,83.82800920860096,82.54248358622755,82.72476244762036,11191300
2023-04-20,1,85.66036224365234,88.14507522650173,84.51873340328392,84.72979157403367,19206300
2023-04-21,1,81.89971923828125,84.33646932793725,81.81337392477731,84.21174913279381,13175400
2023-04-24,3,81.19937896728516,82.46572060515905,80.57580003758576,81.92848697674566,10567600
2023-04-25,1,78.94490814208984,80.0097871704887,78.9161288147157,79.88506699285507,13423700
2023-04-26,1,78.90652465820312,79.03123750297301,77.90879994226863,78.89692911037207,11583500
2023-04-27,1,80.26880645751953,80.45108528540834,78.82019334082752,79.53011023584115,10013700
2023-04-28,1,80.87321472167969,81.07467736029295,80.31678991831339,81.04589802895681,8262600
2023-05-01,3,80.56622314453125,81.24736082475872,80.48947338131288,80.87321487814448,4931100
2023-05-02,1,79.58767700195312,80.63337233267276,79.19434729867571,80.10572689250326,6875000
2023-05-03,1,79.33824920654297,80.35516527508256,79.08882345398106,79.26150676227947,7151600
2023-05-04,1,80.09612274169922,80.3551513187882,79.28067677385349,79.6260433304661,7290600
2023-05-05,1,81.5159683227539,82.09157684231974,80.3455601853897,80.87320559789305,6865000
2023-05-08,3,82.06279754638672,82.06279754638672,80.97873471212529,81.06507269642725,6746600
2023-05-09,1,81.6023178100586,82.0052504178874,80.87321699815223,81.78459667266543,7287800
2023-05-10,1,81.44881439208984,81.68865188598924,80.74848568942942,81.07466848714752,7442300
2023-05-11,1,80.03857421875,80.71971186959433,79.1751577179403,80.71971186959433,8730900
2023-05-12,1,80.03857421875,80.51824923928206,79.57808297856484,79.99060378899281,5069800
2023-05-15,3,82.17793273925781,82.18752097035065,79.84671171313214,79.94264525888316,8707300
2023-05-16,1,82.38899230957031,83.22362961615919,82.11077987404069,82.20672074918005,11283200
2023-05-17,1,87.18572235107422,88.06832988319998,84.48035573736857,84.71060499927584,23215600
2023-05-18,1,88.88378143310547,89.60329395309402,87.36800663437387,87.54068993194151,14879000
2023-05-19,1,88.8166275024414,89.01809013035859,87.83808637340381,88.38491559753898,9295200
2023-05-22,3,87.9915771484375,88.68231027224134,87.49271108379733,88.3273481616035,9259800
2023-05-23,1,86.76361846923828,87.62702763499769,86.65808938111039,87.30085214024588,7656700
2023-05-24,1,86.4662094116211,86.48540050964002,85.55482987572529,85.6507634080418,9443900
2023-05-25,1,96.84638214111328,98.2086647398847,93.03776868826922,93.11451112766746,60793200
2023-05-26,1,99.01451873779295,100.19452253115576,96.63533468961673,96.75045201240133,26135800
2023-05-30,4,97.8345184326172,100.96199423346582,97.40280653129992,99.57093962971643,25248000
2023-05-31,1,94.58231353759766,95.91581677908276,94.073859205718,95.67597927768598,22206700
2023-06-01,1,94.82215881347656,96.50102146090435,94.59191684265078,94.6686666060128,14998500
2023-06-02,1,94.91809844970705,97.18216520478296,94.61110671948964,97.13419477348702,13085100
2023-06-05,3,94.06427764892578,94.7933784350312,90.41874444135792,94.02590276766864,10568500
2023-06-06,1,95.76231384277344,96.51060564930889,93.45987244779246,93.6421512845032,13827600
2023-06-07,1,96.21320343017578,98.83222458781304,95.49369099709274,97.25889131967884,14367500
2023-06-08,1,95.87743377685548,96.60653444945808,94.62068039892434,94.9660469572136,9074200
2023-06-09,1,98.62117767333984,100.42475294231504,98.093532273748,98.52523682304368,14902400
2023-06-12,3,102.70800018310548,103.02458741360526,100.06978790079192,100.09856722733572,20568100
2023-06-13,1,102.4585952758789,106.19046664009836,102.40102929184457,105.52851271815746,17858600
2023-06-14,1,103.04379272460938,103.32199779908083,100.9428137659962,101.71988496690352,12862600
2023-06-15,1,101.32706451416016,102.75285264112412,101.22109342736276,102.37713229253237,11987900
2023-06-16,1,100.7394027709961,101.87617743256172,100.52746061122558,101.56789993196335,11430800
2023-06-20,4,100.1710205078125,101.03804593723254,99.29435198928562,100.36369119214685,9295500
2023-06-21,1,97.91674041748048,99.9301837189865,97.89747628800278,99.37142841522731,9340400
2023-06-22,1,99.35215759277344,99.64117098626082,97.61809928159686,97.70479888969352,8575900
2023-06-23,1,98.1768569946289,98.44659891520466,97.30982414283818,97.80113663392284,8919000
2023-06-26,3,96.44279479980467,99.26546402837938,96.4235233191104,98.28282431062772,8560000
2023-06-27,1,98.34062957763672,99.02462013126292,96.35608604818768,97.44469683980483,9732000
2023-06-28,1,97.2231216430664,98.1479542774336,96.54876681068922,96.8185087436401,8160900
2023-06-29,1,96.953369140625,97.80113045889608,96.35607824712216,97.62772389948658,7383900
2023-06-30,1,97.2231216430664,98.15759001787224,96.7318091294415,97.68554163520822,11704600
2023-07-03,3,99.3714370727539,99.8820210724286,98.33099759233194,98.50440417240226,5638400
2023-07-05,2,97.29054260253906,99.31361414757812,97.26164273545378,97.68552705247892,9010800
2023-07-06,1,95.76842498779295,95.91292432080694,94.9880918399415,95.46977588309528,9140800
2023-07-07,1,96.55838775634766,98.20574632295882,95.37344176111051,95.45051297297796,8036600
2023-07-10,3,96.11524200439452,97.0593460736146,95.75880047462134,96.57766197399368,8041600
2023-07-11,1,97.5506591796875,98.58146278772752,96.47168422504404,98.58146278772752,7677800
2023-07-12,1,100.09395599365234,100.60453995623696,98.9957168496246,99.0631523286468,10202000
2023-07-13,1,101.70277404785156,101.7798452628813,98.76449828660432,101.15365450311698,9265900
2023-07-14,1,101.28852081298828,103.36939942394284,101.01877892266052,102.11701796180368,9518300
2023-07-17,3,100.95135498046876,101.18256129145529,98.8319405216914,100.84538389003409,10722600
2023-07-18,1,99.3714370727539,99.93019242519344,98.27319784894732,99.89165681296488,10343600
2023-07-19,1,99.2847137451172,100.9513437872302,98.8126654354671,100.09394676871835,11204800
2023-07-20,1,94.27520751953124,96.77032749405164,93.494881671887,94.93993389340044,22810200
2023-07-21,1,93.6875457763672,94.4004360975633,92.8012489067812,94.2944650207742,15381200
2023-07-24,3,94.65091705322266,94.6701811815099,93.23476475185971,93.7068130690089,9054900
2023-07-25,1,96.64510345458984,97.1942230682556,95.479428743121,95.87440590737774,9202200
2023-07-26,1,95.76842498779295,96.46204383600563,94.95919197333872,95.84548884876202,8993500
2023-07-27,1,95.71060943603516,98.0323298465659,95.28673251350752,97.78185210831236,8049800
2023-07-28,1,97.16531372070312,97.29054893619735,96.12487433840758,96.44278759687276,6758700
2023-07-31,3,95.5179672241211,96.12488659958431,94.81470513992556,95.5468670967741,8647900
2023-08-01,1,94.79542541503906,95.55648711935204,94.4967762969444,95.50831577290968,6428500
2023-08-02,1,92.19435119628906,93.92841722345835,91.7223027471942,93.92841722345835,9820900
2023-08-03,1,91.5007095336914,92.30029950712354,91.11536080618151,91.36583123163464,8571700
2023-08-04,1,92.63748931884766,94.00547039412592,91.64521390235772,91.78972060184002,7562600
2023-08-07,3,92.8205108642578,93.38890184010258,91.7415433438718,93.1865954300302,6601400
2023-08-08,1,91.02865600585938,91.4236404821328,90.23869440322838,91.40436900284756,7659000
2023-08-09,1,90.53734588623048,92.33883970068962,90.27723235852912,92.31957557081944,6426900
2023-08-10,1,91.3272933959961,92.45443224207511,90.8263378977955,91.95347674387452,7459600
2023-08-11,1,88.62023162841797,90.0749195529717,88.60096749990956,90.0749195529717,10658400
2023-08-14,3,89.6606674194336,89.87260957422045,87.9555091421384,88.3312221074732,7489700
2023-08-15,1,88.32159423828125,89.31386227872811,88.13855193376222,89.13081997420906,6069500
2023-08-16,1,88.41792297363281,89.32349133890537,87.97477452996537,88.09038134784548,7439500
2023-08-17,1,88.2830581665039,89.51616824330826,88.00368051630358,89.51616824330826,7712500
2023-08-18,1,87.7628402709961,87.98441818772999,86.27925238262739,86.7705722154436,9066200
2023-08-21,3,89.16934204101562,89.50652672969359,87.18480626151086,87.18480626151086,8618300
2023-08-22,1,88.86107635498047,90.06528654596265,88.44682775528597,89.9304155925659,7059000
2023-08-23,1,90.7685546875,91.61631607347807,89.8244505997767,90.35430605971062,10362600
2023-08-24,1,89.14044952392578,93.23476396761568,89.08264978963484,92.99392194151628,12254400
2023-08-25,1,89.68958282470703,89.98823198088175,88.0614954761623,88.87072128018455,10356000
2023-08-28,3,90.5566177368164,90.70112444786912,89.83409153146947,90.38321115353646,5174800
2023-08-29,1,91.59705352783205,92.1172732566087,90.08456569320806,90.33503614231375,8910300
2023-08-30,1,91.30802917480467,92.406268242856,91.163522486921,91.953484050781,6073400
2023-08-31,1,90.1423797607422,90.94197728666995,89.8533663044086,89.9208017975641,8661200
2023-09-01,1,89.77629089355469,91.11537219281104,89.6799481872006,90.84563025481935,7094600
2023-09-05,4,91.13463592529295,91.56815605223944,89.46801295145947,89.97859695326876,6396500
2023-09-06,1,88.8803482055664,90.51807113218264,88.23488595456557,90.41210004693993,7933700
2023-09-07,1,86.75131225585938,86.98251857362754,85.19065307361247,86.77057638654159,14684400
2023-09-08,1,86.3563232421875,87.73394003637556,86.04804571795948,87.42566251214754,5820800
2023-09-11,3,86.31778717041016,87.07884891206425,85.89391017056532,86.79947125880521,7268600
2023-09-12,1,87.1655502319336,88.21561794875522,87.10774314712242,87.14627875369139,8242600
2023-09-13,1,87.87845611572266,88.52391110256069,87.16556564294507,87.28116513317472,5757800
2023-09-14,1,88.5766372680664,89.9904539029324,88.38295920215565,89.84519720051503,6506300
2023-09-15,1,86.42686462402344,88.2570799897224,86.04920160494672,87.64701066384384,19940500
2023-09-18,3,86.0201416015625,86.83356727352826,85.6327928771711,85.7393139610803,6647400
2023-09-19,1,85.38101959228516,86.02982449165583,85.01304234817854,85.65216149721243,7172100
2023-09-20,1,84.52886199951172,86.4946482851645,84.52886199951172,85.71995076137063,6935300
2023-09-21,1,82.65989685058594,83.41522274303261,82.65021110148584,83.31838741621722,10652500
2023-09-22,1,82.93103790283203,84.02529112236941,82.74704561205445,83.52174299505943,7967200
2023-09-25,3,83.51206970214844,83.51206970214844,82.3306593414825,82.68895822747454,8758000
2023-09-26,1,81.62374877929688,82.53401716577088,81.36228525259962,82.26286788932794,8877600
2023-09-27,1,82.73738098144531,82.85358043653619,81.43976375778064,82.47591743136479,7860700
2023-09-28,1,83.67670440673828,84.37392334391433,82.29193750746074,82.55339368539383,6647700
2023-09-29,1,84.15120697021484,85.24546049240645,83.95752887686423,84.97431854977943,7338300
2023-10-02,3,84.8774642944336,85.62310447059956,84.26738767132653,84.42233011150046,6305000
2023-10-03,1,82.70832824707031,84.55790759434838,82.36939347998411,84.2480300780894,8201700
2023-10-04,1,83.92847442626953,84.01563141053335,82.67927849762009,82.7664354818839,7658500
2023-10-05,1,84.2770767211914,85.15829526104964,83.79289265878027,84.08340605145195,6651700
2023-10-06,1,86.46559143066406,87.17249603001822,84.61600475146511,85.30354523891832,9777100
2023-10-09,3,86.17508697509766,86.51401437899207,85.2551401090895,85.99110203473401,4781300
2023-10-10,1,87.74382781982422,87.79224917656573,86.32032563313986,86.44621081738136,7182900
2023-10-11,1,89.0898666381836,89.09955238799739,87.7631996600647,88.37327630127308,8051700
2023-10-12,1,89.49657440185547,90.48431396114044,88.93491915348261,89.58373136911567,8897800
2023-10-13,1,87.59858703613281,90.00014343797827,87.34680923389233,89.8161511146414,7985100
2023-10-16,3,88.33453369140625,88.99302425338712,87.5695220541004,87.6179434112706,8791800
2023-10-17,1,88.12149810791016,88.79935283043837,85.71994194169439,86.96913769154983,7997100
2023-10-18,1,86.76579284667969,87.16282737144296,85.77806049239656,86.06856653162649,9982700
2023-10-19,1,89.97108459472656,91.7625641195858,89.43847917930734,90.14538376188663,22751600
2023-10-20,1,88.42169952392578,91.33648992555028,88.20865733411053,89.08987595778942,12197300
2023-10-23,3,88.22801971435547,89.34164452630893,86.33970484178485,87.13376640205331,8227900
2023-10-24,1,88.74126434326172,89.08987749843108,87.98593830308255,88.31517995626288,7374800
2023-10-25,1,84.8677749633789,87.97623550458077,83.93814252575365,87.9278215351162,13027100
2023-10-26,1,84.68379211425781,85.3519685047151,83.8025809358877,84.36423623835722,9377300
2023-10-27,1,83.26996612548828,85.00334581270137,83.17313079859531,84.77093955054586,12480700
2023-10-30,3,83.33775329589844,85.50690308054334,83.27965357618793,84.54821337694769,9785500
2023-10-31,1,83.57984924316406,83.69605607611274,82.26286802199525,83.42491418729487,9004900
2023-11-01,1,85.0227279663086,85.09051344243501,83.60890394184999,83.7347965318439,9508800
2023-11-02,1,87.61795806884766,88.16992764784234,86.63990411727355,87.54048683963993,11032600
2023-11-03,1,88.88650512695312,89.52562420485427,87.96655103698154,88.75093418957827,9226700
2023-11-06,3,89.67089080810547,89.68057655843538,88.40233087321114,89.0898713853786,8402700
2023-11-07,1,89.48690032958984,90.10665532713185,88.84777383258957,89.33195788617317,6241300
2023-11-08,1,89.0898666381836,90.48431908887429,89.02208116561182,90.37779800510972,6537700
2023-11-09,1,88.72189331054688,90.41653758733118,88.7025218100685,89.6999398308858,8166000
2023-11-10,1,94.3577880859375,94.65797982657848,90.64893656614484,91.06533513609624,19281700
2023-11-13,3,93.37006378173828,94.1060257116458,92.69220897002305,93.94140488423828,9526300
2023-11-14,1,95.78130340576172,96.53662942911498,94.85166342064356,94.90008478647415,13873200
2023-11-15,1,95.67477416992188,97.51466770590834,95.30678955227457,96.78839160863076,10422900
2023-11-16,1,95.4229965209961,95.9652803102084,94.81292725813223,95.13248312645376,8459000
2023-11-17,1,96.43009948730467,96.565670433516,95.20995358334036,95.81034447946368,7243000
2023-11-20,3,96.79808807373048,97.40815740327324,96.3913751873686,96.73998834369688,6448900
2023-11-21,1,95.29711151123048,96.98206999392984,95.13248331369913,96.83681329637278,10112600
2023-11-22,1,95.52952575683594,96.49789397051282,94.85166357442424,95.5973112362708,7413500
2023-11-24,2,94.73545837402344,95.60699119111057,94.3868452471886,95.36489915236764,4297600
2023-11-27,3,94.13507080078124,94.4643198269552,93.37005904462202,94.33842723397856,6856100
2023-11-28,1,94.8807144165039,95.14217056578444,94.16411666739212,94.77419332915116,6358100
2023-11-29,1,95.7522430419922,96.5753619059866,95.48110113350302,95.86844988337164,7091100
2023-11-30,1,94.2319107055664,95.84909127503649,93.83488357049576,95.80066990799853,9681400
2023-12-01,1,95.43267822265624,95.65539874603658,93.9510688390161,94.60955943572432,7500400
2023-12-04,3,93.94139862060548,94.12538354976746,92.23706856584924,93.9801342341298,10619400
2023-12-05,1,93.63151550292967,93.9510713662915,92.84713230506456,93.40878758549576,8009600
2023-12-06,1,94.75482177734376,95.45204802579626,94.36747304064096,94.70640780279506,11262300
2023-12-07,1,96.1492691040039,96.48819645987018,94.79355229247656,94.8613377636498,11373700
2023-12-08,1,97.17575073242188,97.195122234403,95.82003372821184,95.98466194279818,10572500
2023-12-11,3,97.75674438476562,98.00852212760208,96.22672859506436,96.42039923536234,9482800
2023-12-12,1,98.3862075805664,98.4346289457612,96.78839857395778,96.98207664667392,7378600
2023-12-13,1,98.88976287841795,99.43204670423468,97.71803824731371,98.19253659490334,8988800
2023-12-14,1,100.64978790283205,101.00004393130638,100.01738819525136,100.5524962111181,10074500
2023-12-15,1,99.76443481445312,101.92434475294918,99.61849354941508,100.6984485186631,16379200
2023-12-18,3,100.14387512207033,100.51358655100448,99.31688453823706,100.05630739610535,5660600
2023-12-19,1,101.05843353271484,101.16545662962274,100.29954045749128,100.44548171899125,8498500
2023-12-20,1,97.33210754394533,100.29954536622874,97.23481583914412,99.9201025214872,10814100
2023-12-21,1,99.77416229248048,99.93955892234904,98.42178764048522,98.55799750306886,9068200
2023-12-22,1,100.35790252685548,100.78598741103374,99.92981021979767,100.1438563733266,5566400
2023-12-26,4,101.62271118164062,102.11890841770038,100.76653397400466,100.80545213201717,6407500
2023-12-27,1,101.81730651855467,102.51781854830304,101.26273573215056,102.20648069317932,5889700
2023-12-28,1,101.86595153808594,102.6637552783812,101.86595153808594,102.15783403304673,5335100
2023-12-29,1,101.18489837646484,102.1286433278292,100.86382912897142,101.8854103990396,4409600
2024-01-02,4,98.78175354003906,99.84225294463457,97.86719537387702,99.48226554621596,9020900
2024-01-03,1,97.45857238769533,98.50934046750665,96.96238253574016,97.62396900501368,6650600
2024-01-04,1,96.44672393798828,97.72126960755232,96.4369999647369,96.83589813157364,7996700
2024-01-05,1,96.91374206542967,97.91586068216336,96.12566964312089,96.32025304375388,7347300
2024-01-08,3,99.47254180908205,100.00765725024236,97.779642612408,97.9061210699185,12455600
2024-01-09,1,99.13201904296876,99.20985536730964,97.4974933462123,98.31475990603074,7764000
2024-01-10,1,98.07152557373048,99.9979263252217,97.27372181771162,99.7449619861288,6975700
2024-01-11,1,98.48015594482422,99.39471419321188,97.28344658953228,98.94715904234272,7862700
2024-01-12,1,98.4996109008789,99.60875253143,98.13963089448625,98.15908626393434,6519700
2024-01-16,4,98.91797637939452,99.57957031405348,97.48776541602297,97.80883469818409,11185500
2024-01-17,1,100.16332244873048,100.53304127085318,97.29317670508266,98.13963001465378,17649500
2024-01-18,1,109.97047424316406,110.3207302661292,106.5165709929248,108.19000736357134,58783700
2024-01-19,1,111.10880279541016,112.03309241092752,108.01487953587404,110.15533383795622,37812600
2024-01-22,3,109.97047424316406,111.98444266377346,109.47427697348344,111.6731048014578,17755500
2024-01-23,1,111.04070281982422,111.51744474268344,110.09696521619956,110.44721383249376,11667900
2024-01-24,1,113.36600494384766,115.6329377168348,111.50770914977234,112.20822120175808,21859200
2024-01-25,1,113.4049301147461,115.62321346789982,113.32710121084368,114.82540967557468,15485300
2024-01-26,1,114.08597564697266,114.8448612014531,113.1519620858521,113.73571963369244,10196400
2024-01-29,3,113.81356811523438,114.67947684535466,112.62659010148366,113.99842011436158,10042200
2024-01-30,1,112.91845703125,114.81567840590536,112.43199115408918,113.21033952669858,11030800
2024-01-31,1,109.90237426757812,111.6341916686373,109.82453794277356,110.4277583256883,12853900
2024-02-01,1,110.32073974609376,110.94341552423218,109.5618541054176,110.7196453598691,8807600
2024-02-02,1,112.61685180664062,112.82116658655931,110.83638489507462,111.75094312956038,10044000
2024-02-05,3,115.5745620727539,116.30426087641167,113.42438382205464,113.95949182434228,13267600
2024-02-06,1,116.14859008789062,117.71501080522418,115.07836664336514,116.86856493012358,11503800
2024-02-07,1,121.5970230102539,121.61647838072729,116.7518192454982,116.76155064217528,18172500
2024-02-08,1,130.1101531982422,131.10254769755215,122.69641833140592,123.56232695798975,33367000
2024-02-09,1,129.50692749023438,131.5111642359903,127.05513567074505,130.8593018373251,16984200
2024-02-12,3,126.92865753173828,129.896086905698,126.73405934361983,129.66259283316774,14203800
2024-02-13,1,124.09745025634766,126.40329380104453,123.05641355916408,124.46716165678131,14494000
2024-02-14,1,125.7708969116211,127.24974254654808,124.49635121651228,126.1211529505798,13069700
2024-02-15,1,125.5373764038086,127.58053891765368,124.87578997197892,127.25946967429176,12554000
2024-02-16,1,123.2607192993164,125.15793314287104,122.40453465370835,123.68880419924064,13104400
2024-02-20,4,121.9375228881836,123.62069045015024,120.789463268633,123.45529385465144,12038800
2024-02-21,1,121.947265625,121.98618378690824,119.5830485278377,121.06190156594884,11469700
2024-02-22,1,125.57632446289062,127.92107900316846,125.50821210554962,126.17953747585476,17014100
2024-02-23,1,126.02384948730467,127.46378433303131,124.272576775782,126.967594480684,10123300
2024-02-26,3,127.10381317138672,127.67783938581884,125.0801131915514,126.50060018983172,9526700
2024-02-27,1,125.10929870605467,128.397812996082,125.10929870605467,127.23029778557142,8851800
2024-02-28,1,123.9320297241211,125.09955214672632,123.22179378319966,125.02171583397676,6519100
2024-02-29,1,125.1871337890625,125.6930624853696,123.70828070891685,124.56445802659267,9369900
2024-03-01,1,130.27554321289062,132.95110527536846,126.57841478498294,126.6076015470947,24393000
2024-03-04,3,134.5175323486328,138.14657830154107,133.95323017757127,136.15206533476967,26544600
2024-03-05,1,131.31658935546875,133.7099929622171,130.1101487340592,133.4083865183045,13694700
2024-03-06,1,137.73794555664062,140.10216242153962,134.85806124139708,135.04292063658033,22292700
2024-03-07,1,145.1614227294922,147.49646797526492,140.24811413180004,140.97781298752378,34675700
2024-03-08,1,142.40802001953125,154.11238815608436,141.00699587971508,149.73419514203923,43856900
2024-03-11,3,135.25698852539062,140.4913517283805,135.16941337703,139.73246608099973,29227100
2024-03-12,1,140.4913330078125,142.7290789103167,136.76501762219445,140.6080949081475,21218500
2024-03-13,1,138.29249572753906,139.35298759856795,137.54333424578346,139.17786703818135,12923100
2024-03-14,1,135.84072875976562,139.2265420029048,135.2569786061545,138.74980009189252,14961900
2024-03-15,1,133.27218627929688,133.97269832338927,130.98580558589993,131.7738779240638,22751200
2024-03-18,3,133.48123168945312,138.26795024547712,133.4519264052932,136.939389374729,14732900
2024-03-19,1,131.75216674804688,133.1198114900379,129.9547061333644,132.17223406583142,17341100
2024-03-20,1,133.5886993408203,134.1357512273766,131.88891820240957,133.3737839702381,12750200
2024-03-21,1,136.226318359375,139.3035084591388,135.82579279017222,139.25466133259332,17809400
2024-03-22,1,137.29107666015625,138.0725857362498,135.89414167045237,136.1774310711878,9944100
2024-03-25,3,136.98826599121094,138.40474301955072,136.04068851647682,136.91989194879147,9922200
2024-03-26,1,135.63038635253906,137.70138774946594,135.43501279970923,137.35947285247877,10786400
2024-03-27,1,133.5301055908203,136.0602283379219,132.0256978072128,135.6499393713147,13842800
2024-03-28,1,132.90489196777344,133.63755397982726,132.30899293506113,132.5434352390484,10019400
2024-04-01,4,138.21913146972656,139.65515015724327,133.8817701201697,134.11621241622385,14222700
2024-04-02,1,136.97850036621094,137.77953646988317,136.12861714384027,137.13480518362672,9869200
2024-04-03,1,138.7173309326172,139.62582460706267,135.19078410632784,135.37639418761344,9707500
2024-04-04,1,136.4314422607422,143.35753706696931,136.20674850606864,140.67110962619137,15759500
2024-04-05,1,138.09214782714844,138.71735219856205,135.7085515029942,136.76358667463862,8263600
2024-04-08,3,139.48907470703125,142.6248747446672,139.4597694184031,141.8824492560089,16307400
2024-04-09,1,142.03872680664062,144.74469583432446,139.64536737186495,142.87884645502407,18443400
2024-04-10,1,142.83981323242188,144.99871600942384,141.90199912651389,143.2403387831768,18861300
2024-04-11,1,143.797119140625,144.1487974811865,140.79809723882028,143.797119140625,11818800
2024-04-12,1,139.22532653808594,143.12307897010697,138.86386980307677,141.64799145970355,12024000
2024-04-15,3,136.9003143310547,142.11686335608564,136.6463302446753,141.66750574894948,13458800
2024-04-16,1,136.56820678710938,137.2910904576566,133.89154277695403,134.70235722060747,14218200
2024-04-17,1,135.8159942626953,139.2741672070124,134.18460201840534,137.86745379956452,18823200
2024-04-18,1,129.21229553222656,132.00618101003957,127.28783517306609,129.81795811423987,39306100
2024-04-19,1,124.7479248046875,128.50892937302447,123.71243146958427,126.37931721645076,28284000
2024-04-22,3,126.7505340576172,127.63950091824724,122.87230843192536,123.8198858713139,18556800
2024-04-23,1,130.345458984375,130.6189998696321,127.63950448248085,128.32331943050377,12573800
2024-04-24,1,129.89610290527344,133.1393459451825,128.49915279533104,132.94397237271417,15558000
2024-04-25,1,133.42266845703125,134.65353554657193,125.8811312660166,126.99477717732962,18034300
2024-04-26,1,135.1028594970703,135.532690203563,132.8071795446866,133.64729913300098,9453400
2024-04-29,3,135.2982635498047,135.44479000278236,132.76814075473644,134.80982216514835,9997100
2024-04-30,1,134.16505432128906,136.470497881278,134.086901923623,134.75118985076168,10980600
2024-05-01,1,131.820556640625,136.20675051418215,130.1305537084765,134.2432216128783,12561800
2024-05-02,1,133.0807342529297,133.57895400051953,130.14032251080383,132.46530825009515,9261900
2024-05-03,1,138.2875213623047,138.82480986245324,135.5522466483149,135.68900963871198,13264300
2024-05-06,3,139.5281524658203,139.5281524658203,136.5779626515418,137.22270878620702,8601600
2024-05-07,1,137.84791564941406,139.00063005756698,137.26178007866213,138.59034112045933,8682900
2024-05-08,1,140.28036499023438,140.9250962588414,137.5450903845271,137.84792164370035,10202300
2024-05-09,1,139.48907470703125,140.03614154219997,137.86746074743428,139.6356160562191,8012700
2024-05-10,1,145.80950927734375,147.02084921512716,143.53337075326095,143.8166750891683,23671400
2024-05-13,3,143.02540588378906,145.00847665826015,142.91794818588951,144.59818769520209,8278700
2024-05-14,1,148.43731689453125,148.4959274690409,142.8690887254166,143.10354592950168,12316500
2024-05-15,1,151.98341369628906,152.39370264545502,149.19929201246285,149.81473288923536,14027100
2024-05-16,1,148.71084594726562,151.4754257156425,148.69131902605284,150.5376266918395,13394100
2024-05-17,1,148.17355346679688,150.43992837382424,147.3529756167544,150.43992837382424,7711200
2024-05-20,3,150.00033569335938,150.67438711493628,147.3334502004671,148.16379151932915,9261200
2024-05-21,1,150.1175537109375,150.43016331107876,148.43731437529365,148.7792292621924,7919400
2024-05-22,1,152.5402069091797,153.59524187050403,150.96742537971167,152.2764593483824,13455200
2024-05-23,1,153.45849609375,157.06319555546796,152.26669803578235,155.50017731044744,20873000
2024-05-24,1,156.30123901367188,156.94598520205474,153.08730134511424,153.5659643497231,11908200
2024-05-28,4,155.72488403320312,156.67246150096503,153.95672862615706,155.98863164551364,13964400
2024-05-29,1,150.77206420898438,153.25335448054773,149.66819695363105,153.1263549664621,15780000
2024-05-30,1,149.4239959716797,150.48879462004004,148.37872424648413,150.03942198443067,9687800
2024-05-31,1,147.54835510253906,148.9746103901811,144.3930281840336,147.97818587158315,13782600
2024-06-03,3,151.36798095703125,153.51712005174377,148.93555242006286,151.53404923780857,12924400
2024-06-04,1,148.94529724121094,150.23477457424298,147.49951510840344,149.85379094106918,10066700
2024-06-05,1,159.15371704101562,159.94498959007777,154.2986091545483,154.92381344445326,23192600
2024-06-06,1,158.32337951660156,160.8925707706996,156.65290361297596,160.7167390471845,14819100
2024-06-07,1,160.5897216796875,162.27972431624715,158.21590423984168,159.7886857404222,14023300
2024-06-10,3,164.2725830078125,165.91373863504074,158.66527146935803,160.20874777937257,12418900
2024-06-11,1,161.8792266845703,164.51680679635467,160.0035989233434,164.29211305978362,11508600
2024-06-12,1,168.9811553955078,171.98995572437175,167.57444200476144,169.3523755697454,20309500
2024-06-13,1,169.44566345214844,170.582425848598,167.09373970572813,169.4848554523733,15591800
2024-06-14,1,169.0536651611328,170.16102979606623,166.94674753404806,168.55388866505714,9192500
2024-06-17,3,173.6889190673828,175.0902611709312,170.00424285640517,174.2768888148499,18593700
2024-06-18,1,176.08984375,181.15625900620896,175.40387151132947,176.41323386674608,27155100
2024-06-20,2,171.86618041992188,179.50009736774658,170.02384235752027,178.92192189601732,28403200
2024-06-21,1,170.47463989257812,173.92410434631634,168.7597019281142,169.24968420367532,20175600
2024-06-24,3,164.44784545898438,167.98551801195993,163.77166754049608,167.0153477437282,19741700
2024-06-25,1,169.1418914794922,169.1810834831062,165.62380729395898,166.54497638615146,13346800
2024-06-26,1,168.6225128173828,170.2100506553823,166.78996888078845,168.67149908402894,11901500
2024-06-27,1,168.19131469726562,171.96416911272246,167.72092096328663,170.30802668788374,10864600
2024-06-28,1,170.32762145996094,173.27732407288067,169.34765699386315,169.34765699386315,11216100
2024-07-01,3,168.87728881835938,171.7877846612787,167.03495072167726,170.7490246546207,10717000
2024-07-02,1,172.17974853515625,173.16952218617453,167.60331641020005,167.7013188350969,10655500
2024-07-03,1,178.83370971679688,178.83370971679688,174.31607320997597,174.4238698926881,11808700
2024-07-05,2,180.30368041992188,181.3718381757692,178.64753796105597,180.45066911914043,11372900
2024-07-08,3,182.8907928466797,188.93717246119843,181.4208459887654,186.19326866914383,22582400
2024-07-09,1,180.8230438232422,184.66450265847817,178.84351145480045,184.3215091210352,19935200
2024-07-10,1,187.22222900390625,187.5848110999748,182.959377258962,184.5077230318755,19293500
2024-07-11,1,180.8034515380859,189.59373436195568,179.3432990395777,189.22134306431977,21584200
2024-07-12,1,183.5963592529297,186.56565055955693,179.08851646865944,179.40211229330205,19220300
2024-07-15,3,181.5090179443359,186.25204232806817,180.39185906133997,184.89968659225747,15683100
2024-07-16,1,182.3125915527344,185.79146856704745,181.31303851495375,184.4979231845371,16663300
2024-07-17,1,167.76992797851562,173.0421420427857,167.09375004648726,171.70938965659028,45052600
2024-07-18,1,168.426513671875,175.10987952669805,161.2139735040629,171.9837900109307,52903600
2024-07-19,1,162.44871520996094,167.1035464662783,161.9097317580889,165.78058844378066,22585300
2024-07-22,3,165.95700073242188,167.45634528149245,162.85049998374916,163.27189251129835,21037200
2024-07-23,1,166.41758728027344,168.10311255169333,164.60464687912824,166.0255924879076,11690700
2024-07-24,1,156.5983428955078,162.13513679201742,156.39254375432833,161.78234894504743,19536600
2024-07-25,1,157.0687255859375,160.126210366467,149.06241656292147,154.99120540973905,25731800
2024-07-26,1,158.69544982910156,161.29234971243412,156.00054751682123,161.00816659339952,13089200
2024-07-29,3,156.80410766601562,159.95959441952755,155.4517668809898,159.42061097658527,12663100
2024-07-30,1,151.44371032714844,157.92127640185967,149.4935905024986,157.22550996644563,22018000
2024-07-31,1,162.47813415527344,163.31109509591423,158.82287037323056,160.4888072075853,19860400
2024-08-01,1,155.01077270507812,164.31064090956076,153.6976239038631,160.20458738729386,21095600
2024-08-02,1,146.85748291015625,150.7773409726688,143.94698710249492,148.2196329887565,31095300
2024-08-05,3,144.9857635498047,146.99469402543366,130.89388238398976,131.17806554641993,31193100
2024-08-06,1,152.27667236328125,154.55019702109786,144.76034697048215,147.42585141954342,24528100
2024-08-07,1,151.93370056152344,159.39123154755953,151.4241297506379,158.31327949092687,22379000
2024-08-08,1,161.25315856933594,161.44914847520144,152.42366901295716,156.078947298516,18889600
2024-08-09,1,163.77166748046875,164.43805113651445,159.96941527188258,162.9877078188697,20519400
2024-08-12,3,164.27146911621094,166.13339585722318,162.22333175740988,162.67412204846255,14727300
2024-08-13,1,168.88706970214844,168.99486638975716,163.00728300291837,164.63402757844236,15243500
2024-08-14,1,166.5645751953125,169.0536785645259,163.84027495179006,168.43631106820715,11510300
2024-08-15,1,170.47463989257812,171.92498324137878,167.39755180017715,168.9752803725345,15393500
2024-08-16,1,171.04299926757812,171.49378952224532,168.79888711546718,169.9160460605178,10710000
2024-08-19,3,171.93478393554688,171.93478393554688,167.67194695054366,171.25860597748638,11511000
2024-08-20,1,168.59307861328125,171.8857597871263,166.44696901289905,171.8857597871263,13555500
2024-08-21,1,168.005126953125,169.61226823717337,166.50578236905253,166.9467634314728,9434800
2024-08-22,1,163.1053009033203,169.80825478763072,162.73290959205676,168.55390136903716,13546100
2024-08-23,1,167.8483428955078,169.81806644528558,164.55566109614543,165.61402470519835,12189100
2024-08-26,3,165.6826171875,167.62294285111489,164.45766147381613,166.96636838294904,9611300
2024-08-27,1,167.13296508789062,167.16236282956865,161.73335058590396,163.085706515386,9186000
2024-08-28,1,165.8100128173828,169.0145013523058,162.87011892007789,167.887548006235,10581400
2024-08-29,1,165.76097106933594,171.90535199936454,164.15383006318487,165.27098887291098,13213200
2024-08-30,1,168.25991821289062,168.7792982527418,165.36902564409732,166.65277687290202,9481400
2024-09-03,4,157.27450561523438,165.3004021885639,156.5983277279447,164.63403351609207,18464400
2024-09-04,1,157.64688110351562,160.59658375811094,155.7653510963928,156.1083446456015,11317400
2024-09-05,1,160.42019653320312,161.2923643991987,157.8232964134052,158.3034694809871,10260600
2024-09-06,1,153.6780548095703,162.0959470833484,152.88427092784372,161.5863613076046,14964400
2024-09-09,3,159.5186309814453,159.83222682028435,157.03932182378057,157.5390983697236,10339000
2024-09-10,1,159.17564392089844,159.62643421942354,154.53062125417077,159.62643421942354,11910800
2024-09-11,1,166.81935119628906,166.96635484185262,158.18586641891886,160.5181866936033,15059500
2024-09-12,1,168.61537170410156,169.3235515946874,166.22527582957153,167.79901225493177,13399900
2024-09-13,1,169.6678009033203,171.9005350073759,168.63503737443034,169.4120751281215,8787800
2024-09-16,3,166.30397033691406,167.75966682914233,164.03189935689022,167.12034482470966,12194300
2024-09-17,1,164.6023712158203,167.44492117099722,163.62862012082067,166.5695342300123,8629100
2024-09-18,1,164.53350830078125,168.78258748613302,164.25810668783387,165.69414224814136,9116000
2024-09-19,1,173.3267364501953,174.86112121825963,169.795682399552,171.5169500575175,15855000
2024-09-20,1,171.22186279296875,173.13001323154043,170.79891495979754,171.99888554470834,18429800
2024-09-23,3,171.8907012939453,172.52019286737325,170.84810728247993,171.96938961665668,5794200
2024-09-24,1,178.9823455810547,179.77904427852957,174.14312589305626,176.55289781986394,14576100
2024-09-25,1,179.35609436035156,180.80196038078148,178.23481203922864,178.53971990602113,8280900
2024-09-26,1,183.76251220703125,186.22146567282957,180.78226180714455,185.40509132119325,15103400
2024-09-27,1,175.04800415039062,182.88715005807725,174.48735548055183,182.7887859028646,17908400
2024-09-30,3,170.81858825683594,173.91687882269682,169.10715113450533,171.40874312888425,13540200
2024-10-01,1,169.24488830566406,173.10052626708685,167.97605967309894,172.43168299379946,11850200
2024-10-02,1,172.9136505126953,174.06443919855184,167.98589702782522,170.1202823346369,11164400
2024-10-03,1,176.53318786621094,177.82167711638104,172.24477230366315,172.9136154690388,12555000
2024-10-04,1,178.18563842773438,178.25448133241176,174.63490840743827,176.74960275120375,9993800
2024-10-07,3,181.48062133789065,181.96258168695508,177.9593976858758,178.6184105133108,12054200
2024-10-08,1,182.9953460693359,183.4772914121968,179.0413441291449,181.92324580706872,10394200
2024-10-09,1,184.0674591064453,184.9133398785608,179.26757611971902,184.71662656119383,11925000
2024-10-10,1,182.7297821044922,184.0084411417607,181.3724347409634,182.8084704307525,6443800
2024-10-11,1,187.67718505859375,188.34602828803972,184.9231538357381,185.08053047893276,12163900
2024-10-14,3,189.05419921875,191.0606987955155,187.3722683168376,187.4804628778759,11714400
2024-10-15,1,184.0576171875,190.44105173535493,181.22489756805257,189.79189932945084,21812700
2024-10-16,1,184.40184020996097,186.8902999990752,183.59531125077245,186.6640804750452,18689200
2024-10-17,1,202.4604034423828,209.10942369487177,198.65394800764955,200.01129522052088,62274700
2024-10-18,1,197.48350524902344,202.56862013467824,197.46382941542663,202.56862013467824,21030800
2024-10-21,3,198.63429260253903,200.09983452668376,196.38189743873951,197.51301022694105,14820000
2024-10-22,1,195.22125244140625,196.8835075821876,193.87375058543537,195.8015769342427,11165100
2024-10-23,1,197.5621795654297,199.79491376003023,193.00819244371564,193.45080111454297,16535700
2024-10-24,1,194.6802978515625,197.20810975412329,194.1688462282251,195.69340070179263,9935800
2024-10-25,1,200.09982299804688,201.83092103712028,196.71630023272203,196.96219560801293,13434900
2024-10-28,3,191.483642578125,196.4605776624512,191.32628094164164,195.9884477282124,20135300
2024-10-29,1,193.70655822753903,195.52617514051772,190.42139936146324,191.1984222038651,13779100
2024-10-30,1,191.28692626953125,192.24100152694712,189.44763366379215,191.18857712430793,10007800
2024-10-31,1,187.41162109375,189.69353748349332,184.57891644805977,189.69353748349332,13062700
2024-11-01,1,189.7820587158203,194.9163556519839,189.38863209571556,191.01153566397704,12691200
2024-11-04,3,188.41485595703125,191.16888695723955,187.4706261907242,190.51971961274,10917300
2024-11-05,1,192.54591369628903,195.08355582868697,190.31319444321036,190.4017131783693,10339200
2024-11-06,1,190.0476226806641,191.07054085882737,185.4051167010691,188.88698868163385,19834900
2024-11-07,1,197.8867645263672,198.6932935526414,193.0278695116065,193.08688200032623,14865200
2024-11-08,1,197.89659118652344,203.21777060638925,196.735972241672,200.5424277745561,13112100
2024-11-11,3,190.8639984130859,194.94585574890695,188.3460321040073,194.7098057875953,16610000
2024-11-12,1,188.62142944335935,190.81481199751207,186.60508435616612,190.64760494262947,11819000
2024-11-13,1,183.59532165527344,189.31975803328797,183.43794501735067,189.2804213779384,13882200
2024-11-14,1,185.40512084960935,189.49682367034256,184.46087596472353,185.3067566920072,11453900
2024-11-15,1,182.95599365234375,185.70019450557237,181.77569882664093,185.0903637558199,9834800
2024-11-18,3,184.40184020996097,184.9133067500935,180.47735995390315,181.3232405744734,10681500
2024-11-19,1,186.5558929443359,186.90015245721452,184.9329895453642,186.0247655617716,9390100
2024-11-20,1,185.26739501953125,185.7493553134875,181.0379919541576,185.7493553134875,10624500
2024-11-21,1,188.1001434326172,189.14273748764003,183.6740264009638,186.30018737208653,18137300
2024-11-22,1,186.9591827392578,189.83123906294915,186.31984572709297,189.78205698381905,8838900
2024-11-25,3,182.04129028320312,185.1592422561935,180.69378824977352,185.0018655930626,14380000
2024-11-26,1,180.82162475585935,182.84780030502225,179.33642204949803,182.35600954034143,10186600
2024-11-27,1,178.2151336669922,179.4544409490154,175.12668836978858,179.01183227745443,9895200
2024-11-29,2,181.6281585693359,183.8805535408941,178.20528423427206,178.52986792164515,8045300
2024-12-02,3,191.2082366943359,192.08362362487424,185.837890134307,186.23131672914528,16646900
2024-12-03,1,195.62454223632812,195.73273681178077,189.4378206261648,190.32303805567628,11217700
2024-12-04,1,197.3949737548828,199.2736180229942,195.01470832444463,196.5687688963696,12761100
2024-12-05,1,200.9457092285156,202.25387446211477,197.4539918014819,197.94578256562008,12483700
2024-12-06,1,199.68673706054688,199.8539441285627,196.64745856465967,198.68347964418808,9672900
2024-12-09,3,195.89993286132812,199.7949223502518,195.7130499680351,197.63103096292576,9699700
2024-12-10,1,188.78863525390625,196.62778099887848,187.24440509704576,195.8310823862868,15307900
2024-12-11,1,191.40496826171875,192.78197637538065,190.08695762919916,191.47381116327043,9027600
2024-12-12,1,188.91453552246097,192.82187867599492,188.7467824324852,192.0423883935221,7944900
2024-12-13,1,198.3178253173828,199.84720588342543,194.64728184703625,195.8707862998704,19477000
2024-12-16,3,199.5314788818359,202.7678699569672,198.19942115901955,200.49844553020588,15139300
2024-12-17,1,197.99221801757812,199.7090749873056,194.8446268318476,198.3276940856947,11169400
2024-12-18,1,192.9600067138672,202.5113179194491,191.38128791659344,200.30109353615964,14721100
2024-12-19,1,192.05224609375,195.9300042799773,191.37141728621924,195.7622511934336,10553400
2024-12-20,1,194.58807373046875,195.44650214812023,189.4275964282426,190.03936368470457,16170100
2024-12-23,3,204.60313415527344,205.28396296348603,198.23889039071963,198.3276902206807,17847000
2024-12-24,1,203.5868377685547,204.4452662724584,201.83050413072695,203.18228511842327,7634500
2024-12-26,2,200.36029052734375,205.3924914378001,200.19255250445144,202.7678528435332,8044900
2024-12-27,1,198.94932556152344,201.7811639739719,196.40362496237825,201.7811639739719,10664400
2024-12-30,3,197.72579956054688,199.2847951506659,195.8411895380686,197.18310883994812,11235200
2024-12-31,1,194.8643493652344,199.09730661487316,194.73607291478663,198.12046337760816,6427900
2025-01-02,2,198.8999786376953,201.06086481120212,194.0749922039985,194.38086831880136,10951400
2025-01-03,1,205.8365173339844,206.02399368080185,200.9917924840313,201.38648349204763,10261900
2025-01-06,3,217.08494567871097,219.2458318788792,212.82238822099904,215.8614412044037,24339900
2025-01-07,1,208.60916137695312,218.53541089132236,208.51049991425123,218.29861133609947,17010000
2025-01-08,1,204.36631774902344,207.50404721658697,203.1822748588932,207.17843278701477,13262700
2025-01-10,2,205.5997009277344,207.18829646326523,200.5280382025607,204.8399489738144,17265200
2025-01-13,3,198.6829071044922,200.88325490264015,197.390326043446,197.8540785692153,16612400
2025-01-14,1,198.7717132568359,203.51776175505717,195.86093660561963,202.46199526591036,14182900
2025-01-15,1,204.0505828857422,206.26079229694895,196.69963415579775,199.7978870390837,18286500
2025-01-16,1,211.9343414306641,218.9991522142317,210.3358842910679,215.97983759236251,38539600
2025-01-17,1,208.6881103515625,212.81253008107623,208.2539577366824,212.30931594433267,21606100
2025-01-21,4,215.79237365722656,217.22309285074792,209.2307916373235,211.6087542254633,19061300
2025-01-22,1,220.2325439453125,222.43289178930013,216.3942622551625,218.99916274595935,17294500
2025-01-23,1,221.63365173339844,221.7125899327905,216.49292759133647,217.17375638716135,8986800
2025-01-24,1,218.9300994873047,223.38999502844348,218.02233273850857,223.21239536399156,13183800
2025-01-27,3,189.75323486328125,204.2479336246238,185.17492429634788,194.42034526619503,68667500
2025-01-28,1,199.7090606689453,200.1432132228739,189.901226858846,193.048802762985,31738800
2025-01-29,1,199.63999938964844,203.7052186613186,197.0942990025791,201.77128553546297,15199500
2025-01-30,1,205.3826141357422,206.8330715094805,202.68891403705172,203.82363367921303,13539000
2025-01-31,1,206.53707885742188,212.1415555158348,205.43195912089377,207.138954398456,15746900
2025-02-03,3,197.14366149902344,202.2646628446673,195.34785117684552,196.97592345617,17719800
2025-02-04,1,201.3371429443359,203.01453830554237,199.3933330377386,201.3568812584929,12692900
2025-02-05,1,205.79705810546875,207.6816531124961,201.12007123467404,203.26121916381516,10997800
2025-02-06,1,207.70138549804688,208.37233761628104,204.2479182807397,207.26723292463785,8491400
2025-02-07,1,203.37960815429688,210.34574230455604,202.9849322186369,210.17800427910444,11616200
2025-02-10,3,205.185302734375,207.18831268961972,203.78418343428757,205.23464099579908,9296500
2025-02-11,1,205.96478271484375,207.05014905268183,198.32768149965077,202.40277748467784,9224500
2025-02-12,1,203.63616943359375,204.3169982481273,200.31096356248716,202.17583528859444,7373700
2025-02-13,1,199.1466522216797,199.61040473019665,196.5812134535401,199.19599047797507,15580900
2025-02-14,1,201.1891326904297,203.50789533847347,194.8347654781089,197.32125110452552,23220300
2025-02-18,4,200.04457092285156,203.1132239800232,197.85408468623783,202.0377041208404,14988100
2025-02-19,1,198.27835083007812,199.9064229830049,197.3607224805467,199.32425563721287,13163100
2025-02-20,1,197.43966674804688,197.676466300533,194.9827659995442,197.61726641241148,10639300
2025-02-21,1,195.60438537597656,199.99521918280823,193.40402260219008,198.6532999125934,13757300
2025-02-24,3,189.1020050048828,196.14707801983647,188.91454370406197,194.2624829344903,15114300
2025-02-25,1,186.8523101806641,190.95700635570563,184.9775768119085,188.1152913028426,20581000
2025-02-26,1,192.03250122070312,193.47309698731033,188.54943415718668,188.54943415718668,14112300
2025-02-27,1,178.68238830566406,192.18051928595617,178.67252667670886,192.10158108654832,24219200
2025-02-28,1,178.1298370361328,179.73817086489694,173.1864508339004,176.92605583579387,27929400
2025-03-03,3,170.6703643798828,179.15603336871175,168.79563090966226,178.7416040211372,37403000
2025-03-04,1,177.6068878173828,181.15903159609945,171.86425788444467,172.73256304278038,29395200
2025-03-05,1,181.82997131347656,182.28386217597136,178.31730440310608,180.56699029077976,17334000
2025-03-06,1,173.51206970214844,179.1362848483409,173.45285475878006,176.20576997239172,17864300
2025-03-07,1,174.74545288085938,176.0972338461156,168.74628497081935,173.4528567478051,21012700
2025-03-10,3,168.38119506835938,172.56482951061108,165.67763311910107,170.17700531884796,18265100
2025-03-11,1,168.69696044921875,171.02558492592254,165.86512182655514,168.38120761227805,16561100
2025-03-12,1,174.8145294189453,175.76177287809853,172.43656666879704,173.26541034152763,14737600
2025-03-13,1,169.30870056152344,171.5781249818949,168.2331957679825,171.5781249818949,14381600
2025-03-14,1,171.77545166015625,172.0517278264482,169.6441654722567,170.35459420155655,11449400
2025-03-17,3,173.89688110351562,174.80464782624614,171.50905699582668,171.63731839782926,9678100
2025-03-18,1,171.4938201904297,172.9301137785159,168.81932475413603,172.732006924053,9986000
2025-03-19,1,172.11785888671875,174.06924242050624,170.11695997443076,171.36504678141495,10678500
2025-03-20,1,175.79278564453125,176.98144178272608,172.90038349957683,173.19755131277125,12209700
2025-03-21,1,175.05978393554688,175.52534334331474,172.14756640255928,173.25699196224923,9993200
2025-03-24,3,179.44793701171875,181.201198607083,177.98191298388411,178.2889960011173,11440000
2025-03-25,1,179.19036865234375,180.7851536862475,178.10077345261396,180.74553836326493,8718800
2025-03-26,1,171.8603057861328,177.85313215202407,169.84949189013605,177.53614911689994,14612400
2025-03-27,1,166.6500244140625,169.98817081335864,165.96654295928576,169.77024875199265,17559100
2025-03-28,1,163.6882781982422,167.03633979926627,162.5095220670138,166.45190420242818,16332000
2025-03-31,3,164.4311981201172,164.55997437699867,158.22044923614726,158.84450018616164,19408300
2025-04-01,1,167.04624938964844,167.27407151844406,163.50008074134337,164.8175132506125,9180000
2025-04-02,1,168.77969360351562,170.12684124796638,164.7778811060905,165.27315575310058,10072700
2025-04-03,1,155.8926544189453,160.2708805322107,155.724262850887,158.54731930068786,28370500
2025-04-04,1,145.4126434326172,149.880015431747,143.47116011188035,149.46398653042837,36085100
2025-04-07,3,144.78860473632812,152.2969710410791,132.98125764074712,133.2387950448345,46388300
2025-04-08,1,140.03395080566406,151.16773046647816,137.6665385646283,150.54367956590366,30479700
2025-04-09,1,157.24969482421875,159.10201710138733,136.5967367337562,138.87500305176368,45612500
2025-04-10,1,149.7017364501953,154.52570721703444,145.52161675092674,154.03043251441574,24503500
2025-04-11,1,155.5955047607422,156.51670846665766,151.8016986670902,154.52570957302493,19632200
2025-04-14,3,154.36720275878906,157.09121339509744,152.57431090377034,156.8039607420488,17509400
2025-04-15,1,155.84312438964844,156.75442793895593,154.57522248499603,155.0110665987046,14306600
2025-04-16,1,150.2366180419922,152.088940489101,147.08667836522426,149.17673809749016,23806100
2025-04-17,1,150.30596923828125,156.0115282590772,150.0187014522403,154.57523467262476,27239900
2025-04-21,4,146.46263122558594,148.85975889988418,144.46171725554473,148.57250623148545,15170500
2025-04-22,1,149.9691619873047,151.1578332707795,146.04659511850414,146.60130032301467,12668600
2025-04-23,1,156.31858825683594,158.86430730472097,154.52569637745648,157.86384280227716,17667900
2025-04-24,1,162.62838745117188,162.99490099404977,155.9025639148735,156.28887756254625,18761100
2025-04-25,1,163.53970336914062,164.34204592253275,159.6369365204388,162.3807473313703,14654800
2025-04-28,3,161.8557586669922,163.7576267306693,158.98317158144746,163.44064368186187,11415600
2025-04-29,1,162.92555236816406,164.43119160774,161.95481824015357,162.82650650221075,9830100
2025-04-30,1,165.11468505859375,165.3425071928623,160.22136851078102,161.9944453202358,10073000
2025-05-01,1,171.08767700195312,173.12820614993032,169.3344005017294,171.1669227600258,22670600
2025-05-02,1,177.58567810058594,178.9427258110767,175.4659031935513,178.10076797100623,21691200
2025-05-05,3,174.73291015625,178.37813985043525,174.58433379034736,177.30834467218256,14618900
2025-05-06,1,170.65184020996094,173.08859825282636,168.97780939600227,170.96882325584866,14565600
2025-05-07,1,172.89047241210938,174.3168658574281,169.75043286784282,172.45464340566926,9682500
2025-05-08,1,173.56405639648438,175.77297719046948,172.01880184590885,173.68291748050297,10343000
2025-05-09,1,174.85177612304688,178.75454299441898,174.802245632452,178.10077679356723,11582800
2025-05-12,3,185.21290588378903,187.38221129256925,182.8653088540816,185.51007369991757,22064900
2025-05-13,1,192.1566619873047,192.44391463065787,185.945913714066,185.945913714066,19996000
2025-05-14,1,192.9193878173828,194.36559653268776,191.40384850649556,193.43447771641272,12359000
2025-05-15,1,192.38449096679688,192.65194351643015,189.8189718444654,191.27508056029316,10241800
2025-05-16,1,192.38449096679688,193.23636399024315,190.7500906276024,192.69155883898392,9146700
2025-05-19,3,191.6712951660156,191.6712951660156,187.0256163945629,187.2138231854106,10144400
2025-05-20,1,191.6217803955078,191.89913302121911,189.0067305569553,189.98737991438168,7054100
2025-05-21,1,189.94773864746097,193.42457655270613,188.72936717434456,191.27508626866464,7375700
2025-05-22,1,194.33587646484375,194.96982743470235,189.53170614394247,189.53170614394247,11825000
2025-05-23,1,190.16566467285156,190.9779224148924,188.2340964156109,190.20529511199615,9403100
2025-05-27,4,195.81179809570312,196.4358490542385,191.8694157166182,192.26564454528523,12228200
2025-05-28,1,194.28634643554688,196.19811451633677,193.6325802453545,194.23681594575956,17787600
2025-05-29,1,195.28680419921875,197.91176912467415,194.22692422232157,197.57498596301215,14609900
2025-05-30,1,191.4929962158203,194.0585152523414,188.75907049897475,193.9198389561668,11998300
2025-06-02,3,192.9986267089844,193.31560974774368,190.38357709755297,191.2156349024213,7447400
2025-06-03,1,195.7424468994141,196.2971520865922,191.80996498688992,192.51326163715115,9548300
2025-06-04,1,200.48716735839844,202.1017675144764,198.48626870395836,199.47681797967095,13531100
2025-06-05,1,201.41830444335935,203.81543209519148,200.36832453379316,202.9437589310786,12214300
2025-06-06,1,203.24090576171875,204.34041613064832,201.30933757700015,201.65603589087064,8532000
2025-06-09,3,205.0437164306641,207.29226769800164,203.9243908231439,204.4493807719881,11472300
2025-06-10,1,210.45211791992188,211.21483002376056,207.9757445876534,209.61014494111728,14514000
2025-06-11,1,212.07662963867188,215.3751457939992,210.93748877575155,212.9681180404494,13326400
2025-06-12,1,214.17431640625,214.62170562823468,210.6748443439022,211.6789518982352,9796100
2025-06-13,1,209.86956787109375,212.01696635382575,208.17946452220855,208.8853328211977,10152500
2025-06-16,3,214.4228515625,216.3316737444071,211.4900493591281,211.7584798487478,10932900
2025-06-17,1,212.6532287597656,214.68134664734768,212.2555663193788,212.64329250820336,8389700
2025-06-18,1,212.25555419921875,213.9158183062968,211.6491091518556,213.4485566221064,6932000
2025-06-20,2,208.288818359375,214.2439097576357,206.9367448186117,213.9456553411725,16992000
2025-06-23,3,209.0941162109375,209.36253154107467,204.99812011762853,205.42562166722703,7535500
2025-06-24,1,218.80714416503903,219.08551089813488,212.63334927120448,213.14037114151844,14814700
2025-06-25,1,221.44171142578125,222.19727612057113,219.5130167584536,219.5130167584536,9168400
2025-06-26,1,222.7042999267578,223.90725383384452,221.40193799494017,223.66864726876088,7982200
2025-06-27,1,227.23773193359375,227.545922596684,222.72418592296688,222.992616410434,13133000
2025-06-30,3,225.16986083984375,226.82017365147317,223.4897089332647,226.114320530982,9279800
2025-07-01,1,223.37039184570312,227.26755654188048,219.890792428998,226.10436281597143,9990200
2025-07-02,1,232.23841857910156,232.4571374757052,222.6943681613878,223.1715661313185,12012500
2025-07-03,1,233.4314117431641,236.19520659521308,231.91033094940505,232.50682459547463,7779600
2025-07-07,4,227.834228515625,231.19453226833053,226.114316463138,230.27989651874643,13817500
2025-07-08,1,226.53187561035156,228.987479962967,226.2137335091923,228.44068270775605,8854400
2025-07-09,1,230.48866271972656,231.91033551874327,228.89799779568403,229.10676526647447,9475300
2025-07-10,1,228.4207763671875,231.69160820933996,226.4423853279871,231.42317772965455,13124700
2025-07-11,1,229.0570526123047,230.91616318705613,228.0628813506717,229.6535614372243,8817800
2025-07-14,3,227.3371429443359,228.5102729335996,224.99089813565828,227.9932996246097,10673500
2025-07-15,1,235.56887817382812,236.32445804382297,232.4869563546821,233.09340143303868,14270100
2025-07-16,1,236.17532348632812,236.9209519357099,232.78519582904187,235.0220811771871,15092800
2025-07-17,1,244.16845703125,246.83282861202576,239.98298953177897,244.3573368198596,27395700
2025-07-18,1,238.9987640380859,244.53630521932487,237.29873968427776,243.88014854915176,16252000
2025-07-21,3,237.45782470703125,240.92747288842716,237.31864132969517,238.7204113550619,11971800
2025-07-22,1,233.2325897216797,236.61276602553303,230.4091317408605,236.4437587273254,11919500
2025-07-23,1,238.92918395996097,239.09819125605935,235.00221046394572,237.1297363822576,9885400
2025-07-24,1,240.19178771972656,240.5397385664016,236.6425889626321,238.80989024499743,9081900
2025-07-25,1,244.16845703125,244.8047260035135,239.53561551797392,239.91340543489096,11593400
2025-07-28,3,241.3350830078125,242.5280855335103,239.64499483225305,241.5836258327433,11892200
2025-07-29,1,239.92335510253903,242.54796665612668,238.4221619416485,240.0923623985453,9411500
2025-07-30,1,241.494140625,243.14446853151588,239.81398879473917,240.7087368467855,6823800
2025-07-31,1,240.2116546630859,245.96791474584327,238.40227086064644,244.54624195763768,13490700
2025-08-01,1,233.8390350341797,235.80748993441176,230.48866748229153,234.2466337326664,13549800
2025-08-04,3,237.60693359375,237.60693359375,235.01214597155985,236.52329054992316,6450700
2025-08-05,1,231.1150054931641,237.23910439939115,228.82840844773867,236.94084997262257,11868900
2025-08-06,1,230.0213928222656,230.84655676423455,227.48626831953413,229.68337824454795,9457200
2025-08-07,1,241.2058258056641,246.3954009869599,239.39644200409535,243.0450487012398,17691000
2025-08-08,1,240.42042541503903,241.7426749440629,237.57709514906009,241.7426749440629,10552500
2025-08-11,3,240.67892456054688,243.91993268280072,240.13212731570192,240.62921296195188,8272900
2025-08-12,1,242.8660888671875,243.34330199120703,240.2911889611276,242.29941914095727,7295800
2025-08-13,1,240.03271484375,244.9936197927611,238.54145793261324,244.9936197927611,7971900
2025-08-14,1,239.59527587890625,239.97306581555685,235.43964725514851,236.5829381467968,11040500
2025-08-15,1,237.4876251220703,239.39643203793267,235.877057435367,238.9291703524516,8155500
2025-08-18,3,240.0028839111328,241.44442918250255,238.59116256352695,238.59116256352695,6919800
2025-08-19,1,231.34364318847656,238.77010352231235,231.22434749471188,238.62098390510647,14594700
2025-08-20,1,227.26754760742188,227.69503395171228,222.3960995136338,226.81022217018543,17165200
2025-08-21,1,226.0049591064453,228.987472949133,224.94118855435875,226.820171668458,7449100
2025-08-22,1,231.6319580078125,233.08343949389,224.85170300591815,226.67103815889115,10299500
2025-08-25,3,234.21681213378903,235.89696405228048,230.89628364378777,232.93433783586224,7655000
2025-08-26,1,237.32855224609375,237.43791168588697,234.35597486978736,234.99224383680712,9793100
2025-08-27,1,237.89523315429688,238.004592599242,234.06768292091564,235.48934053535308,9516400
2025-08-28,1,236.88119506835935,239.2572638201154,234.6244220158187,234.92267643370712,8466200
2025-08-29,1,229.52430725097656,234.57469892493435,229.23600426871468,234.4653394827283,15526000
2025-09-02,4,227.0587615966797,228.0032212103447,224.3148545236443,224.8318126295322,13974900
2025-09-03,1,230.04129028320312,231.09510940554705,227.26755910589895,230.1705374030622,7198500
2025-09-04,1,233.8390350341797,233.93844306094596,228.95765037541105,230.0015332604818,6241900
2025-09-05,1,241.99124145507812,243.12459613815847,236.51334784531457,238.8397202325639,14056600
2025-09-08,3,245.74920654296875,246.43518716845335,240.21166510987723,240.57951880707705,12986600
2025-09-09,1,249.45745849609375,253.2452486873052,245.49070958419557,245.49070958419557,13443400
2025-09-10,1,258.9219665527344,263.0378198111077,256.2476434240619,257.3611103859465,18822400
2025-09-11,1,257.40087890625,260.1149773086495,256.724849745846,258.83248791634,10005000
2025-09-12,1,257.81842041015625,259.42900334234963,256.8739759136648,259.32958014806127,8496600
2025-09-15,3,259.85650634765625,261.268212641992,257.241830902871,258.4845450618221,8147700
2025-09-16,1,261.35443115234375,265.7226433757145,259.908322936427,265.2040543726626,10381900
2025-09-17,1,262.0824890136719,264.09703953412253,259.03073000284587,263.62830371557527,10422000
2025-09-18,1,267.916748046875,269.81162653964594,257.28544459397096,257.3053797906938,16917300
2025-09-19,1,264.1568603515625,265.8522954534887,262.10240912099084,265.65282175841054,17640200
2025-09-22,3,271.89599609375,275.6159342399454,264.7353342973108,265.8223960099668,15630300
2025-09-23,1,281.9488525390625,285.2300034078737,279.2461571825337,281.63968958558655,17830300
2025-09-24,1,279.9542236328125,280.4528774608819,275.97497582415116,279.5553066574398,10231000
2025-09-25,1,275.9151306152344,276.3938492309951,269.4625490773866,272.3846531081059,11863400
2025-09-26,1,272.6239929199219,274.7582458085216,269.8913798152781,273.1525951697821,10451900
2025-09-29,3,272.494384765625,279.11649184698285,272.494384765625,275.7455870634198,8046200
2025-09-30,1,278.5380554199219,278.7374986838971,273.09273386782957,274.57874292682385,8348800
2025-10-01,1,287.6933288574219,289.69792690249267,276.4237649844,277.69033469844135,14620100
2025-10-02,1,287.33428955078125,295.92112415757794,286.25721069116565,295.7216504554128,10198000
2025-10-03,1,291.4033203125,295.26289599037676,289.7078851587937,292.0714993841344,10572500
2025-10-06,3,301.5858154296875,306.4726166357007,299.1324472289469,299.20226606620446,15785000
2025-10-07,1,293.2383728027344,306.2731913456904,292.49039205071887,305.7944727076512,13081000
2025-10-08,1,303.7001037597656,305.5750469443767,293.1885034181991,294.2057462280695,12821200
2025-10-09,1,299.0726318359375,302.0146712295855,296.6192634659735,301.4960821929293,10259900
2025-10-10,1,279.90435791015625,299.3917571617786,279.57522935451317,299.1523826389256,23398000
2025-10-13,3,302.07452392578125,303.8098294699221,291.5329749279993,297.4370190785133,20318300
2025-10-14,1,295.1432189941406,300.93757382162283,290.5555978628841,294.8340560673011,16567900
2025-10-15,1,303.8896179199219,305.78449644522266,299.2621260613583,305.4653811151053,20788000
2025-10-16,1,299.03271484375,310.5316705508895,295.89120190981345,310.09285276073945,26341500
2025-10-17,1,294.2855224609375,302.48339240787726,294.1259800230888,297.59659110144855,17633300
2025-10-20,3,296.89849853515625,302.8324607705417,296.260207032402,299.1922939479247,13391600
2025-10-21,1,293.71710205078125,298.5640028899282,292.86938441412514,298.1950039086041,11190500
2025-10-22,1,288.10223388671875,294.4052254316908,283.6342847341917,292.2111364649557,15409100
2025-10-23,1,289.947265625,293.2982047383047,288.8502211169249,289.019746374519,10379900
2025-10-24,1,294.1658630371094,297.14783367881626,293.59742079377514,294.7742365447395,8747000
2025-10-27,3,297.447021484375,299.6710286118209,292.8993008078294,297.8459384772374,13615000
2025-10-28,1,300.7181701660156,301.3165608345001,295.2828313774512,297.5168211774323,11804200
2025-10-29,1,304.2685852050781,307.1308532713342,301.5658900139803,304.97666510981895,16177300
2025-10-30,1,302.40362548828125,306.48261010615835,300.0100932261454,302.26398780891145,14507100
2025-10-31,1,299.6211242675781,306.8516045921048,295.88122065144364,305.1661522609338,12667900
2025-11-03,3,304.0391845703125,309.28503235885796,301.30657144750694,301.7753072434653,12466600
2025-11-04,1,293.25830078125,301.17692591584847,292.7197765665524,296.08069845988484,16224300
2025-11-05,1,292.84942626953125,297.4170818106739,290.7151733382554,291.8321530110896,10502500
2025-11-06,1,288.46124267578125,293.84672810501877,286.6062651346891,293.30817347501244,11516900
2025-11-07,1,285.7286376953125,287.1149099182604,276.38387001626984,284.4421023230408,15715700
2025-11-10,3,294.4750061035156,296.330014078581,290.96449428432317,293.5674525290768,10869200
2025-11-11,1,290.3860778808594,294.1259815173425,288.1321528832732,291.27366585083627,9666300
2025-11-12,1,289.8375549316406,294.07611259854434,288.80034641594085,292.90927964937043,9715900
2025-11-13,1,281.44024658203125,288.72058065583593,279.2461574564216,288.39148250470237,13827600
2025-11-14,1,284.05316162109375,286.08764723798697,272.4943700394084,275.1671471375793,11486800
2025-11-17,3,281.250732421875,285.758551919809,279.0466606621719,280.6822597724269,10227100
2025-11-18,1,277.1617736816406,279.4356339145749,271.98574452429824,276.80272709990663,11850400
2025-11-19,1,281.6097717285156,283.783895220432,275.57607228877464,276.17446299872466,11179200
2025-11-20,1,276.75286865234375,292.0615469333489,275.66580698267967,291.4232554380891,15747300
2025-11-21,1,274.3194274902344,277.93965896728787,266.10162256155746,272.07548537821737,20872800
2025-11-24,3,283.8736572265625,284.2925093855815,272.45447273659084,272.45447273659084,13570300
2025-11-25,1,283.9135437011719,284.631606449866,272.3447684990622,281.96881198187765,13726800
2025-11-26,1,289.1793212890625,292.0216542141965,286.95534468041063,288.3216513083338,12220300
2025-11-28,2,290.72515869140625,291.8820392013431,288.22190678587134,291.69254831568196,5515400
2025-12-01,3,286.90545654296875,290.3760981107759,282.4275549479188,286.14752342743986,7713000
2025-12-02,1,291.3035888671875,293.7071039644433,288.4014199431669,291.21383483061953,10746400
2025-12-03,1,294.6545715332031,295.82140449597074,285.29982045677485,291.3933558822439,9599200
2025-12-04,1,292.1413269042969,293.23837142250557,289.41869645844093,293.1885182134384,6753000
2025-12-05,1,293.926513671875,299.99013083038466,292.46047019974867,295.2529194631253,10275300
2025-12-08,3,301.0572509765625,301.80523170298335,295.9211227422218,300.3890719047915,16643100
2025-12-09,1,302.5931091308594,303.8596788535801,297.69632505640885,299.1823036733046,11349100
2025-12-10,1,309.3050231933594,313.134681090616,301.6855777931543,304.5478460086659,12429200
2025-12-11,1,304.8500061035156,305.8399963378906,299.6400146484375,305.32000732421875,15028400
2025-12-12,1,292.0400085449219,304.2799987792969,290.9800109863281,304.2799987792969,19306100
2025-12-15,3,287.739990234375,295.79998779296875,287.54998779296875,295.1499938964844,12082400
2025-12-16,1,286.8699951171875,288.4599914550781,283.32000732421875,287.260009765625,11418400
2025-12-17,1,276.9599914550781,289.1000061035156,275.0799865722656,288.5299987792969,16823000
2025-12-18,1,284.67999267578125,287.1600036621094,281.75,285.0,11260300
2025-12-19,1,288.95001220703125,292.1700134277344,286.3800048828125,286.3800048828125,12735800
2025-12-22,3,293.2799987792969,295.010009765625,291.2099914550781,294.6700134277344,6091100
2025-12-23,1,296.95001220703125,297.9100036621094,292.20001220703125,293.3999938964844,6802300
2025-12-24,1,298.79998779296875,299.1600036621094,296.2300109863281,297.739990234375,2753900
2025-12-26,2,302.8399963378906,303.3800048828125,298.5199890136719,299.8999938964844,5125900
2025-12-29,3,300.9200134277344,304.5,298.6499938964844,301.7799987792969,6205100
2025-12-30,1,299.5799865722656,304.54998779296875,299.45001220703125,302.3599853515625,6190600
2025-12-31,1,303.8900146484375,307.3900146484375,303.42999267578125,304.0,8175100
2026-01-02,2,319.6099853515625,321.5899963378906,311.70001220703125,311.9800109863281,18526900
2026-01-05,3,322.25,331.25,321.5,330.3999938964844,17446300
2026-01-06,1,327.42999267578125,333.0799865722656,324.5899963378906,330.2200012207031,15599600
2026-01-07,1,318.67999267578125,326.29998779296875,318.5400085449219,324.6700134277344,11744800
2026-01-08,1,318.010009765625,324.5,316.1400146484375,324.3900146484375,10850800
2026-01-09,1,323.6300048828125,324.7699890136719,318.25,319.8299865722656,12308000
